

================================================================
== Vitis HLS Report for 'Hysteresis_Filter_Pipeline_VITIS_LOOP_11_1_VITIS_LOOP_13_2'
================================================================
* Date:           Thu Sep 24 14:58:44 2026

* Version:        2026.1 (Build 6493734 on Jun 16 2026)
* Project:        Canny_Filter_IP
* Solution:       hls
* Product family: zynq
* Target device:  xc7z020-clg400-1


================================================================
== Performance Estimates
================================================================
+ Timing: 
    * Summary: 
    +--------+----------+----------+------------+
    |  Clock |  Target  | Estimated| Uncertainty|
    +--------+----------+----------+------------+
    |ap_clk  |  10.00 ns|  7.396 ns|     2.70 ns|
    +--------+----------+----------+------------+

+ Latency: 
    * Summary: 
    +---------+---------+----------+----------+-----+-----+-------------------+
    |  Latency (cycles) |  Latency (absolute) |  Interval |      Pipeline     |
    |   min   |   max   |    min   |    max   | min | max |        Type       |
    +---------+---------+----------+----------+-----+-----+-------------------+
    |        ?|        ?|         ?|         ?|    0|    0|  loop pipeline stp|
    +---------+---------+----------+----------+-----+-----+-------------------+

    + Detail: 
        * Instance: 
        N/A

        * Loop: 
        +-----------------------------------+---------+---------+----------+-----------+-----------+------+----------+
        |                                   |  Latency (cycles) | Iteration|  Initiation Interval  | Trip |          |
        |             Loop Name             |   min   |   max   |  Latency |  achieved |   target  | Count| Pipelined|
        +-----------------------------------+---------+---------+----------+-----------+-----------+------+----------+
        |- VITIS_LOOP_11_1_VITIS_LOOP_13_2  |        ?|        ?|         4|          1|          1|     ?|       yes|
        +-----------------------------------+---------+---------+----------+-----------+-----------+------+----------+

============================================================
+ Verbose Summary: Synthesis Manager
============================================================
InlineROM: 1
ExposeGlobal: 0
============================================================
+ Verbose Summary: CDFG Model
============================================================
IsTopModel: 0
ResetActiveHigh: 1
IsCombinational: 0
IsDatapathOnly: 0
HasWiredReturn: 1
HasMFsm: 2
HasVarLatency: 1
IsPipeline: 0
IsRtlPipelined: 0
IsInstanceOverlapped: 0
IsDontTouch: 0
HasImplIP: 0
IsGatedGlobalClock: 0

+ Individual pipeline summary: 
  * Pipeline-0: initiation interval (II) = 1, depth = 5


============================================================
+ Verbose Summary: Schedule
============================================================
* Number of FSM states : 5
* Pipeline : 1
  Pipeline-0 : II = 1, D = 5, States = { 1 2 3 4 5 }
* Dataflow Pipeline: 0

* FSM state transitions: 
1 --> 2 
2 --> 3 
3 --> 4 
4 --> 5 
5 --> 

* FSM state operations: 

State 1 <SV = 0> <Delay = 3.25>
ST_1 : Operation 7 [1/1] (0.00ns)   --->   "%reuse_addr_reg19 = alloca i32 1"   --->   Operation 7 'alloca' 'reuse_addr_reg19' <Predicate = true> <Delay = 0.00>
ST_1 : Operation 8 [1/1] (0.00ns)   --->   "%reuse_reg18 = alloca i32 1"   --->   Operation 8 'alloca' 'reuse_reg18' <Predicate = true> <Delay = 0.00>
ST_1 : Operation 9 [1/1] (0.00ns)   --->   "%reuse_addr_reg = alloca i32 1"   --->   Operation 9 'alloca' 'reuse_addr_reg' <Predicate = true> <Delay = 0.00>
ST_1 : Operation 10 [1/1] (0.00ns)   --->   "%reuse_reg = alloca i32 1"   --->   Operation 10 'alloca' 'reuse_reg' <Predicate = true> <Delay = 0.00>
ST_1 : Operation 11 [1/1] (0.00ns)   --->   "%empty = alloca i32 1"   --->   Operation 11 'alloca' 'empty' <Predicate = true> <Delay = 0.00>
ST_1 : Operation 12 [1/1] (0.00ns)   --->   "%empty_65 = alloca i32 1"   --->   Operation 12 'alloca' 'empty_65' <Predicate = true> <Delay = 0.00>
ST_1 : Operation 13 [1/1] (0.00ns)   --->   "%empty_66 = alloca i32 1"   --->   Operation 13 'alloca' 'empty_66' <Predicate = true> <Delay = 0.00>
ST_1 : Operation 14 [1/1] (0.00ns)   --->   "%J = alloca i32 1" [Hysteresis_Filter.cpp:13]   --->   Operation 14 'alloca' 'J' <Predicate = true> <Delay = 0.00>
ST_1 : Operation 15 [1/1] (0.00ns)   --->   "%I = alloca i32 1" [Hysteresis_Filter.cpp:11]   --->   Operation 15 'alloca' 'I' <Predicate = true> <Delay = 0.00>
ST_1 : Operation 16 [1/1] (0.00ns)   --->   "%indvar_flatten = alloca i32 1"   --->   Operation 16 'alloca' 'indvar_flatten' <Predicate = true> <Delay = 0.00>
ST_1 : Operation 17 [1/1] (0.00ns)   --->   "%empty_67 = alloca i32 1"   --->   Operation 17 'alloca' 'empty_67' <Predicate = true> <Delay = 0.00>
ST_1 : Operation 18 [1/1] (0.00ns)   --->   "%Center_Value = alloca i32 1" [Hysteresis_Filter.cpp:35]   --->   Operation 18 'alloca' 'Center_Value' <Predicate = true> <Delay = 0.00>
ST_1 : Operation 19 [1/1] (0.00ns)   --->   "%empty_68 = alloca i32 1"   --->   Operation 19 'alloca' 'empty_68' <Predicate = true> <Delay = 0.00>
ST_1 : Operation 20 [1/1] (0.00ns)   --->   "%specaxissidechannel_ln0 = specaxissidechannel void @_ssdm_op_SpecAXISSideChannel, i32 %Output_Stream_V_data_V, i4 %Output_Stream_V_keep_V, i4 %Output_Stream_V_strb_V, i3 %Output_Stream_V_user_V, i1 %Output_Stream_V_last_V, i5 %Output_Stream_V_id_V, i6 %Output_Stream_V_dest_V, void @empty_10"   --->   Operation 20 'specaxissidechannel' 'specaxissidechannel_ln0' <Predicate = true> <Delay = 0.00>
ST_1 : Operation 21 [1/1] (0.00ns)   --->   "%specinterface_ln0 = specinterface void @_ssdm_op_SpecInterface, i32 %Output_Stream_V_data_V, i4 %Output_Stream_V_keep_V, i4 %Output_Stream_V_strb_V, i3 %Output_Stream_V_user_V, i1 %Output_Stream_V_last_V, i5 %Output_Stream_V_id_V, i6 %Output_Stream_V_dest_V, void @empty, i32 0, i32 0, void @empty_0, i32 0, i32 0, void @empty_1, void @empty_1, void @empty_1, i32 0, i32 0, i32 0, i32 0, void @empty_1, void @empty_1, i32 4294967295, i32 0, i32 0, i32 0"   --->   Operation 21 'specinterface' 'specinterface_ln0' <Predicate = true> <Delay = 0.00>
ST_1 : Operation 22 [1/1] (0.00ns)   --->   "%specinterface_ln0 = specinterface void @_ssdm_op_SpecInterface, i32 %Suppression_to_Hysteresis, void @empty_9, i32 0, i32 0, void @empty_1, i32 0, i32 0, void @empty_1, void @empty_1, void @empty_1, i32 0, i32 0, i32 0, i32 0, void @empty_1, void @empty_1, i32 4294967295, i32 0, i32 0, i32 0"   --->   Operation 22 'specinterface' 'specinterface_ln0' <Predicate = true> <Delay = 0.00>
ST_1 : Operation 23 [1/1] (0.00ns)   --->   "%bound_read = read i62 @_ssdm_op_Read.ap_auto.i62, i62 %bound"   --->   Operation 23 'read' 'bound_read' <Predicate = true> <Delay = 0.00>
ST_1 : Operation 24 [1/1] (0.00ns)   --->   "%add_ln70_1_read = read i32 @_ssdm_op_Read.ap_auto.i32, i32 %add_ln70_1"   --->   Operation 24 'read' 'add_ln70_1_read' <Predicate = true> <Delay = 0.00>
ST_1 : Operation 25 [1/1] (0.00ns)   --->   "%Low_Threshold_1_read = read i32 @_ssdm_op_Read.ap_auto.i32, i32 %Low_Threshold_1"   --->   Operation 25 'read' 'Low_Threshold_1_read' <Predicate = true> <Delay = 0.00>
ST_1 : Operation 26 [1/1] (0.00ns)   --->   "%High_Threshold_1_read = read i32 @_ssdm_op_Read.ap_auto.i32, i32 %High_Threshold_1"   --->   Operation 26 'read' 'High_Threshold_1_read' <Predicate = true> <Delay = 0.00>
ST_1 : Operation 27 [1/1] (0.00ns)   --->   "%add_ln70_read = read i32 @_ssdm_op_Read.ap_auto.i32, i32 %add_ln70"   --->   Operation 27 'read' 'add_ln70_read' <Predicate = true> <Delay = 0.00>
ST_1 : Operation 28 [1/1] (0.00ns)   --->   "%Cols_3_read = read i32 @_ssdm_op_Read.ap_auto.i32, i32 %Cols_3"   --->   Operation 28 'read' 'Cols_3_read' <Predicate = true> <Delay = 0.00>
ST_1 : Operation 29 [1/1] (3.25ns)   --->   "%Line_Buffer_1 = alloca i64 1" [Hysteresis_Filter.cpp:5]   --->   Operation 29 'alloca' 'Line_Buffer_1' <Predicate = true> <Delay = 3.25> <CoreInst = "RAM">   --->   Core 81 'RAM' <Latency = 1> <II = 1> <Delay = 3.25> <Storage> <Opcode : 'load' 'store'> <Ports = 2> <Width = 32> <Depth = 1920> <RAM>
ST_1 : Operation 30 [1/1] (3.25ns)   --->   "%Line_Buffer = alloca i64 1" [Hysteresis_Filter.cpp:5]   --->   Operation 30 'alloca' 'Line_Buffer' <Predicate = true> <Delay = 3.25> <CoreInst = "RAM">   --->   Core 81 'RAM' <Latency = 1> <II = 1> <Delay = 3.25> <Storage> <Opcode : 'load' 'store'> <Ports = 2> <Width = 32> <Depth = 1920> <RAM>
ST_1 : Operation 31 [1/1] (1.58ns)   --->   "%store_ln0 = store i62 0, i62 %indvar_flatten"   --->   Operation 31 'store' 'store_ln0' <Predicate = true> <Delay = 1.58>
ST_1 : Operation 32 [1/1] (1.58ns)   --->   "%store_ln11 = store i31 0, i31 %I" [Hysteresis_Filter.cpp:11]   --->   Operation 32 'store' 'store_ln11' <Predicate = true> <Delay = 1.58>
ST_1 : Operation 33 [1/1] (1.58ns)   --->   "%store_ln13 = store i31 0, i31 %J" [Hysteresis_Filter.cpp:13]   --->   Operation 33 'store' 'store_ln13' <Predicate = true> <Delay = 1.58>
ST_1 : Operation 34 [1/1] (1.58ns)   --->   "%store_ln0 = store i32 0, i32 %reuse_reg"   --->   Operation 34 'store' 'store_ln0' <Predicate = true> <Delay = 1.58>
ST_1 : Operation 35 [1/1] (1.58ns)   --->   "%store_ln0 = store i64 18446744073709551615, i64 %reuse_addr_reg"   --->   Operation 35 'store' 'store_ln0' <Predicate = true> <Delay = 1.58>
ST_1 : Operation 36 [1/1] (1.58ns)   --->   "%store_ln0 = store i32 0, i32 %reuse_reg18"   --->   Operation 36 'store' 'store_ln0' <Predicate = true> <Delay = 1.58>
ST_1 : Operation 37 [1/1] (1.58ns)   --->   "%store_ln0 = store i64 18446744073709551615, i64 %reuse_addr_reg19"   --->   Operation 37 'store' 'store_ln0' <Predicate = true> <Delay = 1.58>
ST_1 : Operation 38 [1/1] (0.00ns)   --->   "%br_ln11 = br void %VITIS_LOOP_19_3" [Hysteresis_Filter.cpp:11]   --->   Operation 38 'br' 'br_ln11' <Predicate = true> <Delay = 0.00>

State 2 <SV = 1> <Delay = 5.05>
ST_2 : Operation 39 [1/1] (0.00ns)   --->   "%indvar_flatten_load = load i62 %indvar_flatten" [Hysteresis_Filter.cpp:11]   --->   Operation 39 'load' 'indvar_flatten_load' <Predicate = true> <Delay = 0.00>
ST_2 : Operation 40 [1/1] (3.46ns)   --->   "%icmp_ln11 = icmp_eq  i62 %indvar_flatten_load, i62 %bound_read" [Hysteresis_Filter.cpp:11]   --->   Operation 40 'icmp' 'icmp_ln11' <Predicate = true> <Delay = 3.46> <CoreInst = "Cmp">   --->   Core 9 'Cmp' <Latency = 0> <II = 1> <Delay = 3.46> <FuncUnit> <Opcode : 'seteq' 'setne' 'setle' 'setge' 'setlt' 'setgt'> <InPorts = 2> <OutPorts = 1>
ST_2 : Operation 41 [1/1] (0.00ns)   --->   "%br_ln11 = br i1 %icmp_ln11, void %for.inc82, void %for.end84.exitStub" [Hysteresis_Filter.cpp:11]   --->   Operation 41 'br' 'br_ln11' <Predicate = true> <Delay = 0.00>
ST_2 : Operation 42 [1/1] (3.46ns)   --->   "%add_ln11 = add i62 %indvar_flatten_load, i62 1" [Hysteresis_Filter.cpp:11]   --->   Operation 42 'add' 'add_ln11' <Predicate = (!icmp_ln11)> <Delay = 3.46> <CoreInst = "Adder">   --->   Core 1 'Adder' <Latency = 0> <II = 1> <Delay = 3.46> <FuncUnit> <Opcode : 'add' 'sub'> <InPorts = 2> <OutPorts = 1>
ST_2 : Operation 43 [1/1] (1.58ns)   --->   "%store_ln11 = store i62 %add_ln11, i62 %indvar_flatten" [Hysteresis_Filter.cpp:11]   --->   Operation 43 'store' 'store_ln11' <Predicate = (!icmp_ln11)> <Delay = 1.58>

State 3 <SV = 2> <Delay = 7.39>
ST_3 : Operation 44 [1/1] (0.00ns)   --->   "%J_load = load i31 %J" [Hysteresis_Filter.cpp:13]   --->   Operation 44 'load' 'J_load' <Predicate = (!icmp_ln11)> <Delay = 0.00>
ST_3 : Operation 45 [1/1] (0.00ns)   --->   "%zext_ln13_2 = zext i31 %J_load" [Hysteresis_Filter.cpp:13]   --->   Operation 45 'zext' 'zext_ln13_2' <Predicate = (!icmp_ln11)> <Delay = 0.00>
ST_3 : Operation 46 [1/1] (2.55ns)   --->   "%icmp_ln13 = icmp_slt  i32 %zext_ln13_2, i32 %Cols_3_read" [Hysteresis_Filter.cpp:13]   --->   Operation 46 'icmp' 'icmp_ln13' <Predicate = (!icmp_ln11)> <Delay = 2.55> <CoreInst = "Cmp">   --->   Core 9 'Cmp' <Latency = 0> <II = 1> <Delay = 2.55> <FuncUnit> <Opcode : 'seteq' 'setne' 'setle' 'setge' 'setlt' 'setgt'> <InPorts = 2> <OutPorts = 1>
ST_3 : Operation 47 [1/1] (0.73ns)   --->   "%select_ln11 = select i1 %icmp_ln13, i31 %J_load, i31 0" [Hysteresis_Filter.cpp:11]   --->   Operation 47 'select' 'select_ln11' <Predicate = (!icmp_ln11)> <Delay = 0.73> <CoreInst = "Sel">   --->   Core 73 'Sel' <Latency = 0> <II = 1> <Delay = 0.73> <FuncUnit> <Opcode : 'select'> <InPorts = 3> <OutPorts = 1>
ST_3 : Operation 48 [1/1] (0.00ns)   --->   "%zext_ln70 = zext i31 %select_ln11" [Hysteresis_Filter.cpp:70]   --->   Operation 48 'zext' 'zext_ln70' <Predicate = (!icmp_ln11)> <Delay = 0.00>
ST_3 : Operation 49 [1/1] (0.00ns)   --->   "%zext_ln13 = zext i31 %select_ln11" [Hysteresis_Filter.cpp:13]   --->   Operation 49 'zext' 'zext_ln13' <Predicate = (!icmp_ln11)> <Delay = 0.00>
ST_3 : Operation 50 [1/1] ( I:3.54ns O:3.54ns )   --->   "%Pixel_In = read i32 @_ssdm_op_Read.ap_fifo.volatile.i32P0A, i32 %Suppression_to_Hysteresis" [Hysteresis_Filter.cpp:17]   --->   Operation 50 'read' 'Pixel_In' <Predicate = (!icmp_ln11)> <Delay = 3.54> <CoreInst = "FIFO_SRL">   --->   Core 80 'FIFO_SRL' <Latency = 0> <II = 1> <Delay = 3.54> <Storage> <Opcode : 'read' 'write' 'nbread' 'nbwrite'> <Ports = 0> <Width = 32> <Depth = 8> <FIFO>
ST_3 : Operation 51 [1/1] (0.00ns)   --->   "%Line_Buffer_addr = getelementptr i32 %Line_Buffer, i64 0, i64 %zext_ln13" [Hysteresis_Filter.cpp:25]   --->   Operation 51 'getelementptr' 'Line_Buffer_addr' <Predicate = (!icmp_ln11)> <Delay = 0.00>
ST_3 : Operation 52 [1/1] (0.00ns)   --->   "%reuse_addr_reg19_load = load i64 %reuse_addr_reg19"   --->   Operation 52 'load' 'reuse_addr_reg19_load' <Predicate = (!icmp_ln11)> <Delay = 0.00>
ST_3 : Operation 53 [2/2] (3.25ns)   --->   "%Line_Buffer_load = load i11 %Line_Buffer_addr" [Hysteresis_Filter.cpp:25]   --->   Operation 53 'load' 'Line_Buffer_load' <Predicate = (!icmp_ln11)> <Delay = 3.25> <CoreInst = "RAM">   --->   Core 81 'RAM' <Latency = 1> <II = 1> <Delay = 3.25> <Storage> <Opcode : 'load' 'store'> <Ports = 2> <Width = 32> <Depth = 1920> <RAM>
ST_3 : Operation 54 [1/1] (3.52ns)   --->   "%addr_cmp22 = icmp_eq  i64 %reuse_addr_reg19_load, i64 %zext_ln13" [Hysteresis_Filter.cpp:13]   --->   Operation 54 'icmp' 'addr_cmp22' <Predicate = (!icmp_ln11)> <Delay = 3.52> <CoreInst = "Cmp">   --->   Core 9 'Cmp' <Latency = 0> <II = 1> <Delay = 3.52> <FuncUnit> <Opcode : 'seteq' 'setne' 'setle' 'setge' 'setlt' 'setgt'> <InPorts = 2> <OutPorts = 1>
ST_3 : Operation 55 [1/1] (0.00ns)   --->   "%Line_Buffer_1_addr = getelementptr i32 %Line_Buffer_1, i64 0, i64 %zext_ln13" [Hysteresis_Filter.cpp:26]   --->   Operation 55 'getelementptr' 'Line_Buffer_1_addr' <Predicate = (!icmp_ln11)> <Delay = 0.00>
ST_3 : Operation 56 [1/1] (0.00ns)   --->   "%reuse_addr_reg_load = load i64 %reuse_addr_reg"   --->   Operation 56 'load' 'reuse_addr_reg_load' <Predicate = (!icmp_ln11)> <Delay = 0.00>
ST_3 : Operation 57 [2/2] (3.25ns)   --->   "%Line_Buffer_1_load = load i11 %Line_Buffer_1_addr" [Hysteresis_Filter.cpp:26]   --->   Operation 57 'load' 'Line_Buffer_1_load' <Predicate = (!icmp_ln11)> <Delay = 3.25> <CoreInst = "RAM">   --->   Core 81 'RAM' <Latency = 1> <II = 1> <Delay = 3.25> <Storage> <Opcode : 'load' 'store'> <Ports = 2> <Width = 32> <Depth = 1920> <RAM>
ST_3 : Operation 58 [1/1] (3.52ns)   --->   "%addr_cmp = icmp_eq  i64 %reuse_addr_reg_load, i64 %zext_ln13" [Hysteresis_Filter.cpp:13]   --->   Operation 58 'icmp' 'addr_cmp' <Predicate = (!icmp_ln11)> <Delay = 3.52> <CoreInst = "Cmp">   --->   Core 9 'Cmp' <Latency = 0> <II = 1> <Delay = 3.52> <FuncUnit> <Opcode : 'seteq' 'setne' 'setle' 'setge' 'setlt' 'setgt'> <InPorts = 2> <OutPorts = 1>
ST_3 : Operation 59 [1/1] (1.58ns)   --->   "%store_ln13 = store i64 %zext_ln13, i64 %reuse_addr_reg19" [Hysteresis_Filter.cpp:13]   --->   Operation 59 'store' 'store_ln13' <Predicate = (!icmp_ln11)> <Delay = 1.58>
ST_3 : Operation 60 [1/1] ( I:3.25ns O:3.25ns )   --->   "%store_ln29 = store i32 %Pixel_In, i11 %Line_Buffer_1_addr" [Hysteresis_Filter.cpp:29]   --->   Operation 60 'store' 'store_ln29' <Predicate = (!icmp_ln11)> <Delay = 3.25> <CoreInst = "RAM">   --->   Core 81 'RAM' <Latency = 1> <II = 1> <Delay = 3.25> <Storage> <Opcode : 'load' 'store'> <Ports = 2> <Width = 32> <Depth = 1920> <RAM>
ST_3 : Operation 61 [1/1] (1.58ns)   --->   "%store_ln13 = store i64 %zext_ln13, i64 %reuse_addr_reg" [Hysteresis_Filter.cpp:13]   --->   Operation 61 'store' 'store_ln13' <Predicate = (!icmp_ln11)> <Delay = 1.58>
ST_3 : Operation 62 [1/1] (2.55ns)   --->   "%icmp_ln70_1 = icmp_eq  i32 %zext_ln70, i32 %add_ln70_1_read" [Hysteresis_Filter.cpp:70]   --->   Operation 62 'icmp' 'icmp_ln70_1' <Predicate = (!icmp_ln11)> <Delay = 2.55> <CoreInst = "Cmp">   --->   Core 9 'Cmp' <Latency = 0> <II = 1> <Delay = 2.55> <FuncUnit> <Opcode : 'seteq' 'setne' 'setle' 'setge' 'setlt' 'setgt'> <InPorts = 2> <OutPorts = 1>
ST_3 : Operation 63 [1/1] (2.52ns)   --->   "%add_ln13 = add i31 %select_ln11, i31 1" [Hysteresis_Filter.cpp:13]   --->   Operation 63 'add' 'add_ln13' <Predicate = (!icmp_ln11)> <Delay = 2.52> <CoreInst = "Adder">   --->   Core 1 'Adder' <Latency = 0> <II = 1> <Delay = 2.52> <FuncUnit> <Opcode : 'add' 'sub'> <InPorts = 2> <OutPorts = 1>
ST_3 : Operation 64 [1/1] (1.58ns)   --->   "%store_ln13 = store i31 %add_ln13, i31 %J" [Hysteresis_Filter.cpp:13]   --->   Operation 64 'store' 'store_ln13' <Predicate = (!icmp_ln11)> <Delay = 1.58>

State 4 <SV = 3> <Delay = 7.20>
ST_4 : Operation 65 [1/1] (0.00ns)   --->   "%p_load14 = load i32 %empty_67"   --->   Operation 65 'load' 'p_load14' <Predicate = true> <Delay = 0.00>
ST_4 : Operation 66 [1/1] (0.00ns)   --->   "%Center_Value_1 = load i32 %Center_Value"   --->   Operation 66 'load' 'Center_Value_1' <Predicate = true> <Delay = 0.00>
ST_4 : Operation 67 [1/1] (0.00ns)   --->   "%p_load = load i32 %empty_68"   --->   Operation 67 'load' 'p_load' <Predicate = true> <Delay = 0.00>
ST_4 : Operation 68 [1/1] (0.00ns)   --->   "%p_load17 = load i32 %empty" [Hysteresis_Filter.cpp:50]   --->   Operation 68 'load' 'p_load17' <Predicate = (!icmp_ln11)> <Delay = 0.00>
ST_4 : Operation 69 [1/1] (0.00ns)   --->   "%p_load16 = load i32 %empty_65" [Hysteresis_Filter.cpp:50]   --->   Operation 69 'load' 'p_load16' <Predicate = (!icmp_ln11)> <Delay = 0.00>
ST_4 : Operation 70 [1/1] (0.00ns)   --->   "%p_load15 = load i32 %empty_66" [Hysteresis_Filter.cpp:50]   --->   Operation 70 'load' 'p_load15' <Predicate = (!icmp_ln11)> <Delay = 0.00>
ST_4 : Operation 71 [1/1] (0.00ns)   --->   "%I_load = load i31 %I" [Hysteresis_Filter.cpp:11]   --->   Operation 71 'load' 'I_load' <Predicate = (!icmp_ln11)> <Delay = 0.00>
ST_4 : Operation 72 [1/1] (0.00ns) (grouped into LUT with out node add_ln11_1)   --->   "%empty_69 = select i1 %icmp_ln13, i31 0, i31 1" [Hysteresis_Filter.cpp:13]   --->   Operation 72 'select' 'empty_69' <Predicate = (!icmp_ln11)> <Delay = 0.00> <CoreInst = "Sel">   --->   Core 73 'Sel' <Latency = 0> <II = 1> <Delay = 0.99> <FuncUnit> <Opcode : 'select'> <InPorts = 3> <OutPorts = 1>
ST_4 : Operation 73 [1/1] (2.52ns) (out node of the LUT)   --->   "%add_ln11_1 = add i31 %I_load, i31 %empty_69" [Hysteresis_Filter.cpp:11]   --->   Operation 73 'add' 'add_ln11_1' <Predicate = (!icmp_ln11)> <Delay = 2.52> <CoreInst = "Adder">   --->   Core 1 'Adder' <Latency = 0> <II = 1> <Delay = 2.52> <FuncUnit> <Opcode : 'add' 'sub'> <InPorts = 2> <OutPorts = 1>
ST_4 : Operation 74 [1/1] (0.00ns)   --->   "%zext_ln11 = zext i31 %add_ln11_1" [Hysteresis_Filter.cpp:11]   --->   Operation 74 'zext' 'zext_ln11' <Predicate = (!icmp_ln11)> <Delay = 0.00>
ST_4 : Operation 75 [1/1] (2.55ns)   --->   "%icmp_ln70 = icmp_eq  i32 %zext_ln11, i32 %add_ln70_read" [Hysteresis_Filter.cpp:70]   --->   Operation 75 'icmp' 'icmp_ln70' <Predicate = (!icmp_ln11)> <Delay = 2.55> <CoreInst = "Cmp">   --->   Core 9 'Cmp' <Latency = 0> <II = 1> <Delay = 2.55> <FuncUnit> <Opcode : 'seteq' 'setne' 'setle' 'setge' 'setlt' 'setgt'> <InPorts = 2> <OutPorts = 1>
ST_4 : Operation 76 [1/1] (0.00ns)   --->   "%reuse_reg18_load = load i32 %reuse_reg18"   --->   Operation 76 'load' 'reuse_reg18_load' <Predicate = (!icmp_ln11 & addr_cmp22)> <Delay = 0.00>
ST_4 : Operation 77 [1/2] ( I:3.25ns O:3.25ns )   --->   "%Line_Buffer_load = load i11 %Line_Buffer_addr" [Hysteresis_Filter.cpp:25]   --->   Operation 77 'load' 'Line_Buffer_load' <Predicate = (!icmp_ln11)> <Delay = 3.25> <CoreInst = "RAM">   --->   Core 81 'RAM' <Latency = 1> <II = 1> <Delay = 3.25> <Storage> <Opcode : 'load' 'store'> <Ports = 2> <Width = 32> <Depth = 1920> <RAM>
ST_4 : Operation 78 [1/1] (0.69ns)   --->   "%Top_Pixel = select i1 %addr_cmp22, i32 %reuse_reg18_load, i32 %Line_Buffer_load" [Hysteresis_Filter.cpp:13]   --->   Operation 78 'select' 'Top_Pixel' <Predicate = (!icmp_ln11)> <Delay = 0.69> <CoreInst = "Sel">   --->   Core 73 'Sel' <Latency = 0> <II = 1> <Delay = 0.69> <FuncUnit> <Opcode : 'select'> <InPorts = 3> <OutPorts = 1>
ST_4 : Operation 79 [1/1] (0.00ns)   --->   "%reuse_reg_load = load i32 %reuse_reg"   --->   Operation 79 'load' 'reuse_reg_load' <Predicate = (!icmp_ln11 & addr_cmp)> <Delay = 0.00>
ST_4 : Operation 80 [1/2] ( I:3.25ns O:3.25ns )   --->   "%Line_Buffer_1_load = load i11 %Line_Buffer_1_addr" [Hysteresis_Filter.cpp:26]   --->   Operation 80 'load' 'Line_Buffer_1_load' <Predicate = (!icmp_ln11)> <Delay = 3.25> <CoreInst = "RAM">   --->   Core 81 'RAM' <Latency = 1> <II = 1> <Delay = 3.25> <Storage> <Opcode : 'load' 'store'> <Ports = 2> <Width = 32> <Depth = 1920> <RAM>
ST_4 : Operation 81 [1/1] (0.69ns)   --->   "%Mid_Pixel = select i1 %addr_cmp, i32 %reuse_reg_load, i32 %Line_Buffer_1_load" [Hysteresis_Filter.cpp:13]   --->   Operation 81 'select' 'Mid_Pixel' <Predicate = (!icmp_ln11)> <Delay = 0.69> <CoreInst = "Sel">   --->   Core 73 'Sel' <Latency = 0> <II = 1> <Delay = 0.69> <FuncUnit> <Opcode : 'select'> <InPorts = 3> <OutPorts = 1>
ST_4 : Operation 82 [1/1] ( I:3.25ns O:3.25ns )   --->   "%store_ln28 = store i32 %Mid_Pixel, i11 %Line_Buffer_addr" [Hysteresis_Filter.cpp:28]   --->   Operation 82 'store' 'store_ln28' <Predicate = (!icmp_ln11)> <Delay = 3.25> <CoreInst = "RAM">   --->   Core 81 'RAM' <Latency = 1> <II = 1> <Delay = 3.25> <Storage> <Opcode : 'load' 'store'> <Ports = 2> <Width = 32> <Depth = 1920> <RAM>
ST_4 : Operation 83 [1/1] (1.58ns)   --->   "%store_ln13 = store i32 %Mid_Pixel, i32 %reuse_reg18" [Hysteresis_Filter.cpp:13]   --->   Operation 83 'store' 'store_ln13' <Predicate = (!icmp_ln11)> <Delay = 1.58>
ST_4 : Operation 84 [1/1] (1.58ns)   --->   "%store_ln17 = store i32 %Pixel_In, i32 %reuse_reg" [Hysteresis_Filter.cpp:17]   --->   Operation 84 'store' 'store_ln17' <Predicate = (!icmp_ln11)> <Delay = 1.58>
ST_4 : Operation 85 [1/1] (2.55ns)   --->   "%icmp_ln38 = icmp_sgt  i32 %Center_Value_1, i32 %High_Threshold_1_read" [Hysteresis_Filter.cpp:38]   --->   Operation 85 'icmp' 'icmp_ln38' <Predicate = (!icmp_ln11)> <Delay = 2.55> <CoreInst = "Cmp">   --->   Core 9 'Cmp' <Latency = 0> <II = 1> <Delay = 2.55> <FuncUnit> <Opcode : 'seteq' 'setne' 'setle' 'setge' 'setlt' 'setgt'> <InPorts = 2> <OutPorts = 1>
ST_4 : Operation 86 [1/1] (2.55ns)   --->   "%icmp_ln42 = icmp_sgt  i32 %Center_Value_1, i32 %Low_Threshold_1_read" [Hysteresis_Filter.cpp:42]   --->   Operation 86 'icmp' 'icmp_ln42' <Predicate = (!icmp_ln11)> <Delay = 2.55> <CoreInst = "Cmp">   --->   Core 9 'Cmp' <Latency = 0> <II = 1> <Delay = 2.55> <FuncUnit> <Opcode : 'seteq' 'setne' 'setle' 'setge' 'setlt' 'setgt'> <InPorts = 2> <OutPorts = 1>
ST_4 : Operation 87 [1/1] (2.55ns)   --->   "%Strong = icmp_sgt  i32 %p_load17, i32 %High_Threshold_1_read" [Hysteresis_Filter.cpp:50]   --->   Operation 87 'icmp' 'Strong' <Predicate = (!icmp_ln11)> <Delay = 2.55> <CoreInst = "Cmp">   --->   Core 9 'Cmp' <Latency = 0> <II = 1> <Delay = 2.55> <FuncUnit> <Opcode : 'seteq' 'setne' 'setle' 'setge' 'setlt' 'setgt'> <InPorts = 2> <OutPorts = 1>
ST_4 : Operation 88 [1/1] (2.55ns)   --->   "%icmp_ln50 = icmp_sgt  i32 %p_load14, i32 %High_Threshold_1_read" [Hysteresis_Filter.cpp:50]   --->   Operation 88 'icmp' 'icmp_ln50' <Predicate = (!icmp_ln11)> <Delay = 2.55> <CoreInst = "Cmp">   --->   Core 9 'Cmp' <Latency = 0> <II = 1> <Delay = 2.55> <FuncUnit> <Opcode : 'seteq' 'setne' 'setle' 'setge' 'setlt' 'setgt'> <InPorts = 2> <OutPorts = 1>
ST_4 : Operation 89 [1/1] (2.55ns)   --->   "%icmp_ln50_1 = icmp_sgt  i32 %Top_Pixel, i32 %High_Threshold_1_read" [Hysteresis_Filter.cpp:50]   --->   Operation 89 'icmp' 'icmp_ln50_1' <Predicate = (!icmp_ln11)> <Delay = 2.55> <CoreInst = "Cmp">   --->   Core 9 'Cmp' <Latency = 0> <II = 1> <Delay = 2.55> <FuncUnit> <Opcode : 'seteq' 'setne' 'setle' 'setge' 'setlt' 'setgt'> <InPorts = 2> <OutPorts = 1>
ST_4 : Operation 90 [1/1] (2.55ns)   --->   "%icmp_ln50_2 = icmp_sgt  i32 %p_load16, i32 %High_Threshold_1_read" [Hysteresis_Filter.cpp:50]   --->   Operation 90 'icmp' 'icmp_ln50_2' <Predicate = (!icmp_ln11)> <Delay = 2.55> <CoreInst = "Cmp">   --->   Core 9 'Cmp' <Latency = 0> <II = 1> <Delay = 2.55> <FuncUnit> <Opcode : 'seteq' 'setne' 'setle' 'setge' 'setlt' 'setgt'> <InPorts = 2> <OutPorts = 1>
ST_4 : Operation 91 [1/1] (2.55ns)   --->   "%icmp_ln50_3 = icmp_sgt  i32 %Mid_Pixel, i32 %High_Threshold_1_read" [Hysteresis_Filter.cpp:50]   --->   Operation 91 'icmp' 'icmp_ln50_3' <Predicate = (!icmp_ln11)> <Delay = 2.55> <CoreInst = "Cmp">   --->   Core 9 'Cmp' <Latency = 0> <II = 1> <Delay = 2.55> <FuncUnit> <Opcode : 'seteq' 'setne' 'setle' 'setge' 'setlt' 'setgt'> <InPorts = 2> <OutPorts = 1>
ST_4 : Operation 92 [1/1] (2.55ns)   --->   "%icmp_ln50_4 = icmp_sgt  i32 %p_load15, i32 %High_Threshold_1_read" [Hysteresis_Filter.cpp:50]   --->   Operation 92 'icmp' 'icmp_ln50_4' <Predicate = (!icmp_ln11)> <Delay = 2.55> <CoreInst = "Cmp">   --->   Core 9 'Cmp' <Latency = 0> <II = 1> <Delay = 2.55> <FuncUnit> <Opcode : 'seteq' 'setne' 'setle' 'setge' 'setlt' 'setgt'> <InPorts = 2> <OutPorts = 1>
ST_4 : Operation 93 [1/1] (2.55ns)   --->   "%icmp_ln50_5 = icmp_sgt  i32 %p_load, i32 %High_Threshold_1_read" [Hysteresis_Filter.cpp:50]   --->   Operation 93 'icmp' 'icmp_ln50_5' <Predicate = (!icmp_ln11)> <Delay = 2.55> <CoreInst = "Cmp">   --->   Core 9 'Cmp' <Latency = 0> <II = 1> <Delay = 2.55> <FuncUnit> <Opcode : 'seteq' 'setne' 'setle' 'setge' 'setlt' 'setgt'> <InPorts = 2> <OutPorts = 1>
ST_4 : Operation 94 [1/1] (2.55ns)   --->   "%icmp_ln50_6 = icmp_sgt  i32 %Pixel_In, i32 %High_Threshold_1_read" [Hysteresis_Filter.cpp:50]   --->   Operation 94 'icmp' 'icmp_ln50_6' <Predicate = (!icmp_ln11)> <Delay = 2.55> <CoreInst = "Cmp">   --->   Core 9 'Cmp' <Latency = 0> <II = 1> <Delay = 2.55> <FuncUnit> <Opcode : 'seteq' 'setne' 'setle' 'setge' 'setlt' 'setgt'> <InPorts = 2> <OutPorts = 1>
ST_4 : Operation 95 [1/1] (0.00ns) (grouped into LUT with out node icmp_ln69)   --->   "%or_ln69 = or i31 %add_ln11_1, i31 %select_ln11" [Hysteresis_Filter.cpp:69]   --->   Operation 95 'or' 'or_ln69' <Predicate = (!icmp_ln11)> <Delay = 0.00> <CoreInst = "LogicGate">   --->   Core 74 'LogicGate' <Latency = 0> <II = 1> <Delay = 0.99> <FuncUnit> <Opcode : 'and' 'or' 'xor'> <InPorts = 2> <OutPorts = 1>
ST_4 : Operation 96 [1/1] (2.52ns) (out node of the LUT)   --->   "%icmp_ln69 = icmp_eq  i31 %or_ln69, i31 0" [Hysteresis_Filter.cpp:69]   --->   Operation 96 'icmp' 'icmp_ln69' <Predicate = (!icmp_ln11)> <Delay = 2.52> <CoreInst = "Cmp">   --->   Core 9 'Cmp' <Latency = 0> <II = 1> <Delay = 2.52> <FuncUnit> <Opcode : 'seteq' 'setne' 'setle' 'setge' 'setlt' 'setgt'> <InPorts = 2> <OutPorts = 1>
ST_4 : Operation 97 [1/1] (0.97ns)   --->   "%and_ln70 = and i1 %icmp_ln70, i1 %icmp_ln70_1" [Hysteresis_Filter.cpp:70]   --->   Operation 97 'and' 'and_ln70' <Predicate = (!icmp_ln11)> <Delay = 0.97> <CoreInst = "LogicGate">   --->   Core 74 'LogicGate' <Latency = 0> <II = 1> <Delay = 0.97> <FuncUnit> <Opcode : 'and' 'or' 'xor'> <InPorts = 2> <OutPorts = 1>
ST_4 : Operation 98 [1/1] (0.00ns)   --->   "%store_ln17 = store i32 %Pixel_In, i32 %empty_68" [Hysteresis_Filter.cpp:17]   --->   Operation 98 'store' 'store_ln17' <Predicate = (!icmp_ln11)> <Delay = 0.00>
ST_4 : Operation 99 [1/1] (0.00ns)   --->   "%store_ln35 = store i32 %Mid_Pixel, i32 %Center_Value" [Hysteresis_Filter.cpp:35]   --->   Operation 99 'store' 'store_ln35' <Predicate = (!icmp_ln11)> <Delay = 0.00>
ST_4 : Operation 100 [1/1] (0.00ns)   --->   "%store_ln13 = store i32 %Top_Pixel, i32 %empty_67" [Hysteresis_Filter.cpp:13]   --->   Operation 100 'store' 'store_ln13' <Predicate = (!icmp_ln11)> <Delay = 0.00>
ST_4 : Operation 101 [1/1] (1.58ns)   --->   "%store_ln11 = store i31 %add_ln11_1, i31 %I" [Hysteresis_Filter.cpp:11]   --->   Operation 101 'store' 'store_ln11' <Predicate = (!icmp_ln11)> <Delay = 1.58>
ST_4 : Operation 102 [1/1] (0.00ns)   --->   "%store_ln0 = store i32 %p_load, i32 %empty_66"   --->   Operation 102 'store' 'store_ln0' <Predicate = (!icmp_ln11)> <Delay = 0.00>
ST_4 : Operation 103 [1/1] (0.00ns)   --->   "%store_ln0 = store i32 %Center_Value_1, i32 %empty_65"   --->   Operation 103 'store' 'store_ln0' <Predicate = (!icmp_ln11)> <Delay = 0.00>
ST_4 : Operation 104 [1/1] (0.00ns)   --->   "%store_ln0 = store i32 %p_load14, i32 %empty"   --->   Operation 104 'store' 'store_ln0' <Predicate = (!icmp_ln11)> <Delay = 0.00>
ST_4 : Operation 122 [1/1] (1.58ns)   --->   "%ret_ln0 = ret"   --->   Operation 122 'ret' 'ret_ln0' <Predicate = (icmp_ln11)> <Delay = 1.58>

State 5 <SV = 4> <Delay = 4.83>
ST_5 : Operation 105 [1/1] (0.00ns)   --->   "%specloopname_ln0 = specloopname void @_ssdm_op_SpecLoopName, void @VITIS_LOOP_11_1_VITIS_LOOP_13_2_str"   --->   Operation 105 'specloopname' 'specloopname_ln0' <Predicate = true> <Delay = 0.00>
ST_5 : Operation 106 [1/1] (0.00ns)   --->   "%specpipeline_ln15 = specpipeline void @_ssdm_op_SpecPipeline, i32 1, i32 0, i32 0, i32 0, i32 4294967295, void @empty_1" [Hysteresis_Filter.cpp:15]   --->   Operation 106 'specpipeline' 'specpipeline_ln15' <Predicate = true> <Delay = 0.00>
ST_5 : Operation 107 [1/1] (0.00ns) (grouped into LUT with out node or_ln57_2)   --->   "%or_ln57 = or i1 %icmp_ln50, i1 %Strong" [Hysteresis_Filter.cpp:57]   --->   Operation 107 'or' 'or_ln57' <Predicate = true> <Delay = 0.00> <CoreInst = "LogicGate">   --->   Core 74 'LogicGate' <Latency = 0> <II = 1> <Delay = 0.97> <FuncUnit> <Opcode : 'and' 'or' 'xor'> <InPorts = 2> <OutPorts = 1>
ST_5 : Operation 108 [1/1] (0.00ns) (grouped into LUT with out node or_ln57_2)   --->   "%or_ln57_1 = or i1 %icmp_ln50_1, i1 %icmp_ln50_2" [Hysteresis_Filter.cpp:57]   --->   Operation 108 'or' 'or_ln57_1' <Predicate = true> <Delay = 0.00> <CoreInst = "LogicGate">   --->   Core 74 'LogicGate' <Latency = 0> <II = 1> <Delay = 0.97> <FuncUnit> <Opcode : 'and' 'or' 'xor'> <InPorts = 2> <OutPorts = 1>
ST_5 : Operation 109 [1/1] (0.97ns) (out node of the LUT)   --->   "%or_ln57_2 = or i1 %or_ln57_1, i1 %or_ln57" [Hysteresis_Filter.cpp:57]   --->   Operation 109 'or' 'or_ln57_2' <Predicate = true> <Delay = 0.97> <CoreInst = "LogicGate">   --->   Core 74 'LogicGate' <Latency = 0> <II = 1> <Delay = 0.97> <FuncUnit> <Opcode : 'and' 'or' 'xor'> <InPorts = 2> <OutPorts = 1>
ST_5 : Operation 110 [1/1] (0.00ns) (grouped into LUT with out node or_ln58)   --->   "%or_ln57_3 = or i1 %icmp_ln50_3, i1 %icmp_ln50_4" [Hysteresis_Filter.cpp:57]   --->   Operation 110 'or' 'or_ln57_3' <Predicate = true> <Delay = 0.00> <CoreInst = "LogicGate">   --->   Core 74 'LogicGate' <Latency = 0> <II = 1> <Delay = 0.97> <FuncUnit> <Opcode : 'and' 'or' 'xor'> <InPorts = 2> <OutPorts = 1>
ST_5 : Operation 111 [1/1] (0.00ns) (grouped into LUT with out node or_ln58)   --->   "%or_ln57_4 = or i1 %icmp_ln50_5, i1 %icmp_ln50_6" [Hysteresis_Filter.cpp:57]   --->   Operation 111 'or' 'or_ln57_4' <Predicate = true> <Delay = 0.00> <CoreInst = "LogicGate">   --->   Core 74 'LogicGate' <Latency = 0> <II = 1> <Delay = 0.97> <FuncUnit> <Opcode : 'and' 'or' 'xor'> <InPorts = 2> <OutPorts = 1>
ST_5 : Operation 112 [1/1] (0.00ns) (grouped into LUT with out node or_ln58)   --->   "%or_ln57_5 = or i1 %or_ln57_4, i1 %or_ln57_3" [Hysteresis_Filter.cpp:57]   --->   Operation 112 'or' 'or_ln57_5' <Predicate = true> <Delay = 0.00> <CoreInst = "LogicGate">   --->   Core 74 'LogicGate' <Latency = 0> <II = 1> <Delay = 0.97> <FuncUnit> <Opcode : 'and' 'or' 'xor'> <InPorts = 2> <OutPorts = 1>
ST_5 : Operation 113 [1/1] (0.97ns) (out node of the LUT)   --->   "%or_ln58 = or i1 %or_ln57_5, i1 %or_ln57_2" [Hysteresis_Filter.cpp:58]   --->   Operation 113 'or' 'or_ln58' <Predicate = true> <Delay = 0.97> <CoreInst = "LogicGate">   --->   Core 74 'LogicGate' <Latency = 0> <II = 1> <Delay = 0.97> <FuncUnit> <Opcode : 'and' 'or' 'xor'> <InPorts = 2> <OutPorts = 1>
ST_5 : Operation 114 [1/1] (0.00ns) (grouped into LUT with out node select_ln69)   --->   "%xor_ln38 = xor i1 %icmp_ln38, i1 1" [Hysteresis_Filter.cpp:38]   --->   Operation 114 'xor' 'xor_ln38' <Predicate = true> <Delay = 0.00> <CoreInst = "LogicGate">   --->   Core 74 'LogicGate' <Latency = 0> <II = 1> <Delay = 0.97> <FuncUnit> <Opcode : 'and' 'or' 'xor'> <InPorts = 2> <OutPorts = 1>
ST_5 : Operation 115 [1/1] (0.00ns) (grouped into LUT with out node select_ln69)   --->   "%and_ln42 = and i1 %icmp_ln42, i1 %xor_ln38" [Hysteresis_Filter.cpp:42]   --->   Operation 115 'and' 'and_ln42' <Predicate = true> <Delay = 0.00> <CoreInst = "LogicGate">   --->   Core 74 'LogicGate' <Latency = 0> <II = 1> <Delay = 0.97> <FuncUnit> <Opcode : 'and' 'or' 'xor'> <InPorts = 2> <OutPorts = 1>
ST_5 : Operation 116 [1/1] (0.00ns) (grouped into LUT with out node select_ln69)   --->   "%sel_tmp2 = bitconcatenate i2 @_ssdm_op_BitConcatenate.i2.i1.i1, i1 %icmp_ln38, i1 %and_ln42" [Hysteresis_Filter.cpp:38]   --->   Operation 116 'bitconcatenate' 'sel_tmp2' <Predicate = true> <Delay = 0.00>
ST_5 : Operation 117 [1/1] (0.00ns) (grouped into LUT with out node select_ln69)   --->   "%Final_Value_1 = sparsemux i1 @_ssdm_op_SparseMux.ap_auto.3i1.i1.i2, i2 2, i1 1, i2 1, i1 %or_ln58, i2 0, i1 0, i1 0, i2 %sel_tmp2" [Hysteresis_Filter.cpp:58]   --->   Operation 117 'sparsemux' 'Final_Value_1' <Predicate = true> <Delay = 0.00> <CoreInst = "OneHotSparseMux_HasDef">   --->   Core 140 'OneHotSparseMux_HasDef' <Latency = 0> <II = 1> <Delay = 1.58> <FuncUnit> <Opcode : 'sparsemux'> <InPorts = 2> <OutPorts = 1>
ST_5 : Operation 118 [1/1] (1.58ns) (out node of the LUT)   --->   "%select_ln69 = select i1 %Final_Value_1, i32 255, i32 0" [Hysteresis_Filter.cpp:69]   --->   Operation 118 'select' 'select_ln69' <Predicate = true> <Delay = 1.58> <CoreInst = "Sel">   --->   Core 73 'Sel' <Latency = 0> <II = 1> <Delay = 0.96> <FuncUnit> <Opcode : 'select'> <InPorts = 3> <OutPorts = 1>
ST_5 : Operation 119 [1/1] (0.00ns)   --->   "%zext_ln69 = zext i1 %icmp_ln69" [Hysteresis_Filter.cpp:69]   --->   Operation 119 'zext' 'zext_ln69' <Predicate = true> <Delay = 0.00>
ST_5 : Operation 120 [1/1] ( I:1.29ns O:1.29ns )   --->   "%write_ln72 = write void @_ssdm_op_Write.axis.volatile.i32P0A.i4P0A.i4P0A.i3P0A.i1P0A.i5P0A.i6P0A, i32 %Output_Stream_V_data_V, i4 %Output_Stream_V_keep_V, i4 %Output_Stream_V_strb_V, i3 %Output_Stream_V_user_V, i1 %Output_Stream_V_last_V, i5 %Output_Stream_V_id_V, i6 %Output_Stream_V_dest_V, i32 %select_ln69, i4 15, i4 15, i3 %zext_ln69, i1 %and_ln70, i5 0, i6 0" [Hysteresis_Filter.cpp:72]   --->   Operation 120 'write' 'write_ln72' <Predicate = true> <Delay = 1.29> <CoreInst = "regslice">   --->   Core 135 'regslice' <Latency = 0> <II = 1> <Delay = 1.86> <Adapter> <Opcode : 'read' 'write'>
ST_5 : Operation 121 [1/1] (0.00ns)   --->   "%br_ln13 = br void %VITIS_LOOP_19_3" [Hysteresis_Filter.cpp:13]   --->   Operation 121 'br' 'br_ln13' <Predicate = true> <Delay = 0.00>


============================================================
+ Verbose Summary: Binding
============================================================
STG Binding: 
---------------- STG Properties BEGIN ----------------
- Is combinational: 0
- Is one-state seq: 0
- Is datapath-only: 0
- Is pipelined: 0
- Is top level: 0
Port [ Return ] is wired: 1; IO mode=ap_ctrl_hs:ce=0
Port [ Cols_3]:  wired=1; compound=0; hidden=0; nouse=0; global=0; static=0; extern=0; dir=0; type=0; pingpong=0; private_global=0; IO mode=ap_none:ce=0
Port [ add_ln70]:  wired=1; compound=0; hidden=0; nouse=0; global=0; static=0; extern=0; dir=0; type=0; pingpong=0; private_global=0; IO mode=ap_none:ce=0
Port [ Suppression_to_Hysteresis]:  wired=1; compound=1; hidden=0; nouse=0; global=0; static=0; extern=0; dir=0; type=3; pingpong=0; private_global=0; IO mode=ap_fifo:ce=0
Port [ High_Threshold_1]:  wired=1; compound=0; hidden=0; nouse=0; global=0; static=0; extern=0; dir=0; type=0; pingpong=0; private_global=0; IO mode=ap_none:ce=0
Port [ Low_Threshold_1]:  wired=1; compound=0; hidden=0; nouse=0; global=0; static=0; extern=0; dir=0; type=0; pingpong=0; private_global=0; IO mode=ap_none:ce=0
Port [ add_ln70_1]:  wired=1; compound=0; hidden=0; nouse=0; global=0; static=0; extern=0; dir=0; type=0; pingpong=0; private_global=0; IO mode=ap_none:ce=0
Port [ Output_Stream_V_data_V]:  wired=1; compound=1; hidden=0; nouse=0; global=0; static=0; extern=0; dir=1; type=0; pingpong=0; private_global=0; IO mode=axis:ce=0
Port [ Output_Stream_V_keep_V]:  wired=1; compound=1; hidden=0; nouse=0; global=0; static=0; extern=0; dir=1; type=0; pingpong=0; private_global=0; IO mode=axis:ce=0
Port [ Output_Stream_V_strb_V]:  wired=1; compound=1; hidden=0; nouse=0; global=0; static=0; extern=0; dir=1; type=0; pingpong=0; private_global=0; IO mode=axis:ce=0
Port [ Output_Stream_V_user_V]:  wired=1; compound=1; hidden=0; nouse=0; global=0; static=0; extern=0; dir=1; type=0; pingpong=0; private_global=0; IO mode=axis:ce=0
Port [ Output_Stream_V_last_V]:  wired=1; compound=1; hidden=0; nouse=0; global=0; static=0; extern=0; dir=1; type=0; pingpong=0; private_global=0; IO mode=axis:ce=0
Port [ Output_Stream_V_id_V]:  wired=1; compound=1; hidden=0; nouse=0; global=0; static=0; extern=0; dir=1; type=0; pingpong=0; private_global=0; IO mode=axis:ce=0
Port [ Output_Stream_V_dest_V]:  wired=1; compound=1; hidden=0; nouse=0; global=0; static=0; extern=0; dir=1; type=0; pingpong=0; private_global=0; IO mode=axis:ce=0
Port [ bound]:  wired=1; compound=0; hidden=0; nouse=0; global=0; static=0; extern=0; dir=0; type=0; pingpong=0; private_global=0; IO mode=ap_none:ce=0
---------------- STG Properties END ------------------

---------------- Datapath Model BEGIN ----------------

<LifeTime>
<method=bitvector/>
reuse_addr_reg19        (alloca             ) [ 011100]
reuse_reg18             (alloca             ) [ 011110]
reuse_addr_reg          (alloca             ) [ 011100]
reuse_reg               (alloca             ) [ 011110]
empty                   (alloca             ) [ 011110]
empty_65                (alloca             ) [ 011110]
empty_66                (alloca             ) [ 011110]
J                       (alloca             ) [ 011100]
I                       (alloca             ) [ 011110]
indvar_flatten          (alloca             ) [ 011000]
empty_67                (alloca             ) [ 011110]
Center_Value            (alloca             ) [ 011110]
empty_68                (alloca             ) [ 011110]
specaxissidechannel_ln0 (specaxissidechannel) [ 000000]
specinterface_ln0       (specinterface      ) [ 000000]
specinterface_ln0       (specinterface      ) [ 000000]
bound_read              (read               ) [ 011000]
add_ln70_1_read         (read               ) [ 011100]
Low_Threshold_1_read    (read               ) [ 011110]
High_Threshold_1_read   (read               ) [ 011110]
add_ln70_read           (read               ) [ 011110]
Cols_3_read             (read               ) [ 011100]
Line_Buffer_1           (alloca             ) [ 011100]
Line_Buffer             (alloca             ) [ 011100]
store_ln0               (store              ) [ 000000]
store_ln11              (store              ) [ 000000]
store_ln13              (store              ) [ 000000]
store_ln0               (store              ) [ 000000]
store_ln0               (store              ) [ 000000]
store_ln0               (store              ) [ 000000]
store_ln0               (store              ) [ 000000]
br_ln11                 (br                 ) [ 000000]
indvar_flatten_load     (load               ) [ 000000]
icmp_ln11               (icmp               ) [ 011110]
br_ln11                 (br                 ) [ 000000]
add_ln11                (add                ) [ 000000]
store_ln11              (store              ) [ 000000]
J_load                  (load               ) [ 000000]
zext_ln13_2             (zext               ) [ 000000]
icmp_ln13               (icmp               ) [ 010010]
select_ln11             (select             ) [ 010010]
zext_ln70               (zext               ) [ 000000]
zext_ln13               (zext               ) [ 000000]
Pixel_In                (read               ) [ 010010]
Line_Buffer_addr        (getelementptr      ) [ 010010]
reuse_addr_reg19_load   (load               ) [ 000000]
addr_cmp22              (icmp               ) [ 010010]
Line_Buffer_1_addr      (getelementptr      ) [ 010010]
reuse_addr_reg_load     (load               ) [ 000000]
addr_cmp                (icmp               ) [ 010010]
store_ln13              (store              ) [ 000000]
store_ln29              (store              ) [ 000000]
store_ln13              (store              ) [ 000000]
icmp_ln70_1             (icmp               ) [ 010010]
add_ln13                (add                ) [ 000000]
store_ln13              (store              ) [ 000000]
p_load14                (load               ) [ 000000]
Center_Value_1          (load               ) [ 000000]
p_load                  (load               ) [ 000000]
p_load17                (load               ) [ 000000]
p_load16                (load               ) [ 000000]
p_load15                (load               ) [ 000000]
I_load                  (load               ) [ 000000]
empty_69                (select             ) [ 000000]
add_ln11_1              (add                ) [ 000000]
zext_ln11               (zext               ) [ 000000]
icmp_ln70               (icmp               ) [ 000000]
reuse_reg18_load        (load               ) [ 000000]
Line_Buffer_load        (load               ) [ 000000]
Top_Pixel               (select             ) [ 000000]
reuse_reg_load          (load               ) [ 000000]
Line_Buffer_1_load      (load               ) [ 000000]
Mid_Pixel               (select             ) [ 000000]
store_ln28              (store              ) [ 000000]
store_ln13              (store              ) [ 000000]
store_ln17              (store              ) [ 000000]
icmp_ln38               (icmp               ) [ 010001]
icmp_ln42               (icmp               ) [ 010001]
Strong                  (icmp               ) [ 010001]
icmp_ln50               (icmp               ) [ 010001]
icmp_ln50_1             (icmp               ) [ 010001]
icmp_ln50_2             (icmp               ) [ 010001]
icmp_ln50_3             (icmp               ) [ 010001]
icmp_ln50_4             (icmp               ) [ 010001]
icmp_ln50_5             (icmp               ) [ 010001]
icmp_ln50_6             (icmp               ) [ 010001]
or_ln69                 (or                 ) [ 000000]
icmp_ln69               (icmp               ) [ 010001]
and_ln70                (and                ) [ 010001]
store_ln17              (store              ) [ 000000]
store_ln35              (store              ) [ 000000]
store_ln13              (store              ) [ 000000]
store_ln11              (store              ) [ 000000]
store_ln0               (store              ) [ 000000]
store_ln0               (store              ) [ 000000]
store_ln0               (store              ) [ 000000]
specloopname_ln0        (specloopname       ) [ 000000]
specpipeline_ln15       (specpipeline       ) [ 000000]
or_ln57                 (or                 ) [ 000000]
or_ln57_1               (or                 ) [ 000000]
or_ln57_2               (or                 ) [ 000000]
or_ln57_3               (or                 ) [ 000000]
or_ln57_4               (or                 ) [ 000000]
or_ln57_5               (or                 ) [ 000000]
or_ln58                 (or                 ) [ 000000]
xor_ln38                (xor                ) [ 000000]
and_ln42                (and                ) [ 000000]
sel_tmp2                (bitconcatenate     ) [ 000000]
Final_Value_1           (sparsemux          ) [ 000000]
select_ln69             (select             ) [ 000000]
zext_ln69               (zext               ) [ 000000]
write_ln72              (write              ) [ 000000]
br_ln13                 (br                 ) [ 000000]
ret_ln0                 (ret                ) [ 000000]
</LifeTime>

<model>

<comp_list>
<comp id="0" class="1000" name="Cols_3">
<pin_list>
<pin id="1" dir="1" index="0" bw="1" slack="0"/>
</pin_list>
<bind>
<StgValue><ssdm name="Cols_3"/></StgValue>
</bind>
</comp>

<comp id="2" class="1000" name="add_ln70">
<pin_list>
<pin id="3" dir="1" index="0" bw="1" slack="0"/>
</pin_list>
<bind>
<StgValue><ssdm name="add_ln70"/></StgValue>
</bind>
</comp>

<comp id="4" class="1000" name="Suppression_to_Hysteresis">
<pin_list>
<pin id="5" dir="1" index="0" bw="1" slack="0"/>
</pin_list>
<bind>
<StgValue><ssdm name="Suppression_to_Hysteresis"/></StgValue>
</bind>
</comp>

<comp id="6" class="1000" name="High_Threshold_1">
<pin_list>
<pin id="7" dir="1" index="0" bw="1" slack="0"/>
</pin_list>
<bind>
<StgValue><ssdm name="High_Threshold_1"/></StgValue>
</bind>
</comp>

<comp id="8" class="1000" name="Low_Threshold_1">
<pin_list>
<pin id="9" dir="1" index="0" bw="1" slack="0"/>
</pin_list>
<bind>
<StgValue><ssdm name="Low_Threshold_1"/></StgValue>
</bind>
</comp>

<comp id="10" class="1000" name="add_ln70_1">
<pin_list>
<pin id="11" dir="1" index="0" bw="1" slack="0"/>
</pin_list>
<bind>
<StgValue><ssdm name="add_ln70_1"/></StgValue>
</bind>
</comp>

<comp id="12" class="1000" name="Output_Stream_V_data_V">
<pin_list>
<pin id="13" dir="1" index="0" bw="1" slack="0"/>
</pin_list>
<bind>
<StgValue><ssdm name="Output_Stream_V_data_V"/></StgValue>
</bind>
</comp>

<comp id="14" class="1000" name="Output_Stream_V_keep_V">
<pin_list>
<pin id="15" dir="1" index="0" bw="1" slack="0"/>
</pin_list>
<bind>
<StgValue><ssdm name="Output_Stream_V_keep_V"/></StgValue>
</bind>
</comp>

<comp id="16" class="1000" name="Output_Stream_V_strb_V">
<pin_list>
<pin id="17" dir="1" index="0" bw="1" slack="0"/>
</pin_list>
<bind>
<StgValue><ssdm name="Output_Stream_V_strb_V"/></StgValue>
</bind>
</comp>

<comp id="18" class="1000" name="Output_Stream_V_user_V">
<pin_list>
<pin id="19" dir="1" index="0" bw="1" slack="0"/>
</pin_list>
<bind>
<StgValue><ssdm name="Output_Stream_V_user_V"/></StgValue>
</bind>
</comp>

<comp id="20" class="1000" name="Output_Stream_V_last_V">
<pin_list>
<pin id="21" dir="1" index="0" bw="1" slack="0"/>
</pin_list>
<bind>
<StgValue><ssdm name="Output_Stream_V_last_V"/></StgValue>
</bind>
</comp>

<comp id="22" class="1000" name="Output_Stream_V_id_V">
<pin_list>
<pin id="23" dir="1" index="0" bw="1" slack="0"/>
</pin_list>
<bind>
<StgValue><ssdm name="Output_Stream_V_id_V"/></StgValue>
</bind>
</comp>

<comp id="24" class="1000" name="Output_Stream_V_dest_V">
<pin_list>
<pin id="25" dir="1" index="0" bw="1" slack="0"/>
</pin_list>
<bind>
<StgValue><ssdm name="Output_Stream_V_dest_V"/></StgValue>
</bind>
</comp>

<comp id="26" class="1000" name="bound">
<pin_list>
<pin id="27" dir="1" index="0" bw="1" slack="0"/>
</pin_list>
<bind>
<StgValue><ssdm name="bound"/></StgValue>
</bind>
</comp>

<comp id="28" class="1001" name="const_28">
<pin_list>
<pin id="29" dir="1" index="0" bw="1" slack="0"/>
</pin_list>
<bind>
<StgValue><ssdm name=""/></StgValue>
</bind>
</comp>

<comp id="30" class="1001" name="const_30">
<pin_list>
<pin id="31" dir="1" index="0" bw="1" slack="2147483647"/>
</pin_list>
<bind>
<StgValue><ssdm name="_ssdm_op_SpecAXISSideChannel"/></StgValue>
</bind>
</comp>

<comp id="32" class="1001" name="const_32">
<pin_list>
<pin id="33" dir="1" index="0" bw="1" slack="2147483647"/>
</pin_list>
<bind>
<StgValue><ssdm name="empty_10"/></StgValue>
</bind>
</comp>

<comp id="34" class="1001" name="const_34">
<pin_list>
<pin id="35" dir="1" index="0" bw="1" slack="2147483647"/>
</pin_list>
<bind>
<StgValue><ssdm name="_ssdm_op_SpecInterface"/></StgValue>
</bind>
</comp>

<comp id="36" class="1001" name="const_36">
<pin_list>
<pin id="37" dir="1" index="0" bw="1" slack="2147483647"/>
</pin_list>
<bind>
<StgValue><ssdm name="empty"/></StgValue>
</bind>
</comp>

<comp id="38" class="1001" name="const_38">
<pin_list>
<pin id="39" dir="1" index="0" bw="1" slack="0"/>
</pin_list>
<bind>
<StgValue><ssdm name=""/></StgValue>
</bind>
</comp>

<comp id="40" class="1001" name="const_40">
<pin_list>
<pin id="41" dir="1" index="0" bw="1" slack="2147483647"/>
</pin_list>
<bind>
<StgValue><ssdm name="empty_0"/></StgValue>
</bind>
</comp>

<comp id="42" class="1001" name="const_42">
<pin_list>
<pin id="43" dir="1" index="0" bw="1" slack="2147483647"/>
</pin_list>
<bind>
<StgValue><ssdm name="empty_1"/></StgValue>
</bind>
</comp>

<comp id="44" class="1001" name="const_44">
<pin_list>
<pin id="45" dir="1" index="0" bw="1" slack="2147483647"/>
</pin_list>
<bind>
<StgValue><ssdm name=""/></StgValue>
</bind>
</comp>

<comp id="46" class="1001" name="const_46">
<pin_list>
<pin id="47" dir="1" index="0" bw="1" slack="2147483647"/>
</pin_list>
<bind>
<StgValue><ssdm name="empty_9"/></StgValue>
</bind>
</comp>

<comp id="48" class="1001" name="const_48">
<pin_list>
<pin id="49" dir="1" index="0" bw="1" slack="0"/>
</pin_list>
<bind>
<StgValue><ssdm name="_ssdm_op_Read.ap_auto.i62"/></StgValue>
</bind>
</comp>

<comp id="50" class="1001" name="const_50">
<pin_list>
<pin id="51" dir="1" index="0" bw="1" slack="0"/>
</pin_list>
<bind>
<StgValue><ssdm name="_ssdm_op_Read.ap_auto.i32"/></StgValue>
</bind>
</comp>

<comp id="52" class="1001" name="const_52">
<pin_list>
<pin id="53" dir="1" index="0" bw="1" slack="0"/>
</pin_list>
<bind>
<StgValue><ssdm name=""/></StgValue>
</bind>
</comp>

<comp id="54" class="1001" name="const_54">
<pin_list>
<pin id="55" dir="1" index="0" bw="1" slack="0"/>
</pin_list>
<bind>
<StgValue><ssdm name=""/></StgValue>
</bind>
</comp>

<comp id="56" class="1001" name="const_56">
<pin_list>
<pin id="57" dir="1" index="0" bw="1" slack="0"/>
</pin_list>
<bind>
<StgValue><ssdm name=""/></StgValue>
</bind>
</comp>

<comp id="58" class="1001" name="const_58">
<pin_list>
<pin id="59" dir="1" index="0" bw="1" slack="0"/>
</pin_list>
<bind>
<StgValue><ssdm name=""/></StgValue>
</bind>
</comp>

<comp id="60" class="1001" name="const_60">
<pin_list>
<pin id="61" dir="1" index="0" bw="1" slack="0"/>
</pin_list>
<bind>
<StgValue><ssdm name=""/></StgValue>
</bind>
</comp>

<comp id="62" class="1001" name="const_62">
<pin_list>
<pin id="63" dir="1" index="0" bw="1" slack="0"/>
</pin_list>
<bind>
<StgValue><ssdm name="_ssdm_op_Read.ap_fifo.volatile.i32P0A"/></StgValue>
</bind>
</comp>

<comp id="64" class="1001" name="const_64">
<pin_list>
<pin id="65" dir="1" index="0" bw="1" slack="0"/>
</pin_list>
<bind>
<StgValue><ssdm name=""/></StgValue>
</bind>
</comp>

<comp id="66" class="1001" name="const_66">
<pin_list>
<pin id="67" dir="1" index="0" bw="1" slack="0"/>
</pin_list>
<bind>
<StgValue><ssdm name=""/></StgValue>
</bind>
</comp>

<comp id="68" class="1001" name="const_68">
<pin_list>
<pin id="69" dir="1" index="0" bw="1" slack="2147483647"/>
</pin_list>
<bind>
<StgValue><ssdm name="_ssdm_op_SpecLoopName"/></StgValue>
</bind>
</comp>

<comp id="70" class="1001" name="const_70">
<pin_list>
<pin id="71" dir="1" index="0" bw="1" slack="2147483647"/>
</pin_list>
<bind>
<StgValue><ssdm name="VITIS_LOOP_11_1_VITIS_LOOP_13_2_str"/></StgValue>
</bind>
</comp>

<comp id="72" class="1001" name="const_72">
<pin_list>
<pin id="73" dir="1" index="0" bw="1" slack="2147483647"/>
</pin_list>
<bind>
<StgValue><ssdm name="_ssdm_op_SpecPipeline"/></StgValue>
</bind>
</comp>

<comp id="74" class="1001" name="const_74">
<pin_list>
<pin id="75" dir="1" index="0" bw="1" slack="0"/>
</pin_list>
<bind>
<StgValue><ssdm name=""/></StgValue>
</bind>
</comp>

<comp id="76" class="1001" name="const_76">
<pin_list>
<pin id="77" dir="1" index="0" bw="1" slack="0"/>
</pin_list>
<bind>
<StgValue><ssdm name="_ssdm_op_BitConcatenate.i2.i1.i1"/></StgValue>
</bind>
</comp>

<comp id="78" class="1001" name="const_78">
<pin_list>
<pin id="79" dir="1" index="0" bw="1" slack="0"/>
</pin_list>
<bind>
<StgValue><ssdm name="_ssdm_op_SparseMux.ap_auto.3i1.i1.i2"/></StgValue>
</bind>
</comp>

<comp id="80" class="1001" name="const_80">
<pin_list>
<pin id="81" dir="1" index="0" bw="1" slack="0"/>
</pin_list>
<bind>
<StgValue><ssdm name=""/></StgValue>
</bind>
</comp>

<comp id="82" class="1001" name="const_82">
<pin_list>
<pin id="83" dir="1" index="0" bw="1" slack="0"/>
</pin_list>
<bind>
<StgValue><ssdm name=""/></StgValue>
</bind>
</comp>

<comp id="84" class="1001" name="const_84">
<pin_list>
<pin id="85" dir="1" index="0" bw="1" slack="0"/>
</pin_list>
<bind>
<StgValue><ssdm name=""/></StgValue>
</bind>
</comp>

<comp id="86" class="1001" name="const_86">
<pin_list>
<pin id="87" dir="1" index="0" bw="1" slack="0"/>
</pin_list>
<bind>
<StgValue><ssdm name=""/></StgValue>
</bind>
</comp>

<comp id="88" class="1001" name="const_88">
<pin_list>
<pin id="89" dir="1" index="0" bw="1" slack="0"/>
</pin_list>
<bind>
<StgValue><ssdm name=""/></StgValue>
</bind>
</comp>

<comp id="90" class="1001" name="const_90">
<pin_list>
<pin id="91" dir="1" index="0" bw="1" slack="0"/>
</pin_list>
<bind>
<StgValue><ssdm name=""/></StgValue>
</bind>
</comp>

<comp id="92" class="1001" name="const_92">
<pin_list>
<pin id="93" dir="1" index="0" bw="1" slack="0"/>
</pin_list>
<bind>
<StgValue><ssdm name="_ssdm_op_Write.axis.volatile.i32P0A.i4P0A.i4P0A.i3P0A.i1P0A.i5P0A.i6P0A"/></StgValue>
</bind>
</comp>

<comp id="94" class="1001" name="const_94">
<pin_list>
<pin id="95" dir="1" index="0" bw="1" slack="0"/>
</pin_list>
<bind>
<StgValue><ssdm name=""/></StgValue>
</bind>
</comp>

<comp id="96" class="1001" name="const_96">
<pin_list>
<pin id="97" dir="1" index="0" bw="1" slack="0"/>
</pin_list>
<bind>
<StgValue><ssdm name=""/></StgValue>
</bind>
</comp>

<comp id="98" class="1001" name="const_98">
<pin_list>
<pin id="99" dir="1" index="0" bw="1" slack="0"/>
</pin_list>
<bind>
<StgValue><ssdm name=""/></StgValue>
</bind>
</comp>

<comp id="100" class="1004" name="reuse_addr_reg19_fu_100">
<pin_list>
<pin id="101" dir="0" index="0" bw="1" slack="0"/>
<pin id="102" dir="1" index="1" bw="64" slack="0"/>
</pin_list>
<bind>
<opcode="alloca(26) " fcode="alloca"/>
<opset="reuse_addr_reg19/1 "/>
</bind>
</comp>

<comp id="104" class="1004" name="reuse_reg18_fu_104">
<pin_list>
<pin id="105" dir="0" index="0" bw="1" slack="0"/>
<pin id="106" dir="1" index="1" bw="32" slack="0"/>
</pin_list>
<bind>
<opcode="alloca(26) " fcode="alloca"/>
<opset="reuse_reg18/1 "/>
</bind>
</comp>

<comp id="108" class="1004" name="reuse_addr_reg_fu_108">
<pin_list>
<pin id="109" dir="0" index="0" bw="1" slack="0"/>
<pin id="110" dir="1" index="1" bw="64" slack="0"/>
</pin_list>
<bind>
<opcode="alloca(26) " fcode="alloca"/>
<opset="reuse_addr_reg/1 "/>
</bind>
</comp>

<comp id="112" class="1004" name="reuse_reg_fu_112">
<pin_list>
<pin id="113" dir="0" index="0" bw="1" slack="0"/>
<pin id="114" dir="1" index="1" bw="32" slack="0"/>
</pin_list>
<bind>
<opcode="alloca(26) " fcode="alloca"/>
<opset="reuse_reg/1 "/>
</bind>
</comp>

<comp id="116" class="1004" name="empty_fu_116">
<pin_list>
<pin id="117" dir="0" index="0" bw="1" slack="0"/>
<pin id="118" dir="1" index="1" bw="32" slack="3"/>
</pin_list>
<bind>
<opcode="alloca(26) " fcode="alloca"/>
<opset="empty/1 "/>
</bind>
</comp>

<comp id="120" class="1004" name="empty_65_fu_120">
<pin_list>
<pin id="121" dir="0" index="0" bw="1" slack="0"/>
<pin id="122" dir="1" index="1" bw="32" slack="3"/>
</pin_list>
<bind>
<opcode="alloca(26) " fcode="alloca"/>
<opset="empty_65/1 "/>
</bind>
</comp>

<comp id="124" class="1004" name="empty_66_fu_124">
<pin_list>
<pin id="125" dir="0" index="0" bw="1" slack="0"/>
<pin id="126" dir="1" index="1" bw="32" slack="3"/>
</pin_list>
<bind>
<opcode="alloca(26) " fcode="alloca"/>
<opset="empty_66/1 "/>
</bind>
</comp>

<comp id="128" class="1004" name="J_fu_128">
<pin_list>
<pin id="129" dir="0" index="0" bw="1" slack="0"/>
<pin id="130" dir="1" index="1" bw="31" slack="0"/>
</pin_list>
<bind>
<opcode="alloca(26) " fcode="alloca"/>
<opset="J/1 "/>
</bind>
</comp>

<comp id="132" class="1004" name="I_fu_132">
<pin_list>
<pin id="133" dir="0" index="0" bw="1" slack="0"/>
<pin id="134" dir="1" index="1" bw="31" slack="0"/>
</pin_list>
<bind>
<opcode="alloca(26) " fcode="alloca"/>
<opset="I/1 "/>
</bind>
</comp>

<comp id="136" class="1004" name="indvar_flatten_fu_136">
<pin_list>
<pin id="137" dir="0" index="0" bw="1" slack="0"/>
<pin id="138" dir="1" index="1" bw="62" slack="0"/>
</pin_list>
<bind>
<opcode="alloca(26) " fcode="alloca"/>
<opset="indvar_flatten/1 "/>
</bind>
</comp>

<comp id="140" class="1004" name="empty_67_fu_140">
<pin_list>
<pin id="141" dir="0" index="0" bw="1" slack="0"/>
<pin id="142" dir="1" index="1" bw="32" slack="3"/>
</pin_list>
<bind>
<opcode="alloca(26) " fcode="alloca"/>
<opset="empty_67/1 "/>
</bind>
</comp>

<comp id="144" class="1004" name="Center_Value_fu_144">
<pin_list>
<pin id="145" dir="0" index="0" bw="1" slack="0"/>
<pin id="146" dir="1" index="1" bw="32" slack="3"/>
</pin_list>
<bind>
<opcode="alloca(26) " fcode="alloca"/>
<opset="Center_Value/1 "/>
</bind>
</comp>

<comp id="148" class="1004" name="empty_68_fu_148">
<pin_list>
<pin id="149" dir="0" index="0" bw="1" slack="0"/>
<pin id="150" dir="1" index="1" bw="32" slack="3"/>
</pin_list>
<bind>
<opcode="alloca(26) " fcode="alloca"/>
<opset="empty_68/1 "/>
</bind>
</comp>

<comp id="152" class="1004" name="Line_Buffer_1_alloca_fu_152">
<pin_list>
<pin id="153" dir="0" index="0" bw="1" slack="0"/>
<pin id="154" dir="1" index="1" bw="32" slack="2147483647"/>
</pin_list>
<bind>
<opcode="alloca(26) " fcode="alloca"/>
<opset="Line_Buffer_1/1 "/>
</bind>
</comp>

<comp id="156" class="1004" name="Line_Buffer_alloca_fu_156">
<pin_list>
<pin id="157" dir="0" index="0" bw="1" slack="0"/>
<pin id="158" dir="1" index="1" bw="32" slack="2147483647"/>
</pin_list>
<bind>
<opcode="alloca(26) " fcode="alloca"/>
<opset="Line_Buffer/1 "/>
</bind>
</comp>

<comp id="160" class="1004" name="bound_read_read_fu_160">
<pin_list>
<pin id="161" dir="0" index="0" bw="62" slack="0"/>
<pin id="162" dir="0" index="1" bw="62" slack="0"/>
<pin id="163" dir="1" index="2" bw="62" slack="1"/>
</pin_list>
<bind>
<opcode="read(1150) " fcode="read"/>
<opset="bound_read/1 "/>
</bind>
</comp>

<comp id="166" class="1004" name="add_ln70_1_read_read_fu_166">
<pin_list>
<pin id="167" dir="0" index="0" bw="32" slack="0"/>
<pin id="168" dir="0" index="1" bw="32" slack="0"/>
<pin id="169" dir="1" index="2" bw="32" slack="2"/>
</pin_list>
<bind>
<opcode="read(1150) " fcode="read"/>
<opset="add_ln70_1_read/1 "/>
</bind>
</comp>

<comp id="172" class="1004" name="Low_Threshold_1_read_read_fu_172">
<pin_list>
<pin id="173" dir="0" index="0" bw="32" slack="0"/>
<pin id="174" dir="0" index="1" bw="32" slack="0"/>
<pin id="175" dir="1" index="2" bw="32" slack="3"/>
</pin_list>
<bind>
<opcode="read(1150) " fcode="read"/>
<opset="Low_Threshold_1_read/1 "/>
</bind>
</comp>

<comp id="178" class="1004" name="High_Threshold_1_read_read_fu_178">
<pin_list>
<pin id="179" dir="0" index="0" bw="32" slack="0"/>
<pin id="180" dir="0" index="1" bw="32" slack="0"/>
<pin id="181" dir="1" index="2" bw="32" slack="3"/>
</pin_list>
<bind>
<opcode="read(1150) " fcode="read"/>
<opset="High_Threshold_1_read/1 "/>
</bind>
</comp>

<comp id="184" class="1004" name="add_ln70_read_read_fu_184">
<pin_list>
<pin id="185" dir="0" index="0" bw="32" slack="0"/>
<pin id="186" dir="0" index="1" bw="32" slack="0"/>
<pin id="187" dir="1" index="2" bw="32" slack="3"/>
</pin_list>
<bind>
<opcode="read(1150) " fcode="read"/>
<opset="add_ln70_read/1 "/>
</bind>
</comp>

<comp id="190" class="1004" name="Cols_3_read_read_fu_190">
<pin_list>
<pin id="191" dir="0" index="0" bw="32" slack="0"/>
<pin id="192" dir="0" index="1" bw="32" slack="0"/>
<pin id="193" dir="1" index="2" bw="32" slack="2"/>
</pin_list>
<bind>
<opcode="read(1150) " fcode="read"/>
<opset="Cols_3_read/1 "/>
</bind>
</comp>

<comp id="196" class="1004" name="Pixel_In_read_fu_196">
<pin_list>
<pin id="197" dir="0" index="0" bw="32" slack="0"/>
<pin id="198" dir="0" index="1" bw="32" slack="0"/>
<pin id="199" dir="1" index="2" bw="32" slack="0"/>
</pin_list>
<bind>
<opcode="read(1150) " fcode="read"/>
<opset="Pixel_In/3 "/>
</bind>
</comp>

<comp id="202" class="1004" name="write_ln72_write_fu_202">
<pin_list>
<pin id="203" dir="0" index="0" bw="0" slack="0"/>
<pin id="204" dir="0" index="1" bw="32" slack="0"/>
<pin id="205" dir="0" index="2" bw="4" slack="0"/>
<pin id="206" dir="0" index="3" bw="4" slack="0"/>
<pin id="207" dir="0" index="4" bw="3" slack="0"/>
<pin id="208" dir="0" index="5" bw="1" slack="0"/>
<pin id="209" dir="0" index="6" bw="5" slack="0"/>
<pin id="210" dir="0" index="7" bw="6" slack="0"/>
<pin id="211" dir="0" index="8" bw="9" slack="0"/>
<pin id="212" dir="0" index="9" bw="1" slack="0"/>
<pin id="213" dir="0" index="10" bw="1" slack="0"/>
<pin id="214" dir="0" index="11" bw="1" slack="0"/>
<pin id="215" dir="0" index="12" bw="1" slack="1"/>
<pin id="216" dir="0" index="13" bw="1" slack="0"/>
<pin id="217" dir="0" index="14" bw="1" slack="0"/>
<pin id="218" dir="1" index="15" bw="0" slack="2147483647"/>
</pin_list>
<bind>
<opcode="write(1151) " fcode="write"/>
<opset="write_ln72/5 "/>
</bind>
</comp>

<comp id="231" class="1004" name="Line_Buffer_addr_gep_fu_231">
<pin_list>
<pin id="232" dir="0" index="0" bw="32" slack="2147483647"/>
<pin id="233" dir="0" index="1" bw="1" slack="0"/>
<pin id="234" dir="0" index="2" bw="31" slack="0"/>
<pin id="235" dir="1" index="3" bw="11" slack="0"/>
</pin_list>
<bind>
<opcode="getelementptr(29) " fcode="getelementptr"/>
<opset="Line_Buffer_addr/3 "/>
</bind>
</comp>

<comp id="237" class="1004" name="grp_access_fu_237">
<pin_list>
<pin id="238" dir="0" index="0" bw="11" slack="1"/>
<pin id="239" dir="0" index="1" bw="32" slack="0"/>
<pin id="240" dir="0" index="2" bw="0" slack="0"/>
<pin id="242" dir="0" index="4" bw="11" slack="2147483647"/>
<pin id="243" dir="0" index="5" bw="32" slack="2147483647"/>
<pin id="244" dir="0" index="6" bw="0" slack="2147483647"/>
<pin id="241" dir="1" index="3" bw="32" slack="2147483647"/>
<pin id="245" dir="1" index="7" bw="32" slack="0"/>
</pin_list>
<bind>
<opcode="load(27) store(28) " fcode="store"/>
<opset="Line_Buffer_load/3 store_ln28/4 "/>
</bind>
</comp>

<comp id="247" class="1004" name="Line_Buffer_1_addr_gep_fu_247">
<pin_list>
<pin id="248" dir="0" index="0" bw="32" slack="2147483647"/>
<pin id="249" dir="0" index="1" bw="1" slack="0"/>
<pin id="250" dir="0" index="2" bw="31" slack="0"/>
<pin id="251" dir="1" index="3" bw="11" slack="0"/>
</pin_list>
<bind>
<opcode="getelementptr(29) " fcode="getelementptr"/>
<opset="Line_Buffer_1_addr/3 "/>
</bind>
</comp>

<comp id="253" class="1004" name="grp_access_fu_253">
<pin_list>
<pin id="254" dir="0" index="0" bw="11" slack="0"/>
<pin id="255" dir="0" index="1" bw="32" slack="0"/>
<pin id="256" dir="0" index="2" bw="0" slack="2147483647"/>
<pin id="257" dir="1" index="3" bw="32" slack="0"/>
</pin_list>
<bind>
<opcode="load(27) store(28) " fcode="store"/>
<opset="Line_Buffer_1_load/3 store_ln29/3 "/>
</bind>
</comp>

<comp id="260" class="1004" name="store_ln0_store_fu_260">
<pin_list>
<pin id="261" dir="0" index="0" bw="1" slack="0"/>
<pin id="262" dir="0" index="1" bw="62" slack="0"/>
<pin id="263" dir="1" index="2" bw="0" slack="2147483647"/>
</pin_list>
<bind>
<opcode="store(28) " fcode="store"/>
<opset="store_ln0/1 "/>
</bind>
</comp>

<comp id="265" class="1004" name="store_ln11_store_fu_265">
<pin_list>
<pin id="266" dir="0" index="0" bw="1" slack="0"/>
<pin id="267" dir="0" index="1" bw="31" slack="0"/>
<pin id="268" dir="1" index="2" bw="0" slack="2147483647"/>
</pin_list>
<bind>
<opcode="store(28) " fcode="store"/>
<opset="store_ln11/1 "/>
</bind>
</comp>

<comp id="270" class="1004" name="store_ln13_store_fu_270">
<pin_list>
<pin id="271" dir="0" index="0" bw="1" slack="0"/>
<pin id="272" dir="0" index="1" bw="31" slack="0"/>
<pin id="273" dir="1" index="2" bw="0" slack="2147483647"/>
</pin_list>
<bind>
<opcode="store(28) " fcode="store"/>
<opset="store_ln13/1 "/>
</bind>
</comp>

<comp id="275" class="1004" name="store_ln0_store_fu_275">
<pin_list>
<pin id="276" dir="0" index="0" bw="1" slack="0"/>
<pin id="277" dir="0" index="1" bw="32" slack="0"/>
<pin id="278" dir="1" index="2" bw="0" slack="2147483647"/>
</pin_list>
<bind>
<opcode="store(28) " fcode="store"/>
<opset="store_ln0/1 "/>
</bind>
</comp>

<comp id="280" class="1004" name="store_ln0_store_fu_280">
<pin_list>
<pin id="281" dir="0" index="0" bw="1" slack="0"/>
<pin id="282" dir="0" index="1" bw="64" slack="0"/>
<pin id="283" dir="1" index="2" bw="0" slack="2147483647"/>
</pin_list>
<bind>
<opcode="store(28) " fcode="store"/>
<opset="store_ln0/1 "/>
</bind>
</comp>

<comp id="285" class="1004" name="store_ln0_store_fu_285">
<pin_list>
<pin id="286" dir="0" index="0" bw="1" slack="0"/>
<pin id="287" dir="0" index="1" bw="32" slack="0"/>
<pin id="288" dir="1" index="2" bw="0" slack="2147483647"/>
</pin_list>
<bind>
<opcode="store(28) " fcode="store"/>
<opset="store_ln0/1 "/>
</bind>
</comp>

<comp id="290" class="1004" name="store_ln0_store_fu_290">
<pin_list>
<pin id="291" dir="0" index="0" bw="1" slack="0"/>
<pin id="292" dir="0" index="1" bw="64" slack="0"/>
<pin id="293" dir="1" index="2" bw="0" slack="2147483647"/>
</pin_list>
<bind>
<opcode="store(28) " fcode="store"/>
<opset="store_ln0/1 "/>
</bind>
</comp>

<comp id="295" class="1004" name="indvar_flatten_load_load_fu_295">
<pin_list>
<pin id="296" dir="0" index="0" bw="62" slack="1"/>
<pin id="297" dir="1" index="1" bw="62" slack="0"/>
</pin_list>
<bind>
<opcode="load(27) " fcode="load"/>
<opset="indvar_flatten_load/2 "/>
</bind>
</comp>

<comp id="298" class="1004" name="icmp_ln11_fu_298">
<pin_list>
<pin id="299" dir="0" index="0" bw="62" slack="0"/>
<pin id="300" dir="0" index="1" bw="62" slack="1"/>
<pin id="301" dir="1" index="2" bw="1" slack="1"/>
</pin_list>
<bind>
<opcode="icmp(45) " fcode="icmp"/>
<opset="icmp_ln11/2 "/>
</bind>
</comp>

<comp id="303" class="1004" name="add_ln11_fu_303">
<pin_list>
<pin id="304" dir="0" index="0" bw="62" slack="0"/>
<pin id="305" dir="0" index="1" bw="1" slack="0"/>
<pin id="306" dir="1" index="2" bw="62" slack="0"/>
</pin_list>
<bind>
<opcode="add(8) " fcode="add"/>
<opset="add_ln11/2 "/>
</bind>
</comp>

<comp id="309" class="1004" name="store_ln11_store_fu_309">
<pin_list>
<pin id="310" dir="0" index="0" bw="62" slack="0"/>
<pin id="311" dir="0" index="1" bw="62" slack="1"/>
<pin id="312" dir="1" index="2" bw="0" slack="2147483647"/>
</pin_list>
<bind>
<opcode="store(28) " fcode="store"/>
<opset="store_ln11/2 "/>
</bind>
</comp>

<comp id="314" class="1004" name="J_load_load_fu_314">
<pin_list>
<pin id="315" dir="0" index="0" bw="31" slack="2"/>
<pin id="316" dir="1" index="1" bw="31" slack="0"/>
</pin_list>
<bind>
<opcode="load(27) " fcode="load"/>
<opset="J_load/3 "/>
</bind>
</comp>

<comp id="317" class="1004" name="zext_ln13_2_fu_317">
<pin_list>
<pin id="318" dir="0" index="0" bw="31" slack="0"/>
<pin id="319" dir="1" index="1" bw="32" slack="0"/>
</pin_list>
<bind>
<opcode="zext(34) " fcode="zext"/>
<opset="zext_ln13_2/3 "/>
</bind>
</comp>

<comp id="321" class="1004" name="icmp_ln13_fu_321">
<pin_list>
<pin id="322" dir="0" index="0" bw="31" slack="0"/>
<pin id="323" dir="0" index="1" bw="32" slack="2"/>
<pin id="324" dir="1" index="2" bw="1" slack="0"/>
</pin_list>
<bind>
<opcode="icmp(45) " fcode="icmp"/>
<opset="icmp_ln13/3 "/>
</bind>
</comp>

<comp id="326" class="1004" name="select_ln11_fu_326">
<pin_list>
<pin id="327" dir="0" index="0" bw="1" slack="0"/>
<pin id="328" dir="0" index="1" bw="31" slack="0"/>
<pin id="329" dir="0" index="2" bw="1" slack="0"/>
<pin id="330" dir="1" index="3" bw="31" slack="0"/>
</pin_list>
<bind>
<opcode="select(49) " fcode="select"/>
<opset="select_ln11/3 "/>
</bind>
</comp>

<comp id="334" class="1004" name="zext_ln70_fu_334">
<pin_list>
<pin id="335" dir="0" index="0" bw="31" slack="0"/>
<pin id="336" dir="1" index="1" bw="32" slack="0"/>
</pin_list>
<bind>
<opcode="zext(34) " fcode="zext"/>
<opset="zext_ln70/3 "/>
</bind>
</comp>

<comp id="338" class="1004" name="zext_ln13_fu_338">
<pin_list>
<pin id="339" dir="0" index="0" bw="31" slack="0"/>
<pin id="340" dir="1" index="1" bw="64" slack="0"/>
</pin_list>
<bind>
<opcode="zext(34) " fcode="zext"/>
<opset="zext_ln13/3 "/>
</bind>
</comp>

<comp id="344" class="1004" name="reuse_addr_reg19_load_load_fu_344">
<pin_list>
<pin id="345" dir="0" index="0" bw="64" slack="2"/>
<pin id="346" dir="1" index="1" bw="64" slack="0"/>
</pin_list>
<bind>
<opcode="load(27) " fcode="load"/>
<opset="reuse_addr_reg19_load/3 "/>
</bind>
</comp>

<comp id="347" class="1004" name="addr_cmp22_fu_347">
<pin_list>
<pin id="348" dir="0" index="0" bw="64" slack="0"/>
<pin id="349" dir="0" index="1" bw="31" slack="0"/>
<pin id="350" dir="1" index="2" bw="1" slack="1"/>
</pin_list>
<bind>
<opcode="icmp(45) " fcode="icmp"/>
<opset="addr_cmp22/3 "/>
</bind>
</comp>

<comp id="353" class="1004" name="reuse_addr_reg_load_load_fu_353">
<pin_list>
<pin id="354" dir="0" index="0" bw="64" slack="2"/>
<pin id="355" dir="1" index="1" bw="64" slack="0"/>
</pin_list>
<bind>
<opcode="load(27) " fcode="load"/>
<opset="reuse_addr_reg_load/3 "/>
</bind>
</comp>

<comp id="356" class="1004" name="addr_cmp_fu_356">
<pin_list>
<pin id="357" dir="0" index="0" bw="64" slack="0"/>
<pin id="358" dir="0" index="1" bw="31" slack="0"/>
<pin id="359" dir="1" index="2" bw="1" slack="1"/>
</pin_list>
<bind>
<opcode="icmp(45) " fcode="icmp"/>
<opset="addr_cmp/3 "/>
</bind>
</comp>

<comp id="362" class="1004" name="store_ln13_store_fu_362">
<pin_list>
<pin id="363" dir="0" index="0" bw="31" slack="0"/>
<pin id="364" dir="0" index="1" bw="64" slack="2"/>
<pin id="365" dir="1" index="2" bw="0" slack="2147483647"/>
</pin_list>
<bind>
<opcode="store(28) " fcode="store"/>
<opset="store_ln13/3 "/>
</bind>
</comp>

<comp id="367" class="1004" name="store_ln13_store_fu_367">
<pin_list>
<pin id="368" dir="0" index="0" bw="31" slack="0"/>
<pin id="369" dir="0" index="1" bw="64" slack="2"/>
<pin id="370" dir="1" index="2" bw="0" slack="2147483647"/>
</pin_list>
<bind>
<opcode="store(28) " fcode="store"/>
<opset="store_ln13/3 "/>
</bind>
</comp>

<comp id="372" class="1004" name="icmp_ln70_1_fu_372">
<pin_list>
<pin id="373" dir="0" index="0" bw="31" slack="0"/>
<pin id="374" dir="0" index="1" bw="32" slack="2"/>
<pin id="375" dir="1" index="2" bw="1" slack="1"/>
</pin_list>
<bind>
<opcode="icmp(45) " fcode="icmp"/>
<opset="icmp_ln70_1/3 "/>
</bind>
</comp>

<comp id="377" class="1004" name="add_ln13_fu_377">
<pin_list>
<pin id="378" dir="0" index="0" bw="31" slack="0"/>
<pin id="379" dir="0" index="1" bw="1" slack="0"/>
<pin id="380" dir="1" index="2" bw="31" slack="0"/>
</pin_list>
<bind>
<opcode="add(8) " fcode="add"/>
<opset="add_ln13/3 "/>
</bind>
</comp>

<comp id="383" class="1004" name="store_ln13_store_fu_383">
<pin_list>
<pin id="384" dir="0" index="0" bw="31" slack="0"/>
<pin id="385" dir="0" index="1" bw="31" slack="2"/>
<pin id="386" dir="1" index="2" bw="0" slack="2147483647"/>
</pin_list>
<bind>
<opcode="store(28) " fcode="store"/>
<opset="store_ln13/3 "/>
</bind>
</comp>

<comp id="388" class="1004" name="p_load14_load_fu_388">
<pin_list>
<pin id="389" dir="0" index="0" bw="32" slack="3"/>
<pin id="390" dir="1" index="1" bw="32" slack="0"/>
</pin_list>
<bind>
<opcode="load(27) " fcode="load"/>
<opset="p_load14/4 "/>
</bind>
</comp>

<comp id="391" class="1004" name="Center_Value_1_load_fu_391">
<pin_list>
<pin id="392" dir="0" index="0" bw="32" slack="3"/>
<pin id="393" dir="1" index="1" bw="32" slack="0"/>
</pin_list>
<bind>
<opcode="load(27) " fcode="load"/>
<opset="Center_Value_1/4 "/>
</bind>
</comp>

<comp id="394" class="1004" name="p_load_load_fu_394">
<pin_list>
<pin id="395" dir="0" index="0" bw="32" slack="3"/>
<pin id="396" dir="1" index="1" bw="32" slack="0"/>
</pin_list>
<bind>
<opcode="load(27) " fcode="load"/>
<opset="p_load/4 "/>
</bind>
</comp>

<comp id="397" class="1004" name="p_load17_load_fu_397">
<pin_list>
<pin id="398" dir="0" index="0" bw="32" slack="3"/>
<pin id="399" dir="1" index="1" bw="32" slack="0"/>
</pin_list>
<bind>
<opcode="load(27) " fcode="load"/>
<opset="p_load17/4 "/>
</bind>
</comp>

<comp id="400" class="1004" name="p_load16_load_fu_400">
<pin_list>
<pin id="401" dir="0" index="0" bw="32" slack="3"/>
<pin id="402" dir="1" index="1" bw="32" slack="0"/>
</pin_list>
<bind>
<opcode="load(27) " fcode="load"/>
<opset="p_load16/4 "/>
</bind>
</comp>

<comp id="403" class="1004" name="p_load15_load_fu_403">
<pin_list>
<pin id="404" dir="0" index="0" bw="32" slack="3"/>
<pin id="405" dir="1" index="1" bw="32" slack="0"/>
</pin_list>
<bind>
<opcode="load(27) " fcode="load"/>
<opset="p_load15/4 "/>
</bind>
</comp>

<comp id="406" class="1004" name="I_load_load_fu_406">
<pin_list>
<pin id="407" dir="0" index="0" bw="31" slack="3"/>
<pin id="408" dir="1" index="1" bw="31" slack="0"/>
</pin_list>
<bind>
<opcode="load(27) " fcode="load"/>
<opset="I_load/4 "/>
</bind>
</comp>

<comp id="409" class="1004" name="empty_69_fu_409">
<pin_list>
<pin id="410" dir="0" index="0" bw="1" slack="1"/>
<pin id="411" dir="0" index="1" bw="1" slack="0"/>
<pin id="412" dir="0" index="2" bw="1" slack="0"/>
<pin id="413" dir="1" index="3" bw="31" slack="0"/>
</pin_list>
<bind>
<opcode="select(49) " fcode="select"/>
<opset="empty_69/4 "/>
</bind>
</comp>

<comp id="416" class="1004" name="add_ln11_1_fu_416">
<pin_list>
<pin id="417" dir="0" index="0" bw="31" slack="0"/>
<pin id="418" dir="0" index="1" bw="1" slack="0"/>
<pin id="419" dir="1" index="2" bw="31" slack="0"/>
</pin_list>
<bind>
<opcode="add(8) " fcode="add"/>
<opset="add_ln11_1/4 "/>
</bind>
</comp>

<comp id="422" class="1004" name="zext_ln11_fu_422">
<pin_list>
<pin id="423" dir="0" index="0" bw="31" slack="0"/>
<pin id="424" dir="1" index="1" bw="32" slack="0"/>
</pin_list>
<bind>
<opcode="zext(34) " fcode="zext"/>
<opset="zext_ln11/4 "/>
</bind>
</comp>

<comp id="426" class="1004" name="icmp_ln70_fu_426">
<pin_list>
<pin id="427" dir="0" index="0" bw="31" slack="0"/>
<pin id="428" dir="0" index="1" bw="32" slack="3"/>
<pin id="429" dir="1" index="2" bw="1" slack="0"/>
</pin_list>
<bind>
<opcode="icmp(45) " fcode="icmp"/>
<opset="icmp_ln70/4 "/>
</bind>
</comp>

<comp id="431" class="1004" name="reuse_reg18_load_load_fu_431">
<pin_list>
<pin id="432" dir="0" index="0" bw="32" slack="3"/>
<pin id="433" dir="1" index="1" bw="32" slack="0"/>
</pin_list>
<bind>
<opcode="load(27) " fcode="load"/>
<opset="reuse_reg18_load/4 "/>
</bind>
</comp>

<comp id="434" class="1004" name="Top_Pixel_fu_434">
<pin_list>
<pin id="435" dir="0" index="0" bw="1" slack="1"/>
<pin id="436" dir="0" index="1" bw="32" slack="0"/>
<pin id="437" dir="0" index="2" bw="32" slack="0"/>
<pin id="438" dir="1" index="3" bw="32" slack="0"/>
</pin_list>
<bind>
<opcode="select(49) " fcode="select"/>
<opset="Top_Pixel/4 "/>
</bind>
</comp>

<comp id="441" class="1004" name="reuse_reg_load_load_fu_441">
<pin_list>
<pin id="442" dir="0" index="0" bw="32" slack="3"/>
<pin id="443" dir="1" index="1" bw="32" slack="0"/>
</pin_list>
<bind>
<opcode="load(27) " fcode="load"/>
<opset="reuse_reg_load/4 "/>
</bind>
</comp>

<comp id="444" class="1004" name="Mid_Pixel_fu_444">
<pin_list>
<pin id="445" dir="0" index="0" bw="1" slack="1"/>
<pin id="446" dir="0" index="1" bw="32" slack="0"/>
<pin id="447" dir="0" index="2" bw="32" slack="0"/>
<pin id="448" dir="1" index="3" bw="32" slack="0"/>
</pin_list>
<bind>
<opcode="select(49) " fcode="select"/>
<opset="Mid_Pixel/4 "/>
</bind>
</comp>

<comp id="452" class="1004" name="store_ln13_store_fu_452">
<pin_list>
<pin id="453" dir="0" index="0" bw="32" slack="0"/>
<pin id="454" dir="0" index="1" bw="32" slack="3"/>
<pin id="455" dir="1" index="2" bw="0" slack="2147483647"/>
</pin_list>
<bind>
<opcode="store(28) " fcode="store"/>
<opset="store_ln13/4 "/>
</bind>
</comp>

<comp id="457" class="1004" name="store_ln17_store_fu_457">
<pin_list>
<pin id="458" dir="0" index="0" bw="32" slack="1"/>
<pin id="459" dir="0" index="1" bw="32" slack="3"/>
<pin id="460" dir="1" index="2" bw="0" slack="2147483647"/>
</pin_list>
<bind>
<opcode="store(28) " fcode="store"/>
<opset="store_ln17/4 "/>
</bind>
</comp>

<comp id="461" class="1004" name="icmp_ln38_fu_461">
<pin_list>
<pin id="462" dir="0" index="0" bw="32" slack="0"/>
<pin id="463" dir="0" index="1" bw="32" slack="3"/>
<pin id="464" dir="1" index="2" bw="1" slack="1"/>
</pin_list>
<bind>
<opcode="icmp(45) " fcode="icmp"/>
<opset="icmp_ln38/4 "/>
</bind>
</comp>

<comp id="466" class="1004" name="icmp_ln42_fu_466">
<pin_list>
<pin id="467" dir="0" index="0" bw="32" slack="0"/>
<pin id="468" dir="0" index="1" bw="32" slack="3"/>
<pin id="469" dir="1" index="2" bw="1" slack="1"/>
</pin_list>
<bind>
<opcode="icmp(45) " fcode="icmp"/>
<opset="icmp_ln42/4 "/>
</bind>
</comp>

<comp id="471" class="1004" name="Strong_fu_471">
<pin_list>
<pin id="472" dir="0" index="0" bw="32" slack="0"/>
<pin id="473" dir="0" index="1" bw="32" slack="3"/>
<pin id="474" dir="1" index="2" bw="1" slack="1"/>
</pin_list>
<bind>
<opcode="icmp(45) " fcode="icmp"/>
<opset="Strong/4 "/>
</bind>
</comp>

<comp id="476" class="1004" name="icmp_ln50_fu_476">
<pin_list>
<pin id="477" dir="0" index="0" bw="32" slack="0"/>
<pin id="478" dir="0" index="1" bw="32" slack="3"/>
<pin id="479" dir="1" index="2" bw="1" slack="1"/>
</pin_list>
<bind>
<opcode="icmp(45) " fcode="icmp"/>
<opset="icmp_ln50/4 "/>
</bind>
</comp>

<comp id="481" class="1004" name="icmp_ln50_1_fu_481">
<pin_list>
<pin id="482" dir="0" index="0" bw="32" slack="0"/>
<pin id="483" dir="0" index="1" bw="32" slack="3"/>
<pin id="484" dir="1" index="2" bw="1" slack="1"/>
</pin_list>
<bind>
<opcode="icmp(45) " fcode="icmp"/>
<opset="icmp_ln50_1/4 "/>
</bind>
</comp>

<comp id="486" class="1004" name="icmp_ln50_2_fu_486">
<pin_list>
<pin id="487" dir="0" index="0" bw="32" slack="0"/>
<pin id="488" dir="0" index="1" bw="32" slack="3"/>
<pin id="489" dir="1" index="2" bw="1" slack="1"/>
</pin_list>
<bind>
<opcode="icmp(45) " fcode="icmp"/>
<opset="icmp_ln50_2/4 "/>
</bind>
</comp>

<comp id="491" class="1004" name="icmp_ln50_3_fu_491">
<pin_list>
<pin id="492" dir="0" index="0" bw="32" slack="0"/>
<pin id="493" dir="0" index="1" bw="32" slack="3"/>
<pin id="494" dir="1" index="2" bw="1" slack="1"/>
</pin_list>
<bind>
<opcode="icmp(45) " fcode="icmp"/>
<opset="icmp_ln50_3/4 "/>
</bind>
</comp>

<comp id="496" class="1004" name="icmp_ln50_4_fu_496">
<pin_list>
<pin id="497" dir="0" index="0" bw="32" slack="0"/>
<pin id="498" dir="0" index="1" bw="32" slack="3"/>
<pin id="499" dir="1" index="2" bw="1" slack="1"/>
</pin_list>
<bind>
<opcode="icmp(45) " fcode="icmp"/>
<opset="icmp_ln50_4/4 "/>
</bind>
</comp>

<comp id="501" class="1004" name="icmp_ln50_5_fu_501">
<pin_list>
<pin id="502" dir="0" index="0" bw="32" slack="0"/>
<pin id="503" dir="0" index="1" bw="32" slack="3"/>
<pin id="504" dir="1" index="2" bw="1" slack="1"/>
</pin_list>
<bind>
<opcode="icmp(45) " fcode="icmp"/>
<opset="icmp_ln50_5/4 "/>
</bind>
</comp>

<comp id="506" class="1004" name="icmp_ln50_6_fu_506">
<pin_list>
<pin id="507" dir="0" index="0" bw="32" slack="1"/>
<pin id="508" dir="0" index="1" bw="32" slack="3"/>
<pin id="509" dir="1" index="2" bw="1" slack="1"/>
</pin_list>
<bind>
<opcode="icmp(45) " fcode="icmp"/>
<opset="icmp_ln50_6/4 "/>
</bind>
</comp>

<comp id="510" class="1004" name="or_ln69_fu_510">
<pin_list>
<pin id="511" dir="0" index="0" bw="31" slack="0"/>
<pin id="512" dir="0" index="1" bw="31" slack="1"/>
<pin id="513" dir="1" index="2" bw="31" slack="0"/>
</pin_list>
<bind>
<opcode="or(24) " fcode="or"/>
<opset="or_ln69/4 "/>
</bind>
</comp>

<comp id="515" class="1004" name="icmp_ln69_fu_515">
<pin_list>
<pin id="516" dir="0" index="0" bw="31" slack="0"/>
<pin id="517" dir="0" index="1" bw="1" slack="0"/>
<pin id="518" dir="1" index="2" bw="1" slack="1"/>
</pin_list>
<bind>
<opcode="icmp(45) " fcode="icmp"/>
<opset="icmp_ln69/4 "/>
</bind>
</comp>

<comp id="521" class="1004" name="and_ln70_fu_521">
<pin_list>
<pin id="522" dir="0" index="0" bw="1" slack="0"/>
<pin id="523" dir="0" index="1" bw="1" slack="1"/>
<pin id="524" dir="1" index="2" bw="1" slack="1"/>
</pin_list>
<bind>
<opcode="and(23) " fcode="and"/>
<opset="and_ln70/4 "/>
</bind>
</comp>

<comp id="526" class="1004" name="store_ln17_store_fu_526">
<pin_list>
<pin id="527" dir="0" index="0" bw="32" slack="1"/>
<pin id="528" dir="0" index="1" bw="32" slack="3"/>
<pin id="529" dir="1" index="2" bw="0" slack="2147483647"/>
</pin_list>
<bind>
<opcode="store(28) " fcode="store"/>
<opset="store_ln17/4 "/>
</bind>
</comp>

<comp id="530" class="1004" name="store_ln35_store_fu_530">
<pin_list>
<pin id="531" dir="0" index="0" bw="32" slack="0"/>
<pin id="532" dir="0" index="1" bw="32" slack="3"/>
<pin id="533" dir="1" index="2" bw="0" slack="2147483647"/>
</pin_list>
<bind>
<opcode="store(28) " fcode="store"/>
<opset="store_ln35/4 "/>
</bind>
</comp>

<comp id="535" class="1004" name="store_ln13_store_fu_535">
<pin_list>
<pin id="536" dir="0" index="0" bw="32" slack="0"/>
<pin id="537" dir="0" index="1" bw="32" slack="3"/>
<pin id="538" dir="1" index="2" bw="0" slack="2147483647"/>
</pin_list>
<bind>
<opcode="store(28) " fcode="store"/>
<opset="store_ln13/4 "/>
</bind>
</comp>

<comp id="540" class="1004" name="store_ln11_store_fu_540">
<pin_list>
<pin id="541" dir="0" index="0" bw="31" slack="0"/>
<pin id="542" dir="0" index="1" bw="31" slack="3"/>
<pin id="543" dir="1" index="2" bw="0" slack="2147483647"/>
</pin_list>
<bind>
<opcode="store(28) " fcode="store"/>
<opset="store_ln11/4 "/>
</bind>
</comp>

<comp id="545" class="1004" name="store_ln0_store_fu_545">
<pin_list>
<pin id="546" dir="0" index="0" bw="32" slack="0"/>
<pin id="547" dir="0" index="1" bw="32" slack="3"/>
<pin id="548" dir="1" index="2" bw="0" slack="2147483647"/>
</pin_list>
<bind>
<opcode="store(28) " fcode="store"/>
<opset="store_ln0/4 "/>
</bind>
</comp>

<comp id="550" class="1004" name="store_ln0_store_fu_550">
<pin_list>
<pin id="551" dir="0" index="0" bw="32" slack="0"/>
<pin id="552" dir="0" index="1" bw="32" slack="3"/>
<pin id="553" dir="1" index="2" bw="0" slack="2147483647"/>
</pin_list>
<bind>
<opcode="store(28) " fcode="store"/>
<opset="store_ln0/4 "/>
</bind>
</comp>

<comp id="555" class="1004" name="store_ln0_store_fu_555">
<pin_list>
<pin id="556" dir="0" index="0" bw="32" slack="0"/>
<pin id="557" dir="0" index="1" bw="32" slack="3"/>
<pin id="558" dir="1" index="2" bw="0" slack="2147483647"/>
</pin_list>
<bind>
<opcode="store(28) " fcode="store"/>
<opset="store_ln0/4 "/>
</bind>
</comp>

<comp id="560" class="1004" name="or_ln57_fu_560">
<pin_list>
<pin id="561" dir="0" index="0" bw="1" slack="1"/>
<pin id="562" dir="0" index="1" bw="1" slack="1"/>
<pin id="563" dir="1" index="2" bw="1" slack="0"/>
</pin_list>
<bind>
<opcode="or(24) " fcode="or"/>
<opset="or_ln57/5 "/>
</bind>
</comp>

<comp id="564" class="1004" name="or_ln57_1_fu_564">
<pin_list>
<pin id="565" dir="0" index="0" bw="1" slack="1"/>
<pin id="566" dir="0" index="1" bw="1" slack="1"/>
<pin id="567" dir="1" index="2" bw="1" slack="0"/>
</pin_list>
<bind>
<opcode="or(24) " fcode="or"/>
<opset="or_ln57_1/5 "/>
</bind>
</comp>

<comp id="568" class="1004" name="or_ln57_2_fu_568">
<pin_list>
<pin id="569" dir="0" index="0" bw="1" slack="0"/>
<pin id="570" dir="0" index="1" bw="1" slack="0"/>
<pin id="571" dir="1" index="2" bw="1" slack="0"/>
</pin_list>
<bind>
<opcode="or(24) " fcode="or"/>
<opset="or_ln57_2/5 "/>
</bind>
</comp>

<comp id="574" class="1004" name="or_ln57_3_fu_574">
<pin_list>
<pin id="575" dir="0" index="0" bw="1" slack="1"/>
<pin id="576" dir="0" index="1" bw="1" slack="1"/>
<pin id="577" dir="1" index="2" bw="1" slack="0"/>
</pin_list>
<bind>
<opcode="or(24) " fcode="or"/>
<opset="or_ln57_3/5 "/>
</bind>
</comp>

<comp id="578" class="1004" name="or_ln57_4_fu_578">
<pin_list>
<pin id="579" dir="0" index="0" bw="1" slack="1"/>
<pin id="580" dir="0" index="1" bw="1" slack="1"/>
<pin id="581" dir="1" index="2" bw="1" slack="0"/>
</pin_list>
<bind>
<opcode="or(24) " fcode="or"/>
<opset="or_ln57_4/5 "/>
</bind>
</comp>

<comp id="582" class="1004" name="or_ln57_5_fu_582">
<pin_list>
<pin id="583" dir="0" index="0" bw="1" slack="0"/>
<pin id="584" dir="0" index="1" bw="1" slack="0"/>
<pin id="585" dir="1" index="2" bw="1" slack="0"/>
</pin_list>
<bind>
<opcode="or(24) " fcode="or"/>
<opset="or_ln57_5/5 "/>
</bind>
</comp>

<comp id="588" class="1004" name="or_ln58_fu_588">
<pin_list>
<pin id="589" dir="0" index="0" bw="1" slack="0"/>
<pin id="590" dir="0" index="1" bw="1" slack="0"/>
<pin id="591" dir="1" index="2" bw="1" slack="0"/>
</pin_list>
<bind>
<opcode="or(24) " fcode="or"/>
<opset="or_ln58/5 "/>
</bind>
</comp>

<comp id="594" class="1004" name="xor_ln38_fu_594">
<pin_list>
<pin id="595" dir="0" index="0" bw="1" slack="1"/>
<pin id="596" dir="0" index="1" bw="1" slack="0"/>
<pin id="597" dir="1" index="2" bw="1" slack="0"/>
</pin_list>
<bind>
<opcode="xor(25) " fcode="xor"/>
<opset="xor_ln38/5 "/>
</bind>
</comp>

<comp id="599" class="1004" name="and_ln42_fu_599">
<pin_list>
<pin id="600" dir="0" index="0" bw="1" slack="1"/>
<pin id="601" dir="0" index="1" bw="1" slack="0"/>
<pin id="602" dir="1" index="2" bw="1" slack="0"/>
</pin_list>
<bind>
<opcode="and(23) " fcode="and"/>
<opset="and_ln42/5 "/>
</bind>
</comp>

<comp id="604" class="1004" name="sel_tmp2_fu_604">
<pin_list>
<pin id="605" dir="0" index="0" bw="2" slack="0"/>
<pin id="606" dir="0" index="1" bw="1" slack="1"/>
<pin id="607" dir="0" index="2" bw="1" slack="0"/>
<pin id="608" dir="1" index="3" bw="2" slack="0"/>
</pin_list>
<bind>
<opcode="bitconcatenate(1004) " fcode="bitconcatenate"/>
<opset="sel_tmp2/5 "/>
</bind>
</comp>

<comp id="611" class="1004" name="Final_Value_1_fu_611">
<pin_list>
<pin id="612" dir="0" index="0" bw="1" slack="0"/>
<pin id="613" dir="0" index="1" bw="2" slack="0"/>
<pin id="614" dir="0" index="2" bw="1" slack="0"/>
<pin id="615" dir="0" index="3" bw="2" slack="0"/>
<pin id="616" dir="0" index="4" bw="1" slack="0"/>
<pin id="617" dir="0" index="5" bw="2" slack="0"/>
<pin id="618" dir="0" index="6" bw="1" slack="0"/>
<pin id="619" dir="0" index="7" bw="1" slack="0"/>
<pin id="620" dir="0" index="8" bw="2" slack="0"/>
<pin id="621" dir="1" index="9" bw="1" slack="0"/>
</pin_list>
<bind>
<opcode="sparsemux(1197) " fcode="sparsemux"/>
<opset="Final_Value_1/5 "/>
</bind>
</comp>

<comp id="631" class="1004" name="select_ln69_fu_631">
<pin_list>
<pin id="632" dir="0" index="0" bw="1" slack="0"/>
<pin id="633" dir="0" index="1" bw="9" slack="0"/>
<pin id="634" dir="0" index="2" bw="1" slack="0"/>
<pin id="635" dir="1" index="3" bw="32" slack="0"/>
</pin_list>
<bind>
<opcode="select(49) " fcode="select"/>
<opset="select_ln69/5 "/>
</bind>
</comp>

<comp id="640" class="1004" name="zext_ln69_fu_640">
<pin_list>
<pin id="641" dir="0" index="0" bw="1" slack="1"/>
<pin id="642" dir="1" index="1" bw="3" slack="0"/>
</pin_list>
<bind>
<opcode="zext(34) " fcode="zext"/>
<opset="zext_ln69/5 "/>
</bind>
</comp>

<comp id="644" class="1005" name="reuse_addr_reg19_reg_644">
<pin_list>
<pin id="645" dir="0" index="0" bw="64" slack="0"/>
<pin id="646" dir="1" index="1" bw="64" slack="0"/>
</pin_list>
<bind>
<opset="reuse_addr_reg19 "/>
</bind>
</comp>

<comp id="651" class="1005" name="reuse_reg18_reg_651">
<pin_list>
<pin id="652" dir="0" index="0" bw="32" slack="0"/>
<pin id="653" dir="1" index="1" bw="32" slack="0"/>
</pin_list>
<bind>
<opset="reuse_reg18 "/>
</bind>
</comp>

<comp id="658" class="1005" name="reuse_addr_reg_reg_658">
<pin_list>
<pin id="659" dir="0" index="0" bw="64" slack="0"/>
<pin id="660" dir="1" index="1" bw="64" slack="0"/>
</pin_list>
<bind>
<opset="reuse_addr_reg "/>
</bind>
</comp>

<comp id="665" class="1005" name="reuse_reg_reg_665">
<pin_list>
<pin id="666" dir="0" index="0" bw="32" slack="0"/>
<pin id="667" dir="1" index="1" bw="32" slack="0"/>
</pin_list>
<bind>
<opset="reuse_reg "/>
</bind>
</comp>

<comp id="672" class="1005" name="empty_reg_672">
<pin_list>
<pin id="673" dir="0" index="0" bw="32" slack="3"/>
<pin id="674" dir="1" index="1" bw="32" slack="3"/>
</pin_list>
<bind>
<opset="empty "/>
</bind>
</comp>

<comp id="678" class="1005" name="empty_65_reg_678">
<pin_list>
<pin id="679" dir="0" index="0" bw="32" slack="3"/>
<pin id="680" dir="1" index="1" bw="32" slack="3"/>
</pin_list>
<bind>
<opset="empty_65 "/>
</bind>
</comp>

<comp id="684" class="1005" name="empty_66_reg_684">
<pin_list>
<pin id="685" dir="0" index="0" bw="32" slack="3"/>
<pin id="686" dir="1" index="1" bw="32" slack="3"/>
</pin_list>
<bind>
<opset="empty_66 "/>
</bind>
</comp>

<comp id="690" class="1005" name="J_reg_690">
<pin_list>
<pin id="691" dir="0" index="0" bw="31" slack="0"/>
<pin id="692" dir="1" index="1" bw="31" slack="0"/>
</pin_list>
<bind>
<opset="J "/>
</bind>
</comp>

<comp id="697" class="1005" name="I_reg_697">
<pin_list>
<pin id="698" dir="0" index="0" bw="31" slack="0"/>
<pin id="699" dir="1" index="1" bw="31" slack="0"/>
</pin_list>
<bind>
<opset="I "/>
</bind>
</comp>

<comp id="704" class="1005" name="indvar_flatten_reg_704">
<pin_list>
<pin id="705" dir="0" index="0" bw="62" slack="0"/>
<pin id="706" dir="1" index="1" bw="62" slack="0"/>
</pin_list>
<bind>
<opset="indvar_flatten "/>
</bind>
</comp>

<comp id="711" class="1005" name="empty_67_reg_711">
<pin_list>
<pin id="712" dir="0" index="0" bw="32" slack="3"/>
<pin id="713" dir="1" index="1" bw="32" slack="3"/>
</pin_list>
<bind>
<opset="empty_67 "/>
</bind>
</comp>

<comp id="717" class="1005" name="Center_Value_reg_717">
<pin_list>
<pin id="718" dir="0" index="0" bw="32" slack="3"/>
<pin id="719" dir="1" index="1" bw="32" slack="3"/>
</pin_list>
<bind>
<opset="Center_Value "/>
</bind>
</comp>

<comp id="723" class="1005" name="empty_68_reg_723">
<pin_list>
<pin id="724" dir="0" index="0" bw="32" slack="3"/>
<pin id="725" dir="1" index="1" bw="32" slack="3"/>
</pin_list>
<bind>
<opset="empty_68 "/>
</bind>
</comp>

<comp id="729" class="1005" name="bound_read_reg_729">
<pin_list>
<pin id="730" dir="0" index="0" bw="62" slack="1"/>
<pin id="731" dir="1" index="1" bw="62" slack="1"/>
</pin_list>
<bind>
<opset="bound_read "/>
</bind>
</comp>

<comp id="734" class="1005" name="add_ln70_1_read_reg_734">
<pin_list>
<pin id="735" dir="0" index="0" bw="32" slack="2"/>
<pin id="736" dir="1" index="1" bw="32" slack="2"/>
</pin_list>
<bind>
<opset="add_ln70_1_read "/>
</bind>
</comp>

<comp id="739" class="1005" name="Low_Threshold_1_read_reg_739">
<pin_list>
<pin id="740" dir="0" index="0" bw="32" slack="3"/>
<pin id="741" dir="1" index="1" bw="32" slack="3"/>
</pin_list>
<bind>
<opset="Low_Threshold_1_read "/>
</bind>
</comp>

<comp id="744" class="1005" name="High_Threshold_1_read_reg_744">
<pin_list>
<pin id="745" dir="0" index="0" bw="32" slack="3"/>
<pin id="746" dir="1" index="1" bw="32" slack="3"/>
</pin_list>
<bind>
<opset="High_Threshold_1_read "/>
</bind>
</comp>

<comp id="757" class="1005" name="add_ln70_read_reg_757">
<pin_list>
<pin id="758" dir="0" index="0" bw="32" slack="3"/>
<pin id="759" dir="1" index="1" bw="32" slack="3"/>
</pin_list>
<bind>
<opset="add_ln70_read "/>
</bind>
</comp>

<comp id="762" class="1005" name="Cols_3_read_reg_762">
<pin_list>
<pin id="763" dir="0" index="0" bw="32" slack="2"/>
<pin id="764" dir="1" index="1" bw="32" slack="2"/>
</pin_list>
<bind>
<opset="Cols_3_read "/>
</bind>
</comp>

<comp id="767" class="1005" name="icmp_ln11_reg_767">
<pin_list>
<pin id="768" dir="0" index="0" bw="1" slack="1"/>
<pin id="769" dir="1" index="1" bw="1" slack="2147483647"/>
</pin_list>
<bind>
<opset="icmp_ln11 "/>
</bind>
</comp>

<comp id="771" class="1005" name="icmp_ln13_reg_771">
<pin_list>
<pin id="772" dir="0" index="0" bw="1" slack="1"/>
<pin id="773" dir="1" index="1" bw="1" slack="1"/>
</pin_list>
<bind>
<opset="icmp_ln13 "/>
</bind>
</comp>

<comp id="776" class="1005" name="select_ln11_reg_776">
<pin_list>
<pin id="777" dir="0" index="0" bw="31" slack="1"/>
<pin id="778" dir="1" index="1" bw="31" slack="1"/>
</pin_list>
<bind>
<opset="select_ln11 "/>
</bind>
</comp>

<comp id="781" class="1005" name="Pixel_In_reg_781">
<pin_list>
<pin id="782" dir="0" index="0" bw="32" slack="1"/>
<pin id="783" dir="1" index="1" bw="32" slack="1"/>
</pin_list>
<bind>
<opset="Pixel_In "/>
</bind>
</comp>

<comp id="788" class="1005" name="Line_Buffer_addr_reg_788">
<pin_list>
<pin id="789" dir="0" index="0" bw="11" slack="1"/>
<pin id="790" dir="1" index="1" bw="11" slack="1"/>
</pin_list>
<bind>
<opset="Line_Buffer_addr "/>
</bind>
</comp>

<comp id="794" class="1005" name="addr_cmp22_reg_794">
<pin_list>
<pin id="795" dir="0" index="0" bw="1" slack="1"/>
<pin id="796" dir="1" index="1" bw="1" slack="1"/>
</pin_list>
<bind>
<opset="addr_cmp22 "/>
</bind>
</comp>

<comp id="799" class="1005" name="Line_Buffer_1_addr_reg_799">
<pin_list>
<pin id="800" dir="0" index="0" bw="11" slack="1"/>
<pin id="801" dir="1" index="1" bw="11" slack="1"/>
</pin_list>
<bind>
<opset="Line_Buffer_1_addr "/>
</bind>
</comp>

<comp id="804" class="1005" name="addr_cmp_reg_804">
<pin_list>
<pin id="805" dir="0" index="0" bw="1" slack="1"/>
<pin id="806" dir="1" index="1" bw="1" slack="1"/>
</pin_list>
<bind>
<opset="addr_cmp "/>
</bind>
</comp>

<comp id="809" class="1005" name="icmp_ln70_1_reg_809">
<pin_list>
<pin id="810" dir="0" index="0" bw="1" slack="1"/>
<pin id="811" dir="1" index="1" bw="1" slack="1"/>
</pin_list>
<bind>
<opset="icmp_ln70_1 "/>
</bind>
</comp>

<comp id="814" class="1005" name="icmp_ln38_reg_814">
<pin_list>
<pin id="815" dir="0" index="0" bw="1" slack="1"/>
<pin id="816" dir="1" index="1" bw="1" slack="1"/>
</pin_list>
<bind>
<opset="icmp_ln38 "/>
</bind>
</comp>

<comp id="820" class="1005" name="icmp_ln42_reg_820">
<pin_list>
<pin id="821" dir="0" index="0" bw="1" slack="1"/>
<pin id="822" dir="1" index="1" bw="1" slack="1"/>
</pin_list>
<bind>
<opset="icmp_ln42 "/>
</bind>
</comp>

<comp id="825" class="1005" name="Strong_reg_825">
<pin_list>
<pin id="826" dir="0" index="0" bw="1" slack="1"/>
<pin id="827" dir="1" index="1" bw="1" slack="1"/>
</pin_list>
<bind>
<opset="Strong "/>
</bind>
</comp>

<comp id="830" class="1005" name="icmp_ln50_reg_830">
<pin_list>
<pin id="831" dir="0" index="0" bw="1" slack="1"/>
<pin id="832" dir="1" index="1" bw="1" slack="1"/>
</pin_list>
<bind>
<opset="icmp_ln50 "/>
</bind>
</comp>

<comp id="835" class="1005" name="icmp_ln50_1_reg_835">
<pin_list>
<pin id="836" dir="0" index="0" bw="1" slack="1"/>
<pin id="837" dir="1" index="1" bw="1" slack="1"/>
</pin_list>
<bind>
<opset="icmp_ln50_1 "/>
</bind>
</comp>

<comp id="840" class="1005" name="icmp_ln50_2_reg_840">
<pin_list>
<pin id="841" dir="0" index="0" bw="1" slack="1"/>
<pin id="842" dir="1" index="1" bw="1" slack="1"/>
</pin_list>
<bind>
<opset="icmp_ln50_2 "/>
</bind>
</comp>

<comp id="845" class="1005" name="icmp_ln50_3_reg_845">
<pin_list>
<pin id="846" dir="0" index="0" bw="1" slack="1"/>
<pin id="847" dir="1" index="1" bw="1" slack="1"/>
</pin_list>
<bind>
<opset="icmp_ln50_3 "/>
</bind>
</comp>

<comp id="850" class="1005" name="icmp_ln50_4_reg_850">
<pin_list>
<pin id="851" dir="0" index="0" bw="1" slack="1"/>
<pin id="852" dir="1" index="1" bw="1" slack="1"/>
</pin_list>
<bind>
<opset="icmp_ln50_4 "/>
</bind>
</comp>

<comp id="855" class="1005" name="icmp_ln50_5_reg_855">
<pin_list>
<pin id="856" dir="0" index="0" bw="1" slack="1"/>
<pin id="857" dir="1" index="1" bw="1" slack="1"/>
</pin_list>
<bind>
<opset="icmp_ln50_5 "/>
</bind>
</comp>

<comp id="860" class="1005" name="icmp_ln50_6_reg_860">
<pin_list>
<pin id="861" dir="0" index="0" bw="1" slack="1"/>
<pin id="862" dir="1" index="1" bw="1" slack="1"/>
</pin_list>
<bind>
<opset="icmp_ln50_6 "/>
</bind>
</comp>

<comp id="865" class="1005" name="icmp_ln69_reg_865">
<pin_list>
<pin id="866" dir="0" index="0" bw="1" slack="1"/>
<pin id="867" dir="1" index="1" bw="1" slack="1"/>
</pin_list>
<bind>
<opset="icmp_ln69 "/>
</bind>
</comp>

<comp id="870" class="1005" name="and_ln70_reg_870">
<pin_list>
<pin id="871" dir="0" index="0" bw="1" slack="1"/>
<pin id="872" dir="1" index="1" bw="1" slack="1"/>
</pin_list>
<bind>
<opset="and_ln70 "/>
</bind>
</comp>

</comp_list>

<net_list>
<net id="103"><net_src comp="28" pin="0"/><net_sink comp="100" pin=0"/></net>

<net id="107"><net_src comp="28" pin="0"/><net_sink comp="104" pin=0"/></net>

<net id="111"><net_src comp="28" pin="0"/><net_sink comp="108" pin=0"/></net>

<net id="115"><net_src comp="28" pin="0"/><net_sink comp="112" pin=0"/></net>

<net id="119"><net_src comp="28" pin="0"/><net_sink comp="116" pin=0"/></net>

<net id="123"><net_src comp="28" pin="0"/><net_sink comp="120" pin=0"/></net>

<net id="127"><net_src comp="28" pin="0"/><net_sink comp="124" pin=0"/></net>

<net id="131"><net_src comp="28" pin="0"/><net_sink comp="128" pin=0"/></net>

<net id="135"><net_src comp="28" pin="0"/><net_sink comp="132" pin=0"/></net>

<net id="139"><net_src comp="28" pin="0"/><net_sink comp="136" pin=0"/></net>

<net id="143"><net_src comp="28" pin="0"/><net_sink comp="140" pin=0"/></net>

<net id="147"><net_src comp="28" pin="0"/><net_sink comp="144" pin=0"/></net>

<net id="151"><net_src comp="28" pin="0"/><net_sink comp="148" pin=0"/></net>

<net id="155"><net_src comp="52" pin="0"/><net_sink comp="152" pin=0"/></net>

<net id="159"><net_src comp="52" pin="0"/><net_sink comp="156" pin=0"/></net>

<net id="164"><net_src comp="48" pin="0"/><net_sink comp="160" pin=0"/></net>

<net id="165"><net_src comp="26" pin="0"/><net_sink comp="160" pin=1"/></net>

<net id="170"><net_src comp="50" pin="0"/><net_sink comp="166" pin=0"/></net>

<net id="171"><net_src comp="10" pin="0"/><net_sink comp="166" pin=1"/></net>

<net id="176"><net_src comp="50" pin="0"/><net_sink comp="172" pin=0"/></net>

<net id="177"><net_src comp="8" pin="0"/><net_sink comp="172" pin=1"/></net>

<net id="182"><net_src comp="50" pin="0"/><net_sink comp="178" pin=0"/></net>

<net id="183"><net_src comp="6" pin="0"/><net_sink comp="178" pin=1"/></net>

<net id="188"><net_src comp="50" pin="0"/><net_sink comp="184" pin=0"/></net>

<net id="189"><net_src comp="2" pin="0"/><net_sink comp="184" pin=1"/></net>

<net id="194"><net_src comp="50" pin="0"/><net_sink comp="190" pin=0"/></net>

<net id="195"><net_src comp="0" pin="0"/><net_sink comp="190" pin=1"/></net>

<net id="200"><net_src comp="62" pin="0"/><net_sink comp="196" pin=0"/></net>

<net id="201"><net_src comp="4" pin="0"/><net_sink comp="196" pin=1"/></net>

<net id="219"><net_src comp="92" pin="0"/><net_sink comp="202" pin=0"/></net>

<net id="220"><net_src comp="12" pin="0"/><net_sink comp="202" pin=1"/></net>

<net id="221"><net_src comp="14" pin="0"/><net_sink comp="202" pin=2"/></net>

<net id="222"><net_src comp="16" pin="0"/><net_sink comp="202" pin=3"/></net>

<net id="223"><net_src comp="18" pin="0"/><net_sink comp="202" pin=4"/></net>

<net id="224"><net_src comp="20" pin="0"/><net_sink comp="202" pin=5"/></net>

<net id="225"><net_src comp="22" pin="0"/><net_sink comp="202" pin=6"/></net>

<net id="226"><net_src comp="24" pin="0"/><net_sink comp="202" pin=7"/></net>

<net id="227"><net_src comp="94" pin="0"/><net_sink comp="202" pin=9"/></net>

<net id="228"><net_src comp="94" pin="0"/><net_sink comp="202" pin=10"/></net>

<net id="229"><net_src comp="96" pin="0"/><net_sink comp="202" pin=13"/></net>

<net id="230"><net_src comp="98" pin="0"/><net_sink comp="202" pin=14"/></net>

<net id="236"><net_src comp="64" pin="0"/><net_sink comp="231" pin=1"/></net>

<net id="246"><net_src comp="231" pin="3"/><net_sink comp="237" pin=2"/></net>

<net id="252"><net_src comp="64" pin="0"/><net_sink comp="247" pin=1"/></net>

<net id="258"><net_src comp="247" pin="3"/><net_sink comp="253" pin=0"/></net>

<net id="259"><net_src comp="196" pin="2"/><net_sink comp="253" pin=1"/></net>

<net id="264"><net_src comp="54" pin="0"/><net_sink comp="260" pin=0"/></net>

<net id="269"><net_src comp="56" pin="0"/><net_sink comp="265" pin=0"/></net>

<net id="274"><net_src comp="56" pin="0"/><net_sink comp="270" pin=0"/></net>

<net id="279"><net_src comp="38" pin="0"/><net_sink comp="275" pin=0"/></net>

<net id="284"><net_src comp="58" pin="0"/><net_sink comp="280" pin=0"/></net>

<net id="289"><net_src comp="38" pin="0"/><net_sink comp="285" pin=0"/></net>

<net id="294"><net_src comp="58" pin="0"/><net_sink comp="290" pin=0"/></net>

<net id="302"><net_src comp="295" pin="1"/><net_sink comp="298" pin=0"/></net>

<net id="307"><net_src comp="295" pin="1"/><net_sink comp="303" pin=0"/></net>

<net id="308"><net_src comp="60" pin="0"/><net_sink comp="303" pin=1"/></net>

<net id="313"><net_src comp="303" pin="2"/><net_sink comp="309" pin=0"/></net>

<net id="320"><net_src comp="314" pin="1"/><net_sink comp="317" pin=0"/></net>

<net id="325"><net_src comp="317" pin="1"/><net_sink comp="321" pin=0"/></net>

<net id="331"><net_src comp="321" pin="2"/><net_sink comp="326" pin=0"/></net>

<net id="332"><net_src comp="314" pin="1"/><net_sink comp="326" pin=1"/></net>

<net id="333"><net_src comp="56" pin="0"/><net_sink comp="326" pin=2"/></net>

<net id="337"><net_src comp="326" pin="3"/><net_sink comp="334" pin=0"/></net>

<net id="341"><net_src comp="326" pin="3"/><net_sink comp="338" pin=0"/></net>

<net id="342"><net_src comp="338" pin="1"/><net_sink comp="231" pin=2"/></net>

<net id="343"><net_src comp="338" pin="1"/><net_sink comp="247" pin=2"/></net>

<net id="351"><net_src comp="344" pin="1"/><net_sink comp="347" pin=0"/></net>

<net id="352"><net_src comp="338" pin="1"/><net_sink comp="347" pin=1"/></net>

<net id="360"><net_src comp="353" pin="1"/><net_sink comp="356" pin=0"/></net>

<net id="361"><net_src comp="338" pin="1"/><net_sink comp="356" pin=1"/></net>

<net id="366"><net_src comp="338" pin="1"/><net_sink comp="362" pin=0"/></net>

<net id="371"><net_src comp="338" pin="1"/><net_sink comp="367" pin=0"/></net>

<net id="376"><net_src comp="334" pin="1"/><net_sink comp="372" pin=0"/></net>

<net id="381"><net_src comp="326" pin="3"/><net_sink comp="377" pin=0"/></net>

<net id="382"><net_src comp="66" pin="0"/><net_sink comp="377" pin=1"/></net>

<net id="387"><net_src comp="377" pin="2"/><net_sink comp="383" pin=0"/></net>

<net id="414"><net_src comp="56" pin="0"/><net_sink comp="409" pin=1"/></net>

<net id="415"><net_src comp="66" pin="0"/><net_sink comp="409" pin=2"/></net>

<net id="420"><net_src comp="406" pin="1"/><net_sink comp="416" pin=0"/></net>

<net id="421"><net_src comp="409" pin="3"/><net_sink comp="416" pin=1"/></net>

<net id="425"><net_src comp="416" pin="2"/><net_sink comp="422" pin=0"/></net>

<net id="430"><net_src comp="422" pin="1"/><net_sink comp="426" pin=0"/></net>

<net id="439"><net_src comp="431" pin="1"/><net_sink comp="434" pin=1"/></net>

<net id="440"><net_src comp="237" pin="7"/><net_sink comp="434" pin=2"/></net>

<net id="449"><net_src comp="441" pin="1"/><net_sink comp="444" pin=1"/></net>

<net id="450"><net_src comp="253" pin="3"/><net_sink comp="444" pin=2"/></net>

<net id="451"><net_src comp="444" pin="3"/><net_sink comp="237" pin=1"/></net>

<net id="456"><net_src comp="444" pin="3"/><net_sink comp="452" pin=0"/></net>

<net id="465"><net_src comp="391" pin="1"/><net_sink comp="461" pin=0"/></net>

<net id="470"><net_src comp="391" pin="1"/><net_sink comp="466" pin=0"/></net>

<net id="475"><net_src comp="397" pin="1"/><net_sink comp="471" pin=0"/></net>

<net id="480"><net_src comp="388" pin="1"/><net_sink comp="476" pin=0"/></net>

<net id="485"><net_src comp="434" pin="3"/><net_sink comp="481" pin=0"/></net>

<net id="490"><net_src comp="400" pin="1"/><net_sink comp="486" pin=0"/></net>

<net id="495"><net_src comp="444" pin="3"/><net_sink comp="491" pin=0"/></net>

<net id="500"><net_src comp="403" pin="1"/><net_sink comp="496" pin=0"/></net>

<net id="505"><net_src comp="394" pin="1"/><net_sink comp="501" pin=0"/></net>

<net id="514"><net_src comp="416" pin="2"/><net_sink comp="510" pin=0"/></net>

<net id="519"><net_src comp="510" pin="2"/><net_sink comp="515" pin=0"/></net>

<net id="520"><net_src comp="56" pin="0"/><net_sink comp="515" pin=1"/></net>

<net id="525"><net_src comp="426" pin="2"/><net_sink comp="521" pin=0"/></net>

<net id="534"><net_src comp="444" pin="3"/><net_sink comp="530" pin=0"/></net>

<net id="539"><net_src comp="434" pin="3"/><net_sink comp="535" pin=0"/></net>

<net id="544"><net_src comp="416" pin="2"/><net_sink comp="540" pin=0"/></net>

<net id="549"><net_src comp="394" pin="1"/><net_sink comp="545" pin=0"/></net>

<net id="554"><net_src comp="391" pin="1"/><net_sink comp="550" pin=0"/></net>

<net id="559"><net_src comp="388" pin="1"/><net_sink comp="555" pin=0"/></net>

<net id="572"><net_src comp="564" pin="2"/><net_sink comp="568" pin=0"/></net>

<net id="573"><net_src comp="560" pin="2"/><net_sink comp="568" pin=1"/></net>

<net id="586"><net_src comp="578" pin="2"/><net_sink comp="582" pin=0"/></net>

<net id="587"><net_src comp="574" pin="2"/><net_sink comp="582" pin=1"/></net>

<net id="592"><net_src comp="582" pin="2"/><net_sink comp="588" pin=0"/></net>

<net id="593"><net_src comp="568" pin="2"/><net_sink comp="588" pin=1"/></net>

<net id="598"><net_src comp="74" pin="0"/><net_sink comp="594" pin=1"/></net>

<net id="603"><net_src comp="594" pin="2"/><net_sink comp="599" pin=1"/></net>

<net id="609"><net_src comp="76" pin="0"/><net_sink comp="604" pin=0"/></net>

<net id="610"><net_src comp="599" pin="2"/><net_sink comp="604" pin=2"/></net>

<net id="622"><net_src comp="78" pin="0"/><net_sink comp="611" pin=0"/></net>

<net id="623"><net_src comp="80" pin="0"/><net_sink comp="611" pin=1"/></net>

<net id="624"><net_src comp="74" pin="0"/><net_sink comp="611" pin=2"/></net>

<net id="625"><net_src comp="82" pin="0"/><net_sink comp="611" pin=3"/></net>

<net id="626"><net_src comp="588" pin="2"/><net_sink comp="611" pin=4"/></net>

<net id="627"><net_src comp="84" pin="0"/><net_sink comp="611" pin=5"/></net>

<net id="628"><net_src comp="86" pin="0"/><net_sink comp="611" pin=6"/></net>

<net id="629"><net_src comp="88" pin="0"/><net_sink comp="611" pin=7"/></net>

<net id="630"><net_src comp="604" pin="3"/><net_sink comp="611" pin=8"/></net>

<net id="636"><net_src comp="611" pin="9"/><net_sink comp="631" pin=0"/></net>

<net id="637"><net_src comp="90" pin="0"/><net_sink comp="631" pin=1"/></net>

<net id="638"><net_src comp="38" pin="0"/><net_sink comp="631" pin=2"/></net>

<net id="639"><net_src comp="631" pin="3"/><net_sink comp="202" pin=8"/></net>

<net id="643"><net_src comp="640" pin="1"/><net_sink comp="202" pin=11"/></net>

<net id="647"><net_src comp="100" pin="1"/><net_sink comp="644" pin=0"/></net>

<net id="648"><net_src comp="644" pin="1"/><net_sink comp="290" pin=1"/></net>

<net id="649"><net_src comp="644" pin="1"/><net_sink comp="344" pin=0"/></net>

<net id="650"><net_src comp="644" pin="1"/><net_sink comp="362" pin=1"/></net>

<net id="654"><net_src comp="104" pin="1"/><net_sink comp="651" pin=0"/></net>

<net id="655"><net_src comp="651" pin="1"/><net_sink comp="285" pin=1"/></net>

<net id="656"><net_src comp="651" pin="1"/><net_sink comp="431" pin=0"/></net>

<net id="657"><net_src comp="651" pin="1"/><net_sink comp="452" pin=1"/></net>

<net id="661"><net_src comp="108" pin="1"/><net_sink comp="658" pin=0"/></net>

<net id="662"><net_src comp="658" pin="1"/><net_sink comp="280" pin=1"/></net>

<net id="663"><net_src comp="658" pin="1"/><net_sink comp="353" pin=0"/></net>

<net id="664"><net_src comp="658" pin="1"/><net_sink comp="367" pin=1"/></net>

<net id="668"><net_src comp="112" pin="1"/><net_sink comp="665" pin=0"/></net>

<net id="669"><net_src comp="665" pin="1"/><net_sink comp="275" pin=1"/></net>

<net id="670"><net_src comp="665" pin="1"/><net_sink comp="441" pin=0"/></net>

<net id="671"><net_src comp="665" pin="1"/><net_sink comp="457" pin=1"/></net>

<net id="675"><net_src comp="116" pin="1"/><net_sink comp="672" pin=0"/></net>

<net id="676"><net_src comp="672" pin="1"/><net_sink comp="397" pin=0"/></net>

<net id="677"><net_src comp="672" pin="1"/><net_sink comp="555" pin=1"/></net>

<net id="681"><net_src comp="120" pin="1"/><net_sink comp="678" pin=0"/></net>

<net id="682"><net_src comp="678" pin="1"/><net_sink comp="400" pin=0"/></net>

<net id="683"><net_src comp="678" pin="1"/><net_sink comp="550" pin=1"/></net>

<net id="687"><net_src comp="124" pin="1"/><net_sink comp="684" pin=0"/></net>

<net id="688"><net_src comp="684" pin="1"/><net_sink comp="403" pin=0"/></net>

<net id="689"><net_src comp="684" pin="1"/><net_sink comp="545" pin=1"/></net>

<net id="693"><net_src comp="128" pin="1"/><net_sink comp="690" pin=0"/></net>

<net id="694"><net_src comp="690" pin="1"/><net_sink comp="270" pin=1"/></net>

<net id="695"><net_src comp="690" pin="1"/><net_sink comp="314" pin=0"/></net>

<net id="696"><net_src comp="690" pin="1"/><net_sink comp="383" pin=1"/></net>

<net id="700"><net_src comp="132" pin="1"/><net_sink comp="697" pin=0"/></net>

<net id="701"><net_src comp="697" pin="1"/><net_sink comp="265" pin=1"/></net>

<net id="702"><net_src comp="697" pin="1"/><net_sink comp="406" pin=0"/></net>

<net id="703"><net_src comp="697" pin="1"/><net_sink comp="540" pin=1"/></net>

<net id="707"><net_src comp="136" pin="1"/><net_sink comp="704" pin=0"/></net>

<net id="708"><net_src comp="704" pin="1"/><net_sink comp="260" pin=1"/></net>

<net id="709"><net_src comp="704" pin="1"/><net_sink comp="295" pin=0"/></net>

<net id="710"><net_src comp="704" pin="1"/><net_sink comp="309" pin=1"/></net>

<net id="714"><net_src comp="140" pin="1"/><net_sink comp="711" pin=0"/></net>

<net id="715"><net_src comp="711" pin="1"/><net_sink comp="388" pin=0"/></net>

<net id="716"><net_src comp="711" pin="1"/><net_sink comp="535" pin=1"/></net>

<net id="720"><net_src comp="144" pin="1"/><net_sink comp="717" pin=0"/></net>

<net id="721"><net_src comp="717" pin="1"/><net_sink comp="391" pin=0"/></net>

<net id="722"><net_src comp="717" pin="1"/><net_sink comp="530" pin=1"/></net>

<net id="726"><net_src comp="148" pin="1"/><net_sink comp="723" pin=0"/></net>

<net id="727"><net_src comp="723" pin="1"/><net_sink comp="394" pin=0"/></net>

<net id="728"><net_src comp="723" pin="1"/><net_sink comp="526" pin=1"/></net>

<net id="732"><net_src comp="160" pin="2"/><net_sink comp="729" pin=0"/></net>

<net id="733"><net_src comp="729" pin="1"/><net_sink comp="298" pin=1"/></net>

<net id="737"><net_src comp="166" pin="2"/><net_sink comp="734" pin=0"/></net>

<net id="738"><net_src comp="734" pin="1"/><net_sink comp="372" pin=1"/></net>

<net id="742"><net_src comp="172" pin="2"/><net_sink comp="739" pin=0"/></net>

<net id="743"><net_src comp="739" pin="1"/><net_sink comp="466" pin=1"/></net>

<net id="747"><net_src comp="178" pin="2"/><net_sink comp="744" pin=0"/></net>

<net id="748"><net_src comp="744" pin="1"/><net_sink comp="461" pin=1"/></net>

<net id="749"><net_src comp="744" pin="1"/><net_sink comp="471" pin=1"/></net>

<net id="750"><net_src comp="744" pin="1"/><net_sink comp="476" pin=1"/></net>

<net id="751"><net_src comp="744" pin="1"/><net_sink comp="481" pin=1"/></net>

<net id="752"><net_src comp="744" pin="1"/><net_sink comp="486" pin=1"/></net>

<net id="753"><net_src comp="744" pin="1"/><net_sink comp="491" pin=1"/></net>

<net id="754"><net_src comp="744" pin="1"/><net_sink comp="496" pin=1"/></net>

<net id="755"><net_src comp="744" pin="1"/><net_sink comp="501" pin=1"/></net>

<net id="756"><net_src comp="744" pin="1"/><net_sink comp="506" pin=1"/></net>

<net id="760"><net_src comp="184" pin="2"/><net_sink comp="757" pin=0"/></net>

<net id="761"><net_src comp="757" pin="1"/><net_sink comp="426" pin=1"/></net>

<net id="765"><net_src comp="190" pin="2"/><net_sink comp="762" pin=0"/></net>

<net id="766"><net_src comp="762" pin="1"/><net_sink comp="321" pin=1"/></net>

<net id="770"><net_src comp="298" pin="2"/><net_sink comp="767" pin=0"/></net>

<net id="774"><net_src comp="321" pin="2"/><net_sink comp="771" pin=0"/></net>

<net id="775"><net_src comp="771" pin="1"/><net_sink comp="409" pin=0"/></net>

<net id="779"><net_src comp="326" pin="3"/><net_sink comp="776" pin=0"/></net>

<net id="780"><net_src comp="776" pin="1"/><net_sink comp="510" pin=1"/></net>

<net id="784"><net_src comp="196" pin="2"/><net_sink comp="781" pin=0"/></net>

<net id="785"><net_src comp="781" pin="1"/><net_sink comp="457" pin=0"/></net>

<net id="786"><net_src comp="781" pin="1"/><net_sink comp="506" pin=0"/></net>

<net id="787"><net_src comp="781" pin="1"/><net_sink comp="526" pin=0"/></net>

<net id="791"><net_src comp="231" pin="3"/><net_sink comp="788" pin=0"/></net>

<net id="792"><net_src comp="788" pin="1"/><net_sink comp="237" pin=2"/></net>

<net id="793"><net_src comp="788" pin="1"/><net_sink comp="237" pin=0"/></net>

<net id="797"><net_src comp="347" pin="2"/><net_sink comp="794" pin=0"/></net>

<net id="798"><net_src comp="794" pin="1"/><net_sink comp="434" pin=0"/></net>

<net id="802"><net_src comp="247" pin="3"/><net_sink comp="799" pin=0"/></net>

<net id="803"><net_src comp="799" pin="1"/><net_sink comp="253" pin=0"/></net>

<net id="807"><net_src comp="356" pin="2"/><net_sink comp="804" pin=0"/></net>

<net id="808"><net_src comp="804" pin="1"/><net_sink comp="444" pin=0"/></net>

<net id="812"><net_src comp="372" pin="2"/><net_sink comp="809" pin=0"/></net>

<net id="813"><net_src comp="809" pin="1"/><net_sink comp="521" pin=1"/></net>

<net id="817"><net_src comp="461" pin="2"/><net_sink comp="814" pin=0"/></net>

<net id="818"><net_src comp="814" pin="1"/><net_sink comp="594" pin=0"/></net>

<net id="819"><net_src comp="814" pin="1"/><net_sink comp="604" pin=1"/></net>

<net id="823"><net_src comp="466" pin="2"/><net_sink comp="820" pin=0"/></net>

<net id="824"><net_src comp="820" pin="1"/><net_sink comp="599" pin=0"/></net>

<net id="828"><net_src comp="471" pin="2"/><net_sink comp="825" pin=0"/></net>

<net id="829"><net_src comp="825" pin="1"/><net_sink comp="560" pin=1"/></net>

<net id="833"><net_src comp="476" pin="2"/><net_sink comp="830" pin=0"/></net>

<net id="834"><net_src comp="830" pin="1"/><net_sink comp="560" pin=0"/></net>

<net id="838"><net_src comp="481" pin="2"/><net_sink comp="835" pin=0"/></net>

<net id="839"><net_src comp="835" pin="1"/><net_sink comp="564" pin=0"/></net>

<net id="843"><net_src comp="486" pin="2"/><net_sink comp="840" pin=0"/></net>

<net id="844"><net_src comp="840" pin="1"/><net_sink comp="564" pin=1"/></net>

<net id="848"><net_src comp="491" pin="2"/><net_sink comp="845" pin=0"/></net>

<net id="849"><net_src comp="845" pin="1"/><net_sink comp="574" pin=0"/></net>

<net id="853"><net_src comp="496" pin="2"/><net_sink comp="850" pin=0"/></net>

<net id="854"><net_src comp="850" pin="1"/><net_sink comp="574" pin=1"/></net>

<net id="858"><net_src comp="501" pin="2"/><net_sink comp="855" pin=0"/></net>

<net id="859"><net_src comp="855" pin="1"/><net_sink comp="578" pin=0"/></net>

<net id="863"><net_src comp="506" pin="2"/><net_sink comp="860" pin=0"/></net>

<net id="864"><net_src comp="860" pin="1"/><net_sink comp="578" pin=1"/></net>

<net id="868"><net_src comp="515" pin="2"/><net_sink comp="865" pin=0"/></net>

<net id="869"><net_src comp="865" pin="1"/><net_sink comp="640" pin=0"/></net>

<net id="873"><net_src comp="521" pin="2"/><net_sink comp="870" pin=0"/></net>

<net id="874"><net_src comp="870" pin="1"/><net_sink comp="202" pin=12"/></net>

</net_list>

</model> 
---------------- Datapath Model END ------------------

* FSMD analyzer results:
  - Output states:
	Port: Output_Stream_V_data_V | {5 }
	Port: Output_Stream_V_keep_V | {5 }
	Port: Output_Stream_V_strb_V | {5 }
	Port: Output_Stream_V_user_V | {5 }
	Port: Output_Stream_V_last_V | {5 }
	Port: Output_Stream_V_id_V | {5 }
	Port: Output_Stream_V_dest_V | {5 }
 - Input state : 
	Port: Hysteresis_Filter_Pipeline_VITIS_LOOP_11_1_VITIS_LOOP_13_2 : Cols_3 | {1 }
	Port: Hysteresis_Filter_Pipeline_VITIS_LOOP_11_1_VITIS_LOOP_13_2 : add_ln70 | {1 }
	Port: Hysteresis_Filter_Pipeline_VITIS_LOOP_11_1_VITIS_LOOP_13_2 : Suppression_to_Hysteresis | {3 }
	Port: Hysteresis_Filter_Pipeline_VITIS_LOOP_11_1_VITIS_LOOP_13_2 : High_Threshold_1 | {1 }
	Port: Hysteresis_Filter_Pipeline_VITIS_LOOP_11_1_VITIS_LOOP_13_2 : Low_Threshold_1 | {1 }
	Port: Hysteresis_Filter_Pipeline_VITIS_LOOP_11_1_VITIS_LOOP_13_2 : add_ln70_1 | {1 }
	Port: Hysteresis_Filter_Pipeline_VITIS_LOOP_11_1_VITIS_LOOP_13_2 : bound | {1 }
  - Chain level:
	State 1
		store_ln0 : 1
		store_ln11 : 1
		store_ln13 : 1
		store_ln0 : 1
		store_ln0 : 1
		store_ln0 : 1
		store_ln0 : 1
	State 2
		icmp_ln11 : 1
		br_ln11 : 2
		add_ln11 : 1
		store_ln11 : 2
	State 3
		zext_ln13_2 : 1
		icmp_ln13 : 2
		select_ln11 : 3
		zext_ln70 : 4
		zext_ln13 : 4
		Line_Buffer_addr : 5
		Line_Buffer_load : 6
		addr_cmp22 : 5
		Line_Buffer_1_addr : 5
		Line_Buffer_1_load : 6
		addr_cmp : 5
		store_ln13 : 5
		store_ln29 : 6
		store_ln13 : 5
		icmp_ln70_1 : 5
		add_ln13 : 4
		store_ln13 : 5
	State 4
		add_ln11_1 : 1
		zext_ln11 : 2
		icmp_ln70 : 3
		Top_Pixel : 1
		Mid_Pixel : 1
		store_ln28 : 2
		store_ln13 : 2
		icmp_ln38 : 1
		icmp_ln42 : 1
		Strong : 1
		icmp_ln50 : 1
		icmp_ln50_1 : 2
		icmp_ln50_2 : 1
		icmp_ln50_3 : 2
		icmp_ln50_4 : 1
		icmp_ln50_5 : 1
		or_ln69 : 2
		icmp_ln69 : 2
		and_ln70 : 4
		store_ln35 : 2
		store_ln13 : 2
		store_ln11 : 2
		store_ln0 : 1
		store_ln0 : 1
		store_ln0 : 1
	State 5
		Final_Value_1 : 1
		select_ln69 : 2
		write_ln72 : 3


============================================================
+ Verbose Summary: Datapath Resource usage 
============================================================

* Functional unit list:
|----------|-----------------------------------|---------|---------|
| Operation|          Functional Unit          |    FF   |   LUT   |
|----------|-----------------------------------|---------|---------|
|          |          icmp_ln11_fu_298         |    0    |    69   |
|          |          icmp_ln13_fu_321         |    0    |    39   |
|          |         addr_cmp22_fu_347         |    0    |    71   |
|          |          addr_cmp_fu_356          |    0    |    71   |
|          |         icmp_ln70_1_fu_372        |    0    |    39   |
|          |          icmp_ln70_fu_426         |    0    |    39   |
|          |          icmp_ln38_fu_461         |    0    |    39   |
|          |          icmp_ln42_fu_466         |    0    |    39   |
|   icmp   |           Strong_fu_471           |    0    |    39   |
|          |          icmp_ln50_fu_476         |    0    |    39   |
|          |         icmp_ln50_1_fu_481        |    0    |    39   |
|          |         icmp_ln50_2_fu_486        |    0    |    39   |
|          |         icmp_ln50_3_fu_491        |    0    |    39   |
|          |         icmp_ln50_4_fu_496        |    0    |    39   |
|          |         icmp_ln50_5_fu_501        |    0    |    39   |
|          |         icmp_ln50_6_fu_506        |    0    |    39   |
|          |          icmp_ln69_fu_515         |    0    |    38   |
|----------|-----------------------------------|---------|---------|
|          |          add_ln11_fu_303          |    0    |    69   |
|    add   |          add_ln13_fu_377          |    0    |    38   |
|          |         add_ln11_1_fu_416         |    0    |    38   |
|----------|-----------------------------------|---------|---------|
|          |         select_ln11_fu_326        |    0    |    31   |
|          |          empty_69_fu_409          |    0    |    2    |
|  select  |          Top_Pixel_fu_434         |    0    |    32   |
|          |          Mid_Pixel_fu_444         |    0    |    32   |
|          |         select_ln69_fu_631        |    0    |    9    |
|----------|-----------------------------------|---------|---------|
|          |           or_ln69_fu_510          |    0    |    31   |
|          |           or_ln57_fu_560          |    0    |    2    |
|          |          or_ln57_1_fu_564         |    0    |    2    |
|    or    |          or_ln57_2_fu_568         |    0    |    2    |
|          |          or_ln57_3_fu_574         |    0    |    2    |
|          |          or_ln57_4_fu_578         |    0    |    2    |
|          |          or_ln57_5_fu_582         |    0    |    2    |
|          |           or_ln58_fu_588          |    0    |    2    |
|----------|-----------------------------------|---------|---------|
| sparsemux|        Final_Value_1_fu_611       |    0    |    9    |
|----------|-----------------------------------|---------|---------|
|    and   |          and_ln70_fu_521          |    0    |    2    |
|          |          and_ln42_fu_599          |    0    |    2    |
|----------|-----------------------------------|---------|---------|
|    xor   |          xor_ln38_fu_594          |    0    |    2    |
|----------|-----------------------------------|---------|---------|
|          |       bound_read_read_fu_160      |    0    |    0    |
|          |    add_ln70_1_read_read_fu_166    |    0    |    0    |
|          |  Low_Threshold_1_read_read_fu_172 |    0    |    0    |
|   read   | High_Threshold_1_read_read_fu_178 |    0    |    0    |
|          |     add_ln70_read_read_fu_184     |    0    |    0    |
|          |      Cols_3_read_read_fu_190      |    0    |    0    |
|          |        Pixel_In_read_fu_196       |    0    |    0    |
|----------|-----------------------------------|---------|---------|
|   write  |      write_ln72_write_fu_202      |    0    |    0    |
|----------|-----------------------------------|---------|---------|
|          |         zext_ln13_2_fu_317        |    0    |    0    |
|          |          zext_ln70_fu_334         |    0    |    0    |
|   zext   |          zext_ln13_fu_338         |    0    |    0    |
|          |          zext_ln11_fu_422         |    0    |    0    |
|          |          zext_ln69_fu_640         |    0    |    0    |
|----------|-----------------------------------|---------|---------|
|bitconcatenate|          sel_tmp2_fu_604          |    0    |    0    |
|----------|-----------------------------------|---------|---------|
|   Total  |                                   |    0    |   1067  |
|----------|-----------------------------------|---------|---------|

Memories:
+-------------+--------+--------+--------+--------+
|             |  BRAM  |   FF   |   LUT  |  URAM  |
+-------------+--------+--------+--------+--------+
| Line_Buffer |    4   |    0   |    0   |    0   |
|Line_Buffer_1|    4   |    0   |    0   |    0   |
+-------------+--------+--------+--------+--------+
|    Total    |    8   |    0   |    0   |    0   |
+-------------+--------+--------+--------+--------+

* Register list:
+-----------------------------+--------+
|                             |   FF   |
+-----------------------------+--------+
|     Center_Value_reg_717    |   32   |
|     Cols_3_read_reg_762     |   32   |
|High_Threshold_1_read_reg_744|   32   |
|          I_reg_697          |   31   |
|          J_reg_690          |   31   |
|  Line_Buffer_1_addr_reg_799 |   11   |
|   Line_Buffer_addr_reg_788  |   11   |
| Low_Threshold_1_read_reg_739|   32   |
|       Pixel_In_reg_781      |   32   |
|        Strong_reg_825       |    1   |
|   add_ln70_1_read_reg_734   |   32   |
|    add_ln70_read_reg_757    |   32   |
|      addr_cmp22_reg_794     |    1   |
|       addr_cmp_reg_804      |    1   |
|       and_ln70_reg_870      |    1   |
|      bound_read_reg_729     |   62   |
|       empty_65_reg_678      |   32   |
|       empty_66_reg_684      |   32   |
|       empty_67_reg_711      |   32   |
|       empty_68_reg_723      |   32   |
|        empty_reg_672        |   32   |
|      icmp_ln11_reg_767      |    1   |
|      icmp_ln13_reg_771      |    1   |
|      icmp_ln38_reg_814      |    1   |
|      icmp_ln42_reg_820      |    1   |
|     icmp_ln50_1_reg_835     |    1   |
|     icmp_ln50_2_reg_840     |    1   |
|     icmp_ln50_3_reg_845     |    1   |
|     icmp_ln50_4_reg_850     |    1   |
|     icmp_ln50_5_reg_855     |    1   |
|     icmp_ln50_6_reg_860     |    1   |
|      icmp_ln50_reg_830      |    1   |
|      icmp_ln69_reg_865      |    1   |
|     icmp_ln70_1_reg_809     |    1   |
|    indvar_flatten_reg_704   |   62   |
|   reuse_addr_reg19_reg_644  |   64   |
|    reuse_addr_reg_reg_658   |   64   |
|     reuse_reg18_reg_651     |   32   |
|      reuse_reg_reg_665      |   32   |
|     select_ln11_reg_776     |   31   |
+-----------------------------+--------+
|            Total            |   832  |
+-----------------------------+--------+

* Multiplexer (MUX) list: 
|-------------------|------|------|------|--------||---------||---------||---------|
|        Comp       |  Pin | Size |  BW  | S x BW ||  Delay  ||    FF   ||   LUT   |
|-------------------|------|------|------|--------||---------||---------||---------|
| grp_access_fu_237 |  p2  |   2  |   0  |    0   ||    0    ||    9    |
| grp_access_fu_253 |  p0  |   2  |  11  |   22   ||    0    ||    9    |
|-------------------|------|------|------|--------||---------||---------||---------|
|       Total       |      |      |      |   22   ||  3.176  ||    0    ||    18   |
|-------------------|------|------|------|--------||---------||---------||---------|



* Summary:
+-----------+--------+--------+--------+--------+--------+
|           |  BRAM  |  Delay |   FF   |   LUT  |  URAM  |
+-----------+--------+--------+--------+--------+--------+
|  Function |    -   |    -   |    0   |  1067  |    -   |
|   Memory  |    8   |    -   |    0   |    0   |    0   |
|Multiplexer|    -   |    3   |    0   |   18   |    -   |
|  Register |    -   |    -   |   832  |    -   |    -   |
+-----------+--------+--------+--------+--------+--------+
|   Total   |    8   |    3   |   832  |  1085  |    0   |
+-----------+--------+--------+--------+--------+--------+
