

================================================================
== Vitis HLS Report for 'Suppression_Filter_Pipeline_VITIS_LOOP_11_1_VITIS_LOOP_13_2'
================================================================
* Date:           Thu Sep 24 14:58:48 2026

* Version:        2026.1 (Build 6493734 on Jun 16 2026)
* Project:        Canny_Filter_IP
* Solution:       hls
* Product family: zynq
* Target device:  xc7z020-clg400-1


================================================================
== Performance Estimates
================================================================
+ Timing: 
    * Summary: 
    +--------+----------+----------+------------+
    |  Clock |  Target  | Estimated| Uncertainty|
    +--------+----------+----------+------------+
    |ap_clk  |  10.00 ns|  7.396 ns|     2.70 ns|
    +--------+----------+----------+------------+

+ Latency: 
    * Summary: 
    +---------+---------+----------+----------+-----+-----+-------------------+
    |  Latency (cycles) |  Latency (absolute) |  Interval |      Pipeline     |
    |   min   |   max   |    min   |    max   | min | max |        Type       |
    +---------+---------+----------+----------+-----+-----+-------------------+
    |        ?|        ?|         ?|         ?|    0|    0|  loop pipeline stp|
    +---------+---------+----------+----------+-----+-----+-------------------+

    + Detail: 
        * Instance: 
        N/A

        * Loop: 
        +-----------------------------------+---------+---------+----------+-----------+-----------+------+----------+
        |                                   |  Latency (cycles) | Iteration|  Initiation Interval  | Trip |          |
        |             Loop Name             |   min   |   max   |  Latency |  achieved |   target  | Count| Pipelined|
        +-----------------------------------+---------+---------+----------+-----------+-----------+------+----------+
        |- VITIS_LOOP_11_1_VITIS_LOOP_13_2  |        ?|        ?|         4|          1|          1|     ?|       yes|
        +-----------------------------------+---------+---------+----------+-----------+-----------+------+----------+



================================================================
== Utilization Estimates
================================================================
* Summary: 
+-----------------+---------+-----+--------+-------+-----+
|       Name      | BRAM_18K| DSP |   FF   |  LUT  | URAM|
+-----------------+---------+-----+--------+-------+-----+
|DSP              |        -|    -|       -|      -|    -|
|Expression       |        -|    -|       0|    464|    -|
|FIFO             |        -|    -|       -|      -|    -|
|Instance         |        -|    -|       -|      -|    -|
|Memory           |        3|    -|       0|      0|    0|
|Multiplexer      |        -|    -|       0|    149|    -|
|Register         |        -|    -|     483|     32|    -|
+-----------------+---------+-----+--------+-------+-----+
|Total            |        3|    0|     483|    645|    0|
+-----------------+---------+-----+--------+-------+-----+
|Available        |      280|  220|  106400|  53200|    0|
+-----------------+---------+-----+--------+-------+-----+
|Utilization (%)  |        1|    0|      ~0|      1|    0|
+-----------------+---------+-----+--------+-------+-----+

+ Detail: 
    * Instance: 
    N/A

    * DSP: 
    N/A

    * Memory: 
    +-----------------+----------------------------------------------------------------------------------+---------+---+----+-----+------+-----+------+-------------+
    |      Memory     |                                      Module                                      | BRAM_18K| FF| LUT| URAM| Words| Bits| Banks| W*Bits*Banks|
    +-----------------+----------------------------------------------------------------------------------+---------+---+----+-----+------+-----+------+-------------+
    |Line_Buffer_1_U  |Suppression_Filter_Pipeline_VITIS_LOOP_11_1_VITIS_LOOP_13_2_Line_Buffer_1_RAMeOg  |        2|  0|   0|    0|  1920|   16|     1|        30720|
    |Line_Buffer_U    |Suppression_Filter_Pipeline_VITIS_LOOP_11_1_VITIS_LOOP_13_2_Line_Buffer_RAM_AfYi  |        1|  0|   0|    0|  1920|    8|     1|        15360|
    +-----------------+----------------------------------------------------------------------------------+---------+---+----+-----+------+-----+------+-------------+
    |Total            |                                                                                  |        3|  0|   0|    0|  3840|   24|     2|        46080|
    +-----------------+----------------------------------------------------------------------------------+---------+---+----+-----+------+-----+------+-------------+

    * FIFO: 
    N/A

    * Expression: 
    +----------------------------------+----------+----+---+----+------------+------------+
    |           Variable Name          | Operation| DSP| FF| LUT| Bitwidth P0| Bitwidth P1|
    +----------------------------------+----------+----+---+----+------------+------------+
    |add_ln11_fu_237_p2                |         +|   0|  0|  69|          62|           1|
    |add_ln13_fu_311_p2                |         +|   0|  0|  38|          31|           1|
    |and_ln62_fu_449_p2                |       and|   0|  0|   2|           1|           1|
    |ap_block_state3_pp0_stage0_iter2  |       and|   0|  0|   2|           1|           1|
    |ap_condition_249                  |       and|   0|  0|   2|           1|           1|
    |addr_cmp26_fu_286_p2              |      icmp|   0|  0|  71|          64|          64|
    |addr_cmp_fu_295_p2                |      icmp|   0|  0|  71|          64|          64|
    |icmp_ln11_fu_232_p2               |      icmp|   0|  0|  69|          62|          62|
    |icmp_ln13_fu_255_p2               |      icmp|   0|  0|  39|          32|          32|
    |icmp_ln62_1_fu_438_p2             |      icmp|   0|  0|  15|           8|           8|
    |icmp_ln62_fu_427_p2               |      icmp|   0|  0|  15|           8|           8|
    |ap_block_pp0_stage0_01001         |        or|   0|  0|   2|           1|           1|
    |Final_Magnitude_fu_455_p3         |    select|   0|  0|   8|           1|           8|
    |Mid_Pixel_fu_357_p3               |    select|   0|  0|  16|           1|          16|
    |Top_Pixel_fu_347_p3               |    select|   0|  0|   8|           1|           8|
    |select_ln11_fu_260_p3             |    select|   0|  0|  31|           1|          31|
    |ap_enable_pp0                     |       xor|   0|  0|   2|           1|           2|
    |xor_ln62_1_fu_443_p2              |       xor|   0|  0|   2|           1|           2|
    |xor_ln62_fu_432_p2                |       xor|   0|  0|   2|           1|           2|
    +----------------------------------+----------+----+---+----+------------+------------+
    |Total                             |          |   0|  0| 464|         342|         313|
    +----------------------------------+----------+----+---+----+------------+------------+

    * Multiplexer: 
    +------------------------------------------+----+-----------+-----+-----------+
    |                   Name                   | LUT| Input Size| Bits| Total Bits|
    +------------------------------------------+----+-----------+-----+-----------+
    |J_fu_84                                   |   9|          2|   31|         62|
    |Sobel_to_Suppression_blk_n                |   9|          2|    1|          2|
    |Suppression_to_Hysteresis_blk_n           |   9|          2|    1|          2|
    |ap_done_int                               |   9|          2|    1|          2|
    |ap_enable_reg_pp0_iter1                   |   9|          2|    1|          2|
    |ap_enable_reg_pp0_iter4                   |   9|          2|    1|          2|
    |ap_phi_reg_pp0_iter4_Magnitude_1_reg_173  |  25|          5|    8|         40|
    |ap_phi_reg_pp0_iter4_Magnitude_2_reg_186  |  25|          5|    8|         40|
    |indvar_flatten_fu_88                      |   9|          2|   62|        124|
    |reuse_addr_reg23_fu_64                    |   9|          2|   64|        128|
    |reuse_addr_reg_fu_72                      |   9|          2|   64|        128|
    |reuse_reg22_fu_68                         |   9|          2|    8|         16|
    |reuse_reg_fu_76                           |   9|          2|   16|         32|
    +------------------------------------------+----+-----------+-----+-----------+
    |Total                                     | 149|         32|  266|        580|
    +------------------------------------------+----+-----------+-----+-----------+

    * Register: 
    +------------------------------------------+----+----+-----+-----------+
    |                   Name                   | FF | LUT| Bits| Const Bits|
    +------------------------------------------+----+----+-----+-----------+
    |Center_Magnitude_reg_616                  |   8|   0|    8|          0|
    |J_fu_84                                   |  31|   0|   31|          0|
    |Line_Buffer_addr_reg_570                  |  11|   0|   11|          0|
    |addr_cmp26_reg_576                        |   1|   0|    1|          0|
    |addr_cmp_reg_586                          |   1|   0|    1|          0|
    |ap_CS_fsm                                 |   1|   0|    1|          0|
    |ap_done_reg                               |   1|   0|    1|          0|
    |ap_enable_reg_pp0_iter1                   |   1|   0|    1|          0|
    |ap_enable_reg_pp0_iter2                   |   1|   0|    1|          0|
    |ap_enable_reg_pp0_iter3                   |   1|   0|    1|          0|
    |ap_enable_reg_pp0_iter4                   |   1|   0|    1|          0|
    |ap_loop_exit_ready_pp0_iter2_reg          |   1|   0|    1|          0|
    |ap_loop_exit_ready_pp0_iter3_reg          |   1|   0|    1|          0|
    |ap_phi_reg_pp0_iter1_Magnitude_1_reg_173  |   8|   0|    8|          0|
    |ap_phi_reg_pp0_iter1_Magnitude_2_reg_186  |   8|   0|    8|          0|
    |ap_phi_reg_pp0_iter2_Magnitude_1_reg_173  |   8|   0|    8|          0|
    |ap_phi_reg_pp0_iter2_Magnitude_2_reg_186  |   8|   0|    8|          0|
    |ap_phi_reg_pp0_iter3_Magnitude_1_reg_173  |   8|   0|    8|          0|
    |ap_phi_reg_pp0_iter3_Magnitude_2_reg_186  |   8|   0|    8|          0|
    |ap_phi_reg_pp0_iter4_Magnitude_1_reg_173  |   8|   0|    8|          0|
    |ap_phi_reg_pp0_iter4_Magnitude_2_reg_186  |   8|   0|    8|          0|
    |empty_49_fu_92                            |   8|   0|    8|          0|
    |empty_50_fu_96                            |   8|   0|    8|          0|
    |empty_51_fu_100                           |   8|   0|    8|          0|
    |empty_52_fu_104                           |   8|   0|    8|          0|
    |empty_53_fu_108                           |   8|   0|    8|          0|
    |empty_fu_80                               |  16|   0|   16|          0|
    |icmp_ln11_reg_555                         |   1|   0|    1|          0|
    |indvar_flatten_fu_88                      |  62|   0|   62|          0|
    |reuse_addr_reg23_fu_64                    |  64|   0|   64|          0|
    |reuse_addr_reg_fu_72                      |  64|   0|   64|          0|
    |reuse_reg22_fu_68                         |   8|   0|    8|          0|
    |reuse_reg_fu_76                           |  16|   0|   16|          0|
    |trunc_ln17_1_reg_565                      |  16|   0|   16|          0|
    |trunc_ln17_reg_559                        |   8|   0|    8|          0|
    |icmp_ln11_reg_555                         |  64|  32|    1|          0|
    +------------------------------------------+----+----+-----+-----------+
    |Total                                     | 483|  32|  420|          0|
    +------------------------------------------+----+----+-----+-----------+



================================================================
== Interface
================================================================
* Summary: 
+------------------------------------------+-----+-----+------------+-------------------------------------------------------------+--------------+
|                 RTL Ports                | Dir | Bits|  Protocol  |                        Source Object                        |    C Type    |
+------------------------------------------+-----+-----+------------+-------------------------------------------------------------+--------------+
|ap_clk                                    |   in|    1|  ap_ctrl_hs|  Suppression_Filter_Pipeline_VITIS_LOOP_11_1_VITIS_LOOP_13_2|  return value|
|ap_rst                                    |   in|    1|  ap_ctrl_hs|  Suppression_Filter_Pipeline_VITIS_LOOP_11_1_VITIS_LOOP_13_2|  return value|
|ap_start                                  |   in|    1|  ap_ctrl_hs|  Suppression_Filter_Pipeline_VITIS_LOOP_11_1_VITIS_LOOP_13_2|  return value|
|ap_done                                   |  out|    1|  ap_ctrl_hs|  Suppression_Filter_Pipeline_VITIS_LOOP_11_1_VITIS_LOOP_13_2|  return value|
|ap_idle                                   |  out|    1|  ap_ctrl_hs|  Suppression_Filter_Pipeline_VITIS_LOOP_11_1_VITIS_LOOP_13_2|  return value|
|ap_ready                                  |  out|    1|  ap_ctrl_hs|  Suppression_Filter_Pipeline_VITIS_LOOP_11_1_VITIS_LOOP_13_2|  return value|
|Sobel_to_Suppression_dout                 |   in|   32|     ap_fifo|                                         Sobel_to_Suppression|       pointer|
|Sobel_to_Suppression_empty_n              |   in|    1|     ap_fifo|                                         Sobel_to_Suppression|       pointer|
|Sobel_to_Suppression_read                 |  out|    1|     ap_fifo|                                         Sobel_to_Suppression|       pointer|
|Sobel_to_Suppression_num_data_valid       |   in|    4|     ap_fifo|                                         Sobel_to_Suppression|       pointer|
|Sobel_to_Suppression_fifo_cap             |   in|    4|     ap_fifo|                                         Sobel_to_Suppression|       pointer|
|Suppression_to_Hysteresis_din             |  out|   32|     ap_fifo|                                    Suppression_to_Hysteresis|       pointer|
|Suppression_to_Hysteresis_full_n          |   in|    1|     ap_fifo|                                    Suppression_to_Hysteresis|       pointer|
|Suppression_to_Hysteresis_write           |  out|    1|     ap_fifo|                                    Suppression_to_Hysteresis|       pointer|
|Suppression_to_Hysteresis_num_data_valid  |   in|    4|     ap_fifo|                                    Suppression_to_Hysteresis|       pointer|
|Suppression_to_Hysteresis_fifo_cap        |   in|    4|     ap_fifo|                                    Suppression_to_Hysteresis|       pointer|
|Cols_1                                    |   in|   32|     ap_none|                                                       Cols_1|        scalar|
|bound                                     |   in|   62|     ap_none|                                                        bound|        scalar|
+------------------------------------------+-----+-----+------------+-------------------------------------------------------------+--------------+

============================================================
+ Verbose Summary: Synthesis Manager
============================================================
InlineROM: 1
ExposeGlobal: 0
============================================================
+ Verbose Summary: CDFG Model
============================================================
IsTopModel: 0
ResetActiveHigh: 1
IsCombinational: 2
IsDatapathOnly: 2
HasWiredReturn: 1
HasMFsm: 2
HasVarLatency: 1
IsPipeline: 0
IsRtlPipelined: 0
IsInstanceOverlapped: 0
IsDontTouch: 0
HasImplIP: 0
IsGatedGlobalClock: 0

+ Individual pipeline summary: 
  * Pipeline-0: initiation interval (II) = 1, depth = 5


============================================================
+ Verbose Summary: Schedule
============================================================
* Number of FSM states : 5
* Pipeline : 1
  Pipeline-0 : II = 1, D = 5, States = { 1 2 3 4 5 }
* Dataflow Pipeline: 0

* FSM state transitions: 
1 --> 2 
2 --> 3 
3 --> 4 
4 --> 5 
5 --> 

* FSM state operations: 

State 1 <SV = 0> <Delay = 3.25>
ST_1 : Operation 7 [1/1] (0.00ns)   --->   "%reuse_addr_reg23 = alloca i32 1"   --->   Operation 7 'alloca' 'reuse_addr_reg23' <Predicate = true> <Delay = 0.00>
ST_1 : Operation 8 [1/1] (0.00ns)   --->   "%reuse_reg22 = alloca i32 1"   --->   Operation 8 'alloca' 'reuse_reg22' <Predicate = true> <Delay = 0.00>
ST_1 : Operation 9 [1/1] (0.00ns)   --->   "%reuse_addr_reg = alloca i32 1"   --->   Operation 9 'alloca' 'reuse_addr_reg' <Predicate = true> <Delay = 0.00>
ST_1 : Operation 10 [1/1] (0.00ns)   --->   "%reuse_reg = alloca i32 1"   --->   Operation 10 'alloca' 'reuse_reg' <Predicate = true> <Delay = 0.00>
ST_1 : Operation 11 [1/1] (0.00ns)   --->   "%empty = alloca i32 1"   --->   Operation 11 'alloca' 'empty' <Predicate = true> <Delay = 0.00>
ST_1 : Operation 12 [1/1] (0.00ns)   --->   "%J = alloca i32 1" [Suppression_Filter.cpp:13]   --->   Operation 12 'alloca' 'J' <Predicate = true> <Delay = 0.00>
ST_1 : Operation 13 [1/1] (0.00ns)   --->   "%indvar_flatten = alloca i32 1"   --->   Operation 13 'alloca' 'indvar_flatten' <Predicate = true> <Delay = 0.00>
ST_1 : Operation 14 [1/1] (0.00ns)   --->   "%empty_49 = alloca i32 1"   --->   Operation 14 'alloca' 'empty_49' <Predicate = true> <Delay = 0.00>
ST_1 : Operation 15 [1/1] (0.00ns)   --->   "%empty_50 = alloca i32 1"   --->   Operation 15 'alloca' 'empty_50' <Predicate = true> <Delay = 0.00>
ST_1 : Operation 16 [1/1] (0.00ns)   --->   "%empty_51 = alloca i32 1"   --->   Operation 16 'alloca' 'empty_51' <Predicate = true> <Delay = 0.00>
ST_1 : Operation 17 [1/1] (0.00ns)   --->   "%empty_52 = alloca i32 1"   --->   Operation 17 'alloca' 'empty_52' <Predicate = true> <Delay = 0.00>
ST_1 : Operation 18 [1/1] (0.00ns)   --->   "%empty_53 = alloca i32 1"   --->   Operation 18 'alloca' 'empty_53' <Predicate = true> <Delay = 0.00>
ST_1 : Operation 19 [1/1] (0.00ns)   --->   "%specinterface_ln0 = specinterface void @_ssdm_op_SpecInterface, i32 %Sobel_to_Suppression, void @empty_9, i32 0, i32 0, void @empty_1, i32 0, i32 0, void @empty_1, void @empty_1, void @empty_1, i32 0, i32 0, i32 0, i32 0, void @empty_1, void @empty_1, i32 4294967295, i32 0, i32 0, i32 0"   --->   Operation 19 'specinterface' 'specinterface_ln0' <Predicate = true> <Delay = 0.00>
ST_1 : Operation 20 [1/1] (0.00ns)   --->   "%specinterface_ln0 = specinterface void @_ssdm_op_SpecInterface, i32 %Suppression_to_Hysteresis, void @empty_9, i32 0, i32 0, void @empty_1, i32 0, i32 0, void @empty_1, void @empty_1, void @empty_1, i32 0, i32 0, i32 0, i32 0, void @empty_1, void @empty_1, i32 4294967295, i32 0, i32 0, i32 0"   --->   Operation 20 'specinterface' 'specinterface_ln0' <Predicate = true> <Delay = 0.00>
ST_1 : Operation 21 [1/1] (0.00ns)   --->   "%bound_read = read i62 @_ssdm_op_Read.ap_auto.i62, i62 %bound"   --->   Operation 21 'read' 'bound_read' <Predicate = true> <Delay = 0.00>
ST_1 : Operation 22 [1/1] (0.00ns)   --->   "%Cols_1_read = read i32 @_ssdm_op_Read.ap_auto.i32, i32 %Cols_1"   --->   Operation 22 'read' 'Cols_1_read' <Predicate = true> <Delay = 0.00>
ST_1 : Operation 23 [1/1] (3.25ns)   --->   "%Line_Buffer_1 = alloca i64 1" [Suppression_Filter.cpp:5]   --->   Operation 23 'alloca' 'Line_Buffer_1' <Predicate = true> <Delay = 3.25> <CoreInst = "RAM">   --->   Core 81 'RAM' <Latency = 1> <II = 1> <Delay = 3.25> <Storage> <Opcode : 'load' 'store'> <Ports = 2> <Width = 16> <Depth = 1920> <RAM>
ST_1 : Operation 24 [1/1] (3.25ns)   --->   "%Line_Buffer = alloca i64 1" [Suppression_Filter.cpp:5]   --->   Operation 24 'alloca' 'Line_Buffer' <Predicate = true> <Delay = 3.25> <CoreInst = "RAM">   --->   Core 81 'RAM' <Latency = 1> <II = 1> <Delay = 3.25> <Storage> <Opcode : 'load' 'store'> <Ports = 2> <Width = 8> <Depth = 1920> <RAM>
ST_1 : Operation 25 [1/1] (1.58ns)   --->   "%store_ln0 = store i62 0, i62 %indvar_flatten"   --->   Operation 25 'store' 'store_ln0' <Predicate = true> <Delay = 1.58>
ST_1 : Operation 26 [1/1] (1.58ns)   --->   "%store_ln13 = store i31 0, i31 %J" [Suppression_Filter.cpp:13]   --->   Operation 26 'store' 'store_ln13' <Predicate = true> <Delay = 1.58>
ST_1 : Operation 27 [1/1] (1.58ns)   --->   "%store_ln0 = store i16 0, i16 %reuse_reg"   --->   Operation 27 'store' 'store_ln0' <Predicate = true> <Delay = 1.58>
ST_1 : Operation 28 [1/1] (1.58ns)   --->   "%store_ln0 = store i64 18446744073709551615, i64 %reuse_addr_reg"   --->   Operation 28 'store' 'store_ln0' <Predicate = true> <Delay = 1.58>
ST_1 : Operation 29 [1/1] (1.58ns)   --->   "%store_ln0 = store i8 0, i8 %reuse_reg22"   --->   Operation 29 'store' 'store_ln0' <Predicate = true> <Delay = 1.58>
ST_1 : Operation 30 [1/1] (1.58ns)   --->   "%store_ln0 = store i64 18446744073709551615, i64 %reuse_addr_reg23"   --->   Operation 30 'store' 'store_ln0' <Predicate = true> <Delay = 1.58>
ST_1 : Operation 31 [1/1] (0.00ns)   --->   "%br_ln11 = br void %VITIS_LOOP_19_3" [Suppression_Filter.cpp:11]   --->   Operation 31 'br' 'br_ln11' <Predicate = true> <Delay = 0.00>

State 2 <SV = 1> <Delay = 5.05>
ST_2 : Operation 32 [1/1] (0.00ns)   --->   "%indvar_flatten_load = load i62 %indvar_flatten" [Suppression_Filter.cpp:11]   --->   Operation 32 'load' 'indvar_flatten_load' <Predicate = true> <Delay = 0.00>
ST_2 : Operation 33 [1/1] (3.46ns)   --->   "%icmp_ln11 = icmp_eq  i62 %indvar_flatten_load, i62 %bound_read" [Suppression_Filter.cpp:11]   --->   Operation 33 'icmp' 'icmp_ln11' <Predicate = true> <Delay = 3.46> <CoreInst = "Cmp">   --->   Core 9 'Cmp' <Latency = 0> <II = 1> <Delay = 3.46> <FuncUnit> <Opcode : 'seteq' 'setne' 'setle' 'setge' 'setlt' 'setgt'> <InPorts = 2> <OutPorts = 1>
ST_2 : Operation 34 [1/1] (0.00ns)   --->   "%br_ln11 = br i1 %icmp_ln11, void %for.inc80, void %for.end82.exitStub" [Suppression_Filter.cpp:11]   --->   Operation 34 'br' 'br_ln11' <Predicate = true> <Delay = 0.00>
ST_2 : Operation 35 [1/1] (3.46ns)   --->   "%add_ln11 = add i62 %indvar_flatten_load, i62 1" [Suppression_Filter.cpp:11]   --->   Operation 35 'add' 'add_ln11' <Predicate = (!icmp_ln11)> <Delay = 3.46> <CoreInst = "Adder">   --->   Core 1 'Adder' <Latency = 0> <II = 1> <Delay = 3.46> <FuncUnit> <Opcode : 'add' 'sub'> <InPorts = 2> <OutPorts = 1>
ST_2 : Operation 36 [1/1] (1.58ns)   --->   "%store_ln11 = store i62 %add_ln11, i62 %indvar_flatten" [Suppression_Filter.cpp:11]   --->   Operation 36 'store' 'store_ln11' <Predicate = (!icmp_ln11)> <Delay = 1.58>

State 3 <SV = 2> <Delay = 7.39>
ST_3 : Operation 37 [1/1] (0.00ns)   --->   "%J_load = load i31 %J" [Suppression_Filter.cpp:13]   --->   Operation 37 'load' 'J_load' <Predicate = (!icmp_ln11)> <Delay = 0.00>
ST_3 : Operation 38 [1/1] (0.00ns)   --->   "%zext_ln13_1 = zext i31 %J_load" [Suppression_Filter.cpp:13]   --->   Operation 38 'zext' 'zext_ln13_1' <Predicate = (!icmp_ln11)> <Delay = 0.00>
ST_3 : Operation 39 [1/1] (2.55ns)   --->   "%icmp_ln13 = icmp_slt  i32 %zext_ln13_1, i32 %Cols_1_read" [Suppression_Filter.cpp:13]   --->   Operation 39 'icmp' 'icmp_ln13' <Predicate = (!icmp_ln11)> <Delay = 2.55> <CoreInst = "Cmp">   --->   Core 9 'Cmp' <Latency = 0> <II = 1> <Delay = 2.55> <FuncUnit> <Opcode : 'seteq' 'setne' 'setle' 'setge' 'setlt' 'setgt'> <InPorts = 2> <OutPorts = 1>
ST_3 : Operation 40 [1/1] (0.73ns)   --->   "%select_ln11 = select i1 %icmp_ln13, i31 %J_load, i31 0" [Suppression_Filter.cpp:11]   --->   Operation 40 'select' 'select_ln11' <Predicate = (!icmp_ln11)> <Delay = 0.73> <CoreInst = "Sel">   --->   Core 73 'Sel' <Latency = 0> <II = 1> <Delay = 0.73> <FuncUnit> <Opcode : 'select'> <InPorts = 3> <OutPorts = 1>
ST_3 : Operation 41 [1/1] (0.00ns)   --->   "%zext_ln13 = zext i31 %select_ln11" [Suppression_Filter.cpp:13]   --->   Operation 41 'zext' 'zext_ln13' <Predicate = (!icmp_ln11)> <Delay = 0.00>
ST_3 : Operation 42 [1/1] ( I:3.54ns O:3.54ns )   --->   "%Pixel_In = read i32 @_ssdm_op_Read.ap_fifo.volatile.i32P0A, i32 %Sobel_to_Suppression" [Suppression_Filter.cpp:17]   --->   Operation 42 'read' 'Pixel_In' <Predicate = (!icmp_ln11)> <Delay = 3.54> <CoreInst = "FIFO_SRL">   --->   Core 80 'FIFO_SRL' <Latency = 0> <II = 1> <Delay = 3.54> <Storage> <Opcode : 'read' 'write' 'nbread' 'nbwrite'> <Ports = 0> <Width = 32> <Depth = 8> <FIFO>
ST_3 : Operation 43 [1/1] (0.00ns)   --->   "%trunc_ln17 = trunc i32 %Pixel_In" [Suppression_Filter.cpp:17]   --->   Operation 43 'trunc' 'trunc_ln17' <Predicate = (!icmp_ln11)> <Delay = 0.00>
ST_3 : Operation 44 [1/1] (0.00ns)   --->   "%trunc_ln17_1 = trunc i32 %Pixel_In" [Suppression_Filter.cpp:17]   --->   Operation 44 'trunc' 'trunc_ln17_1' <Predicate = (!icmp_ln11)> <Delay = 0.00>
ST_3 : Operation 45 [1/1] (0.00ns)   --->   "%Line_Buffer_addr = getelementptr i8 %Line_Buffer, i64 0, i64 %zext_ln13" [Suppression_Filter.cpp:25]   --->   Operation 45 'getelementptr' 'Line_Buffer_addr' <Predicate = (!icmp_ln11)> <Delay = 0.00>
ST_3 : Operation 46 [1/1] (0.00ns)   --->   "%reuse_addr_reg23_load = load i64 %reuse_addr_reg23"   --->   Operation 46 'load' 'reuse_addr_reg23_load' <Predicate = (!icmp_ln11)> <Delay = 0.00>
ST_3 : Operation 47 [2/2] (3.25ns)   --->   "%Line_Buffer_load = load i11 %Line_Buffer_addr" [Suppression_Filter.cpp:25]   --->   Operation 47 'load' 'Line_Buffer_load' <Predicate = (!icmp_ln11)> <Delay = 3.25> <CoreInst = "RAM">   --->   Core 81 'RAM' <Latency = 1> <II = 1> <Delay = 3.25> <Storage> <Opcode : 'load' 'store'> <Ports = 2> <Width = 8> <Depth = 1920> <RAM>
ST_3 : Operation 48 [1/1] (3.52ns)   --->   "%addr_cmp26 = icmp_eq  i64 %reuse_addr_reg23_load, i64 %zext_ln13" [Suppression_Filter.cpp:13]   --->   Operation 48 'icmp' 'addr_cmp26' <Predicate = (!icmp_ln11)> <Delay = 3.52> <CoreInst = "Cmp">   --->   Core 9 'Cmp' <Latency = 0> <II = 1> <Delay = 3.52> <FuncUnit> <Opcode : 'seteq' 'setne' 'setle' 'setge' 'setlt' 'setgt'> <InPorts = 2> <OutPorts = 1>
ST_3 : Operation 49 [1/1] (0.00ns)   --->   "%Line_Buffer_1_addr = getelementptr i16 %Line_Buffer_1, i64 0, i64 %zext_ln13" [Suppression_Filter.cpp:26]   --->   Operation 49 'getelementptr' 'Line_Buffer_1_addr' <Predicate = (!icmp_ln11)> <Delay = 0.00>
ST_3 : Operation 50 [1/1] (0.00ns)   --->   "%reuse_addr_reg_load = load i64 %reuse_addr_reg"   --->   Operation 50 'load' 'reuse_addr_reg_load' <Predicate = (!icmp_ln11)> <Delay = 0.00>
ST_3 : Operation 51 [2/2] (3.25ns)   --->   "%Line_Buffer_1_load = load i11 %Line_Buffer_1_addr" [Suppression_Filter.cpp:26]   --->   Operation 51 'load' 'Line_Buffer_1_load' <Predicate = (!icmp_ln11)> <Delay = 3.25> <CoreInst = "RAM">   --->   Core 81 'RAM' <Latency = 1> <II = 1> <Delay = 3.25> <Storage> <Opcode : 'load' 'store'> <Ports = 2> <Width = 16> <Depth = 1920> <RAM>
ST_3 : Operation 52 [1/1] (3.52ns)   --->   "%addr_cmp = icmp_eq  i64 %reuse_addr_reg_load, i64 %zext_ln13" [Suppression_Filter.cpp:13]   --->   Operation 52 'icmp' 'addr_cmp' <Predicate = (!icmp_ln11)> <Delay = 3.52> <CoreInst = "Cmp">   --->   Core 9 'Cmp' <Latency = 0> <II = 1> <Delay = 3.52> <FuncUnit> <Opcode : 'seteq' 'setne' 'setle' 'setge' 'setlt' 'setgt'> <InPorts = 2> <OutPorts = 1>
ST_3 : Operation 53 [1/1] (1.58ns)   --->   "%store_ln13 = store i64 %zext_ln13, i64 %reuse_addr_reg23" [Suppression_Filter.cpp:13]   --->   Operation 53 'store' 'store_ln13' <Predicate = (!icmp_ln11)> <Delay = 1.58>
ST_3 : Operation 54 [1/1] ( I:3.25ns O:3.25ns )   --->   "%store_ln29 = store i16 %trunc_ln17_1, i11 %Line_Buffer_1_addr" [Suppression_Filter.cpp:29]   --->   Operation 54 'store' 'store_ln29' <Predicate = (!icmp_ln11)> <Delay = 3.25> <CoreInst = "RAM">   --->   Core 81 'RAM' <Latency = 1> <II = 1> <Delay = 3.25> <Storage> <Opcode : 'load' 'store'> <Ports = 2> <Width = 16> <Depth = 1920> <RAM>
ST_3 : Operation 55 [1/1] (1.58ns)   --->   "%store_ln13 = store i64 %zext_ln13, i64 %reuse_addr_reg" [Suppression_Filter.cpp:13]   --->   Operation 55 'store' 'store_ln13' <Predicate = (!icmp_ln11)> <Delay = 1.58>
ST_3 : Operation 56 [1/1] (2.52ns)   --->   "%add_ln13 = add i31 %select_ln11, i31 1" [Suppression_Filter.cpp:13]   --->   Operation 56 'add' 'add_ln13' <Predicate = (!icmp_ln11)> <Delay = 2.52> <CoreInst = "Adder">   --->   Core 1 'Adder' <Latency = 0> <II = 1> <Delay = 2.52> <FuncUnit> <Opcode : 'add' 'sub'> <InPorts = 2> <OutPorts = 1>
ST_3 : Operation 57 [1/1] (1.58ns)   --->   "%store_ln13 = store i31 %add_ln13, i31 %J" [Suppression_Filter.cpp:13]   --->   Operation 57 'store' 'store_ln13' <Predicate = (!icmp_ln11)> <Delay = 1.58>

State 4 <SV = 3> <Delay = 7.31>
ST_4 : Operation 58 [1/1] (0.00ns)   --->   "%p_load19 = load i16 %empty"   --->   Operation 58 'load' 'p_load19' <Predicate = true> <Delay = 0.00>
ST_4 : Operation 59 [1/1] (0.00ns)   --->   "%p_load18 = load i8 %empty_49"   --->   Operation 59 'load' 'p_load18' <Predicate = true> <Delay = 0.00>
ST_4 : Operation 60 [1/1] (0.00ns)   --->   "%p_load17 = load i8 %empty_50" [Suppression_Filter.cpp:13]   --->   Operation 60 'load' 'p_load17' <Predicate = true> <Delay = 0.00>
ST_4 : Operation 61 [1/1] (0.00ns)   --->   "%p_load16 = load i8 %empty_51" [Suppression_Filter.cpp:13]   --->   Operation 61 'load' 'p_load16' <Predicate = true> <Delay = 0.00>
ST_4 : Operation 62 [1/1] (0.00ns)   --->   "%p_load15 = load i8 %empty_52"   --->   Operation 62 'load' 'p_load15' <Predicate = true> <Delay = 0.00>
ST_4 : Operation 63 [1/1] (0.00ns)   --->   "%p_load = load i8 %empty_53" [Suppression_Filter.cpp:13]   --->   Operation 63 'load' 'p_load' <Predicate = true> <Delay = 0.00>
ST_4 : Operation 64 [1/1] (0.00ns)   --->   "%Center_Magnitude = trunc i16 %p_load19"   --->   Operation 64 'trunc' 'Center_Magnitude' <Predicate = true> <Delay = 0.00>
ST_4 : Operation 65 [1/1] (0.00ns)   --->   "%specloopname_ln0 = specloopname void @_ssdm_op_SpecLoopName, void @VITIS_LOOP_11_1_VITIS_LOOP_13_2_str"   --->   Operation 65 'specloopname' 'specloopname_ln0' <Predicate = (!icmp_ln11)> <Delay = 0.00>
ST_4 : Operation 66 [1/1] (0.00ns)   --->   "%specpipeline_ln15 = specpipeline void @_ssdm_op_SpecPipeline, i32 1, i32 0, i32 0, i32 0, i32 4294967295, void @empty_1" [Suppression_Filter.cpp:15]   --->   Operation 66 'specpipeline' 'specpipeline_ln15' <Predicate = (!icmp_ln11)> <Delay = 0.00>
ST_4 : Operation 67 [1/1] (0.00ns)   --->   "%reuse_reg22_load = load i8 %reuse_reg22"   --->   Operation 67 'load' 'reuse_reg22_load' <Predicate = (!icmp_ln11 & addr_cmp26)> <Delay = 0.00>
ST_4 : Operation 68 [1/2] ( I:3.25ns O:3.25ns )   --->   "%Line_Buffer_load = load i11 %Line_Buffer_addr" [Suppression_Filter.cpp:25]   --->   Operation 68 'load' 'Line_Buffer_load' <Predicate = (!icmp_ln11)> <Delay = 3.25> <CoreInst = "RAM">   --->   Core 81 'RAM' <Latency = 1> <II = 1> <Delay = 3.25> <Storage> <Opcode : 'load' 'store'> <Ports = 2> <Width = 8> <Depth = 1920> <RAM>
ST_4 : Operation 69 [1/1] (1.24ns)   --->   "%Top_Pixel = select i1 %addr_cmp26, i8 %reuse_reg22_load, i8 %Line_Buffer_load" [Suppression_Filter.cpp:13]   --->   Operation 69 'select' 'Top_Pixel' <Predicate = (!icmp_ln11)> <Delay = 1.24> <CoreInst = "Sel">   --->   Core 73 'Sel' <Latency = 0> <II = 1> <Delay = 1.24> <FuncUnit> <Opcode : 'select'> <InPorts = 3> <OutPorts = 1>
ST_4 : Operation 70 [1/1] (0.00ns)   --->   "%reuse_reg_load = load i16 %reuse_reg"   --->   Operation 70 'load' 'reuse_reg_load' <Predicate = (!icmp_ln11 & addr_cmp)> <Delay = 0.00>
ST_4 : Operation 71 [1/2] ( I:3.25ns O:3.25ns )   --->   "%Line_Buffer_1_load = load i11 %Line_Buffer_1_addr" [Suppression_Filter.cpp:26]   --->   Operation 71 'load' 'Line_Buffer_1_load' <Predicate = (!icmp_ln11)> <Delay = 3.25> <CoreInst = "RAM">   --->   Core 81 'RAM' <Latency = 1> <II = 1> <Delay = 3.25> <Storage> <Opcode : 'load' 'store'> <Ports = 2> <Width = 16> <Depth = 1920> <RAM>
ST_4 : Operation 72 [1/1] (0.80ns)   --->   "%Mid_Pixel = select i1 %addr_cmp, i16 %reuse_reg_load, i16 %Line_Buffer_1_load" [Suppression_Filter.cpp:13]   --->   Operation 72 'select' 'Mid_Pixel' <Predicate = (!icmp_ln11)> <Delay = 0.80> <CoreInst = "Sel">   --->   Core 73 'Sel' <Latency = 0> <II = 1> <Delay = 0.80> <FuncUnit> <Opcode : 'select'> <InPorts = 3> <OutPorts = 1>
ST_4 : Operation 73 [1/1] (0.00ns)   --->   "%trunc_ln26 = trunc i16 %Mid_Pixel" [Suppression_Filter.cpp:26]   --->   Operation 73 'trunc' 'trunc_ln26' <Predicate = (!icmp_ln11)> <Delay = 0.00>
ST_4 : Operation 74 [1/1] ( I:3.25ns O:3.25ns )   --->   "%store_ln28 = store i8 %trunc_ln26, i11 %Line_Buffer_addr" [Suppression_Filter.cpp:28]   --->   Operation 74 'store' 'store_ln28' <Predicate = (!icmp_ln11)> <Delay = 3.25> <CoreInst = "RAM">   --->   Core 81 'RAM' <Latency = 1> <II = 1> <Delay = 3.25> <Storage> <Opcode : 'load' 'store'> <Ports = 2> <Width = 8> <Depth = 1920> <RAM>
ST_4 : Operation 75 [1/1] (1.58ns)   --->   "%store_ln26 = store i8 %trunc_ln26, i8 %reuse_reg22" [Suppression_Filter.cpp:26]   --->   Operation 75 'store' 'store_ln26' <Predicate = (!icmp_ln11)> <Delay = 1.58>
ST_4 : Operation 76 [1/1] (1.58ns)   --->   "%store_ln17 = store i16 %trunc_ln17_1, i16 %reuse_reg" [Suppression_Filter.cpp:17]   --->   Operation 76 'store' 'store_ln17' <Predicate = (!icmp_ln11)> <Delay = 1.58>
ST_4 : Operation 77 [1/1] (0.00ns)   --->   "%trunc_ln = partselect i8 @_ssdm_op_PartSelect.i8.i16.i32.i32, i16 %p_load19, i32 8, i32 15" [Suppression_Filter.cpp:36]   --->   Operation 77 'partselect' 'trunc_ln' <Predicate = (!icmp_ln11)> <Delay = 0.00>
ST_4 : Operation 78 [1/1] (1.91ns)   --->   "%switch_ln41 = switch i8 %trunc_ln, void %if.else66, i8 0, void %if.end74, i8 45, void %if.then50, i8 90, void %if.then59" [Suppression_Filter.cpp:41]   --->   Operation 78 'switch' 'switch_ln41' <Predicate = (!icmp_ln11)> <Delay = 1.91>
ST_4 : Operation 79 [1/1] (1.82ns)   --->   "%br_ln55 = br void %if.end74" [Suppression_Filter.cpp:55]   --->   Operation 79 'br' 'br_ln55' <Predicate = (!icmp_ln11 & trunc_ln == 90)> <Delay = 1.82>
ST_4 : Operation 80 [1/1] (1.82ns)   --->   "%br_ln50 = br void %if.end74" [Suppression_Filter.cpp:50]   --->   Operation 80 'br' 'br_ln50' <Predicate = (!icmp_ln11 & trunc_ln == 45)> <Delay = 1.82>
ST_4 : Operation 81 [1/1] (1.82ns)   --->   "%br_ln0 = br void %if.end74"   --->   Operation 81 'br' 'br_ln0' <Predicate = (!icmp_ln11 & trunc_ln != 0 & trunc_ln != 45 & trunc_ln != 90)> <Delay = 1.82>
ST_4 : Operation 82 [1/1] (0.00ns)   --->   "%store_ln0 = store i8 %p_load15, i8 %empty_53"   --->   Operation 82 'store' 'store_ln0' <Predicate = (!icmp_ln11)> <Delay = 0.00>
ST_4 : Operation 83 [1/1] (0.00ns)   --->   "%store_ln17 = store i8 %trunc_ln17, i8 %empty_52" [Suppression_Filter.cpp:17]   --->   Operation 83 'store' 'store_ln17' <Predicate = (!icmp_ln11)> <Delay = 0.00>
ST_4 : Operation 84 [1/1] (0.00ns)   --->   "%store_ln0 = store i8 %Center_Magnitude, i8 %empty_51"   --->   Operation 84 'store' 'store_ln0' <Predicate = (!icmp_ln11)> <Delay = 0.00>
ST_4 : Operation 85 [1/1] (0.00ns)   --->   "%store_ln0 = store i8 %p_load18, i8 %empty_50"   --->   Operation 85 'store' 'store_ln0' <Predicate = (!icmp_ln11)> <Delay = 0.00>
ST_4 : Operation 86 [1/1] (0.00ns)   --->   "%store_ln13 = store i8 %Top_Pixel, i8 %empty_49" [Suppression_Filter.cpp:13]   --->   Operation 86 'store' 'store_ln13' <Predicate = (!icmp_ln11)> <Delay = 0.00>
ST_4 : Operation 87 [1/1] (0.00ns)   --->   "%store_ln13 = store i16 %Mid_Pixel, i16 %empty" [Suppression_Filter.cpp:13]   --->   Operation 87 'store' 'store_ln13' <Predicate = (!icmp_ln11)> <Delay = 0.00>
ST_4 : Operation 99 [1/1] (1.58ns)   --->   "%ret_ln0 = ret"   --->   Operation 99 'ret' 'ret_ln0' <Predicate = (icmp_ln11)> <Delay = 1.58>

State 5 <SV = 4> <Delay = 6.71>
ST_5 : Operation 88 [1/1] (0.00ns)   --->   "%Magnitude_1 = phi i8 %p_load17, void %if.then50, i8 %p_load18, void %if.then59, i8 %p_load, void %if.else66, i8 %p_load16, void %for.inc80" [Suppression_Filter.cpp:13]   --->   Operation 88 'phi' 'Magnitude_1' <Predicate = true> <Delay = 0.00>
ST_5 : Operation 89 [1/1] (0.00ns)   --->   "%Magnitude_2 = phi i8 %trunc_ln17, void %if.then50, i8 %p_load15, void %if.then59, i8 %Top_Pixel, void %if.else66, i8 %trunc_ln26, void %for.inc80"   --->   Operation 89 'phi' 'Magnitude_2' <Predicate = true> <Delay = 0.00>
ST_5 : Operation 90 [1/1] (1.91ns)   --->   "%icmp_ln62 = icmp_ult  i8 %Center_Magnitude, i8 %Magnitude_1" [Suppression_Filter.cpp:62]   --->   Operation 90 'icmp' 'icmp_ln62' <Predicate = true> <Delay = 1.91> <CoreInst = "Cmp">   --->   Core 9 'Cmp' <Latency = 0> <II = 1> <Delay = 1.91> <FuncUnit> <Opcode : 'seteq' 'setne' 'setle' 'setge' 'setlt' 'setgt'> <InPorts = 2> <OutPorts = 1>
ST_5 : Operation 91 [1/1] (0.00ns) (grouped into LUT with out node Final_Magnitude)   --->   "%xor_ln62 = xor i1 %icmp_ln62, i1 1" [Suppression_Filter.cpp:62]   --->   Operation 91 'xor' 'xor_ln62' <Predicate = true> <Delay = 0.00> <CoreInst = "LogicGate">   --->   Core 74 'LogicGate' <Latency = 0> <II = 1> <Delay = 0.97> <FuncUnit> <Opcode : 'and' 'or' 'xor'> <InPorts = 2> <OutPorts = 1>
ST_5 : Operation 92 [1/1] (1.91ns)   --->   "%icmp_ln62_1 = icmp_ult  i8 %Center_Magnitude, i8 %Magnitude_2" [Suppression_Filter.cpp:62]   --->   Operation 92 'icmp' 'icmp_ln62_1' <Predicate = true> <Delay = 1.91> <CoreInst = "Cmp">   --->   Core 9 'Cmp' <Latency = 0> <II = 1> <Delay = 1.91> <FuncUnit> <Opcode : 'seteq' 'setne' 'setle' 'setge' 'setlt' 'setgt'> <InPorts = 2> <OutPorts = 1>
ST_5 : Operation 93 [1/1] (0.00ns) (grouped into LUT with out node Final_Magnitude)   --->   "%xor_ln62_1 = xor i1 %icmp_ln62_1, i1 1" [Suppression_Filter.cpp:62]   --->   Operation 93 'xor' 'xor_ln62_1' <Predicate = true> <Delay = 0.00> <CoreInst = "LogicGate">   --->   Core 74 'LogicGate' <Latency = 0> <II = 1> <Delay = 0.97> <FuncUnit> <Opcode : 'and' 'or' 'xor'> <InPorts = 2> <OutPorts = 1>
ST_5 : Operation 94 [1/1] (0.00ns) (grouped into LUT with out node Final_Magnitude)   --->   "%and_ln62 = and i1 %xor_ln62, i1 %xor_ln62_1" [Suppression_Filter.cpp:62]   --->   Operation 94 'and' 'and_ln62' <Predicate = true> <Delay = 0.00> <CoreInst = "LogicGate">   --->   Core 74 'LogicGate' <Latency = 0> <II = 1> <Delay = 0.97> <FuncUnit> <Opcode : 'and' 'or' 'xor'> <InPorts = 2> <OutPorts = 1>
ST_5 : Operation 95 [1/1] (1.24ns) (out node of the LUT)   --->   "%Final_Magnitude = select i1 %and_ln62, i8 %Center_Magnitude, i8 0" [Suppression_Filter.cpp:62]   --->   Operation 95 'select' 'Final_Magnitude' <Predicate = true> <Delay = 1.24> <CoreInst = "Sel">   --->   Core 73 'Sel' <Latency = 0> <II = 1> <Delay = 1.24> <FuncUnit> <Opcode : 'select'> <InPorts = 3> <OutPorts = 1>
ST_5 : Operation 96 [1/1] (0.00ns)   --->   "%zext_ln62 = zext i8 %Final_Magnitude" [Suppression_Filter.cpp:62]   --->   Operation 96 'zext' 'zext_ln62' <Predicate = true> <Delay = 0.00>
ST_5 : Operation 97 [1/1] ( I:3.54ns O:3.54ns )   --->   "%write_ln67 = write void @_ssdm_op_Write.ap_fifo.volatile.i32P0A, i32 %Suppression_to_Hysteresis, i32 %zext_ln62" [Suppression_Filter.cpp:67]   --->   Operation 97 'write' 'write_ln67' <Predicate = true> <Delay = 3.54> <CoreInst = "FIFO_SRL">   --->   Core 80 'FIFO_SRL' <Latency = 0> <II = 1> <Delay = 3.54> <Storage> <Opcode : 'read' 'write' 'nbread' 'nbwrite'> <Ports = 0> <Width = 32> <Depth = 8> <FIFO>
ST_5 : Operation 98 [1/1] (0.00ns)   --->   "%br_ln13 = br void %VITIS_LOOP_19_3" [Suppression_Filter.cpp:13]   --->   Operation 98 'br' 'br_ln13' <Predicate = true> <Delay = 0.00>


============================================================
+ Verbose Summary: Binding
============================================================
STG Binding: 
---------------- STG Properties BEGIN ----------------
- Is combinational: 0
- Is one-state seq: 0
- Is datapath-only: 0
- Is pipelined: 0
- Is top level: 0
Port [ Return ] is wired: 1; IO mode=ap_ctrl_hs:ce=0
Port [ Suppression_to_Hysteresis]:  wired=1; compound=1; hidden=0; nouse=0; global=0; static=0; extern=0; dir=1; type=3; pingpong=0; private_global=0; IO mode=ap_fifo:ce=0
Port [ Cols_1]:  wired=1; compound=0; hidden=0; nouse=0; global=0; static=0; extern=0; dir=0; type=0; pingpong=0; private_global=0; IO mode=ap_none:ce=0
Port [ Sobel_to_Suppression]:  wired=1; compound=1; hidden=0; nouse=0; global=0; static=0; extern=0; dir=0; type=3; pingpong=0; private_global=0; IO mode=ap_fifo:ce=0
Port [ bound]:  wired=1; compound=0; hidden=0; nouse=0; global=0; static=0; extern=0; dir=0; type=0; pingpong=0; private_global=0; IO mode=ap_none:ce=0
---------------- STG Properties END ------------------

---------------- Datapath Model BEGIN ----------------

<LifeTime>
<method=bitvector/>
reuse_addr_reg23      (alloca       ) [ 011100]
reuse_reg22           (alloca       ) [ 011110]
reuse_addr_reg        (alloca       ) [ 011100]
reuse_reg             (alloca       ) [ 011110]
empty                 (alloca       ) [ 011110]
J                     (alloca       ) [ 011100]
indvar_flatten        (alloca       ) [ 011000]
empty_49              (alloca       ) [ 011110]
empty_50              (alloca       ) [ 011110]
empty_51              (alloca       ) [ 011110]
empty_52              (alloca       ) [ 011110]
empty_53              (alloca       ) [ 011110]
specinterface_ln0     (specinterface) [ 000000]
specinterface_ln0     (specinterface) [ 000000]
bound_read            (read         ) [ 011000]
Cols_1_read           (read         ) [ 011100]
Line_Buffer_1         (alloca       ) [ 011100]
Line_Buffer           (alloca       ) [ 011100]
store_ln0             (store        ) [ 000000]
store_ln13            (store        ) [ 000000]
store_ln0             (store        ) [ 000000]
store_ln0             (store        ) [ 000000]
store_ln0             (store        ) [ 000000]
store_ln0             (store        ) [ 000000]
br_ln11               (br           ) [ 000000]
indvar_flatten_load   (load         ) [ 000000]
icmp_ln11             (icmp         ) [ 011111]
br_ln11               (br           ) [ 000000]
add_ln11              (add          ) [ 000000]
store_ln11            (store        ) [ 000000]
J_load                (load         ) [ 000000]
zext_ln13_1           (zext         ) [ 000000]
icmp_ln13             (icmp         ) [ 000000]
select_ln11           (select       ) [ 000000]
zext_ln13             (zext         ) [ 000000]
Pixel_In              (read         ) [ 000000]
trunc_ln17            (trunc        ) [ 010011]
trunc_ln17_1          (trunc        ) [ 010010]
Line_Buffer_addr      (getelementptr) [ 010010]
reuse_addr_reg23_load (load         ) [ 000000]
addr_cmp26            (icmp         ) [ 010010]
Line_Buffer_1_addr    (getelementptr) [ 010010]
reuse_addr_reg_load   (load         ) [ 000000]
addr_cmp              (icmp         ) [ 010010]
store_ln13            (store        ) [ 000000]
store_ln29            (store        ) [ 000000]
store_ln13            (store        ) [ 000000]
add_ln13              (add          ) [ 000000]
store_ln13            (store        ) [ 000000]
p_load19              (load         ) [ 000000]
p_load18              (load         ) [ 010011]
p_load17              (load         ) [ 010011]
p_load16              (load         ) [ 010011]
p_load15              (load         ) [ 010011]
p_load                (load         ) [ 010011]
Center_Magnitude      (trunc        ) [ 010001]
specloopname_ln0      (specloopname ) [ 000000]
specpipeline_ln15     (specpipeline ) [ 000000]
reuse_reg22_load      (load         ) [ 000000]
Line_Buffer_load      (load         ) [ 000000]
Top_Pixel             (select       ) [ 010011]
reuse_reg_load        (load         ) [ 000000]
Line_Buffer_1_load    (load         ) [ 000000]
Mid_Pixel             (select       ) [ 000000]
trunc_ln26            (trunc        ) [ 010011]
store_ln28            (store        ) [ 000000]
store_ln26            (store        ) [ 000000]
store_ln17            (store        ) [ 000000]
trunc_ln              (partselect   ) [ 010011]
switch_ln41           (switch       ) [ 010011]
br_ln55               (br           ) [ 010011]
br_ln50               (br           ) [ 010011]
br_ln0                (br           ) [ 010011]
store_ln0             (store        ) [ 000000]
store_ln17            (store        ) [ 000000]
store_ln0             (store        ) [ 000000]
store_ln0             (store        ) [ 000000]
store_ln13            (store        ) [ 000000]
store_ln13            (store        ) [ 000000]
Magnitude_1           (phi          ) [ 010001]
Magnitude_2           (phi          ) [ 010001]
icmp_ln62             (icmp         ) [ 000000]
xor_ln62              (xor          ) [ 000000]
icmp_ln62_1           (icmp         ) [ 000000]
xor_ln62_1            (xor          ) [ 000000]
and_ln62              (and          ) [ 000000]
Final_Magnitude       (select       ) [ 000000]
zext_ln62             (zext         ) [ 000000]
write_ln67            (write        ) [ 000000]
br_ln13               (br           ) [ 000000]
ret_ln0               (ret          ) [ 000000]
</LifeTime>

<model>

<comp_list>
<comp id="0" class="1000" name="Suppression_to_Hysteresis">
<pin_list>
<pin id="1" dir="1" index="0" bw="1" slack="0"/>
</pin_list>
<bind>
<StgValue><ssdm name="Suppression_to_Hysteresis"/></StgValue>
</bind>
</comp>

<comp id="2" class="1000" name="Cols_1">
<pin_list>
<pin id="3" dir="1" index="0" bw="1" slack="0"/>
</pin_list>
<bind>
<StgValue><ssdm name="Cols_1"/></StgValue>
</bind>
</comp>

<comp id="4" class="1000" name="Sobel_to_Suppression">
<pin_list>
<pin id="5" dir="1" index="0" bw="1" slack="0"/>
</pin_list>
<bind>
<StgValue><ssdm name="Sobel_to_Suppression"/></StgValue>
</bind>
</comp>

<comp id="6" class="1000" name="bound">
<pin_list>
<pin id="7" dir="1" index="0" bw="1" slack="0"/>
</pin_list>
<bind>
<StgValue><ssdm name="bound"/></StgValue>
</bind>
</comp>

<comp id="8" class="1001" name="const_8">
<pin_list>
<pin id="9" dir="1" index="0" bw="1" slack="0"/>
</pin_list>
<bind>
<StgValue><ssdm name=""/></StgValue>
</bind>
</comp>

<comp id="10" class="1001" name="const_10">
<pin_list>
<pin id="11" dir="1" index="0" bw="1" slack="2147483647"/>
</pin_list>
<bind>
<StgValue><ssdm name="_ssdm_op_SpecInterface"/></StgValue>
</bind>
</comp>

<comp id="12" class="1001" name="const_12">
<pin_list>
<pin id="13" dir="1" index="0" bw="1" slack="2147483647"/>
</pin_list>
<bind>
<StgValue><ssdm name="empty_9"/></StgValue>
</bind>
</comp>

<comp id="14" class="1001" name="const_14">
<pin_list>
<pin id="15" dir="1" index="0" bw="1" slack="2147483647"/>
</pin_list>
<bind>
<StgValue><ssdm name=""/></StgValue>
</bind>
</comp>

<comp id="16" class="1001" name="const_16">
<pin_list>
<pin id="17" dir="1" index="0" bw="1" slack="2147483647"/>
</pin_list>
<bind>
<StgValue><ssdm name="empty_1"/></StgValue>
</bind>
</comp>

<comp id="18" class="1001" name="const_18">
<pin_list>
<pin id="19" dir="1" index="0" bw="1" slack="2147483647"/>
</pin_list>
<bind>
<StgValue><ssdm name=""/></StgValue>
</bind>
</comp>

<comp id="20" class="1001" name="const_20">
<pin_list>
<pin id="21" dir="1" index="0" bw="1" slack="0"/>
</pin_list>
<bind>
<StgValue><ssdm name="_ssdm_op_Read.ap_auto.i62"/></StgValue>
</bind>
</comp>

<comp id="22" class="1001" name="const_22">
<pin_list>
<pin id="23" dir="1" index="0" bw="1" slack="0"/>
</pin_list>
<bind>
<StgValue><ssdm name="_ssdm_op_Read.ap_auto.i32"/></StgValue>
</bind>
</comp>

<comp id="24" class="1001" name="const_24">
<pin_list>
<pin id="25" dir="1" index="0" bw="1" slack="0"/>
</pin_list>
<bind>
<StgValue><ssdm name=""/></StgValue>
</bind>
</comp>

<comp id="26" class="1001" name="const_26">
<pin_list>
<pin id="27" dir="1" index="0" bw="1" slack="0"/>
</pin_list>
<bind>
<StgValue><ssdm name=""/></StgValue>
</bind>
</comp>

<comp id="28" class="1001" name="const_28">
<pin_list>
<pin id="29" dir="1" index="0" bw="1" slack="0"/>
</pin_list>
<bind>
<StgValue><ssdm name=""/></StgValue>
</bind>
</comp>

<comp id="30" class="1001" name="const_30">
<pin_list>
<pin id="31" dir="1" index="0" bw="1" slack="0"/>
</pin_list>
<bind>
<StgValue><ssdm name=""/></StgValue>
</bind>
</comp>

<comp id="32" class="1001" name="const_32">
<pin_list>
<pin id="33" dir="1" index="0" bw="1" slack="0"/>
</pin_list>
<bind>
<StgValue><ssdm name=""/></StgValue>
</bind>
</comp>

<comp id="34" class="1001" name="const_34">
<pin_list>
<pin id="35" dir="1" index="0" bw="1" slack="0"/>
</pin_list>
<bind>
<StgValue><ssdm name=""/></StgValue>
</bind>
</comp>

<comp id="36" class="1001" name="const_36">
<pin_list>
<pin id="37" dir="1" index="0" bw="1" slack="0"/>
</pin_list>
<bind>
<StgValue><ssdm name=""/></StgValue>
</bind>
</comp>

<comp id="38" class="1001" name="const_38">
<pin_list>
<pin id="39" dir="1" index="0" bw="1" slack="0"/>
</pin_list>
<bind>
<StgValue><ssdm name="_ssdm_op_Read.ap_fifo.volatile.i32P0A"/></StgValue>
</bind>
</comp>

<comp id="40" class="1001" name="const_40">
<pin_list>
<pin id="41" dir="1" index="0" bw="1" slack="0"/>
</pin_list>
<bind>
<StgValue><ssdm name=""/></StgValue>
</bind>
</comp>

<comp id="42" class="1001" name="const_42">
<pin_list>
<pin id="43" dir="1" index="0" bw="1" slack="0"/>
</pin_list>
<bind>
<StgValue><ssdm name=""/></StgValue>
</bind>
</comp>

<comp id="44" class="1001" name="const_44">
<pin_list>
<pin id="45" dir="1" index="0" bw="1" slack="2147483647"/>
</pin_list>
<bind>
<StgValue><ssdm name="_ssdm_op_SpecLoopName"/></StgValue>
</bind>
</comp>

<comp id="46" class="1001" name="const_46">
<pin_list>
<pin id="47" dir="1" index="0" bw="1" slack="2147483647"/>
</pin_list>
<bind>
<StgValue><ssdm name="VITIS_LOOP_11_1_VITIS_LOOP_13_2_str"/></StgValue>
</bind>
</comp>

<comp id="48" class="1001" name="const_48">
<pin_list>
<pin id="49" dir="1" index="0" bw="1" slack="2147483647"/>
</pin_list>
<bind>
<StgValue><ssdm name="_ssdm_op_SpecPipeline"/></StgValue>
</bind>
</comp>

<comp id="50" class="1001" name="const_50">
<pin_list>
<pin id="51" dir="1" index="0" bw="1" slack="0"/>
</pin_list>
<bind>
<StgValue><ssdm name="_ssdm_op_PartSelect.i8.i16.i32.i32"/></StgValue>
</bind>
</comp>

<comp id="52" class="1001" name="const_52">
<pin_list>
<pin id="53" dir="1" index="0" bw="1" slack="0"/>
</pin_list>
<bind>
<StgValue><ssdm name=""/></StgValue>
</bind>
</comp>

<comp id="54" class="1001" name="const_54">
<pin_list>
<pin id="55" dir="1" index="0" bw="1" slack="0"/>
</pin_list>
<bind>
<StgValue><ssdm name=""/></StgValue>
</bind>
</comp>

<comp id="56" class="1001" name="const_56">
<pin_list>
<pin id="57" dir="1" index="0" bw="1" slack="0"/>
</pin_list>
<bind>
<StgValue><ssdm name=""/></StgValue>
</bind>
</comp>

<comp id="58" class="1001" name="const_58">
<pin_list>
<pin id="59" dir="1" index="0" bw="1" slack="0"/>
</pin_list>
<bind>
<StgValue><ssdm name=""/></StgValue>
</bind>
</comp>

<comp id="60" class="1001" name="const_60">
<pin_list>
<pin id="61" dir="1" index="0" bw="1" slack="0"/>
</pin_list>
<bind>
<StgValue><ssdm name=""/></StgValue>
</bind>
</comp>

<comp id="62" class="1001" name="const_62">
<pin_list>
<pin id="63" dir="1" index="0" bw="1" slack="0"/>
</pin_list>
<bind>
<StgValue><ssdm name="_ssdm_op_Write.ap_fifo.volatile.i32P0A"/></StgValue>
</bind>
</comp>

<comp id="64" class="1004" name="reuse_addr_reg23_fu_64">
<pin_list>
<pin id="65" dir="0" index="0" bw="1" slack="0"/>
<pin id="66" dir="1" index="1" bw="64" slack="0"/>
</pin_list>
<bind>
<opcode="alloca(26) " fcode="alloca"/>
<opset="reuse_addr_reg23/1 "/>
</bind>
</comp>

<comp id="68" class="1004" name="reuse_reg22_fu_68">
<pin_list>
<pin id="69" dir="0" index="0" bw="1" slack="0"/>
<pin id="70" dir="1" index="1" bw="8" slack="0"/>
</pin_list>
<bind>
<opcode="alloca(26) " fcode="alloca"/>
<opset="reuse_reg22/1 "/>
</bind>
</comp>

<comp id="72" class="1004" name="reuse_addr_reg_fu_72">
<pin_list>
<pin id="73" dir="0" index="0" bw="1" slack="0"/>
<pin id="74" dir="1" index="1" bw="64" slack="0"/>
</pin_list>
<bind>
<opcode="alloca(26) " fcode="alloca"/>
<opset="reuse_addr_reg/1 "/>
</bind>
</comp>

<comp id="76" class="1004" name="reuse_reg_fu_76">
<pin_list>
<pin id="77" dir="0" index="0" bw="1" slack="0"/>
<pin id="78" dir="1" index="1" bw="16" slack="0"/>
</pin_list>
<bind>
<opcode="alloca(26) " fcode="alloca"/>
<opset="reuse_reg/1 "/>
</bind>
</comp>

<comp id="80" class="1004" name="empty_fu_80">
<pin_list>
<pin id="81" dir="0" index="0" bw="1" slack="0"/>
<pin id="82" dir="1" index="1" bw="16" slack="3"/>
</pin_list>
<bind>
<opcode="alloca(26) " fcode="alloca"/>
<opset="empty/1 "/>
</bind>
</comp>

<comp id="84" class="1004" name="J_fu_84">
<pin_list>
<pin id="85" dir="0" index="0" bw="1" slack="0"/>
<pin id="86" dir="1" index="1" bw="31" slack="0"/>
</pin_list>
<bind>
<opcode="alloca(26) " fcode="alloca"/>
<opset="J/1 "/>
</bind>
</comp>

<comp id="88" class="1004" name="indvar_flatten_fu_88">
<pin_list>
<pin id="89" dir="0" index="0" bw="1" slack="0"/>
<pin id="90" dir="1" index="1" bw="62" slack="0"/>
</pin_list>
<bind>
<opcode="alloca(26) " fcode="alloca"/>
<opset="indvar_flatten/1 "/>
</bind>
</comp>

<comp id="92" class="1004" name="empty_49_fu_92">
<pin_list>
<pin id="93" dir="0" index="0" bw="1" slack="0"/>
<pin id="94" dir="1" index="1" bw="8" slack="3"/>
</pin_list>
<bind>
<opcode="alloca(26) " fcode="alloca"/>
<opset="empty_49/1 "/>
</bind>
</comp>

<comp id="96" class="1004" name="empty_50_fu_96">
<pin_list>
<pin id="97" dir="0" index="0" bw="1" slack="0"/>
<pin id="98" dir="1" index="1" bw="8" slack="3"/>
</pin_list>
<bind>
<opcode="alloca(26) " fcode="alloca"/>
<opset="empty_50/1 "/>
</bind>
</comp>

<comp id="100" class="1004" name="empty_51_fu_100">
<pin_list>
<pin id="101" dir="0" index="0" bw="1" slack="0"/>
<pin id="102" dir="1" index="1" bw="8" slack="3"/>
</pin_list>
<bind>
<opcode="alloca(26) " fcode="alloca"/>
<opset="empty_51/1 "/>
</bind>
</comp>

<comp id="104" class="1004" name="empty_52_fu_104">
<pin_list>
<pin id="105" dir="0" index="0" bw="1" slack="0"/>
<pin id="106" dir="1" index="1" bw="8" slack="3"/>
</pin_list>
<bind>
<opcode="alloca(26) " fcode="alloca"/>
<opset="empty_52/1 "/>
</bind>
</comp>

<comp id="108" class="1004" name="empty_53_fu_108">
<pin_list>
<pin id="109" dir="0" index="0" bw="1" slack="0"/>
<pin id="110" dir="1" index="1" bw="8" slack="3"/>
</pin_list>
<bind>
<opcode="alloca(26) " fcode="alloca"/>
<opset="empty_53/1 "/>
</bind>
</comp>

<comp id="112" class="1004" name="Line_Buffer_1_alloca_fu_112">
<pin_list>
<pin id="113" dir="0" index="0" bw="1" slack="0"/>
<pin id="114" dir="1" index="1" bw="16" slack="2147483647"/>
</pin_list>
<bind>
<opcode="alloca(26) " fcode="alloca"/>
<opset="Line_Buffer_1/1 "/>
</bind>
</comp>

<comp id="116" class="1004" name="Line_Buffer_alloca_fu_116">
<pin_list>
<pin id="117" dir="0" index="0" bw="1" slack="0"/>
<pin id="118" dir="1" index="1" bw="8" slack="2147483647"/>
</pin_list>
<bind>
<opcode="alloca(26) " fcode="alloca"/>
<opset="Line_Buffer/1 "/>
</bind>
</comp>

<comp id="120" class="1004" name="bound_read_read_fu_120">
<pin_list>
<pin id="121" dir="0" index="0" bw="62" slack="0"/>
<pin id="122" dir="0" index="1" bw="62" slack="0"/>
<pin id="123" dir="1" index="2" bw="62" slack="1"/>
</pin_list>
<bind>
<opcode="read(1150) " fcode="read"/>
<opset="bound_read/1 "/>
</bind>
</comp>

<comp id="126" class="1004" name="Cols_1_read_read_fu_126">
<pin_list>
<pin id="127" dir="0" index="0" bw="32" slack="0"/>
<pin id="128" dir="0" index="1" bw="32" slack="0"/>
<pin id="129" dir="1" index="2" bw="32" slack="2"/>
</pin_list>
<bind>
<opcode="read(1150) " fcode="read"/>
<opset="Cols_1_read/1 "/>
</bind>
</comp>

<comp id="132" class="1004" name="Pixel_In_read_fu_132">
<pin_list>
<pin id="133" dir="0" index="0" bw="32" slack="0"/>
<pin id="134" dir="0" index="1" bw="32" slack="0"/>
<pin id="135" dir="1" index="2" bw="32" slack="0"/>
</pin_list>
<bind>
<opcode="read(1150) " fcode="read"/>
<opset="Pixel_In/3 "/>
</bind>
</comp>

<comp id="138" class="1004" name="write_ln67_write_fu_138">
<pin_list>
<pin id="139" dir="0" index="0" bw="0" slack="0"/>
<pin id="140" dir="0" index="1" bw="32" slack="0"/>
<pin id="141" dir="0" index="2" bw="8" slack="0"/>
<pin id="142" dir="1" index="3" bw="0" slack="2147483647"/>
</pin_list>
<bind>
<opcode="write(1151) " fcode="write"/>
<opset="write_ln67/5 "/>
</bind>
</comp>

<comp id="145" class="1004" name="Line_Buffer_addr_gep_fu_145">
<pin_list>
<pin id="146" dir="0" index="0" bw="8" slack="2147483647"/>
<pin id="147" dir="0" index="1" bw="1" slack="0"/>
<pin id="148" dir="0" index="2" bw="31" slack="0"/>
<pin id="149" dir="1" index="3" bw="11" slack="0"/>
</pin_list>
<bind>
<opcode="getelementptr(29) " fcode="getelementptr"/>
<opset="Line_Buffer_addr/3 "/>
</bind>
</comp>

<comp id="151" class="1004" name="grp_access_fu_151">
<pin_list>
<pin id="152" dir="0" index="0" bw="11" slack="1"/>
<pin id="153" dir="0" index="1" bw="8" slack="0"/>
<pin id="154" dir="0" index="2" bw="0" slack="0"/>
<pin id="156" dir="0" index="4" bw="11" slack="2147483647"/>
<pin id="157" dir="0" index="5" bw="8" slack="2147483647"/>
<pin id="158" dir="0" index="6" bw="0" slack="2147483647"/>
<pin id="155" dir="1" index="3" bw="8" slack="2147483647"/>
<pin id="159" dir="1" index="7" bw="8" slack="0"/>
</pin_list>
<bind>
<opcode="load(27) store(28) " fcode="store"/>
<opset="Line_Buffer_load/3 store_ln28/4 "/>
</bind>
</comp>

<comp id="161" class="1004" name="Line_Buffer_1_addr_gep_fu_161">
<pin_list>
<pin id="162" dir="0" index="0" bw="16" slack="2147483647"/>
<pin id="163" dir="0" index="1" bw="1" slack="0"/>
<pin id="164" dir="0" index="2" bw="31" slack="0"/>
<pin id="165" dir="1" index="3" bw="11" slack="0"/>
</pin_list>
<bind>
<opcode="getelementptr(29) " fcode="getelementptr"/>
<opset="Line_Buffer_1_addr/3 "/>
</bind>
</comp>

<comp id="167" class="1004" name="grp_access_fu_167">
<pin_list>
<pin id="168" dir="0" index="0" bw="11" slack="0"/>
<pin id="169" dir="0" index="1" bw="16" slack="0"/>
<pin id="170" dir="0" index="2" bw="0" slack="2147483647"/>
<pin id="171" dir="1" index="3" bw="16" slack="0"/>
</pin_list>
<bind>
<opcode="load(27) store(28) " fcode="store"/>
<opset="Line_Buffer_1_load/3 store_ln29/3 "/>
</bind>
</comp>

<comp id="173" class="1005" name="Magnitude_1_reg_173">
<pin_list>
<pin id="174" dir="0" index="0" bw="8" slack="2147483647"/>
<pin id="175" dir="1" index="1" bw="8" slack="2147483647"/>
</pin_list>
<bind>
<opset="Magnitude_1 (phireg) "/>
</bind>
</comp>

<comp id="176" class="1004" name="Magnitude_1_phi_fu_176">
<pin_list>
<pin id="177" dir="0" index="0" bw="8" slack="1"/>
<pin id="178" dir="0" index="1" bw="0" slack="2147483647"/>
<pin id="179" dir="0" index="2" bw="8" slack="1"/>
<pin id="180" dir="0" index="3" bw="0" slack="2147483647"/>
<pin id="181" dir="0" index="4" bw="8" slack="1"/>
<pin id="182" dir="0" index="5" bw="0" slack="2147483647"/>
<pin id="183" dir="0" index="6" bw="8" slack="1"/>
<pin id="184" dir="0" index="7" bw="0" slack="2147483647"/>
<pin id="185" dir="1" index="8" bw="8" slack="0"/>
</pin_list>
<bind>
<opcode="phi(47) " fcode="phi"/>
<opset="Magnitude_1/5 "/>
</bind>
</comp>

<comp id="186" class="1005" name="Magnitude_2_reg_186">
<pin_list>
<pin id="187" dir="0" index="0" bw="8" slack="2147483647"/>
<pin id="188" dir="1" index="1" bw="8" slack="2147483647"/>
</pin_list>
<bind>
<opset="Magnitude_2 (phireg) "/>
</bind>
</comp>

<comp id="189" class="1004" name="Magnitude_2_phi_fu_189">
<pin_list>
<pin id="190" dir="0" index="0" bw="8" slack="2"/>
<pin id="191" dir="0" index="1" bw="0" slack="2147483647"/>
<pin id="192" dir="0" index="2" bw="8" slack="1"/>
<pin id="193" dir="0" index="3" bw="0" slack="2147483647"/>
<pin id="194" dir="0" index="4" bw="8" slack="1"/>
<pin id="195" dir="0" index="5" bw="0" slack="2147483647"/>
<pin id="196" dir="0" index="6" bw="8" slack="1"/>
<pin id="197" dir="0" index="7" bw="0" slack="2147483647"/>
<pin id="198" dir="1" index="8" bw="8" slack="0"/>
</pin_list>
<bind>
<opcode="phi(47) " fcode="phi"/>
<opset="Magnitude_2/5 "/>
</bind>
</comp>

<comp id="199" class="1004" name="store_ln0_store_fu_199">
<pin_list>
<pin id="200" dir="0" index="0" bw="1" slack="0"/>
<pin id="201" dir="0" index="1" bw="62" slack="0"/>
<pin id="202" dir="1" index="2" bw="0" slack="2147483647"/>
</pin_list>
<bind>
<opcode="store(28) " fcode="store"/>
<opset="store_ln0/1 "/>
</bind>
</comp>

<comp id="204" class="1004" name="store_ln13_store_fu_204">
<pin_list>
<pin id="205" dir="0" index="0" bw="1" slack="0"/>
<pin id="206" dir="0" index="1" bw="31" slack="0"/>
<pin id="207" dir="1" index="2" bw="0" slack="2147483647"/>
</pin_list>
<bind>
<opcode="store(28) " fcode="store"/>
<opset="store_ln13/1 "/>
</bind>
</comp>

<comp id="209" class="1004" name="store_ln0_store_fu_209">
<pin_list>
<pin id="210" dir="0" index="0" bw="1" slack="0"/>
<pin id="211" dir="0" index="1" bw="16" slack="0"/>
<pin id="212" dir="1" index="2" bw="0" slack="2147483647"/>
</pin_list>
<bind>
<opcode="store(28) " fcode="store"/>
<opset="store_ln0/1 "/>
</bind>
</comp>

<comp id="214" class="1004" name="store_ln0_store_fu_214">
<pin_list>
<pin id="215" dir="0" index="0" bw="1" slack="0"/>
<pin id="216" dir="0" index="1" bw="64" slack="0"/>
<pin id="217" dir="1" index="2" bw="0" slack="2147483647"/>
</pin_list>
<bind>
<opcode="store(28) " fcode="store"/>
<opset="store_ln0/1 "/>
</bind>
</comp>

<comp id="219" class="1004" name="store_ln0_store_fu_219">
<pin_list>
<pin id="220" dir="0" index="0" bw="1" slack="0"/>
<pin id="221" dir="0" index="1" bw="8" slack="0"/>
<pin id="222" dir="1" index="2" bw="0" slack="2147483647"/>
</pin_list>
<bind>
<opcode="store(28) " fcode="store"/>
<opset="store_ln0/1 "/>
</bind>
</comp>

<comp id="224" class="1004" name="store_ln0_store_fu_224">
<pin_list>
<pin id="225" dir="0" index="0" bw="1" slack="0"/>
<pin id="226" dir="0" index="1" bw="64" slack="0"/>
<pin id="227" dir="1" index="2" bw="0" slack="2147483647"/>
</pin_list>
<bind>
<opcode="store(28) " fcode="store"/>
<opset="store_ln0/1 "/>
</bind>
</comp>

<comp id="229" class="1004" name="indvar_flatten_load_load_fu_229">
<pin_list>
<pin id="230" dir="0" index="0" bw="62" slack="1"/>
<pin id="231" dir="1" index="1" bw="62" slack="0"/>
</pin_list>
<bind>
<opcode="load(27) " fcode="load"/>
<opset="indvar_flatten_load/2 "/>
</bind>
</comp>

<comp id="232" class="1004" name="icmp_ln11_fu_232">
<pin_list>
<pin id="233" dir="0" index="0" bw="62" slack="0"/>
<pin id="234" dir="0" index="1" bw="62" slack="1"/>
<pin id="235" dir="1" index="2" bw="1" slack="1"/>
</pin_list>
<bind>
<opcode="icmp(45) " fcode="icmp"/>
<opset="icmp_ln11/2 "/>
</bind>
</comp>

<comp id="237" class="1004" name="add_ln11_fu_237">
<pin_list>
<pin id="238" dir="0" index="0" bw="62" slack="0"/>
<pin id="239" dir="0" index="1" bw="1" slack="0"/>
<pin id="240" dir="1" index="2" bw="62" slack="0"/>
</pin_list>
<bind>
<opcode="add(8) " fcode="add"/>
<opset="add_ln11/2 "/>
</bind>
</comp>

<comp id="243" class="1004" name="store_ln11_store_fu_243">
<pin_list>
<pin id="244" dir="0" index="0" bw="62" slack="0"/>
<pin id="245" dir="0" index="1" bw="62" slack="1"/>
<pin id="246" dir="1" index="2" bw="0" slack="2147483647"/>
</pin_list>
<bind>
<opcode="store(28) " fcode="store"/>
<opset="store_ln11/2 "/>
</bind>
</comp>

<comp id="248" class="1004" name="J_load_load_fu_248">
<pin_list>
<pin id="249" dir="0" index="0" bw="31" slack="2"/>
<pin id="250" dir="1" index="1" bw="31" slack="0"/>
</pin_list>
<bind>
<opcode="load(27) " fcode="load"/>
<opset="J_load/3 "/>
</bind>
</comp>

<comp id="251" class="1004" name="zext_ln13_1_fu_251">
<pin_list>
<pin id="252" dir="0" index="0" bw="31" slack="0"/>
<pin id="253" dir="1" index="1" bw="32" slack="0"/>
</pin_list>
<bind>
<opcode="zext(34) " fcode="zext"/>
<opset="zext_ln13_1/3 "/>
</bind>
</comp>

<comp id="255" class="1004" name="icmp_ln13_fu_255">
<pin_list>
<pin id="256" dir="0" index="0" bw="32" slack="0"/>
<pin id="257" dir="0" index="1" bw="32" slack="2"/>
<pin id="258" dir="1" index="2" bw="1" slack="0"/>
</pin_list>
<bind>
<opcode="icmp(45) " fcode="icmp"/>
<opset="icmp_ln13/3 "/>
</bind>
</comp>

<comp id="260" class="1004" name="select_ln11_fu_260">
<pin_list>
<pin id="261" dir="0" index="0" bw="1" slack="0"/>
<pin id="262" dir="0" index="1" bw="31" slack="0"/>
<pin id="263" dir="0" index="2" bw="31" slack="0"/>
<pin id="264" dir="1" index="3" bw="31" slack="0"/>
</pin_list>
<bind>
<opcode="select(49) " fcode="select"/>
<opset="select_ln11/3 "/>
</bind>
</comp>

<comp id="268" class="1004" name="zext_ln13_fu_268">
<pin_list>
<pin id="269" dir="0" index="0" bw="31" slack="0"/>
<pin id="270" dir="1" index="1" bw="64" slack="0"/>
</pin_list>
<bind>
<opcode="zext(34) " fcode="zext"/>
<opset="zext_ln13/3 "/>
</bind>
</comp>

<comp id="274" class="1004" name="trunc_ln17_fu_274">
<pin_list>
<pin id="275" dir="0" index="0" bw="32" slack="0"/>
<pin id="276" dir="1" index="1" bw="8" slack="1"/>
</pin_list>
<bind>
<opcode="trunc(33) " fcode="trunc"/>
<opset="trunc_ln17/3 "/>
</bind>
</comp>

<comp id="278" class="1004" name="trunc_ln17_1_fu_278">
<pin_list>
<pin id="279" dir="0" index="0" bw="32" slack="0"/>
<pin id="280" dir="1" index="1" bw="16" slack="0"/>
</pin_list>
<bind>
<opcode="trunc(33) " fcode="trunc"/>
<opset="trunc_ln17_1/3 "/>
</bind>
</comp>

<comp id="283" class="1004" name="reuse_addr_reg23_load_load_fu_283">
<pin_list>
<pin id="284" dir="0" index="0" bw="64" slack="2"/>
<pin id="285" dir="1" index="1" bw="64" slack="0"/>
</pin_list>
<bind>
<opcode="load(27) " fcode="load"/>
<opset="reuse_addr_reg23_load/3 "/>
</bind>
</comp>

<comp id="286" class="1004" name="addr_cmp26_fu_286">
<pin_list>
<pin id="287" dir="0" index="0" bw="64" slack="0"/>
<pin id="288" dir="0" index="1" bw="64" slack="0"/>
<pin id="289" dir="1" index="2" bw="1" slack="1"/>
</pin_list>
<bind>
<opcode="icmp(45) " fcode="icmp"/>
<opset="addr_cmp26/3 "/>
</bind>
</comp>

<comp id="292" class="1004" name="reuse_addr_reg_load_load_fu_292">
<pin_list>
<pin id="293" dir="0" index="0" bw="64" slack="2"/>
<pin id="294" dir="1" index="1" bw="64" slack="0"/>
</pin_list>
<bind>
<opcode="load(27) " fcode="load"/>
<opset="reuse_addr_reg_load/3 "/>
</bind>
</comp>

<comp id="295" class="1004" name="addr_cmp_fu_295">
<pin_list>
<pin id="296" dir="0" index="0" bw="64" slack="0"/>
<pin id="297" dir="0" index="1" bw="64" slack="0"/>
<pin id="298" dir="1" index="2" bw="1" slack="1"/>
</pin_list>
<bind>
<opcode="icmp(45) " fcode="icmp"/>
<opset="addr_cmp/3 "/>
</bind>
</comp>

<comp id="301" class="1004" name="store_ln13_store_fu_301">
<pin_list>
<pin id="302" dir="0" index="0" bw="31" slack="0"/>
<pin id="303" dir="0" index="1" bw="64" slack="2"/>
<pin id="304" dir="1" index="2" bw="0" slack="2147483647"/>
</pin_list>
<bind>
<opcode="store(28) " fcode="store"/>
<opset="store_ln13/3 "/>
</bind>
</comp>

<comp id="306" class="1004" name="store_ln13_store_fu_306">
<pin_list>
<pin id="307" dir="0" index="0" bw="31" slack="0"/>
<pin id="308" dir="0" index="1" bw="64" slack="2"/>
<pin id="309" dir="1" index="2" bw="0" slack="2147483647"/>
</pin_list>
<bind>
<opcode="store(28) " fcode="store"/>
<opset="store_ln13/3 "/>
</bind>
</comp>

<comp id="311" class="1004" name="add_ln13_fu_311">
<pin_list>
<pin id="312" dir="0" index="0" bw="31" slack="0"/>
<pin id="313" dir="0" index="1" bw="1" slack="0"/>
<pin id="314" dir="1" index="2" bw="31" slack="0"/>
</pin_list>
<bind>
<opcode="add(8) " fcode="add"/>
<opset="add_ln13/3 "/>
</bind>
</comp>

<comp id="317" class="1004" name="store_ln13_store_fu_317">
<pin_list>
<pin id="318" dir="0" index="0" bw="31" slack="0"/>
<pin id="319" dir="0" index="1" bw="31" slack="2"/>
<pin id="320" dir="1" index="2" bw="0" slack="2147483647"/>
</pin_list>
<bind>
<opcode="store(28) " fcode="store"/>
<opset="store_ln13/3 "/>
</bind>
</comp>

<comp id="322" class="1004" name="p_load19_load_fu_322">
<pin_list>
<pin id="323" dir="0" index="0" bw="16" slack="3"/>
<pin id="324" dir="1" index="1" bw="16" slack="0"/>
</pin_list>
<bind>
<opcode="load(27) " fcode="load"/>
<opset="p_load19/4 "/>
</bind>
</comp>

<comp id="325" class="1004" name="p_load18_load_fu_325">
<pin_list>
<pin id="326" dir="0" index="0" bw="8" slack="3"/>
<pin id="327" dir="1" index="1" bw="8" slack="0"/>
</pin_list>
<bind>
<opcode="load(27) " fcode="load"/>
<opset="p_load18/4 "/>
</bind>
</comp>

<comp id="328" class="1004" name="p_load17_load_fu_328">
<pin_list>
<pin id="329" dir="0" index="0" bw="8" slack="3"/>
<pin id="330" dir="1" index="1" bw="8" slack="1"/>
</pin_list>
<bind>
<opcode="load(27) " fcode="load"/>
<opset="p_load17/4 "/>
</bind>
</comp>

<comp id="331" class="1004" name="p_load16_load_fu_331">
<pin_list>
<pin id="332" dir="0" index="0" bw="8" slack="3"/>
<pin id="333" dir="1" index="1" bw="8" slack="1"/>
</pin_list>
<bind>
<opcode="load(27) " fcode="load"/>
<opset="p_load16/4 "/>
</bind>
</comp>

<comp id="334" class="1004" name="p_load15_load_fu_334">
<pin_list>
<pin id="335" dir="0" index="0" bw="8" slack="3"/>
<pin id="336" dir="1" index="1" bw="8" slack="0"/>
</pin_list>
<bind>
<opcode="load(27) " fcode="load"/>
<opset="p_load15/4 "/>
</bind>
</comp>

<comp id="337" class="1004" name="p_load_load_fu_337">
<pin_list>
<pin id="338" dir="0" index="0" bw="8" slack="3"/>
<pin id="339" dir="1" index="1" bw="8" slack="1"/>
</pin_list>
<bind>
<opcode="load(27) " fcode="load"/>
<opset="p_load/4 "/>
</bind>
</comp>

<comp id="340" class="1004" name="Center_Magnitude_fu_340">
<pin_list>
<pin id="341" dir="0" index="0" bw="16" slack="0"/>
<pin id="342" dir="1" index="1" bw="8" slack="0"/>
</pin_list>
<bind>
<opcode="trunc(33) " fcode="trunc"/>
<opset="Center_Magnitude/4 "/>
</bind>
</comp>

<comp id="344" class="1004" name="reuse_reg22_load_load_fu_344">
<pin_list>
<pin id="345" dir="0" index="0" bw="8" slack="3"/>
<pin id="346" dir="1" index="1" bw="8" slack="0"/>
</pin_list>
<bind>
<opcode="load(27) " fcode="load"/>
<opset="reuse_reg22_load/4 "/>
</bind>
</comp>

<comp id="347" class="1004" name="Top_Pixel_fu_347">
<pin_list>
<pin id="348" dir="0" index="0" bw="1" slack="1"/>
<pin id="349" dir="0" index="1" bw="8" slack="0"/>
<pin id="350" dir="0" index="2" bw="8" slack="0"/>
<pin id="351" dir="1" index="3" bw="8" slack="0"/>
</pin_list>
<bind>
<opcode="select(49) " fcode="select"/>
<opset="Top_Pixel/4 "/>
</bind>
</comp>

<comp id="354" class="1004" name="reuse_reg_load_load_fu_354">
<pin_list>
<pin id="355" dir="0" index="0" bw="16" slack="3"/>
<pin id="356" dir="1" index="1" bw="16" slack="0"/>
</pin_list>
<bind>
<opcode="load(27) " fcode="load"/>
<opset="reuse_reg_load/4 "/>
</bind>
</comp>

<comp id="357" class="1004" name="Mid_Pixel_fu_357">
<pin_list>
<pin id="358" dir="0" index="0" bw="1" slack="1"/>
<pin id="359" dir="0" index="1" bw="16" slack="0"/>
<pin id="360" dir="0" index="2" bw="16" slack="0"/>
<pin id="361" dir="1" index="3" bw="16" slack="0"/>
</pin_list>
<bind>
<opcode="select(49) " fcode="select"/>
<opset="Mid_Pixel/4 "/>
</bind>
</comp>

<comp id="364" class="1004" name="trunc_ln26_fu_364">
<pin_list>
<pin id="365" dir="0" index="0" bw="16" slack="0"/>
<pin id="366" dir="1" index="1" bw="8" slack="0"/>
</pin_list>
<bind>
<opcode="trunc(33) " fcode="trunc"/>
<opset="trunc_ln26/4 "/>
</bind>
</comp>

<comp id="369" class="1004" name="store_ln26_store_fu_369">
<pin_list>
<pin id="370" dir="0" index="0" bw="8" slack="0"/>
<pin id="371" dir="0" index="1" bw="8" slack="3"/>
<pin id="372" dir="1" index="2" bw="0" slack="2147483647"/>
</pin_list>
<bind>
<opcode="store(28) " fcode="store"/>
<opset="store_ln26/4 "/>
</bind>
</comp>

<comp id="374" class="1004" name="store_ln17_store_fu_374">
<pin_list>
<pin id="375" dir="0" index="0" bw="16" slack="1"/>
<pin id="376" dir="0" index="1" bw="16" slack="3"/>
<pin id="377" dir="1" index="2" bw="0" slack="2147483647"/>
</pin_list>
<bind>
<opcode="store(28) " fcode="store"/>
<opset="store_ln17/4 "/>
</bind>
</comp>

<comp id="378" class="1004" name="trunc_ln_fu_378">
<pin_list>
<pin id="379" dir="0" index="0" bw="8" slack="0"/>
<pin id="380" dir="0" index="1" bw="16" slack="0"/>
<pin id="381" dir="0" index="2" bw="5" slack="0"/>
<pin id="382" dir="0" index="3" bw="5" slack="0"/>
<pin id="383" dir="1" index="4" bw="8" slack="0"/>
</pin_list>
<bind>
<opcode="partselect(1002) " fcode="partselect"/>
<opset="trunc_ln/4 "/>
</bind>
</comp>

<comp id="388" class="1004" name="switch_ln41_fu_388">
<pin_list>
<pin id="389" dir="0" index="0" bw="8" slack="0"/>
<pin id="390" dir="0" index="1" bw="1" slack="0"/>
<pin id="391" dir="0" index="2" bw="7" slack="0"/>
<pin id="392" dir="0" index="3" bw="8" slack="0"/>
<pin id="393" dir="1" index="4" bw="0" slack="2147483647"/>
</pin_list>
<bind>
<opcode="switch(3) " fcode="switch"/>
<opset="switch_ln41/4 "/>
</bind>
</comp>

<comp id="398" class="1004" name="store_ln0_store_fu_398">
<pin_list>
<pin id="399" dir="0" index="0" bw="8" slack="0"/>
<pin id="400" dir="0" index="1" bw="8" slack="3"/>
<pin id="401" dir="1" index="2" bw="0" slack="2147483647"/>
</pin_list>
<bind>
<opcode="store(28) " fcode="store"/>
<opset="store_ln0/4 "/>
</bind>
</comp>

<comp id="403" class="1004" name="store_ln17_store_fu_403">
<pin_list>
<pin id="404" dir="0" index="0" bw="8" slack="1"/>
<pin id="405" dir="0" index="1" bw="8" slack="3"/>
<pin id="406" dir="1" index="2" bw="0" slack="2147483647"/>
</pin_list>
<bind>
<opcode="store(28) " fcode="store"/>
<opset="store_ln17/4 "/>
</bind>
</comp>

<comp id="407" class="1004" name="store_ln0_store_fu_407">
<pin_list>
<pin id="408" dir="0" index="0" bw="8" slack="0"/>
<pin id="409" dir="0" index="1" bw="8" slack="3"/>
<pin id="410" dir="1" index="2" bw="0" slack="2147483647"/>
</pin_list>
<bind>
<opcode="store(28) " fcode="store"/>
<opset="store_ln0/4 "/>
</bind>
</comp>

<comp id="412" class="1004" name="store_ln0_store_fu_412">
<pin_list>
<pin id="413" dir="0" index="0" bw="8" slack="0"/>
<pin id="414" dir="0" index="1" bw="8" slack="3"/>
<pin id="415" dir="1" index="2" bw="0" slack="2147483647"/>
</pin_list>
<bind>
<opcode="store(28) " fcode="store"/>
<opset="store_ln0/4 "/>
</bind>
</comp>

<comp id="417" class="1004" name="store_ln13_store_fu_417">
<pin_list>
<pin id="418" dir="0" index="0" bw="8" slack="0"/>
<pin id="419" dir="0" index="1" bw="8" slack="3"/>
<pin id="420" dir="1" index="2" bw="0" slack="2147483647"/>
</pin_list>
<bind>
<opcode="store(28) " fcode="store"/>
<opset="store_ln13/4 "/>
</bind>
</comp>

<comp id="422" class="1004" name="store_ln13_store_fu_422">
<pin_list>
<pin id="423" dir="0" index="0" bw="16" slack="0"/>
<pin id="424" dir="0" index="1" bw="16" slack="3"/>
<pin id="425" dir="1" index="2" bw="0" slack="2147483647"/>
</pin_list>
<bind>
<opcode="store(28) " fcode="store"/>
<opset="store_ln13/4 "/>
</bind>
</comp>

<comp id="427" class="1004" name="icmp_ln62_fu_427">
<pin_list>
<pin id="428" dir="0" index="0" bw="8" slack="1"/>
<pin id="429" dir="0" index="1" bw="8" slack="0"/>
<pin id="430" dir="1" index="2" bw="1" slack="0"/>
</pin_list>
<bind>
<opcode="icmp(45) " fcode="icmp"/>
<opset="icmp_ln62/5 "/>
</bind>
</comp>

<comp id="432" class="1004" name="xor_ln62_fu_432">
<pin_list>
<pin id="433" dir="0" index="0" bw="1" slack="0"/>
<pin id="434" dir="0" index="1" bw="1" slack="0"/>
<pin id="435" dir="1" index="2" bw="1" slack="0"/>
</pin_list>
<bind>
<opcode="xor(25) " fcode="xor"/>
<opset="xor_ln62/5 "/>
</bind>
</comp>

<comp id="438" class="1004" name="icmp_ln62_1_fu_438">
<pin_list>
<pin id="439" dir="0" index="0" bw="8" slack="1"/>
<pin id="440" dir="0" index="1" bw="8" slack="0"/>
<pin id="441" dir="1" index="2" bw="1" slack="0"/>
</pin_list>
<bind>
<opcode="icmp(45) " fcode="icmp"/>
<opset="icmp_ln62_1/5 "/>
</bind>
</comp>

<comp id="443" class="1004" name="xor_ln62_1_fu_443">
<pin_list>
<pin id="444" dir="0" index="0" bw="1" slack="0"/>
<pin id="445" dir="0" index="1" bw="1" slack="0"/>
<pin id="446" dir="1" index="2" bw="1" slack="0"/>
</pin_list>
<bind>
<opcode="xor(25) " fcode="xor"/>
<opset="xor_ln62_1/5 "/>
</bind>
</comp>

<comp id="449" class="1004" name="and_ln62_fu_449">
<pin_list>
<pin id="450" dir="0" index="0" bw="1" slack="0"/>
<pin id="451" dir="0" index="1" bw="1" slack="0"/>
<pin id="452" dir="1" index="2" bw="1" slack="0"/>
</pin_list>
<bind>
<opcode="and(23) " fcode="and"/>
<opset="and_ln62/5 "/>
</bind>
</comp>

<comp id="455" class="1004" name="Final_Magnitude_fu_455">
<pin_list>
<pin id="456" dir="0" index="0" bw="1" slack="0"/>
<pin id="457" dir="0" index="1" bw="8" slack="1"/>
<pin id="458" dir="0" index="2" bw="8" slack="0"/>
<pin id="459" dir="1" index="3" bw="8" slack="0"/>
</pin_list>
<bind>
<opcode="select(49) " fcode="select"/>
<opset="Final_Magnitude/5 "/>
</bind>
</comp>

<comp id="462" class="1004" name="zext_ln62_fu_462">
<pin_list>
<pin id="463" dir="0" index="0" bw="8" slack="0"/>
<pin id="464" dir="1" index="1" bw="32" slack="0"/>
</pin_list>
<bind>
<opcode="zext(34) " fcode="zext"/>
<opset="zext_ln62/5 "/>
</bind>
</comp>

<comp id="467" class="1005" name="reuse_addr_reg23_reg_467">
<pin_list>
<pin id="468" dir="0" index="0" bw="64" slack="0"/>
<pin id="469" dir="1" index="1" bw="64" slack="0"/>
</pin_list>
<bind>
<opset="reuse_addr_reg23 "/>
</bind>
</comp>

<comp id="474" class="1005" name="reuse_reg22_reg_474">
<pin_list>
<pin id="475" dir="0" index="0" bw="8" slack="0"/>
<pin id="476" dir="1" index="1" bw="8" slack="0"/>
</pin_list>
<bind>
<opset="reuse_reg22 "/>
</bind>
</comp>

<comp id="481" class="1005" name="reuse_addr_reg_reg_481">
<pin_list>
<pin id="482" dir="0" index="0" bw="64" slack="0"/>
<pin id="483" dir="1" index="1" bw="64" slack="0"/>
</pin_list>
<bind>
<opset="reuse_addr_reg "/>
</bind>
</comp>

<comp id="488" class="1005" name="reuse_reg_reg_488">
<pin_list>
<pin id="489" dir="0" index="0" bw="16" slack="0"/>
<pin id="490" dir="1" index="1" bw="16" slack="0"/>
</pin_list>
<bind>
<opset="reuse_reg "/>
</bind>
</comp>

<comp id="495" class="1005" name="empty_reg_495">
<pin_list>
<pin id="496" dir="0" index="0" bw="16" slack="3"/>
<pin id="497" dir="1" index="1" bw="16" slack="3"/>
</pin_list>
<bind>
<opset="empty "/>
</bind>
</comp>

<comp id="501" class="1005" name="J_reg_501">
<pin_list>
<pin id="502" dir="0" index="0" bw="31" slack="0"/>
<pin id="503" dir="1" index="1" bw="31" slack="0"/>
</pin_list>
<bind>
<opset="J "/>
</bind>
</comp>

<comp id="508" class="1005" name="indvar_flatten_reg_508">
<pin_list>
<pin id="509" dir="0" index="0" bw="62" slack="0"/>
<pin id="510" dir="1" index="1" bw="62" slack="0"/>
</pin_list>
<bind>
<opset="indvar_flatten "/>
</bind>
</comp>

<comp id="515" class="1005" name="empty_49_reg_515">
<pin_list>
<pin id="516" dir="0" index="0" bw="8" slack="3"/>
<pin id="517" dir="1" index="1" bw="8" slack="3"/>
</pin_list>
<bind>
<opset="empty_49 "/>
</bind>
</comp>

<comp id="521" class="1005" name="empty_50_reg_521">
<pin_list>
<pin id="522" dir="0" index="0" bw="8" slack="3"/>
<pin id="523" dir="1" index="1" bw="8" slack="3"/>
</pin_list>
<bind>
<opset="empty_50 "/>
</bind>
</comp>

<comp id="527" class="1005" name="empty_51_reg_527">
<pin_list>
<pin id="528" dir="0" index="0" bw="8" slack="3"/>
<pin id="529" dir="1" index="1" bw="8" slack="3"/>
</pin_list>
<bind>
<opset="empty_51 "/>
</bind>
</comp>

<comp id="533" class="1005" name="empty_52_reg_533">
<pin_list>
<pin id="534" dir="0" index="0" bw="8" slack="3"/>
<pin id="535" dir="1" index="1" bw="8" slack="3"/>
</pin_list>
<bind>
<opset="empty_52 "/>
</bind>
</comp>

<comp id="539" class="1005" name="empty_53_reg_539">
<pin_list>
<pin id="540" dir="0" index="0" bw="8" slack="3"/>
<pin id="541" dir="1" index="1" bw="8" slack="3"/>
</pin_list>
<bind>
<opset="empty_53 "/>
</bind>
</comp>

<comp id="545" class="1005" name="bound_read_reg_545">
<pin_list>
<pin id="546" dir="0" index="0" bw="62" slack="1"/>
<pin id="547" dir="1" index="1" bw="62" slack="1"/>
</pin_list>
<bind>
<opset="bound_read "/>
</bind>
</comp>

<comp id="550" class="1005" name="Cols_1_read_reg_550">
<pin_list>
<pin id="551" dir="0" index="0" bw="32" slack="2"/>
<pin id="552" dir="1" index="1" bw="32" slack="2"/>
</pin_list>
<bind>
<opset="Cols_1_read "/>
</bind>
</comp>

<comp id="555" class="1005" name="icmp_ln11_reg_555">
<pin_list>
<pin id="556" dir="0" index="0" bw="1" slack="1"/>
<pin id="557" dir="1" index="1" bw="1" slack="2147483647"/>
</pin_list>
<bind>
<opset="icmp_ln11 "/>
</bind>
</comp>

<comp id="559" class="1005" name="trunc_ln17_reg_559">
<pin_list>
<pin id="560" dir="0" index="0" bw="8" slack="1"/>
<pin id="561" dir="1" index="1" bw="8" slack="1"/>
</pin_list>
<bind>
<opset="trunc_ln17 "/>
</bind>
</comp>

<comp id="565" class="1005" name="trunc_ln17_1_reg_565">
<pin_list>
<pin id="566" dir="0" index="0" bw="16" slack="1"/>
<pin id="567" dir="1" index="1" bw="16" slack="1"/>
</pin_list>
<bind>
<opset="trunc_ln17_1 "/>
</bind>
</comp>

<comp id="570" class="1005" name="Line_Buffer_addr_reg_570">
<pin_list>
<pin id="571" dir="0" index="0" bw="11" slack="1"/>
<pin id="572" dir="1" index="1" bw="11" slack="1"/>
</pin_list>
<bind>
<opset="Line_Buffer_addr "/>
</bind>
</comp>

<comp id="576" class="1005" name="addr_cmp26_reg_576">
<pin_list>
<pin id="577" dir="0" index="0" bw="1" slack="1"/>
<pin id="578" dir="1" index="1" bw="1" slack="1"/>
</pin_list>
<bind>
<opset="addr_cmp26 "/>
</bind>
</comp>

<comp id="581" class="1005" name="Line_Buffer_1_addr_reg_581">
<pin_list>
<pin id="582" dir="0" index="0" bw="11" slack="1"/>
<pin id="583" dir="1" index="1" bw="11" slack="1"/>
</pin_list>
<bind>
<opset="Line_Buffer_1_addr "/>
</bind>
</comp>

<comp id="586" class="1005" name="addr_cmp_reg_586">
<pin_list>
<pin id="587" dir="0" index="0" bw="1" slack="1"/>
<pin id="588" dir="1" index="1" bw="1" slack="1"/>
</pin_list>
<bind>
<opset="addr_cmp "/>
</bind>
</comp>

<comp id="591" class="1005" name="p_load18_reg_591">
<pin_list>
<pin id="592" dir="0" index="0" bw="8" slack="1"/>
<pin id="593" dir="1" index="1" bw="8" slack="1"/>
</pin_list>
<bind>
<opset="p_load18 "/>
</bind>
</comp>

<comp id="596" class="1005" name="p_load17_reg_596">
<pin_list>
<pin id="597" dir="0" index="0" bw="8" slack="1"/>
<pin id="598" dir="1" index="1" bw="8" slack="1"/>
</pin_list>
<bind>
<opset="p_load17 "/>
</bind>
</comp>

<comp id="601" class="1005" name="p_load16_reg_601">
<pin_list>
<pin id="602" dir="0" index="0" bw="8" slack="1"/>
<pin id="603" dir="1" index="1" bw="8" slack="1"/>
</pin_list>
<bind>
<opset="p_load16 "/>
</bind>
</comp>

<comp id="606" class="1005" name="p_load15_reg_606">
<pin_list>
<pin id="607" dir="0" index="0" bw="8" slack="1"/>
<pin id="608" dir="1" index="1" bw="8" slack="1"/>
</pin_list>
<bind>
<opset="p_load15 "/>
</bind>
</comp>

<comp id="611" class="1005" name="p_load_reg_611">
<pin_list>
<pin id="612" dir="0" index="0" bw="8" slack="1"/>
<pin id="613" dir="1" index="1" bw="8" slack="1"/>
</pin_list>
<bind>
<opset="p_load "/>
</bind>
</comp>

<comp id="616" class="1005" name="Center_Magnitude_reg_616">
<pin_list>
<pin id="617" dir="0" index="0" bw="8" slack="1"/>
<pin id="618" dir="1" index="1" bw="8" slack="1"/>
</pin_list>
<bind>
<opset="Center_Magnitude "/>
</bind>
</comp>

<comp id="623" class="1005" name="Top_Pixel_reg_623">
<pin_list>
<pin id="624" dir="0" index="0" bw="8" slack="1"/>
<pin id="625" dir="1" index="1" bw="8" slack="1"/>
</pin_list>
<bind>
<opset="Top_Pixel "/>
</bind>
</comp>

<comp id="628" class="1005" name="trunc_ln26_reg_628">
<pin_list>
<pin id="629" dir="0" index="0" bw="8" slack="1"/>
<pin id="630" dir="1" index="1" bw="8" slack="1"/>
</pin_list>
<bind>
<opset="trunc_ln26 "/>
</bind>
</comp>

<comp id="633" class="1005" name="trunc_ln_reg_633">
<pin_list>
<pin id="634" dir="0" index="0" bw="8" slack="1"/>
<pin id="635" dir="1" index="1" bw="8" slack="2147483647"/>
</pin_list>
<bind>
<opset="trunc_ln "/>
</bind>
</comp>

</comp_list>

<net_list>
<net id="67"><net_src comp="8" pin="0"/><net_sink comp="64" pin=0"/></net>

<net id="71"><net_src comp="8" pin="0"/><net_sink comp="68" pin=0"/></net>

<net id="75"><net_src comp="8" pin="0"/><net_sink comp="72" pin=0"/></net>

<net id="79"><net_src comp="8" pin="0"/><net_sink comp="76" pin=0"/></net>

<net id="83"><net_src comp="8" pin="0"/><net_sink comp="80" pin=0"/></net>

<net id="87"><net_src comp="8" pin="0"/><net_sink comp="84" pin=0"/></net>

<net id="91"><net_src comp="8" pin="0"/><net_sink comp="88" pin=0"/></net>

<net id="95"><net_src comp="8" pin="0"/><net_sink comp="92" pin=0"/></net>

<net id="99"><net_src comp="8" pin="0"/><net_sink comp="96" pin=0"/></net>

<net id="103"><net_src comp="8" pin="0"/><net_sink comp="100" pin=0"/></net>

<net id="107"><net_src comp="8" pin="0"/><net_sink comp="104" pin=0"/></net>

<net id="111"><net_src comp="8" pin="0"/><net_sink comp="108" pin=0"/></net>

<net id="115"><net_src comp="24" pin="0"/><net_sink comp="112" pin=0"/></net>

<net id="119"><net_src comp="24" pin="0"/><net_sink comp="116" pin=0"/></net>

<net id="124"><net_src comp="20" pin="0"/><net_sink comp="120" pin=0"/></net>

<net id="125"><net_src comp="6" pin="0"/><net_sink comp="120" pin=1"/></net>

<net id="130"><net_src comp="22" pin="0"/><net_sink comp="126" pin=0"/></net>

<net id="131"><net_src comp="2" pin="0"/><net_sink comp="126" pin=1"/></net>

<net id="136"><net_src comp="38" pin="0"/><net_sink comp="132" pin=0"/></net>

<net id="137"><net_src comp="4" pin="0"/><net_sink comp="132" pin=1"/></net>

<net id="143"><net_src comp="62" pin="0"/><net_sink comp="138" pin=0"/></net>

<net id="144"><net_src comp="0" pin="0"/><net_sink comp="138" pin=1"/></net>

<net id="150"><net_src comp="40" pin="0"/><net_sink comp="145" pin=1"/></net>

<net id="160"><net_src comp="145" pin="3"/><net_sink comp="151" pin=2"/></net>

<net id="166"><net_src comp="40" pin="0"/><net_sink comp="161" pin=1"/></net>

<net id="172"><net_src comp="161" pin="3"/><net_sink comp="167" pin=0"/></net>

<net id="203"><net_src comp="26" pin="0"/><net_sink comp="199" pin=0"/></net>

<net id="208"><net_src comp="28" pin="0"/><net_sink comp="204" pin=0"/></net>

<net id="213"><net_src comp="30" pin="0"/><net_sink comp="209" pin=0"/></net>

<net id="218"><net_src comp="32" pin="0"/><net_sink comp="214" pin=0"/></net>

<net id="223"><net_src comp="34" pin="0"/><net_sink comp="219" pin=0"/></net>

<net id="228"><net_src comp="32" pin="0"/><net_sink comp="224" pin=0"/></net>

<net id="236"><net_src comp="229" pin="1"/><net_sink comp="232" pin=0"/></net>

<net id="241"><net_src comp="229" pin="1"/><net_sink comp="237" pin=0"/></net>

<net id="242"><net_src comp="36" pin="0"/><net_sink comp="237" pin=1"/></net>

<net id="247"><net_src comp="237" pin="2"/><net_sink comp="243" pin=0"/></net>

<net id="254"><net_src comp="248" pin="1"/><net_sink comp="251" pin=0"/></net>

<net id="259"><net_src comp="251" pin="1"/><net_sink comp="255" pin=0"/></net>

<net id="265"><net_src comp="255" pin="2"/><net_sink comp="260" pin=0"/></net>

<net id="266"><net_src comp="248" pin="1"/><net_sink comp="260" pin=1"/></net>

<net id="267"><net_src comp="28" pin="0"/><net_sink comp="260" pin=2"/></net>

<net id="271"><net_src comp="260" pin="3"/><net_sink comp="268" pin=0"/></net>

<net id="272"><net_src comp="268" pin="1"/><net_sink comp="145" pin=2"/></net>

<net id="273"><net_src comp="268" pin="1"/><net_sink comp="161" pin=2"/></net>

<net id="277"><net_src comp="132" pin="2"/><net_sink comp="274" pin=0"/></net>

<net id="281"><net_src comp="132" pin="2"/><net_sink comp="278" pin=0"/></net>

<net id="282"><net_src comp="278" pin="1"/><net_sink comp="167" pin=1"/></net>

<net id="290"><net_src comp="283" pin="1"/><net_sink comp="286" pin=0"/></net>

<net id="291"><net_src comp="268" pin="1"/><net_sink comp="286" pin=1"/></net>

<net id="299"><net_src comp="292" pin="1"/><net_sink comp="295" pin=0"/></net>

<net id="300"><net_src comp="268" pin="1"/><net_sink comp="295" pin=1"/></net>

<net id="305"><net_src comp="268" pin="1"/><net_sink comp="301" pin=0"/></net>

<net id="310"><net_src comp="268" pin="1"/><net_sink comp="306" pin=0"/></net>

<net id="315"><net_src comp="260" pin="3"/><net_sink comp="311" pin=0"/></net>

<net id="316"><net_src comp="42" pin="0"/><net_sink comp="311" pin=1"/></net>

<net id="321"><net_src comp="311" pin="2"/><net_sink comp="317" pin=0"/></net>

<net id="343"><net_src comp="322" pin="1"/><net_sink comp="340" pin=0"/></net>

<net id="352"><net_src comp="344" pin="1"/><net_sink comp="347" pin=1"/></net>

<net id="353"><net_src comp="151" pin="7"/><net_sink comp="347" pin=2"/></net>

<net id="362"><net_src comp="354" pin="1"/><net_sink comp="357" pin=1"/></net>

<net id="363"><net_src comp="167" pin="3"/><net_sink comp="357" pin=2"/></net>

<net id="367"><net_src comp="357" pin="3"/><net_sink comp="364" pin=0"/></net>

<net id="368"><net_src comp="364" pin="1"/><net_sink comp="151" pin=1"/></net>

<net id="373"><net_src comp="364" pin="1"/><net_sink comp="369" pin=0"/></net>

<net id="384"><net_src comp="50" pin="0"/><net_sink comp="378" pin=0"/></net>

<net id="385"><net_src comp="322" pin="1"/><net_sink comp="378" pin=1"/></net>

<net id="386"><net_src comp="52" pin="0"/><net_sink comp="378" pin=2"/></net>

<net id="387"><net_src comp="54" pin="0"/><net_sink comp="378" pin=3"/></net>

<net id="394"><net_src comp="378" pin="4"/><net_sink comp="388" pin=0"/></net>

<net id="395"><net_src comp="34" pin="0"/><net_sink comp="388" pin=1"/></net>

<net id="396"><net_src comp="56" pin="0"/><net_sink comp="388" pin=2"/></net>

<net id="397"><net_src comp="58" pin="0"/><net_sink comp="388" pin=3"/></net>

<net id="402"><net_src comp="334" pin="1"/><net_sink comp="398" pin=0"/></net>

<net id="411"><net_src comp="340" pin="1"/><net_sink comp="407" pin=0"/></net>

<net id="416"><net_src comp="325" pin="1"/><net_sink comp="412" pin=0"/></net>

<net id="421"><net_src comp="347" pin="3"/><net_sink comp="417" pin=0"/></net>

<net id="426"><net_src comp="357" pin="3"/><net_sink comp="422" pin=0"/></net>

<net id="431"><net_src comp="176" pin="8"/><net_sink comp="427" pin=1"/></net>

<net id="436"><net_src comp="427" pin="2"/><net_sink comp="432" pin=0"/></net>

<net id="437"><net_src comp="60" pin="0"/><net_sink comp="432" pin=1"/></net>

<net id="442"><net_src comp="189" pin="8"/><net_sink comp="438" pin=1"/></net>

<net id="447"><net_src comp="438" pin="2"/><net_sink comp="443" pin=0"/></net>

<net id="448"><net_src comp="60" pin="0"/><net_sink comp="443" pin=1"/></net>

<net id="453"><net_src comp="432" pin="2"/><net_sink comp="449" pin=0"/></net>

<net id="454"><net_src comp="443" pin="2"/><net_sink comp="449" pin=1"/></net>

<net id="460"><net_src comp="449" pin="2"/><net_sink comp="455" pin=0"/></net>

<net id="461"><net_src comp="34" pin="0"/><net_sink comp="455" pin=2"/></net>

<net id="465"><net_src comp="455" pin="3"/><net_sink comp="462" pin=0"/></net>

<net id="466"><net_src comp="462" pin="1"/><net_sink comp="138" pin=2"/></net>

<net id="470"><net_src comp="64" pin="1"/><net_sink comp="467" pin=0"/></net>

<net id="471"><net_src comp="467" pin="1"/><net_sink comp="224" pin=1"/></net>

<net id="472"><net_src comp="467" pin="1"/><net_sink comp="283" pin=0"/></net>

<net id="473"><net_src comp="467" pin="1"/><net_sink comp="301" pin=1"/></net>

<net id="477"><net_src comp="68" pin="1"/><net_sink comp="474" pin=0"/></net>

<net id="478"><net_src comp="474" pin="1"/><net_sink comp="219" pin=1"/></net>

<net id="479"><net_src comp="474" pin="1"/><net_sink comp="344" pin=0"/></net>

<net id="480"><net_src comp="474" pin="1"/><net_sink comp="369" pin=1"/></net>

<net id="484"><net_src comp="72" pin="1"/><net_sink comp="481" pin=0"/></net>

<net id="485"><net_src comp="481" pin="1"/><net_sink comp="214" pin=1"/></net>

<net id="486"><net_src comp="481" pin="1"/><net_sink comp="292" pin=0"/></net>

<net id="487"><net_src comp="481" pin="1"/><net_sink comp="306" pin=1"/></net>

<net id="491"><net_src comp="76" pin="1"/><net_sink comp="488" pin=0"/></net>

<net id="492"><net_src comp="488" pin="1"/><net_sink comp="209" pin=1"/></net>

<net id="493"><net_src comp="488" pin="1"/><net_sink comp="354" pin=0"/></net>

<net id="494"><net_src comp="488" pin="1"/><net_sink comp="374" pin=1"/></net>

<net id="498"><net_src comp="80" pin="1"/><net_sink comp="495" pin=0"/></net>

<net id="499"><net_src comp="495" pin="1"/><net_sink comp="322" pin=0"/></net>

<net id="500"><net_src comp="495" pin="1"/><net_sink comp="422" pin=1"/></net>

<net id="504"><net_src comp="84" pin="1"/><net_sink comp="501" pin=0"/></net>

<net id="505"><net_src comp="501" pin="1"/><net_sink comp="204" pin=1"/></net>

<net id="506"><net_src comp="501" pin="1"/><net_sink comp="248" pin=0"/></net>

<net id="507"><net_src comp="501" pin="1"/><net_sink comp="317" pin=1"/></net>

<net id="511"><net_src comp="88" pin="1"/><net_sink comp="508" pin=0"/></net>

<net id="512"><net_src comp="508" pin="1"/><net_sink comp="199" pin=1"/></net>

<net id="513"><net_src comp="508" pin="1"/><net_sink comp="229" pin=0"/></net>

<net id="514"><net_src comp="508" pin="1"/><net_sink comp="243" pin=1"/></net>

<net id="518"><net_src comp="92" pin="1"/><net_sink comp="515" pin=0"/></net>

<net id="519"><net_src comp="515" pin="1"/><net_sink comp="325" pin=0"/></net>

<net id="520"><net_src comp="515" pin="1"/><net_sink comp="417" pin=1"/></net>

<net id="524"><net_src comp="96" pin="1"/><net_sink comp="521" pin=0"/></net>

<net id="525"><net_src comp="521" pin="1"/><net_sink comp="328" pin=0"/></net>

<net id="526"><net_src comp="521" pin="1"/><net_sink comp="412" pin=1"/></net>

<net id="530"><net_src comp="100" pin="1"/><net_sink comp="527" pin=0"/></net>

<net id="531"><net_src comp="527" pin="1"/><net_sink comp="331" pin=0"/></net>

<net id="532"><net_src comp="527" pin="1"/><net_sink comp="407" pin=1"/></net>

<net id="536"><net_src comp="104" pin="1"/><net_sink comp="533" pin=0"/></net>

<net id="537"><net_src comp="533" pin="1"/><net_sink comp="334" pin=0"/></net>

<net id="538"><net_src comp="533" pin="1"/><net_sink comp="403" pin=1"/></net>

<net id="542"><net_src comp="108" pin="1"/><net_sink comp="539" pin=0"/></net>

<net id="543"><net_src comp="539" pin="1"/><net_sink comp="337" pin=0"/></net>

<net id="544"><net_src comp="539" pin="1"/><net_sink comp="398" pin=1"/></net>

<net id="548"><net_src comp="120" pin="2"/><net_sink comp="545" pin=0"/></net>

<net id="549"><net_src comp="545" pin="1"/><net_sink comp="232" pin=1"/></net>

<net id="553"><net_src comp="126" pin="2"/><net_sink comp="550" pin=0"/></net>

<net id="554"><net_src comp="550" pin="1"/><net_sink comp="255" pin=1"/></net>

<net id="558"><net_src comp="232" pin="2"/><net_sink comp="555" pin=0"/></net>

<net id="562"><net_src comp="274" pin="1"/><net_sink comp="559" pin=0"/></net>

<net id="563"><net_src comp="559" pin="1"/><net_sink comp="403" pin=0"/></net>

<net id="564"><net_src comp="559" pin="1"/><net_sink comp="189" pin=0"/></net>

<net id="568"><net_src comp="278" pin="1"/><net_sink comp="565" pin=0"/></net>

<net id="569"><net_src comp="565" pin="1"/><net_sink comp="374" pin=0"/></net>

<net id="573"><net_src comp="145" pin="3"/><net_sink comp="570" pin=0"/></net>

<net id="574"><net_src comp="570" pin="1"/><net_sink comp="151" pin=2"/></net>

<net id="575"><net_src comp="570" pin="1"/><net_sink comp="151" pin=0"/></net>

<net id="579"><net_src comp="286" pin="2"/><net_sink comp="576" pin=0"/></net>

<net id="580"><net_src comp="576" pin="1"/><net_sink comp="347" pin=0"/></net>

<net id="584"><net_src comp="161" pin="3"/><net_sink comp="581" pin=0"/></net>

<net id="585"><net_src comp="581" pin="1"/><net_sink comp="167" pin=0"/></net>

<net id="589"><net_src comp="295" pin="2"/><net_sink comp="586" pin=0"/></net>

<net id="590"><net_src comp="586" pin="1"/><net_sink comp="357" pin=0"/></net>

<net id="594"><net_src comp="325" pin="1"/><net_sink comp="591" pin=0"/></net>

<net id="595"><net_src comp="591" pin="1"/><net_sink comp="176" pin=2"/></net>

<net id="599"><net_src comp="328" pin="1"/><net_sink comp="596" pin=0"/></net>

<net id="600"><net_src comp="596" pin="1"/><net_sink comp="176" pin=0"/></net>

<net id="604"><net_src comp="331" pin="1"/><net_sink comp="601" pin=0"/></net>

<net id="605"><net_src comp="601" pin="1"/><net_sink comp="176" pin=6"/></net>

<net id="609"><net_src comp="334" pin="1"/><net_sink comp="606" pin=0"/></net>

<net id="610"><net_src comp="606" pin="1"/><net_sink comp="189" pin=2"/></net>

<net id="614"><net_src comp="337" pin="1"/><net_sink comp="611" pin=0"/></net>

<net id="615"><net_src comp="611" pin="1"/><net_sink comp="176" pin=4"/></net>

<net id="619"><net_src comp="340" pin="1"/><net_sink comp="616" pin=0"/></net>

<net id="620"><net_src comp="616" pin="1"/><net_sink comp="427" pin=0"/></net>

<net id="621"><net_src comp="616" pin="1"/><net_sink comp="438" pin=0"/></net>

<net id="622"><net_src comp="616" pin="1"/><net_sink comp="455" pin=1"/></net>

<net id="626"><net_src comp="347" pin="3"/><net_sink comp="623" pin=0"/></net>

<net id="627"><net_src comp="623" pin="1"/><net_sink comp="189" pin=4"/></net>

<net id="631"><net_src comp="364" pin="1"/><net_sink comp="628" pin=0"/></net>

<net id="632"><net_src comp="628" pin="1"/><net_sink comp="189" pin=6"/></net>

<net id="636"><net_src comp="378" pin="4"/><net_sink comp="633" pin=0"/></net>

</net_list>

</model> 
---------------- Datapath Model END ------------------

* FSMD analyzer results:
  - Output states:
	Port: Suppression_to_Hysteresis | {5 }
	Port: Sobel_to_Suppression | {}
 - Input state : 
	Port: Suppression_Filter_Pipeline_VITIS_LOOP_11_1_VITIS_LOOP_13_2 : Suppression_to_Hysteresis | {}
	Port: Suppression_Filter_Pipeline_VITIS_LOOP_11_1_VITIS_LOOP_13_2 : Cols_1 | {1 }
	Port: Suppression_Filter_Pipeline_VITIS_LOOP_11_1_VITIS_LOOP_13_2 : Sobel_to_Suppression | {3 }
	Port: Suppression_Filter_Pipeline_VITIS_LOOP_11_1_VITIS_LOOP_13_2 : bound | {1 }
  - Chain level:
	State 1
		store_ln0 : 1
		store_ln13 : 1
		store_ln0 : 1
		store_ln0 : 1
		store_ln0 : 1
		store_ln0 : 1
	State 2
		icmp_ln11 : 1
		br_ln11 : 2
		add_ln11 : 1
		store_ln11 : 2
	State 3
		zext_ln13_1 : 1
		icmp_ln13 : 2
		select_ln11 : 3
		zext_ln13 : 4
		Line_Buffer_addr : 5
		Line_Buffer_load : 6
		addr_cmp26 : 5
		Line_Buffer_1_addr : 5
		Line_Buffer_1_load : 6
		addr_cmp : 5
		store_ln13 : 5
		store_ln29 : 6
		store_ln13 : 5
		add_ln13 : 4
		store_ln13 : 5
	State 4
		Center_Magnitude : 1
		Top_Pixel : 1
		Mid_Pixel : 1
		trunc_ln26 : 2
		store_ln28 : 3
		store_ln26 : 3
		trunc_ln : 1
		switch_ln41 : 2
		store_ln0 : 1
		store_ln0 : 2
		store_ln0 : 1
		store_ln13 : 2
		store_ln13 : 2
	State 5
		icmp_ln62 : 1
		xor_ln62 : 2
		icmp_ln62_1 : 1
		xor_ln62_1 : 2
		and_ln62 : 2
		Final_Magnitude : 2
		zext_ln62 : 3
		write_ln67 : 4


============================================================
+ Verbose Summary: Datapath Resource usage 
============================================================

* Functional unit list:
|----------|-------------------------|---------|---------|
| Operation|     Functional Unit     |    FF   |   LUT   |
|----------|-------------------------|---------|---------|
|          |     icmp_ln11_fu_232    |    0    |    69   |
|          |     icmp_ln13_fu_255    |    0    |    39   |
|   icmp   |    addr_cmp26_fu_286    |    0    |    71   |
|          |     addr_cmp_fu_295     |    0    |    71   |
|          |     icmp_ln62_fu_427    |    0    |    15   |
|          |    icmp_ln62_1_fu_438   |    0    |    15   |
|----------|-------------------------|---------|---------|
|    add   |     add_ln11_fu_237     |    0    |    69   |
|          |     add_ln13_fu_311     |    0    |    38   |
|----------|-------------------------|---------|---------|
|          |    select_ln11_fu_260   |    0    |    31   |
|  select  |     Top_Pixel_fu_347    |    0    |    8    |
|          |     Mid_Pixel_fu_357    |    0    |    16   |
|          |  Final_Magnitude_fu_455 |    0    |    8    |
|----------|-------------------------|---------|---------|
|    xor   |     xor_ln62_fu_432     |    0    |    2    |
|          |    xor_ln62_1_fu_443    |    0    |    2    |
|----------|-------------------------|---------|---------|
|    and   |     and_ln62_fu_449     |    0    |    2    |
|----------|-------------------------|---------|---------|
|          |  bound_read_read_fu_120 |    0    |    0    |
|   read   | Cols_1_read_read_fu_126 |    0    |    0    |
|          |   Pixel_In_read_fu_132  |    0    |    0    |
|----------|-------------------------|---------|---------|
|   write  | write_ln67_write_fu_138 |    0    |    0    |
|----------|-------------------------|---------|---------|
|          |    zext_ln13_1_fu_251   |    0    |    0    |
|   zext   |     zext_ln13_fu_268    |    0    |    0    |
|          |     zext_ln62_fu_462    |    0    |    0    |
|----------|-------------------------|---------|---------|
|          |    trunc_ln17_fu_274    |    0    |    0    |
|   trunc  |   trunc_ln17_1_fu_278   |    0    |    0    |
|          | Center_Magnitude_fu_340 |    0    |    0    |
|          |    trunc_ln26_fu_364    |    0    |    0    |
|----------|-------------------------|---------|---------|
|partselect|     trunc_ln_fu_378     |    0    |    0    |
|----------|-------------------------|---------|---------|
|  switch  |    switch_ln41_fu_388   |    0    |    0    |
|----------|-------------------------|---------|---------|
|   Total  |                         |    0    |   456   |
|----------|-------------------------|---------|---------|

Memories:
+-------------+--------+--------+--------+--------+
|             |  BRAM  |   FF   |   LUT  |  URAM  |
+-------------+--------+--------+--------+--------+
| Line_Buffer |    1   |    0   |    0   |    0   |
|Line_Buffer_1|    2   |    0   |    0   |    0   |
+-------------+--------+--------+--------+--------+
|    Total    |    3   |    0   |    0   |    0   |
+-------------+--------+--------+--------+--------+

* Register list:
+--------------------------+--------+
|                          |   FF   |
+--------------------------+--------+
| Center_Magnitude_reg_616 |    8   |
|    Cols_1_read_reg_550   |   32   |
|         J_reg_501        |   31   |
|Line_Buffer_1_addr_reg_581|   11   |
| Line_Buffer_addr_reg_570 |   11   |
|    Magnitude_1_reg_173   |    8   |
|    Magnitude_2_reg_186   |    8   |
|     Top_Pixel_reg_623    |    8   |
|    addr_cmp26_reg_576    |    1   |
|     addr_cmp_reg_586     |    1   |
|    bound_read_reg_545    |   62   |
|     empty_49_reg_515     |    8   |
|     empty_50_reg_521     |    8   |
|     empty_51_reg_527     |    8   |
|     empty_52_reg_533     |    8   |
|     empty_53_reg_539     |    8   |
|       empty_reg_495      |   16   |
|     icmp_ln11_reg_555    |    1   |
|  indvar_flatten_reg_508  |   62   |
|     p_load15_reg_606     |    8   |
|     p_load16_reg_601     |    8   |
|     p_load17_reg_596     |    8   |
|     p_load18_reg_591     |    8   |
|      p_load_reg_611      |    8   |
| reuse_addr_reg23_reg_467 |   64   |
|  reuse_addr_reg_reg_481  |   64   |
|    reuse_reg22_reg_474   |    8   |
|     reuse_reg_reg_488    |   16   |
|   trunc_ln17_1_reg_565   |   16   |
|    trunc_ln17_reg_559    |    8   |
|    trunc_ln26_reg_628    |    8   |
|     trunc_ln_reg_633     |    8   |
+--------------------------+--------+
|           Total          |   532  |
+--------------------------+--------+

* Multiplexer (MUX) list: 
|-------------------|------|------|------|--------||---------||---------||---------|
|        Comp       |  Pin | Size |  BW  | S x BW ||  Delay  ||    FF   ||   LUT   |
|-------------------|------|------|------|--------||---------||---------||---------|
| grp_access_fu_151 |  p2  |   2  |   0  |    0   ||    0    ||    9    |
| grp_access_fu_167 |  p0  |   2  |  11  |   22   ||    0    ||    9    |
|-------------------|------|------|------|--------||---------||---------||---------|
|       Total       |      |      |      |   22   ||  3.176  ||    0    ||    18   |
|-------------------|------|------|------|--------||---------||---------||---------|



* Summary:
+-----------+--------+--------+--------+--------+--------+
|           |  BRAM  |  Delay |   FF   |   LUT  |  URAM  |
+-----------+--------+--------+--------+--------+--------+
|  Function |    -   |    -   |    0   |   456  |    -   |
|   Memory  |    3   |    -   |    0   |    0   |    0   |
|Multiplexer|    -   |    3   |    0   |   18   |    -   |
|  Register |    -   |    -   |   532  |    -   |    -   |
+-----------+--------+--------+--------+--------+--------+
|   Total   |    3   |    3   |   532  |   474  |    0   |
+-----------+--------+--------+--------+--------+--------+
