Copyright 1986-2022 Xilinx, Inc. All Rights Reserved. Copyright 2022-2026 Advanced Micro Devices, Inc. All Rights Reserved.
---------------------------------------------------------------------------------------------------------------------------------------------
| Tool Version : Vivado v.2026.1 (win64) Build 6511674 Tue Jun 16 11:02:23 MDT 2026
| Date         : Tue Sep  8 00:23:48 2026
| Host         : DESKTOP-55UAODO running 64-bit major release  (build 9200)
| Command      : report_control_sets -verbose -file Design_1_wrapper_control_sets_placed.rpt
| Design       : Design_1_wrapper
| Device       : xc7z020
---------------------------------------------------------------------------------------------------------------------------------------------

Control Set Information

Table of Contents
-----------------
1. Summary
2. Histogram
3. Flip-Flop Distribution
4. Detailed Control Set Information

1. Summary
----------

+----------------------------------------------------------+-------+
|                          Status                          | Count |
+----------------------------------------------------------+-------+
| Total control sets                                       |   334 |
|    Minimum number of control sets                        |   334 |
|    Addition due to synthesis replication                 |     0 |
|    Addition due to physical synthesis replication        |     0 |
| Unused register locations in slices containing registers |  1113 |
+----------------------------------------------------------+-------+
* Control sets can be merged at opt_design using control_set_merge or merge_equivalent_drivers
** Run report_qor_suggestions for automated merging and remapping suggestions


2. Histogram
------------

+--------------------+-------+
|       Fanout       | Count |
+--------------------+-------+
| Total control sets |   334 |
| >= 0 to < 4        |    61 |
| >= 4 to < 6        |    68 |
| >= 6 to < 8        |    24 |
| >= 8 to < 10       |    30 |
| >= 10 to < 12      |     4 |
| >= 12 to < 14      |    13 |
| >= 14 to < 16      |     2 |
| >= 16              |   132 |
+--------------------+-------+
* Control sets can be remapped at either synth_design or opt_design


3. Flip-Flop Distribution
-------------------------

+--------------+-----------------------+------------------------+-----------------+--------------+
| Clock Enable | Synchronous Set/Reset | Asynchronous Set/Reset | Total Registers | Total Slices |
+--------------+-----------------------+------------------------+-----------------+--------------+
| No           | No                    | No                     |             428 |          180 |
| No           | No                    | Yes                    |              66 |           22 |
| No           | Yes                   | No                     |             543 |          239 |
| Yes          | No                    | No                     |            3227 |          847 |
| Yes          | No                    | Yes                    |               0 |            0 |
| Yes          | Yes                   | No                     |            3615 |          994 |
+--------------+-----------------------+------------------------+-----------------+--------------+


4. Detailed Control Set Information
-----------------------------------

+-------------------------------------------------+-------------------------------------------------------------------------------------------------------------------------------------------------------------------------------------------------------+-----------------------------------------------------------------------------------------------------------------------------------------------------------------------------+------------------+----------------+--------------+
|                   Clock Signal                  |                                                                                             Enable Signal                                                                                             |                                                                               Set/Reset Signal                                                                              | Slice Load Count | Bel Load Count | Bels / Slice |
+-------------------------------------------------+-------------------------------------------------------------------------------------------------------------------------------------------------------------------------------------------------------+-----------------------------------------------------------------------------------------------------------------------------------------------------------------------------+------------------+----------------+--------------+
|  Design_1_i/processing_system7_0/inst/FCLK_CLK0 | Design_1_i/axi_mem_intercon/s00_couplers/auto_pc/inst/gen_axilite.gen_b2s_conv.axilite_b2s/WR.aw_channel_0/aw_cmd_fsm_0/FSM_sequential_state_reg[0]_1                                                 | Design_1_i/axi_mem_intercon/s00_couplers/auto_pc/inst/gen_axilite.gen_b2s_conv.axilite_b2s/WR.aw_channel_0/aw_cmd_fsm_0/FSM_sequential_state_reg[0]_0                       |                1 |              1 |         1.00 |
|  Design_1_i/processing_system7_0/inst/FCLK_CLK0 |                                                                                                                                                                                                       | Design_1_i/axi_smc/inst/s01_nodes/s01_r_node/inst/s_sc_areset_pipe                                                                                                          |                1 |              1 |         1.00 |
|  Design_1_i/processing_system7_0/inst/FCLK_CLK0 | Design_1_i/vector_mult_0/inst/gmem_C_m_axi_U/bus_write/wreq_burst_conv/burst_sequential/push                                                                                                          |                                                                                                                                                                             |                1 |              1 |         1.00 |
|  Design_1_i/processing_system7_0/inst/FCLK_CLK0 |                                                                                                                                                                                                       | Design_1_i/axi_smc/inst/s01_nodes/s01_ar_node/inst/mi_handler_m_sc_areset                                                                                                   |                1 |              1 |         1.00 |
|  Design_1_i/processing_system7_0/inst/FCLK_CLK0 |                                                                                                                                                                                                       | Design_1_i/axi_smc/inst/s01_nodes/s01_ar_node/inst/s_sc_areset_pipe                                                                                                         |                1 |              1 |         1.00 |
|  Design_1_i/processing_system7_0/inst/FCLK_CLK0 |                                                                                                                                                                                                       | Design_1_i/axi_smc/inst/s01_nodes/s01_r_node/inst/mi_handler_m_sc_areset                                                                                                    |                1 |              1 |         1.00 |
|  Design_1_i/processing_system7_0/inst/FCLK_CLK0 | Design_1_i/axi_smc/inst/m00_nodes/m00_aw_node/inst/inst_si_handler/gen_m_axis_arb_fifo.inst_axis_arb_fifo/gen_srls[2].srl_nx1/shift                                                                   |                                                                                                                                                                             |                1 |              1 |         1.00 |
|  Design_1_i/processing_system7_0/inst/FCLK_CLK0 | Design_1_i/vector_mult_0/inst/gmem_C_m_axi_U/bus_write/fifo_resp_gen[0].fifo_resp/U_fifo_srl/pop                                                                                                      | Design_1_i/vector_mult_0/inst/gmem_C_m_axi_U/bus_write/wreq_burst_conv/burst_sequential/rs_req/ap_rst_n_0                                                                   |                1 |              1 |         1.00 |
|  Design_1_i/processing_system7_0/inst/FCLK_CLK0 |                                                                                                                                                                                                       | Design_1_i/axi_smc/inst/m00_nodes/m00_aw_node/inst/s_sc_areset_pipe                                                                                                         |                1 |              1 |         1.00 |
|  Design_1_i/processing_system7_0/inst/FCLK_CLK0 | Design_1_i/axi_smc/inst/m00_exit_pipeline/m00_exit/inst/splitter_inst/gen_axi3.splitter_inst/gen_rsplitter.gen_rthread_loop[0].r_split_fifo/gen_srls[0].srl_nx1/shift_qual                            |                                                                                                                                                                             |                1 |              1 |         1.00 |
|  Design_1_i/processing_system7_0/inst/FCLK_CLK0 |                                                                                                                                                                                                       | Design_1_i/axi_smc/inst/m00_nodes/m00_b_node/inst/mi_handler_m_sc_areset                                                                                                    |                1 |              1 |         1.00 |
|  Design_1_i/processing_system7_0/inst/FCLK_CLK0 |                                                                                                                                                                                                       | Design_1_i/axi_smc/inst/m00_nodes/m00_ar_node/inst/s_sc_areset_pipe                                                                                                         |                1 |              1 |         1.00 |
|  Design_1_i/processing_system7_0/inst/FCLK_CLK0 |                                                                                                                                                                                                       | Design_1_i/axi_smc/inst/m00_nodes/m00_b_node/inst/s_sc_areset_pipe                                                                                                          |                1 |              1 |         1.00 |
|  Design_1_i/processing_system7_0/inst/FCLK_CLK0 | Design_1_i/axi_smc/inst/m00_exit_pipeline/m00_exit/inst/splitter_inst/gen_axi3.splitter_inst/ar_cmd_reg/gen_rsplitter.artrans_cntr[0]                                                                 | Design_1_i/axi_smc/inst/m00_exit_pipeline/m00_exit/inst/splitter_inst/gen_axi3.splitter_inst/ar_cmd_reg/gen_rd_b.gen_rd_b_synth_template.gen_rf_narrow_reg.doutb_reg_reg[4] |                1 |              1 |         1.00 |
|  Design_1_i/processing_system7_0/inst/FCLK_CLK0 |                                                                                                                                                                                                       | Design_1_i/axi_smc/inst/m00_nodes/m00_w_node/inst/s_sc_areset_pipe                                                                                                          |                1 |              1 |         1.00 |
|  Design_1_i/processing_system7_0/inst/FCLK_CLK0 |                                                                                                                                                                                                       | Design_1_i/axi_smc/inst/m00_nodes/m00_r_node/inst/s_sc_areset_pipe                                                                                                          |                1 |              1 |         1.00 |
|  Design_1_i/processing_system7_0/inst/FCLK_CLK0 |                                                                                                                                                                                                       | Design_1_i/axi_smc/inst/m00_nodes/m00_r_node/inst/mi_handler_m_sc_areset                                                                                                    |                1 |              1 |         1.00 |
|  Design_1_i/processing_system7_0/inst/FCLK_CLK0 |                                                                                                                                                                                                       | Design_1_i/axi_smc/inst/s00_nodes/s00_ar_node/inst/mi_handler_m_sc_areset                                                                                                   |                1 |              1 |         1.00 |
|  Design_1_i/processing_system7_0/inst/FCLK_CLK0 |                                                                                                                                                                                                       | Design_1_i/axi_smc/inst/s00_nodes/s00_ar_node/inst/s_sc_areset_pipe                                                                                                         |                1 |              1 |         1.00 |
|  Design_1_i/processing_system7_0/inst/FCLK_CLK0 | Design_1_i/axi_smc/inst/m00_exit_pipeline/m00_exit/inst/splitter_inst/gen_axi3.splitter_inst/gen_wsplitter.gen_wthread_loop[0].b_split_fifo/gen_srls[0].srl_nx1/shift_qual                            |                                                                                                                                                                             |                1 |              1 |         1.00 |
|  Design_1_i/processing_system7_0/inst/FCLK_CLK0 |                                                                                                                                                                                                       | Design_1_i/axi_smc/inst/s00_nodes/s00_r_node/inst/mi_handler_m_sc_areset                                                                                                    |                1 |              1 |         1.00 |
|  Design_1_i/processing_system7_0/inst/FCLK_CLK0 |                                                                                                                                                                                                       | Design_1_i/axi_smc/inst/s00_nodes/s00_r_node/inst/s_sc_areset_pipe                                                                                                          |                1 |              1 |         1.00 |
|  Design_1_i/processing_system7_0/inst/FCLK_CLK0 |                                                                                                                                                                                                       | Design_1_i/axi_smc/inst/s02_nodes/s02_aw_node/inst/s_sc_areset_pipe                                                                                                         |                1 |              1 |         1.00 |
|  Design_1_i/processing_system7_0/inst/FCLK_CLK0 |                                                                                                                                                                                                       | Design_1_i/axi_smc/inst/s02_nodes/s02_aw_node/inst/mi_handler_m_sc_areset                                                                                                   |                1 |              1 |         1.00 |
|  Design_1_i/processing_system7_0/inst/FCLK_CLK0 |                                                                                                                                                                                                       | Design_1_i/axi_smc/inst/s02_nodes/s02_b_node/inst/s_sc_areset_pipe                                                                                                          |                1 |              1 |         1.00 |
|  Design_1_i/processing_system7_0/inst/FCLK_CLK0 |                                                                                                                                                                                                       | Design_1_i/axi_smc/inst/s02_nodes/s02_b_node/inst/mi_handler_m_sc_areset                                                                                                    |                1 |              1 |         1.00 |
|  Design_1_i/processing_system7_0/inst/FCLK_CLK0 |                                                                                                                                                                                                       | Design_1_i/axi_smc/inst/s02_nodes/s02_w_node/inst/s_sc_areset_pipe                                                                                                          |                1 |              1 |         1.00 |
|  Design_1_i/processing_system7_0/inst/FCLK_CLK0 |                                                                                                                                                                                                       | Design_1_i/axi_smc/inst/s02_nodes/s02_w_node/inst/mi_handler_m_sc_areset                                                                                                    |                1 |              1 |         1.00 |
|  Design_1_i/processing_system7_0/inst/FCLK_CLK0 | Design_1_i/axi_smc/inst/m00_exit_pipeline/m00_exit/inst/splitter_inst/gen_axi3.splitter_inst/aw_cmd_reg/gen_wsplitter.awtrans_cntr[0]                                                                 | Design_1_i/axi_smc/inst/m00_exit_pipeline/m00_exit/inst/splitter_inst/gen_axi3.splitter_inst/aw_cmd_reg/gen_rd_b.gen_rd_b_synth_template.gen_rf_narrow_reg.doutb_reg_reg[4] |                1 |              1 |         1.00 |
|  Design_1_i/processing_system7_0/inst/FCLK_CLK0 |                                                                                                                                                                                                       | Design_1_i/axi_mem_intercon/xbar/inst/gen_sasd.crossbar_sasd_0/addr_arbiter_inst/s_arvalid_reg[0]                                                                           |                1 |              2 |         2.00 |
|  Design_1_i/processing_system7_0/inst/FCLK_CLK0 | Design_1_i/axi_smc/inst/m00_nodes/m00_w_node/inst/inst_si_handler/gen_si_handler.gen_request_fifos.gen_req_fifo[2].inst_req_fifo/gen_xpm_memory_fifo.inst_fifo/wr_wea                                 |                                                                                                                                                                             |                1 |              2 |         2.00 |
|  Design_1_i/processing_system7_0/inst/FCLK_CLK0 | Design_1_i/axi_mem_intercon/xbar/inst/gen_sasd.crossbar_sasd_0/addr_arbiter_inst/any_grant                                                                                                            | Design_1_i/axi_mem_intercon/xbar/inst/gen_sasd.crossbar_sasd_0/addr_arbiter_inst/gen_arbiter.m_grant_hot_i[2]_i_1_n_0                                                       |                1 |              2 |         2.00 |
|  Design_1_i/processing_system7_0/inst/FCLK_CLK0 | Design_1_i/axi_mem_intercon/s00_couplers/auto_pc/inst/gen_axilite.gen_b2s_conv.axilite_b2s/WR.b_channel_0/bid_fifo_0/sel                                                                              |                                                                                                                                                                             |                1 |              2 |         2.00 |
|  Design_1_i/processing_system7_0/inst/FCLK_CLK0 | Design_1_i/axi_smc/inst/s02_nodes/s02_w_node/inst/inst_mi_handler/gen_normal_area.gen_fifo_req.inst_fifo_req/gen_xpm_memory_fifo.inst_fifo/wr_wea                                                     |                                                                                                                                                                             |                1 |              2 |         2.00 |
|  Design_1_i/processing_system7_0/inst/FCLK_CLK0 | Design_1_i/vector_mult_0/inst/gmem_C_m_axi_U/store_unit_0/fifo_wrsp/U_fifo_mem/push                                                                                                                   |                                                                                                                                                                             |                1 |              2 |         2.00 |
|  Design_1_i/processing_system7_0/inst/FCLK_CLK0 | Design_1_i/axi_smc/inst/m00_exit_pipeline/m00_exit/inst/exit_inst/gen_w_cmd_fifo.w_cmd_fifo/gen_srls[2].srl_nx1/shift_qual                                                                            |                                                                                                                                                                             |                1 |              2 |         2.00 |
|  Design_1_i/processing_system7_0/inst/FCLK_CLK0 | Design_1_i/axi_smc/inst/m00_nodes/m00_b_node/inst/inst_mi_handler/gen_normal_area.gen_fifo_req.inst_fifo_req/gen_xpm_memory_fifo.inst_fifo/wr_wea                                                     |                                                                                                                                                                             |                1 |              2 |         2.00 |
|  Design_1_i/processing_system7_0/inst/FCLK_CLK0 | Design_1_i/axi_smc/inst/m00_exit_pipeline/m00_exit/inst/splitter_inst/gen_axi3.splitter_inst/ar_cmd_reg/skid_buffer[1144]_i_1__0_n_0                                                                  | Design_1_i/axi_smc/inst/m00_exit_pipeline/m00_exit/inst/splitter_inst/gen_axi3.splitter_inst/ar_cmd_reg/skid_buffer[185]_i_1_n_0                                            |                1 |              2 |         2.00 |
|  Design_1_i/processing_system7_0/inst/FCLK_CLK0 |                                                                                                                                                                                                       | Design_1_i/axi_smc/inst/s01_entry_pipeline/s01_si_converter/inst/xpm_cdc_async_rst_inst/reset_pol                                                                           |                1 |              3 |         3.00 |
|  Design_1_i/processing_system7_0/inst/FCLK_CLK0 |                                                                                                                                                                                                       | Design_1_i/axi_smc/inst/s02_entry_pipeline/s02_transaction_regulator/inst/xpm_cdc_async_rst_inst/reset_pol                                                                  |                1 |              3 |         3.00 |
|  Design_1_i/processing_system7_0/inst/FCLK_CLK0 |                                                                                                                                                                                                       | Design_1_i/axi_smc/inst/s02_entry_pipeline/s02_mmu/inst/xpm_cdc_async_rst_inst/reset_pol                                                                                    |                1 |              3 |         3.00 |
|  Design_1_i/processing_system7_0/inst/FCLK_CLK0 |                                                                                                                                                                                                       | Design_1_i/axi_smc/inst/m00_nodes/m00_b_node/inst/s_sc_xpm_cdc_async_rst_inst/reset_pol                                                                                     |                1 |              3 |         3.00 |
|  Design_1_i/processing_system7_0/inst/FCLK_CLK0 |                                                                                                                                                                                                       | Design_1_i/axi_smc/inst/s02_nodes/s02_aw_node/inst/s_sc_xpm_cdc_async_rst_inst/reset_pol                                                                                    |                1 |              3 |         3.00 |
|  Design_1_i/processing_system7_0/inst/FCLK_CLK0 | Design_1_i/axi_mem_intercon/xbar/inst/gen_sasd.crossbar_sasd_0/addr_arbiter_inst/any_grant                                                                                                            | Design_1_i/axi_mem_intercon/xbar/inst/gen_sasd.crossbar_sasd_0/addr_arbiter_inst/SR[0]                                                                                      |                1 |              3 |         3.00 |
|  Design_1_i/processing_system7_0/inst/FCLK_CLK0 |                                                                                                                                                                                                       | Design_1_i/axi_smc/inst/m00_nodes/m00_r_node/inst/s_sc_xpm_cdc_async_rst_inst/reset_pol                                                                                     |                1 |              3 |         3.00 |
|  Design_1_i/processing_system7_0/inst/FCLK_CLK0 |                                                                                                                                                                                                       | Design_1_i/axi_smc/inst/s02_nodes/s02_b_node/inst/s_sc_xpm_cdc_async_rst_inst/reset_pol                                                                                     |                1 |              3 |         3.00 |
|  Design_1_i/processing_system7_0/inst/FCLK_CLK0 |                                                                                                                                                                                                       | Design_1_i/axi_smc/inst/s00_entry_pipeline/s00_si_converter/inst/xpm_cdc_async_rst_inst/reset_pol                                                                           |                1 |              3 |         3.00 |
|  Design_1_i/processing_system7_0/inst/FCLK_CLK0 |                                                                                                                                                                                                       | Design_1_i/axi_smc/inst/s00_entry_pipeline/s00_transaction_regulator/inst/xpm_cdc_async_rst_inst/reset_pol                                                                  |                1 |              3 |         3.00 |
|  Design_1_i/processing_system7_0/inst/FCLK_CLK0 |                                                                                                                                                                                                       | Design_1_i/axi_smc/inst/m00_nodes/m00_ar_node/inst/s_sc_xpm_cdc_async_rst_inst/reset_pol                                                                                    |                1 |              3 |         3.00 |
|  Design_1_i/processing_system7_0/inst/FCLK_CLK0 |                                                                                                                                                                                                       | Design_1_i/axi_smc/inst/m00_nodes/m00_w_node/inst/s_sc_xpm_cdc_async_rst_inst/reset_pol                                                                                     |                1 |              3 |         3.00 |
|  Design_1_i/processing_system7_0/inst/FCLK_CLK0 |                                                                                                                                                                                                       | Design_1_i/axi_smc/inst/s02_nodes/s02_w_node/inst/s_sc_xpm_cdc_async_rst_inst/reset_pol                                                                                     |                1 |              3 |         3.00 |
|  Design_1_i/processing_system7_0/inst/FCLK_CLK0 |                                                                                                                                                                                                       | Design_1_i/axi_smc/inst/s01_nodes/s01_r_node/inst/s_sc_xpm_cdc_async_rst_inst/reset_pol                                                                                     |                1 |              3 |         3.00 |
|  Design_1_i/processing_system7_0/inst/FCLK_CLK0 |                                                                                                                                                                                                       | Design_1_i/axi_smc/inst/m00_nodes/m00_aw_node/inst/s_sc_xpm_cdc_async_rst_inst/reset_pol                                                                                    |                1 |              3 |         3.00 |
|  Design_1_i/processing_system7_0/inst/FCLK_CLK0 |                                                                                                                                                                                                       | Design_1_i/axi_smc/inst/s00_nodes/s00_ar_node/inst/s_sc_xpm_cdc_async_rst_inst/reset_pol                                                                                    |                1 |              3 |         3.00 |
|  Design_1_i/processing_system7_0/inst/FCLK_CLK0 |                                                                                                                                                                                                       | Design_1_i/axi_smc/inst/s00_entry_pipeline/s00_mmu/inst/xpm_cdc_async_rst_inst/reset_pol                                                                                    |                1 |              3 |         3.00 |
|  Design_1_i/processing_system7_0/inst/FCLK_CLK0 |                                                                                                                                                                                                       | Design_1_i/axi_smc/inst/s01_entry_pipeline/s01_transaction_regulator/inst/xpm_cdc_async_rst_inst/reset_pol                                                                  |                1 |              3 |         3.00 |
|  Design_1_i/processing_system7_0/inst/FCLK_CLK0 |                                                                                                                                                                                                       | Design_1_i/axi_smc/inst/s01_entry_pipeline/s01_mmu/inst/xpm_cdc_async_rst_inst/reset_pol                                                                                    |                1 |              3 |         3.00 |
|  Design_1_i/processing_system7_0/inst/FCLK_CLK0 |                                                                                                                                                                                                       | Design_1_i/axi_smc/inst/s00_nodes/s00_r_node/inst/s_sc_xpm_cdc_async_rst_inst/reset_pol                                                                                     |                1 |              3 |         3.00 |
|  Design_1_i/processing_system7_0/inst/FCLK_CLK0 |                                                                                                                                                                                                       | Design_1_i/axi_smc/inst/m00_exit_pipeline/m00_exit/inst/xpm_cdc_async_rst_inst/reset_pol                                                                                    |                1 |              3 |         3.00 |
|  Design_1_i/processing_system7_0/inst/FCLK_CLK0 |                                                                                                                                                                                                       | Design_1_i/axi_smc/inst/s01_nodes/s01_ar_node/inst/s_sc_xpm_cdc_async_rst_inst/reset_pol                                                                                    |                1 |              3 |         3.00 |
|  Design_1_i/processing_system7_0/inst/FCLK_CLK0 |                                                                                                                                                                                                       | Design_1_i/axi_smc/inst/s02_entry_pipeline/s02_si_converter/inst/xpm_cdc_async_rst_inst/reset_pol                                                                           |                1 |              3 |         3.00 |
|  Design_1_i/processing_system7_0/inst/FCLK_CLK0 | Design_1_i/axi_smc/inst/m00_nodes/m00_aw_node/inst/inst_si_handler/gen_m_axis_arb_fifo.inst_axis_arb_fifo/fifoaddr[3]_i_1_n_0                                                                         | Design_1_i/axi_smc/inst/m00_nodes/m00_aw_node/inst/inst_si_handler/areset_r_0                                                                                               |                2 |              4 |         2.00 |
|  Design_1_i/processing_system7_0/inst/FCLK_CLK0 | Design_1_i/vector_mult_0/inst/gmem_C_m_axi_U/store_unit_0/conservative_gen.fifo_burst/p_0_in[0]                                                                                                       | Design_1_i/vector_mult_0/inst/gmem_C_m_axi_U/bus_write/wreq_burst_conv/burst_sequential/rs_req/ap_rst_n_0                                                                   |                1 |              4 |         4.00 |
|  Design_1_i/processing_system7_0/inst/FCLK_CLK0 | Design_1_i/axi_smc/inst/s02_entry_pipeline/s02_si_converter/inst/gen_normal.splitter_inst/gen_no_wsplitter.gen_endpoint_woffset.gen_wbypass_offset_fifo.wbypass_offset_fifo/fifoaddr[3]_i_1_n_0       | Design_1_i/axi_smc/inst/s02_entry_pipeline/s02_si_converter/inst/areset                                                                                                     |                2 |              4 |         2.00 |
|  Design_1_i/processing_system7_0/inst/FCLK_CLK0 | Design_1_i/vector_mult_0/inst/gmem_A_m_axi_U/bus_read/rreq_burst_conv/burst_sequential/could_multi_bursts.burst_len[3]_i_1_n_0                                                                        | Design_1_i/vector_mult_0/inst/gmem_C_m_axi_U/bus_write/wreq_burst_conv/burst_sequential/rs_req/ap_rst_n_0                                                                   |                1 |              4 |         4.00 |
|  Design_1_i/processing_system7_0/inst/FCLK_CLK0 | Design_1_i/axi_smc/inst/m00_exit_pipeline/m00_exit/inst/splitter_inst/gen_axi3.splitter_inst/gen_wsplitter.w_split_fifo/fifoaddr[3]_i_1__0_n_0                                                        | Design_1_i/axi_smc/inst/m00_exit_pipeline/m00_exit/inst/areset                                                                                                              |                2 |              4 |         2.00 |
|  Design_1_i/processing_system7_0/inst/FCLK_CLK0 | Design_1_i/vector_mult_0/inst/gmem_C_m_axi_U/store_unit_0/conservative_gen.fifo_burst/U_fifo_mem/push                                                                                                 | Design_1_i/vector_mult_0/inst/gmem_C_m_axi_U/bus_write/wreq_burst_conv/burst_sequential/rs_req/ap_rst_n_0                                                                   |                1 |              4 |         4.00 |
|  Design_1_i/processing_system7_0/inst/FCLK_CLK0 |                                                                                                                                                                                                       | Design_1_i/rst_ps7_0_50M/U0/EXT_LPF/lpf_int                                                                                                                                 |                3 |              4 |         1.33 |
|  Design_1_i/processing_system7_0/inst/FCLK_CLK0 | Design_1_i/vector_mult_0/inst/gmem_C_m_axi_U/bus_write/wreq_throttle/rs_burst/load_p1                                                                                                                 |                                                                                                                                                                             |                2 |              4 |         2.00 |
|  Design_1_i/processing_system7_0/inst/FCLK_CLK0 | Design_1_i/vector_mult_0/inst/gmem_C_m_axi_U/bus_write/wreq_throttle/fifo_burst_gen[0].fifo_req/raddr[3]_i_1__4_n_0                                                                                   | Design_1_i/vector_mult_0/inst/gmem_C_m_axi_U/bus_write/wreq_burst_conv/burst_sequential/rs_req/ap_rst_n_0                                                                   |                2 |              4 |         2.00 |
|  Design_1_i/processing_system7_0/inst/FCLK_CLK0 |                                                                                                                                                                                                       | Design_1_i/axi_mem_intercon/s00_couplers/auto_pc/inst/gen_axilite.gen_b2s_conv.axilite_b2s/SI_REG/aw.aw_pipe/aresetn_d_reg[1]_inv_0                                         |                2 |              4 |         2.00 |
|  Design_1_i/processing_system7_0/inst/FCLK_CLK0 |                                                                                                                                                                                                       | Design_1_i/axi_mem_intercon/s00_couplers/auto_pc/inst/gen_axilite.gen_b2s_conv.axilite_b2s/SI_REG/aw.aw_pipe/aresetn_d_reg[0]_0                                             |                3 |              4 |         1.33 |
|  Design_1_i/processing_system7_0/inst/FCLK_CLK0 |                                                                                                                                                                                                       | Design_1_i/axi_smc/inst/clk_map/psr_aclk/U0/EXT_LPF/lpf_int                                                                                                                 |                1 |              4 |         4.00 |
|  Design_1_i/processing_system7_0/inst/FCLK_CLK0 | Design_1_i/vector_mult_0/inst/gmem_C_m_axi_U/bus_write/wreq_burst_conv/burst_sequential/could_multi_bursts.burst_addr[5]                                                                              | Design_1_i/vector_mult_0/inst/gmem_C_m_axi_U/bus_write/wreq_burst_conv/burst_sequential/rs_req/ap_rst_n_0                                                                   |                1 |              4 |         4.00 |
|  Design_1_i/processing_system7_0/inst/FCLK_CLK0 | Design_1_i/axi_mem_intercon/s00_couplers/auto_pc/inst/gen_axilite.gen_b2s_conv.axilite_b2s/RD.ar_channel_0/ar_cmd_fsm_0/FSM_sequential_state_reg[0]_2                                                 | Design_1_i/axi_mem_intercon/s00_couplers/auto_pc/inst/gen_axilite.gen_b2s_conv.axilite_b2s/RD.ar_channel_0/ar_cmd_fsm_0/FSM_sequential_state_reg[0]_0                       |                1 |              4 |         4.00 |
|  Design_1_i/processing_system7_0/inst/FCLK_CLK0 | Design_1_i/vector_mult_0/inst/gmem_C_m_axi_U/bus_write/wreq_burst_conv/burst_sequential/could_multi_bursts.burst_len[3]_i_1_n_0                                                                       | Design_1_i/vector_mult_0/inst/gmem_C_m_axi_U/bus_write/wreq_burst_conv/burst_sequential/rs_req/ap_rst_n_0                                                                   |                1 |              4 |         4.00 |
|  Design_1_i/processing_system7_0/inst/FCLK_CLK0 | Design_1_i/vector_mult_0/inst/gmem_A_m_axi_U/bus_read/rreq_burst_conv/burst_sequential/could_multi_bursts.burst_addr[5]                                                                               | Design_1_i/vector_mult_0/inst/gmem_C_m_axi_U/bus_write/wreq_burst_conv/burst_sequential/rs_req/ap_rst_n_0                                                                   |                1 |              4 |         4.00 |
|  Design_1_i/processing_system7_0/inst/FCLK_CLK0 | Design_1_i/vector_mult_0/inst/gmem_C_m_axi_U/bus_write/fifo_resp_gen[0].fifo_resp/U_fifo_srl/empty_n_reg_0[0]                                                                                         | Design_1_i/vector_mult_0/inst/gmem_C_m_axi_U/bus_write/wreq_burst_conv/burst_sequential/rs_req/ap_rst_n_0                                                                   |                1 |              4 |         4.00 |
|  Design_1_i/processing_system7_0/inst/FCLK_CLK0 | Design_1_i/axi_smc/inst/s00_entry_pipeline/s00_transaction_regulator/inst/gen_endpoint.gen_r_singleorder.r_singleorder/gen_id_fifo.singleorder_fifo/fifoaddr[3]_i_1_n_0                               | Design_1_i/axi_smc/inst/s00_entry_pipeline/s00_transaction_regulator/inst/areset                                                                                            |                2 |              4 |         2.00 |
|  Design_1_i/processing_system7_0/inst/FCLK_CLK0 | Design_1_i/vector_mult_0/inst/gmem_A_m_axi_U/load_unit_0/fifo_rreq/mOutPtr[3]_i_1_n_0                                                                                                                 | Design_1_i/vector_mult_0/inst/gmem_C_m_axi_U/bus_write/wreq_burst_conv/burst_sequential/rs_req/ap_rst_n_0                                                                   |                2 |              4 |         2.00 |
|  Design_1_i/processing_system7_0/inst/FCLK_CLK0 | Design_1_i/vector_mult_0/inst/gmem_A_m_axi_U/load_unit_0/fifo_rreq/num_data_cnt[3]_i_1_n_0                                                                                                            | Design_1_i/vector_mult_0/inst/gmem_C_m_axi_U/bus_write/wreq_burst_conv/burst_sequential/rs_req/ap_rst_n_0                                                                   |                1 |              4 |         4.00 |
|  Design_1_i/processing_system7_0/inst/FCLK_CLK0 | Design_1_i/vector_mult_0/inst/control_s_axi_U/waddr                                                                                                                                                   |                                                                                                                                                                             |                1 |              4 |         4.00 |
|  Design_1_i/processing_system7_0/inst/FCLK_CLK0 | Design_1_i/vector_mult_0/inst/gmem_B_m_axi_U/load_unit_0/fifo_rreq/mOutPtr[3]_i_1__1_n_0                                                                                                              | Design_1_i/vector_mult_0/inst/gmem_C_m_axi_U/bus_write/wreq_burst_conv/burst_sequential/rs_req/ap_rst_n_0                                                                   |                2 |              4 |         2.00 |
|  Design_1_i/processing_system7_0/inst/FCLK_CLK0 | Design_1_i/vector_mult_0/inst/gmem_B_m_axi_U/load_unit_0/fifo_rreq/num_data_cnt[3]_i_1__1_n_0                                                                                                         | Design_1_i/vector_mult_0/inst/gmem_C_m_axi_U/bus_write/wreq_burst_conv/burst_sequential/rs_req/ap_rst_n_0                                                                   |                1 |              4 |         4.00 |
|  Design_1_i/processing_system7_0/inst/FCLK_CLK0 |                                                                                                                                                                                                       | Design_1_i/axi_smc/inst/m00_nodes/m00_ar_node/inst/inst_mi_handler/m_sc_areset_r                                                                                            |                3 |              4 |         1.33 |
|  Design_1_i/processing_system7_0/inst/FCLK_CLK0 | Design_1_i/vector_mult_0/inst/gmem_B_m_axi_U/bus_read/rreq_burst_conv/burst_sequential/could_multi_bursts.burst_addr[5]                                                                               | Design_1_i/vector_mult_0/inst/gmem_C_m_axi_U/bus_write/wreq_burst_conv/burst_sequential/rs_req/ap_rst_n_0                                                                   |                1 |              4 |         4.00 |
|  Design_1_i/processing_system7_0/inst/FCLK_CLK0 | Design_1_i/vector_mult_0/inst/gmem_B_m_axi_U/bus_read/rreq_burst_conv/burst_sequential/could_multi_bursts.burst_len[3]_i_1__0_n_0                                                                     | Design_1_i/vector_mult_0/inst/gmem_C_m_axi_U/bus_write/wreq_burst_conv/burst_sequential/rs_req/ap_rst_n_0                                                                   |                1 |              4 |         4.00 |
|  Design_1_i/processing_system7_0/inst/FCLK_CLK0 | Design_1_i/vector_mult_0/inst/gmem_C_m_axi_U/store_unit_0/conservative_gen.local_BURST_WVALID_reg_0[0]                                                                                                |                                                                                                                                                                             |                2 |              4 |         2.00 |
|  Design_1_i/processing_system7_0/inst/FCLK_CLK0 | Design_1_i/axi_smc/inst/s02_entry_pipeline/s02_transaction_regulator/inst/gen_endpoint.gen_w_singleorder.w_singleorder/gen_id_fifo.singleorder_fifo/fifoaddr[3]_i_1_n_0                               | Design_1_i/axi_smc/inst/s02_entry_pipeline/s02_transaction_regulator/inst/areset                                                                                            |                1 |              4 |         4.00 |
|  Design_1_i/processing_system7_0/inst/FCLK_CLK0 | Design_1_i/axi_smc/inst/s01_entry_pipeline/s01_transaction_regulator/inst/gen_endpoint.gen_r_singleorder.r_singleorder/gen_id_fifo.singleorder_fifo/fifoaddr[3]_i_1_n_0                               | Design_1_i/axi_smc/inst/s01_entry_pipeline/s01_transaction_regulator/inst/areset                                                                                            |                2 |              4 |         2.00 |
|  Design_1_i/processing_system7_0/inst/FCLK_CLK0 | Design_1_i/axi_smc/inst/m00_exit_pipeline/m00_exit/inst/exit_inst/gen_r_cmd_fifo.r_cmd_fifo/fifoaddr[3]_i_1__3_n_0                                                                                    | Design_1_i/axi_smc/inst/m00_exit_pipeline/m00_exit/inst/areset                                                                                                              |                2 |              4 |         2.00 |
|  Design_1_i/processing_system7_0/inst/FCLK_CLK0 |                                                                                                                                                                                                       | Design_1_i/axi_smc/inst/s02_nodes/s02_b_node/inst/inst_mi_handler/m_sc_areset_r                                                                                             |                4 |              4 |         1.00 |
|  Design_1_i/processing_system7_0/inst/FCLK_CLK0 | Design_1_i/vector_mult_0/inst/gmem_C_m_axi_U/store_unit_0/fifo_wrsp/U_fifo_mem/push                                                                                                                   | Design_1_i/vector_mult_0/inst/gmem_C_m_axi_U/bus_write/wreq_burst_conv/burst_sequential/rs_req/ap_rst_n_0                                                                   |                1 |              4 |         4.00 |
|  Design_1_i/processing_system7_0/inst/FCLK_CLK0 | Design_1_i/axi_smc/inst/m00_exit_pipeline/m00_exit/inst/exit_inst/gen_w_cmd_fifo.w_cmd_fifo/fifoaddr[3]_i_1__2_n_0                                                                                    | Design_1_i/axi_smc/inst/m00_exit_pipeline/m00_exit/inst/areset                                                                                                              |                1 |              4 |         4.00 |
|  Design_1_i/processing_system7_0/inst/FCLK_CLK0 |                                                                                                                                                                                                       | Design_1_i/axi_smc/inst/m00_nodes/m00_aw_node/inst/inst_mi_handler/m_sc_areset_r                                                                                            |                2 |              4 |         2.00 |
|  Design_1_i/processing_system7_0/inst/FCLK_CLK0 | Design_1_i/axi_smc/inst/m00_exit_pipeline/m00_exit/inst/splitter_inst/gen_axi3.splitter_inst/gen_rsplitter.gen_rthread_loop[0].r_split_fifo/fifoaddr[3]_i_1__1_n_0                                    | Design_1_i/axi_smc/inst/m00_exit_pipeline/m00_exit/inst/areset                                                                                                              |                2 |              4 |         2.00 |
|  Design_1_i/processing_system7_0/inst/FCLK_CLK0 |                                                                                                                                                                                                       | Design_1_i/axi_smc/inst/m00_nodes/m00_w_node/inst/inst_mi_handler/m_sc_areset_r                                                                                             |                4 |              4 |         1.00 |
|  Design_1_i/processing_system7_0/inst/FCLK_CLK0 | Design_1_i/axi_smc/inst/m00_exit_pipeline/m00_exit/inst/splitter_inst/gen_axi3.splitter_inst/gen_wsplitter.gen_wthread_loop[0].b_split_fifo/fifoaddr[3]_i_1_n_0                                       | Design_1_i/axi_smc/inst/m00_exit_pipeline/m00_exit/inst/areset                                                                                                              |                2 |              4 |         2.00 |
|  Design_1_i/processing_system7_0/inst/FCLK_CLK0 | Design_1_i/vector_mult_0/inst/gmem_C_m_axi_U/bus_write/wreq_throttle/fifo_burst_gen[0].fifo_req/mOutPtr[4]_i_1__5_n_0                                                                                 | Design_1_i/vector_mult_0/inst/gmem_C_m_axi_U/bus_write/wreq_burst_conv/burst_sequential/rs_req/ap_rst_n_0                                                                   |                2 |              5 |         2.50 |
|  Design_1_i/processing_system7_0/inst/FCLK_CLK0 | Design_1_i/vector_mult_0/inst/gmem_C_m_axi_U/bus_write/wreq_throttle/fifo_burst_gen[0].fifo_req/num_data_cnt[4]_i_1__5_n_0                                                                            | Design_1_i/vector_mult_0/inst/gmem_C_m_axi_U/bus_write/wreq_burst_conv/burst_sequential/rs_req/ap_rst_n_0                                                                   |                1 |              5 |         5.00 |
|  Design_1_i/processing_system7_0/inst/FCLK_CLK0 | Design_1_i/vector_mult_0/inst/gmem_C_m_axi_U/store_unit_0/buff_wdata/raddr[4]_i_1__1_n_0                                                                                                              | Design_1_i/vector_mult_0/inst/gmem_C_m_axi_U/bus_write/wreq_burst_conv/burst_sequential/rs_req/ap_rst_n_0                                                                   |                3 |              5 |         1.67 |
|  Design_1_i/processing_system7_0/inst/FCLK_CLK0 | Design_1_i/vector_mult_0/inst/gmem_C_m_axi_U/store_unit_0/conservative_gen.fifo_burst/mOutPtr[4]_i_1__1_n_0                                                                                           | Design_1_i/vector_mult_0/inst/gmem_C_m_axi_U/bus_write/wreq_burst_conv/burst_sequential/rs_req/ap_rst_n_0                                                                   |                2 |              5 |         2.50 |
|  Design_1_i/processing_system7_0/inst/FCLK_CLK0 | Design_1_i/vector_mult_0/inst/gmem_C_m_axi_U/store_unit_0/fifo_wrsp/U_fifo_mem/E[0]                                                                                                                   | Design_1_i/vector_mult_0/inst/gmem_C_m_axi_U/bus_write/wreq_burst_conv/burst_sequential/rs_req/ap_rst_n_0                                                                   |                2 |              5 |         2.50 |
|  Design_1_i/processing_system7_0/inst/FCLK_CLK0 | Design_1_i/vector_mult_0/inst/gmem_C_m_axi_U/store_unit_0/fifo_wrsp/U_fifo_mem/dout_reg[0]_1[0]                                                                                                       | Design_1_i/vector_mult_0/inst/gmem_C_m_axi_U/bus_write/wreq_burst_conv/burst_sequential/rs_req/ap_rst_n_0                                                                   |                2 |              5 |         2.50 |
|  Design_1_i/processing_system7_0/inst/FCLK_CLK0 | Design_1_i/vector_mult_0/inst/gmem_A_m_axi_U/bus_read/ost_ctrl_gen[0].fifo_rctl/mOutPtr                                                                                                               | Design_1_i/vector_mult_0/inst/gmem_C_m_axi_U/bus_write/wreq_burst_conv/burst_sequential/rs_req/ap_rst_n_0                                                                   |                2 |              5 |         2.50 |
|  Design_1_i/processing_system7_0/inst/FCLK_CLK0 | Design_1_i/axi_smc/inst/m00_exit_pipeline/m00_exit/inst/splitter_inst/gen_axi3.splitter_inst/gen_wsplitter.w_split_fifo/gen_srls[4].srl_nx1/shift_qual                                                |                                                                                                                                                                             |                2 |              5 |         2.50 |
|  Design_1_i/processing_system7_0/inst/FCLK_CLK0 | Design_1_i/vector_mult_0/inst/gmem_A_m_axi_U/bus_read/ost_ctrl_gen[0].fifo_rctl/num_data_cnt                                                                                                          | Design_1_i/vector_mult_0/inst/gmem_C_m_axi_U/bus_write/wreq_burst_conv/burst_sequential/rs_req/ap_rst_n_0                                                                   |                2 |              5 |         2.50 |
|  Design_1_i/processing_system7_0/inst/FCLK_CLK0 |                                                                                                                                                                                                       | Design_1_i/axi_smc/inst/s00_nodes/s00_r_node/inst/inst_mi_handler/m_sc_areset_r                                                                                             |                4 |              5 |         1.25 |
|  Design_1_i/processing_system7_0/inst/FCLK_CLK0 | Design_1_i/axi_smc/inst/m00_exit_pipeline/m00_exit/inst/splitter_inst/gen_axi3.splitter_inst/gen_wsplitter.w_split_fifo/gen_pipelined.mesg_reg[0]                                                     |                                                                                                                                                                             |                2 |              5 |         2.50 |
|  Design_1_i/processing_system7_0/inst/FCLK_CLK0 |                                                                                                                                                                                                       | Design_1_i/axi_smc/inst/s01_nodes/s01_r_node/inst/inst_mi_handler/m_sc_areset_r                                                                                             |                3 |              5 |         1.67 |
|  Design_1_i/processing_system7_0/inst/FCLK_CLK0 | Design_1_i/vector_mult_0/inst/gmem_C_m_axi_U/store_unit_0/fifo_wrsp/U_fifo_mem/pop                                                                                                                    | Design_1_i/vector_mult_0/inst/gmem_C_m_axi_U/bus_write/wreq_burst_conv/burst_sequential/rs_req/ap_rst_n_0                                                                   |                2 |              5 |         2.50 |
|  Design_1_i/processing_system7_0/inst/FCLK_CLK0 | Design_1_i/axi_mem_intercon/s00_couplers/auto_pc/inst/gen_axilite.gen_b2s_conv.axilite_b2s/RD.r_channel_0/rd_data_fifo_0/cnt_read[4]_i_1__0_n_0                                                       | Design_1_i/axi_mem_intercon/s00_couplers/auto_pc/inst/gen_axilite.gen_b2s_conv.axilite_b2s/areset_d1                                                                        |                2 |              5 |         2.50 |
|  Design_1_i/processing_system7_0/inst/FCLK_CLK0 |                                                                                                                                                                                                       | Design_1_i/axi_smc/inst/s02_nodes/s02_w_node/inst/inst_mi_handler/areset_r                                                                                                  |                3 |              5 |         1.67 |
|  Design_1_i/processing_system7_0/inst/FCLK_CLK0 | Design_1_i/axi_mem_intercon/s00_couplers/auto_pc/inst/gen_axilite.gen_b2s_conv.axilite_b2s/RD.r_channel_0/transaction_fifo_0/cnt_read[4]_i_1_n_0                                                      | Design_1_i/axi_mem_intercon/s00_couplers/auto_pc/inst/gen_axilite.gen_b2s_conv.axilite_b2s/areset_d1                                                                        |                2 |              5 |         2.50 |
|  Design_1_i/processing_system7_0/inst/FCLK_CLK0 | Design_1_i/vector_mult_0/inst/gmem_C_m_axi_U/store_unit_0/conservative_gen.fifo_burst/num_data_cnt[4]_i_1__1_n_0                                                                                      | Design_1_i/vector_mult_0/inst/gmem_C_m_axi_U/bus_write/wreq_burst_conv/burst_sequential/rs_req/ap_rst_n_0                                                                   |                2 |              5 |         2.50 |
|  Design_1_i/processing_system7_0/inst/FCLK_CLK0 | Design_1_i/axi_smc/inst/m00_exit_pipeline/m00_exit/inst/splitter_inst/gen_axi3.splitter_inst/ar_cmd_reg/skid_buffer[1144]_i_1__0_n_0                                                                  | Design_1_i/axi_smc/inst/m00_exit_pipeline/m00_exit/inst/splitter_inst/gen_axi3.splitter_inst/ar_cmd_reg/skid_buffer[146]_i_1__0_n_0                                         |                1 |              5 |         5.00 |
|  Design_1_i/processing_system7_0/inst/FCLK_CLK0 | Design_1_i/axi_smc/inst/s01_entry_pipeline/s01_mmu/inst/r_sreg/E[0]                                                                                                                                   | Design_1_i/axi_smc/inst/s01_entry_pipeline/s01_mmu/inst/areset                                                                                                              |                2 |              5 |         2.50 |
|  Design_1_i/processing_system7_0/inst/FCLK_CLK0 | Design_1_i/axi_smc/inst/m00_exit_pipeline/m00_exit/inst/splitter_inst/gen_axi3.splitter_inst/ar_cmd_reg/E[0]                                                                                          | Design_1_i/axi_smc/inst/m00_exit_pipeline/m00_exit/inst/areset                                                                                                              |                2 |              5 |         2.50 |
|  Design_1_i/processing_system7_0/inst/FCLK_CLK0 | Design_1_i/axi_smc/inst/s02_entry_pipeline/s02_si_converter/inst/gen_normal.splitter_inst/gen_no_wsplitter.gen_endpoint_woffset.gen_wbypass_offset_fifo.wbypass_offset_fifo/gen_srls[9].srl_nx1/shift |                                                                                                                                                                             |                2 |              5 |         2.50 |
|  Design_1_i/processing_system7_0/inst/FCLK_CLK0 | Design_1_i/axi_smc/inst/s02_entry_pipeline/s02_si_converter/inst/gen_normal.splitter_inst/gen_no_wsplitter.gen_endpoint_woffset.gen_wbypass_offset_fifo.wbypass_offset_fifo/gen_pipelined.load_mesg   |                                                                                                                                                                             |                2 |              5 |         2.50 |
|  Design_1_i/processing_system7_0/inst/FCLK_CLK0 | Design_1_i/axi_smc/inst/m00_exit_pipeline/m00_exit/inst/splitter_inst/gen_axi3.splitter_inst/aw_cmd_reg/skid_buffer[1144]_i_1_n_0                                                                     | Design_1_i/axi_smc/inst/m00_exit_pipeline/m00_exit/inst/splitter_inst/gen_axi3.splitter_inst/aw_cmd_reg/skid_buffer[146]_i_1_n_0                                            |                1 |              5 |         5.00 |
|  Design_1_i/processing_system7_0/inst/FCLK_CLK0 | Design_1_i/axi_smc/inst/m00_exit_pipeline/m00_exit/inst/splitter_inst/gen_axi3.splitter_inst/aw_cmd_reg/E[0]                                                                                          | Design_1_i/axi_smc/inst/m00_exit_pipeline/m00_exit/inst/areset                                                                                                              |                2 |              5 |         2.50 |
|  Design_1_i/processing_system7_0/inst/FCLK_CLK0 | Design_1_i/axi_smc/inst/s02_entry_pipeline/s02_mmu/inst/aw_sreg/E[0]                                                                                                                                  | Design_1_i/axi_smc/inst/s02_entry_pipeline/s02_mmu/inst/areset_d                                                                                                            |                2 |              5 |         2.50 |
|  Design_1_i/processing_system7_0/inst/FCLK_CLK0 | Design_1_i/axi_smc/inst/s02_entry_pipeline/s02_mmu/inst/aw_sreg/gen_endpoint.w_push_done_reg[0]                                                                                                       | Design_1_i/axi_smc/inst/s02_entry_pipeline/s02_mmu/inst/areset_d                                                                                                            |                2 |              5 |         2.50 |
|  Design_1_i/processing_system7_0/inst/FCLK_CLK0 | Design_1_i/vector_mult_0/inst/gmem_B_m_axi_U/bus_read/ost_ctrl_gen[0].fifo_rctl/mOutPtr                                                                                                               | Design_1_i/vector_mult_0/inst/gmem_C_m_axi_U/bus_write/wreq_burst_conv/burst_sequential/rs_req/ap_rst_n_0                                                                   |                1 |              5 |         5.00 |
|  Design_1_i/processing_system7_0/inst/FCLK_CLK0 | Design_1_i/axi_smc/inst/s00_entry_pipeline/s00_mmu/inst/r_sreg/E[0]                                                                                                                                   | Design_1_i/axi_smc/inst/s00_entry_pipeline/s00_mmu/inst/areset                                                                                                              |                2 |              5 |         2.50 |
|  Design_1_i/processing_system7_0/inst/FCLK_CLK0 | Design_1_i/vector_mult_0/inst/gmem_B_m_axi_U/bus_read/ost_ctrl_gen[0].fifo_rctl/num_data_cnt                                                                                                          | Design_1_i/vector_mult_0/inst/gmem_C_m_axi_U/bus_write/wreq_burst_conv/burst_sequential/rs_req/ap_rst_n_0                                                                   |                2 |              5 |         2.50 |
|  Design_1_i/processing_system7_0/inst/FCLK_CLK0 | Design_1_i/vector_mult_0/inst/gmem_C_m_axi_U/bus_write/fifo_resp_gen[0].fifo_resp/U_fifo_srl/full_n_reg[0]                                                                                            | Design_1_i/vector_mult_0/inst/gmem_C_m_axi_U/bus_write/wreq_burst_conv/burst_sequential/rs_req/ap_rst_n_0                                                                   |                2 |              5 |         2.50 |
|  Design_1_i/processing_system7_0/inst/FCLK_CLK0 | Design_1_i/vector_mult_0/inst/gmem_C_m_axi_U/bus_write/fifo_resp_gen[0].fifo_resp/U_fifo_srl/E[0]                                                                                                     | Design_1_i/vector_mult_0/inst/gmem_C_m_axi_U/bus_write/wreq_burst_conv/burst_sequential/rs_req/ap_rst_n_0                                                                   |                2 |              5 |         2.50 |
|  Design_1_i/processing_system7_0/inst/FCLK_CLK0 | Design_1_i/axi_smc/inst/s02_nodes/s02_w_node/inst/inst_mi_handler/gen_normal_area.gen_fifo_req.inst_fifo_req/gen_xpm_memory_fifo.inst_fifo/gen_mem_rep[0].inst_rd_addrb/rd_addrb_incr                 | Design_1_i/axi_smc/inst/s02_nodes/s02_w_node/inst/inst_mi_handler/m_sc_areset_r                                                                                             |                3 |              6 |         2.00 |
|  Design_1_i/processing_system7_0/inst/FCLK_CLK0 | Design_1_i/vector_mult_0/inst/gmem_C_m_axi_U/store_unit_0/user_resp/full_n_reg_1[0]                                                                                                                   | Design_1_i/vector_mult_0/inst/gmem_C_m_axi_U/bus_write/wreq_burst_conv/burst_sequential/rs_req/ap_rst_n_0                                                                   |                2 |              6 |         3.00 |
|  Design_1_i/processing_system7_0/inst/FCLK_CLK0 | Design_1_i/axi_smc/inst/m00_nodes/m00_ar_node/inst/inst_mi_handler/gen_normal_area.gen_node_prog_full.inst_node_prog_full/gen_xpm_memory_fifo.inst_fifo/gen_mem_rep[0].inst_rd_addrb/rd_addrb_incr    | Design_1_i/axi_smc/inst/m00_nodes/m00_ar_node/inst/inst_mi_handler/m_sc_areset_r                                                                                            |                3 |              6 |         2.00 |
|  Design_1_i/processing_system7_0/inst/FCLK_CLK0 | Design_1_i/rst_ps7_0_50M/U0/SEQ/seq_cnt_en                                                                                                                                                            | Design_1_i/rst_ps7_0_50M/U0/SEQ/SEQ_COUNTER/clear                                                                                                                           |                1 |              6 |         6.00 |
|  Design_1_i/processing_system7_0/inst/FCLK_CLK0 | Design_1_i/axi_smc/inst/s00_nodes/s00_r_node/inst/inst_mi_handler/gen_normal_area.inst_fifo_node_payld/gen_xpm_memory_fifo.inst_fifo/gen_mem_rep[0].inst_rd_addrb/rd_addrb_incr                       | Design_1_i/axi_smc/inst/s00_nodes/s00_r_node/inst/inst_mi_handler/m_sc_areset_r                                                                                             |                3 |              6 |         2.00 |
|  Design_1_i/processing_system7_0/inst/FCLK_CLK0 | Design_1_i/axi_smc/inst/m00_exit_pipeline/m00_exit/inst/exit_inst/gen_r_cmd_fifo.r_cmd_fifo/gen_pipelined.mesg_reg[0]                                                                                 |                                                                                                                                                                             |                2 |              6 |         3.00 |
|  Design_1_i/processing_system7_0/inst/FCLK_CLK0 | Design_1_i/axi_smc/inst/s02_nodes/s02_w_node/inst/inst_mi_handler/gen_normal_area.inst_fifo_send/m_sc_req[0]                                                                                          | Design_1_i/axi_smc/inst/m00_nodes/m00_w_node/inst/inst_si_handler/areset_r_0                                                                                                |                2 |              6 |         3.00 |
|  Design_1_i/processing_system7_0/inst/FCLK_CLK0 | Design_1_i/vector_mult_0/inst/gmem_C_m_axi_U/store_unit_0/user_resp/full_n_reg_0[0]                                                                                                                   | Design_1_i/vector_mult_0/inst/gmem_C_m_axi_U/bus_write/wreq_burst_conv/burst_sequential/rs_req/ap_rst_n_0                                                                   |                2 |              6 |         3.00 |
|  Design_1_i/processing_system7_0/inst/FCLK_CLK0 | Design_1_i/axi_smc/inst/clk_map/psr_aclk/U0/SEQ/seq_cnt_en                                                                                                                                            | Design_1_i/axi_smc/inst/clk_map/psr_aclk/U0/SEQ/SEQ_COUNTER/clear                                                                                                           |                1 |              6 |         6.00 |
|  Design_1_i/processing_system7_0/inst/FCLK_CLK0 | Design_1_i/axi_smc/inst/s01_nodes/s01_ar_node/inst/inst_mi_handler/gen_normal_area.gen_fifo_req.inst_fifo_req/gen_xpm_memory_fifo.inst_fifo/gen_mem_rep[0].inst_rd_addrb/rd_addrb_incr                | Design_1_i/axi_smc/inst/s01_nodes/s01_ar_node/inst/inst_mi_handler/m_sc_areset_r                                                                                            |                4 |              6 |         1.50 |
|  Design_1_i/processing_system7_0/inst/FCLK_CLK0 | Design_1_i/axi_smc/inst/m00_exit_pipeline/m00_exit/inst/exit_inst/gen_r_cmd_fifo.r_cmd_fifo/gen_srls[16].srl_nx1/shift_qual                                                                           |                                                                                                                                                                             |                2 |              6 |         3.00 |
|  Design_1_i/processing_system7_0/inst/FCLK_CLK0 | Design_1_i/axi_smc/inst/m00_nodes/m00_aw_node/inst/inst_mi_handler/gen_normal_area.gen_node_prog_full.inst_node_prog_full/gen_xpm_memory_fifo.inst_fifo/gen_mem_rep[0].inst_rd_addrb/rd_addrb_incr    | Design_1_i/axi_smc/inst/m00_nodes/m00_aw_node/inst/inst_mi_handler/m_sc_areset_r                                                                                            |                3 |              6 |         2.00 |
|  Design_1_i/processing_system7_0/inst/FCLK_CLK0 | Design_1_i/axi_smc/inst/s00_nodes/s00_ar_node/inst/inst_mi_handler/gen_normal_area.gen_fifo_req.inst_fifo_req/gen_xpm_memory_fifo.inst_fifo/gen_mem_rep[0].inst_rd_addrb/rd_addrb_incr                | Design_1_i/axi_smc/inst/s00_nodes/s00_ar_node/inst/inst_mi_handler/m_sc_areset_r                                                                                            |                3 |              6 |         2.00 |
|  Design_1_i/processing_system7_0/inst/FCLK_CLK0 | Design_1_i/axi_smc/inst/s01_nodes/s01_r_node/inst/inst_mi_handler/gen_normal_area.inst_fifo_node_payld/gen_xpm_memory_fifo.inst_fifo/gen_mem_rep[0].inst_rd_addrb/rd_addrb_incr                       | Design_1_i/axi_smc/inst/s01_nodes/s01_r_node/inst/inst_mi_handler/m_sc_areset_r                                                                                             |                2 |              6 |         3.00 |
|  Design_1_i/processing_system7_0/inst/FCLK_CLK0 | Design_1_i/axi_smc/inst/s02_nodes/s02_aw_node/inst/inst_mi_handler/gen_normal_area.gen_fifo_req.inst_fifo_req/gen_xpm_memory_fifo.inst_fifo/gen_mem_rep[0].inst_rd_addrb/rd_addrb_incr                | Design_1_i/axi_smc/inst/s02_nodes/s02_aw_node/inst/inst_mi_handler/m_sc_areset_r                                                                                            |                2 |              6 |         3.00 |
|  Design_1_i/processing_system7_0/inst/FCLK_CLK0 | Design_1_i/axi_smc/inst/m00_nodes/m00_b_node/inst/inst_mi_handler/gen_normal_area.inst_fifo_node_payld/gen_xpm_memory_fifo.inst_fifo/gen_mem_rep[0].inst_rd_addrb/rd_addrb_incr                       | Design_1_i/axi_smc/inst/m00_nodes/m00_b_node/inst/inst_mi_handler/m_sc_areset_r                                                                                             |                3 |              6 |         2.00 |
|  Design_1_i/processing_system7_0/inst/FCLK_CLK0 | Design_1_i/axi_smc/inst/s02_nodes/s02_b_node/inst/inst_mi_handler/gen_normal_area.gen_node_prog_full.inst_node_prog_full/gen_xpm_memory_fifo.inst_fifo/gen_mem_rep[0].inst_rd_addrb/rd_addrb_incr     | Design_1_i/axi_smc/inst/s02_nodes/s02_b_node/inst/inst_mi_handler/m_sc_areset_r                                                                                             |                3 |              6 |         2.00 |
|  Design_1_i/processing_system7_0/inst/FCLK_CLK0 | Design_1_i/axi_smc/inst/s02_nodes/s02_b_node/inst/inst_mi_handler/gen_normal_area.inst_fifo_node_payld/gen_xpm_memory_fifo.inst_fifo/gen_mem_rep[0].inst_rd_addrb/rd_addrb_incr                       | Design_1_i/axi_smc/inst/s02_nodes/s02_b_node/inst/inst_mi_handler/m_sc_areset_r                                                                                             |                2 |              6 |         3.00 |
|  Design_1_i/processing_system7_0/inst/FCLK_CLK0 | Design_1_i/axi_smc/inst/m00_nodes/m00_w_node/inst/inst_mi_handler/gen_normal_area.gen_node_prog_full.inst_node_prog_full/gen_xpm_memory_fifo.inst_fifo/gen_mem_rep[0].inst_rd_addrb/rd_addrb_incr     | Design_1_i/axi_smc/inst/m00_nodes/m00_w_node/inst/inst_mi_handler/m_sc_areset_r                                                                                             |                3 |              6 |         2.00 |
|  Design_1_i/processing_system7_0/inst/FCLK_CLK0 |                                                                                                                                                                                                       | Design_1_i/axi_smc/inst/s01_nodes/s01_ar_node/inst/inst_mi_handler/m_sc_areset_r                                                                                            |                4 |              7 |         1.75 |
|  Design_1_i/processing_system7_0/inst/FCLK_CLK0 |                                                                                                                                                                                                       | Design_1_i/axi_smc/inst/s00_nodes/s00_ar_node/inst/inst_mi_handler/m_sc_areset_r                                                                                            |                4 |              7 |         1.75 |
|  Design_1_i/processing_system7_0/inst/FCLK_CLK0 |                                                                                                                                                                                                       | Design_1_i/axi_smc/inst/s02_nodes/s02_aw_node/inst/inst_mi_handler/m_sc_areset_r                                                                                            |                5 |              7 |         1.40 |
|  Design_1_i/processing_system7_0/inst/FCLK_CLK0 |                                                                                                                                                                                                       | Design_1_i/axi_smc/inst/s02_nodes/s02_w_node/inst/inst_mi_handler/m_sc_areset_r                                                                                             |                3 |              7 |         2.33 |
|  Design_1_i/processing_system7_0/inst/FCLK_CLK0 | Design_1_i/axi_smc/inst/m00_nodes/m00_b_node/inst/inst_mi_handler/gen_normal_area.gen_fifo_req.inst_fifo_req/gen_xpm_memory_fifo.inst_fifo/gen_mem_rep[0].inst_rd_addrb/rd_addrb_incr                 | Design_1_i/axi_smc/inst/m00_nodes/m00_b_node/inst/inst_mi_handler/m_sc_areset_r                                                                                             |                3 |              7 |         2.33 |
|  Design_1_i/processing_system7_0/inst/FCLK_CLK0 | Design_1_i/vector_mult_0/inst/gmem_C_m_axi_U/store_unit_0/user_resp/E[0]                                                                                                                              | Design_1_i/vector_mult_0/inst/gmem_C_m_axi_U/bus_write/wreq_burst_conv/burst_sequential/rs_req/ap_rst_n_0                                                                   |                2 |              8 |         4.00 |
|  Design_1_i/processing_system7_0/inst/FCLK_CLK0 | Design_1_i/vector_mult_0/inst/gmem_A_m_axi_U/bus_read/rreq_burst_conv/burst_sequential/could_multi_bursts.last_loop                                                                                   | Design_1_i/vector_mult_0/inst/gmem_C_m_axi_U/bus_write/wreq_burst_conv/burst_sequential/rs_req/ap_rst_n_0                                                                   |                3 |              8 |         2.67 |
|  Design_1_i/processing_system7_0/inst/FCLK_CLK0 | Design_1_i/axi_smc/inst/m00_nodes/m00_r_node/inst/inst_mi_handler/gen_normal_area.gen_fifo_req.inst_fifo_req/gen_xpm_memory_fifo.inst_fifo/wr_wea                                                     |                                                                                                                                                                             |                1 |              8 |         8.00 |
|  Design_1_i/processing_system7_0/inst/FCLK_CLK0 | Design_1_i/vector_mult_0/inst/gmem_B_m_axi_U/load_unit_0/buff_rdata/U_fifo_mem/WEBWE[0]                                                                                                               | Design_1_i/vector_mult_0/inst/gmem_C_m_axi_U/bus_write/wreq_burst_conv/burst_sequential/rs_req/ap_rst_n_0                                                                   |                3 |              8 |         2.67 |
|  Design_1_i/processing_system7_0/inst/FCLK_CLK0 | Design_1_i/vector_mult_0/inst/gmem_B_m_axi_U/bus_read/rreq_burst_conv/burst_sequential/could_multi_bursts.last_loop                                                                                   | Design_1_i/vector_mult_0/inst/gmem_C_m_axi_U/bus_write/wreq_burst_conv/burst_sequential/rs_req/ap_rst_n_0                                                                   |                3 |              8 |         2.67 |
|  Design_1_i/processing_system7_0/inst/FCLK_CLK0 | Design_1_i/axi_mem_intercon/s00_couplers/auto_pc/inst/gen_axilite.gen_b2s_conv.axilite_b2s/WR.aw_channel_0/aw_cmd_fsm_0/m_valid_i_reg[0]                                                              |                                                                                                                                                                             |                3 |              8 |         2.67 |
|  Design_1_i/processing_system7_0/inst/FCLK_CLK0 | Design_1_i/vector_mult_0/inst/gmem_C_m_axi_U/store_unit_0/conservative_gen.fifo_burst/U_fifo_mem/push                                                                                                 |                                                                                                                                                                             |                1 |              8 |         8.00 |
|  Design_1_i/processing_system7_0/inst/FCLK_CLK0 | Design_1_i/vector_mult_0/inst/gmem_C_m_axi_U/store_unit_0/conservative_gen.fifo_burst/U_fifo_mem/E[0]                                                                                                 | Design_1_i/vector_mult_0/inst/gmem_C_m_axi_U/bus_write/wreq_burst_conv/burst_sequential/rs_req/ap_rst_n_0                                                                   |                2 |              8 |         4.00 |
|  Design_1_i/processing_system7_0/inst/FCLK_CLK0 | Design_1_i/axi_smc/inst/s00_entry_pipeline/s00_mmu/inst/gen_endpoint.decerr_slave_inst/gen_axi.gen_read.read_cnt[7]_i_1_n_0                                                                           | Design_1_i/axi_smc/inst/s00_entry_pipeline/s00_mmu/inst/areset                                                                                                              |                4 |              8 |         2.00 |
|  Design_1_i/processing_system7_0/inst/FCLK_CLK0 | Design_1_i/axi_smc/inst/m00_nodes/m00_r_node/inst/inst_mi_handler/gen_normal_area.gen_fifo_req.inst_fifo_req/gen_xpm_memory_fifo.inst_fifo/gen_mem_rep[0].inst_rd_addrb/rd_addrb_incr                 | Design_1_i/axi_smc/inst/m00_nodes/m00_r_node/inst/inst_mi_handler/m_sc_areset_r                                                                                             |                3 |              8 |         2.67 |
|  Design_1_i/processing_system7_0/inst/FCLK_CLK0 | Design_1_i/vector_mult_0/inst/gmem_C_m_axi_U/bus_write/wreq_throttle/rs_req/dout_vld_reg                                                                                                              | Design_1_i/vector_mult_0/inst/gmem_C_m_axi_U/bus_write/wreq_throttle/rs_burst/ap_rst_n_0[0]                                                                                 |                3 |              8 |         2.67 |
|  Design_1_i/processing_system7_0/inst/FCLK_CLK0 | Design_1_i/vector_mult_0/inst/gmem_A_m_axi_U/load_unit_0/buff_rdata/U_fifo_mem/WEBWE[0]                                                                                                               | Design_1_i/vector_mult_0/inst/gmem_C_m_axi_U/bus_write/wreq_burst_conv/burst_sequential/rs_req/ap_rst_n_0                                                                   |                3 |              8 |         2.67 |
|  Design_1_i/processing_system7_0/inst/FCLK_CLK0 | Design_1_i/vector_mult_0/inst/gmem_C_m_axi_U/bus_write/wreq_burst_conv/burst_sequential/could_multi_bursts.last_loop                                                                                  | Design_1_i/vector_mult_0/inst/gmem_C_m_axi_U/bus_write/wreq_burst_conv/burst_sequential/rs_req/ap_rst_n_0                                                                   |                4 |              8 |         2.00 |
|  Design_1_i/processing_system7_0/inst/FCLK_CLK0 | Design_1_i/axi_mem_intercon/s00_couplers/auto_pc/inst/gen_axilite.gen_b2s_conv.axilite_b2s/WR.aw_channel_0/cmd_translator_0/incr_cmd_0/axaddr_incr[11]_i_1_n_0                                        |                                                                                                                                                                             |                2 |              8 |         4.00 |
|  Design_1_i/processing_system7_0/inst/FCLK_CLK0 |                                                                                                                                                                                                       | Design_1_i/axi_smc/inst/m00_nodes/m00_aw_node/inst/inst_si_handler/areset_r_0                                                                                               |                3 |              8 |         2.67 |
|  Design_1_i/processing_system7_0/inst/FCLK_CLK0 | Design_1_i/axi_mem_intercon/s00_couplers/auto_pc/inst/gen_axilite.gen_b2s_conv.axilite_b2s/WR.b_channel_0/mhandshake_r                                                                                | Design_1_i/axi_mem_intercon/s00_couplers/auto_pc/inst/gen_axilite.gen_b2s_conv.axilite_b2s/WR.b_channel_0/bid_fifo_0/SR[0]                                                  |                3 |              8 |         2.67 |
|  Design_1_i/processing_system7_0/inst/FCLK_CLK0 | Design_1_i/vector_mult_0/inst/gmem_A_m_axi_U/load_unit_0/buff_rdata/pop                                                                                                                               | Design_1_i/vector_mult_0/inst/gmem_C_m_axi_U/bus_write/wreq_burst_conv/burst_sequential/rs_req/ap_rst_n_0                                                                   |                3 |              8 |         2.67 |
|  Design_1_i/processing_system7_0/inst/FCLK_CLK0 | Design_1_i/vector_mult_0/inst/gmem_B_m_axi_U/load_unit_0/buff_rdata/pop                                                                                                                               | Design_1_i/vector_mult_0/inst/gmem_C_m_axi_U/bus_write/wreq_burst_conv/burst_sequential/rs_req/ap_rst_n_0                                                                   |                3 |              8 |         2.67 |
|  Design_1_i/processing_system7_0/inst/FCLK_CLK0 | Design_1_i/axi_smc/inst/s01_entry_pipeline/s01_mmu/inst/gen_endpoint.decerr_slave_inst/gen_axi.gen_read.read_cnt[7]_i_1_n_0                                                                           | Design_1_i/axi_smc/inst/s01_entry_pipeline/s01_mmu/inst/areset                                                                                                              |                3 |              8 |         2.67 |
|  Design_1_i/processing_system7_0/inst/FCLK_CLK0 | Design_1_i/axi_mem_intercon/s00_couplers/auto_pc/inst/gen_axilite.gen_b2s_conv.axilite_b2s/RD.ar_channel_0/ar_cmd_fsm_0/sel_first_reg[0]                                                              |                                                                                                                                                                             |                3 |              8 |         2.67 |
|  Design_1_i/processing_system7_0/inst/FCLK_CLK0 | Design_1_i/axi_mem_intercon/s00_couplers/auto_pc/inst/gen_axilite.gen_b2s_conv.axilite_b2s/RD.ar_channel_0/ar_cmd_fsm_0/E[0]                                                                          |                                                                                                                                                                             |                3 |              8 |         2.67 |
|  Design_1_i/processing_system7_0/inst/FCLK_CLK0 | Design_1_i/vector_mult_0/inst/gmem_A_m_axi_U/load_unit_0/buff_rdata/mOutPtr[8]_i_1_n_0                                                                                                                | Design_1_i/vector_mult_0/inst/gmem_C_m_axi_U/bus_write/wreq_burst_conv/burst_sequential/rs_req/ap_rst_n_0                                                                   |                3 |              9 |         3.00 |
|  Design_1_i/processing_system7_0/inst/FCLK_CLK0 | Design_1_i/vector_mult_0/inst/gmem_B_m_axi_U/load_unit_0/buff_rdata/num_data_cnt[8]_i_1__0_n_0                                                                                                        | Design_1_i/vector_mult_0/inst/gmem_C_m_axi_U/bus_write/wreq_burst_conv/burst_sequential/rs_req/ap_rst_n_0                                                                   |                3 |              9 |         3.00 |
|  Design_1_i/processing_system7_0/inst/FCLK_CLK0 |                                                                                                                                                                                                       | Design_1_i/axi_smc/inst/m00_nodes/m00_ar_node/inst/inst_si_handler/areset_r_0                                                                                               |                3 |              9 |         3.00 |
|  Design_1_i/processing_system7_0/inst/FCLK_CLK0 | Design_1_i/axi_smc/inst/m00_exit_pipeline/m00_exit/inst/splitter_inst/gen_axi3.splitter_inst/gen_wsplitter.w_split_fifo/E[0]                                                                          | Design_1_i/axi_smc/inst/m00_exit_pipeline/m00_exit/inst/areset                                                                                                              |                4 |              9 |         2.25 |
|  Design_1_i/processing_system7_0/inst/FCLK_CLK0 |                                                                                                                                                                                                       | Design_1_i/axi_smc/inst/m00_nodes/m00_r_node/inst/inst_mi_handler/m_sc_areset_r                                                                                             |                4 |              9 |         2.25 |
|  Design_1_i/processing_system7_0/inst/FCLK_CLK0 |                                                                                                                                                                                                       | Design_1_i/axi_smc/inst/m00_nodes/m00_b_node/inst/inst_mi_handler/m_sc_areset_r                                                                                             |                4 |              9 |         2.25 |
|  Design_1_i/processing_system7_0/inst/FCLK_CLK0 | Design_1_i/vector_mult_0/inst/gmem_B_m_axi_U/load_unit_0/buff_rdata/mOutPtr[8]_i_1__0_n_0                                                                                                             | Design_1_i/vector_mult_0/inst/gmem_C_m_axi_U/bus_write/wreq_burst_conv/burst_sequential/rs_req/ap_rst_n_0                                                                   |                3 |              9 |         3.00 |
|  Design_1_i/processing_system7_0/inst/FCLK_CLK0 |                                                                                                                                                                                                       | Design_1_i/axi_mem_intercon/xbar/inst/gen_sasd.crossbar_sasd_0/addr_arbiter_inst/SR[0]                                                                                      |                5 |              9 |         1.80 |
|  Design_1_i/processing_system7_0/inst/FCLK_CLK0 | Design_1_i/vector_mult_0/inst/gmem_A_m_axi_U/load_unit_0/buff_rdata/num_data_cnt[8]_i_1_n_0                                                                                                           | Design_1_i/vector_mult_0/inst/gmem_C_m_axi_U/bus_write/wreq_burst_conv/burst_sequential/rs_req/ap_rst_n_0                                                                   |                2 |              9 |         4.50 |
|  Design_1_i/processing_system7_0/inst/FCLK_CLK0 | Design_1_i/vector_mult_0/inst/gmem_C_m_axi_U/bus_write/wreq_burst_conv/burst_sequential/rs_req/p_17_in                                                                                                | Design_1_i/vector_mult_0/inst/gmem_C_m_axi_U/bus_write/wreq_burst_conv/burst_sequential/sect_addr_buf[11]_i_1__1_n_0                                                        |                4 |             10 |         2.50 |
|  Design_1_i/processing_system7_0/inst/FCLK_CLK0 | Design_1_i/vector_mult_0/inst/gmem_B_m_axi_U/bus_read/rreq_burst_conv/burst_sequential/rs_req/p_17_in                                                                                                 | Design_1_i/vector_mult_0/inst/gmem_B_m_axi_U/bus_read/rreq_burst_conv/burst_sequential/sect_addr_buf[11]_i_1__0_n_0                                                         |                4 |             10 |         2.50 |
|  Design_1_i/processing_system7_0/inst/FCLK_CLK0 |                                                                                                                                                                                                       | Design_1_i/axi_mem_intercon/s00_couplers/auto_pc/inst/gen_axilite.gen_b2s_conv.axilite_b2s/areset_d1                                                                        |                3 |             10 |         3.33 |
|  Design_1_i/processing_system7_0/inst/FCLK_CLK0 | Design_1_i/vector_mult_0/inst/gmem_A_m_axi_U/bus_read/rreq_burst_conv/burst_sequential/rs_req/p_17_in                                                                                                 | Design_1_i/vector_mult_0/inst/gmem_A_m_axi_U/bus_read/rreq_burst_conv/burst_sequential/sect_addr_buf[11]_i_1_n_0                                                            |                3 |             10 |         3.33 |
|  Design_1_i/processing_system7_0/inst/FCLK_CLK0 | Design_1_i/axi_smc/inst/m00_nodes/m00_ar_node/inst/inst_mi_handler/inst_ingress/inst_pipeline_valid/ingress_valid                                                                                     | Design_1_i/axi_smc/inst/m00_nodes/m00_ar_node/inst/inst_mi_handler/areset_r                                                                                                 |                3 |             12 |         4.00 |
|  Design_1_i/processing_system7_0/inst/FCLK_CLK0 | Design_1_i/axi_smc/inst/s00_nodes/s00_r_node/inst/inst_mi_handler/inst_ingress/inst_pipeline_valid/ingress_valid                                                                                      | Design_1_i/axi_smc/inst/s00_nodes/s00_r_node/inst/inst_mi_handler/areset_r                                                                                                  |                6 |             12 |         2.00 |
|  Design_1_i/processing_system7_0/inst/FCLK_CLK0 | Design_1_i/axi_smc/inst/s00_nodes/s00_r_node/inst/inst_si_handler/s_sc_valid                                                                                                                          | Design_1_i/axi_smc/inst/s00_nodes/s00_r_node/inst/inst_mi_handler/areset_r                                                                                                  |                5 |             12 |         2.40 |
|  Design_1_i/processing_system7_0/inst/FCLK_CLK0 | Design_1_i/axi_smc/inst/s01_nodes/s01_r_node/inst/inst_mi_handler/inst_ingress/inst_pipeline_valid/ingress_valid                                                                                      | Design_1_i/axi_smc/inst/s01_nodes/s01_r_node/inst/inst_mi_handler/areset_r                                                                                                  |                5 |             12 |         2.40 |
|  Design_1_i/processing_system7_0/inst/FCLK_CLK0 | Design_1_i/axi_smc/inst/s01_nodes/s01_r_node/inst/inst_si_handler/s_sc_valid                                                                                                                          | Design_1_i/axi_smc/inst/s01_nodes/s01_r_node/inst/inst_mi_handler/areset_r                                                                                                  |                4 |             12 |         3.00 |
|  Design_1_i/processing_system7_0/inst/FCLK_CLK0 | Design_1_i/axi_smc/inst/m00_nodes/m00_aw_node/inst/inst_si_handler/gen_si_handler.gen_arbiter_rr_normal_area.inst_arbiter/s_sc_handshake[0]                                                           | Design_1_i/axi_smc/inst/m00_nodes/m00_aw_node/inst/inst_mi_handler/areset_r                                                                                                 |                8 |             12 |         1.50 |
|  Design_1_i/processing_system7_0/inst/FCLK_CLK0 | Design_1_i/axi_smc/inst/m00_nodes/m00_aw_node/inst/inst_mi_handler/inst_ingress/inst_pipeline_valid/ingress_valid                                                                                     | Design_1_i/axi_smc/inst/m00_nodes/m00_aw_node/inst/inst_mi_handler/areset_r                                                                                                 |                3 |             12 |         4.00 |
|  Design_1_i/processing_system7_0/inst/FCLK_CLK0 | Design_1_i/axi_smc/inst/s02_nodes/s02_b_node/inst/inst_mi_handler/inst_ingress/inst_pipeline_valid/ingress_valid                                                                                      | Design_1_i/axi_smc/inst/s02_nodes/s02_b_node/inst/inst_mi_handler/areset_r                                                                                                  |                4 |             12 |         3.00 |
|  Design_1_i/processing_system7_0/inst/FCLK_CLK0 | Design_1_i/axi_smc/inst/s02_nodes/s02_b_node/inst/inst_si_handler/s_sc_valid                                                                                                                          | Design_1_i/axi_smc/inst/s02_nodes/s02_b_node/inst/inst_mi_handler/areset_r                                                                                                  |                4 |             12 |         3.00 |
|  Design_1_i/processing_system7_0/inst/FCLK_CLK0 | Design_1_i/axi_smc/inst/m00_nodes/m00_ar_node/inst/inst_si_handler/gen_si_handler.gen_arbiter_rr_normal_area.inst_arbiter/s_sc_valid                                                                  | Design_1_i/axi_smc/inst/m00_nodes/m00_ar_node/inst/inst_mi_handler/areset_r                                                                                                 |                4 |             12 |         3.00 |
|  Design_1_i/processing_system7_0/inst/FCLK_CLK0 | Design_1_i/axi_smc/inst/m00_nodes/m00_w_node/inst/inst_mi_handler/inst_ingress/inst_pipeline_valid/ingress_valid                                                                                      | Design_1_i/axi_smc/inst/m00_nodes/m00_w_node/inst/inst_mi_handler/areset_r                                                                                                  |                3 |             12 |         4.00 |
|  Design_1_i/processing_system7_0/inst/FCLK_CLK0 | Design_1_i/axi_smc/inst/m00_nodes/m00_w_node/inst/inst_si_handler/gen_si_handler.gen_request_fifos.gen_req_fifo[2].inst_req_fifo/gen_xpm_memory_fifo.inst_fifo/gen_pipelined.mesg_reg_reg[2]          | Design_1_i/axi_smc/inst/m00_nodes/m00_w_node/inst/inst_mi_handler/areset_r                                                                                                  |                5 |             12 |         2.40 |
|  Design_1_i/processing_system7_0/inst/FCLK_CLK0 | Design_1_i/axi_mem_intercon/s00_couplers/auto_pc/inst/gen_axilite.gen_b2s_conv.axilite_b2s/RD.r_channel_0/r_push_r                                                                                    |                                                                                                                                                                             |                4 |             13 |         3.25 |
|  Design_1_i/processing_system7_0/inst/FCLK_CLK0 | Design_1_i/axi_mem_intercon/s00_couplers/auto_pc/inst/gen_axilite.gen_b2s_conv.axilite_b2s/SI_REG/b.b_pipe/s_ready_i_reg_0                                                                            |                                                                                                                                                                             |                3 |             14 |         4.67 |
|  Design_1_i/processing_system7_0/inst/FCLK_CLK0 | Design_1_i/axi_mem_intercon/s00_couplers/auto_pc/inst/gen_axilite.gen_b2s_conv.axilite_b2s/SI_REG/b.b_pipe/p_1_in                                                                                     |                                                                                                                                                                             |                3 |             14 |         4.67 |
|  Design_1_i/processing_system7_0/inst/FCLK_CLK0 | Design_1_i/axi_mem_intercon/s00_couplers/auto_pc/inst/gen_axilite.gen_b2s_conv.axilite_b2s/WR.aw_channel_0/aw_cmd_fsm_0/m_axi_awready_0                                                               |                                                                                                                                                                             |                3 |             16 |         5.33 |
|  Design_1_i/processing_system7_0/inst/FCLK_CLK0 | Design_1_i/vector_mult_0/inst/gmem_C_m_axi_U/store_unit_0/buff_wdata/ap_block_pp0_stage0_subdone                                                                                                      | Design_1_i/vector_mult_0/inst/gmem_C_m_axi_U/bus_write/wreq_burst_conv/burst_sequential/rs_req/ap_rst_n_0                                                                   |                4 |             16 |         4.00 |
|  Design_1_i/processing_system7_0/inst/FCLK_CLK0 | Design_1_i/axi_mem_intercon/s00_couplers/auto_pc/inst/gen_axilite.gen_b2s_conv.axilite_b2s/RD.ar_channel_0/ar_cmd_fsm_0/FSM_sequential_state_reg[0]_2                                                 |                                                                                                                                                                             |                8 |             17 |         2.12 |
|  Design_1_i/processing_system7_0/inst/FCLK_CLK0 | Design_1_i/axi_smc/inst/m00_exit_pipeline/m00_exit/inst/splitter_inst/gen_axi3.splitter_inst/gen_wsplitter.s_axi_awid_d[0]                                                                            |                                                                                                                                                                             |                5 |             17 |         3.40 |
|  Design_1_i/processing_system7_0/inst/FCLK_CLK0 |                                                                                                                                                                                                       | Design_1_i/axi_smc/inst/s00_entry_pipeline/s00_mmu/inst/areset                                                                                                              |                8 |             18 |         2.25 |
|  Design_1_i/processing_system7_0/inst/FCLK_CLK0 |                                                                                                                                                                                                       | Design_1_i/axi_smc/inst/s01_entry_pipeline/s01_mmu/inst/areset                                                                                                              |                8 |             18 |         2.25 |
|  Design_1_i/processing_system7_0/inst/FCLK_CLK0 | Design_1_i/axi_smc/inst/m00_exit_pipeline/m00_exit/inst/splitter_inst/gen_axi3.splitter_inst/gen_rsplitter.s_axi_arid_d[0]                                                                            |                                                                                                                                                                             |                7 |             19 |         2.71 |
|  Design_1_i/processing_system7_0/inst/FCLK_CLK0 | Design_1_i/axi_mem_intercon/s00_couplers/auto_pc/inst/gen_axilite.gen_b2s_conv.axilite_b2s/WR.aw_channel_0/aw_cmd_fsm_0/FSM_sequential_state_reg[0]_1                                                 |                                                                                                                                                                             |               10 |             20 |         2.00 |
|  Design_1_i/processing_system7_0/inst/FCLK_CLK0 | Design_1_i/axi_mem_intercon/xbar/inst/gen_sasd.crossbar_sasd_0/addr_arbiter_inst/p_0_in                                                                                                               | Design_1_i/axi_mem_intercon/xbar/inst/gen_sasd.crossbar_sasd_0/addr_arbiter_inst/SR[0]                                                                                      |                8 |             22 |         2.75 |
|  Design_1_i/processing_system7_0/inst/FCLK_CLK0 |                                                                                                                                                                                                       | Design_1_i/axi_smc/inst/s02_entry_pipeline/s02_mmu/inst/areset                                                                                                              |               10 |             24 |         2.40 |
|  Design_1_i/processing_system7_0/inst/FCLK_CLK0 | Design_1_i/axi_smc/inst/s01_nodes/s01_ar_node/inst/inst_si_handler/arb_stall_r_reg_0                                                                                                                  | Design_1_i/axi_smc/inst/s01_nodes/s01_ar_node/inst/inst_mi_handler/areset_r                                                                                                 |               10 |             24 |         2.40 |
|  Design_1_i/processing_system7_0/inst/FCLK_CLK0 | Design_1_i/axi_smc/inst/m00_nodes/m00_b_node/inst/inst_si_handler/arb_stall_r_reg_0                                                                                                                   | Design_1_i/axi_smc/inst/m00_nodes/m00_b_node/inst/inst_mi_handler/areset_r                                                                                                  |                9 |             24 |         2.67 |
|  Design_1_i/processing_system7_0/inst/FCLK_CLK0 | Design_1_i/axi_smc/inst/s00_nodes/s00_ar_node/inst/inst_si_handler/arb_stall_r_reg_0                                                                                                                  | Design_1_i/axi_smc/inst/s00_nodes/s00_ar_node/inst/inst_mi_handler/areset_r                                                                                                 |               11 |             24 |         2.18 |
|  Design_1_i/processing_system7_0/inst/FCLK_CLK0 | Design_1_i/axi_smc/inst/m00_nodes/m00_r_node/inst/inst_si_handler/state_reg[m_valid_i]                                                                                                                | Design_1_i/axi_smc/inst/m00_nodes/m00_r_node/inst/inst_mi_handler/areset_r                                                                                                  |                9 |             24 |         2.67 |
|  Design_1_i/processing_system7_0/inst/FCLK_CLK0 | Design_1_i/axi_smc/inst/s02_nodes/s02_aw_node/inst/inst_si_handler/arb_stall_r_reg_0                                                                                                                  | Design_1_i/axi_smc/inst/s02_nodes/s02_aw_node/inst/inst_mi_handler/areset_r                                                                                                 |               10 |             24 |         2.40 |
|  Design_1_i/processing_system7_0/inst/FCLK_CLK0 | Design_1_i/axi_smc/inst/s02_nodes/s02_w_node/inst/inst_mi_handler/gen_normal_area.gen_upsizer.inst_upsizer/gen_normal_area.upsizer_valid                                                              | Design_1_i/axi_smc/inst/s02_nodes/s02_w_node/inst/inst_mi_handler/areset_r                                                                                                  |               10 |             24 |         2.40 |
|  Design_1_i/processing_system7_0/inst/FCLK_CLK0 | Design_1_i/vector_mult_0/inst/gmem_C_m_axi_U/store_unit_0/buff_wdata/ap_block_pp0_stage0_subdone                                                                                                      | Design_1_i/vector_mult_0/inst/gmem_C_m_axi_U/store_unit_0/buff_wdata/ap_enable_reg_pp0_iter12_reg_0                                                                         |               11 |             31 |         2.82 |
|  Design_1_i/processing_system7_0/inst/FCLK_CLK0 | Design_1_i/vector_mult_0/inst/gmem_C_m_axi_U/store_unit_0/buff_wdata/E[0]                                                                                                                             | Design_1_i/vector_mult_0/inst/control_s_axi_U/SR[0]                                                                                                                         |                9 |             31 |         3.44 |
|  Design_1_i/processing_system7_0/inst/FCLK_CLK0 | Design_1_i/vector_mult_0/inst/control_s_axi_U/ar_hs                                                                                                                                                   | Design_1_i/vector_mult_0/inst/control_s_axi_U/rdata[31]_i_1_n_0                                                                                                             |               15 |             32 |         2.13 |
|  Design_1_i/processing_system7_0/inst/FCLK_CLK0 | Design_1_i/vector_mult_0/inst/control_s_axi_U/int_C[63]_i_1_n_0                                                                                                                                       | Design_1_i/vector_mult_0/inst/gmem_C_m_axi_U/bus_write/wreq_burst_conv/burst_sequential/rs_req/ap_rst_n_0                                                                   |               11 |             32 |         2.91 |
|  Design_1_i/processing_system7_0/inst/FCLK_CLK0 | Design_1_i/vector_mult_0/inst/control_s_axi_U/int_C[31]_i_1_n_0                                                                                                                                       | Design_1_i/vector_mult_0/inst/gmem_C_m_axi_U/bus_write/wreq_burst_conv/burst_sequential/rs_req/ap_rst_n_0                                                                   |               11 |             32 |         2.91 |
|  Design_1_i/processing_system7_0/inst/FCLK_CLK0 | Design_1_i/axi_smc/inst/s01_entry_pipeline/s01_mmu/inst/r_sreg/skid_buffer[1088]_i_2_n_0                                                                                                              | Design_1_i/axi_smc/inst/s01_entry_pipeline/s01_mmu/inst/r_sreg/skid_buffer[1088]_i_1_n_0                                                                                    |                7 |             32 |         4.57 |
|  Design_1_i/processing_system7_0/inst/FCLK_CLK0 | Design_1_i/axi_smc/inst/m00_exit_pipeline/m00_exit/inst/splitter_inst/gen_axi3.splitter_inst/ar_cmd_reg/gen_rsplitter.artrans_cntr[0]                                                                 |                                                                                                                                                                             |               10 |             32 |         3.20 |
|  Design_1_i/processing_system7_0/inst/FCLK_CLK0 | Design_1_i/axi_smc/inst/m00_exit_pipeline/m00_exit/inst/splitter_inst/gen_axi3.splitter_inst/aw_cmd_reg/gen_wsplitter.awtrans_cntr[0]                                                                 |                                                                                                                                                                             |               10 |             32 |         3.20 |
|  Design_1_i/processing_system7_0/inst/FCLK_CLK0 | Design_1_i/axi_smc/inst/s00_entry_pipeline/s00_mmu/inst/r_sreg/skid_buffer[1088]_i_2_n_0                                                                                                              | Design_1_i/axi_smc/inst/s00_entry_pipeline/s00_mmu/inst/r_sreg/skid_buffer[1088]_i_1_n_0                                                                                    |                8 |             32 |         4.00 |
|  Design_1_i/processing_system7_0/inst/FCLK_CLK0 | Design_1_i/vector_mult_0/inst/control_s_axi_U/int_length_r[31]_i_1_n_0                                                                                                                                | Design_1_i/vector_mult_0/inst/gmem_C_m_axi_U/bus_write/wreq_burst_conv/burst_sequential/rs_req/ap_rst_n_0                                                                   |                8 |             32 |         4.00 |
|  Design_1_i/processing_system7_0/inst/FCLK_CLK0 | Design_1_i/vector_mult_0/inst/control_s_axi_U/int_A[63]_i_1_n_0                                                                                                                                       | Design_1_i/vector_mult_0/inst/gmem_C_m_axi_U/bus_write/wreq_burst_conv/burst_sequential/rs_req/ap_rst_n_0                                                                   |                6 |             32 |         5.33 |
|  Design_1_i/processing_system7_0/inst/FCLK_CLK0 | Design_1_i/vector_mult_0/inst/control_s_axi_U/int_B[31]_i_1_n_0                                                                                                                                       | Design_1_i/vector_mult_0/inst/gmem_C_m_axi_U/bus_write/wreq_burst_conv/burst_sequential/rs_req/ap_rst_n_0                                                                   |                7 |             32 |         4.57 |
|  Design_1_i/processing_system7_0/inst/FCLK_CLK0 | Design_1_i/vector_mult_0/inst/control_s_axi_U/int_B[63]_i_1_n_0                                                                                                                                       | Design_1_i/vector_mult_0/inst/gmem_C_m_axi_U/bus_write/wreq_burst_conv/burst_sequential/rs_req/ap_rst_n_0                                                                   |               10 |             32 |         3.20 |
|  Design_1_i/processing_system7_0/inst/FCLK_CLK0 | Design_1_i/vector_mult_0/inst/control_s_axi_U/int_A[31]_i_1_n_0                                                                                                                                       | Design_1_i/vector_mult_0/inst/gmem_C_m_axi_U/bus_write/wreq_burst_conv/burst_sequential/rs_req/ap_rst_n_0                                                                   |                8 |             32 |         4.00 |
|  Design_1_i/processing_system7_0/inst/FCLK_CLK0 | Design_1_i/axi_smc/inst/s00_entry_pipeline/s00_mmu/inst/r_sreg/m_vector_i[0]                                                                                                                          |                                                                                                                                                                             |               13 |             33 |         2.54 |
|  Design_1_i/processing_system7_0/inst/FCLK_CLK0 | Design_1_i/axi_smc/inst/s01_entry_pipeline/s01_mmu/inst/r_sreg/m_vector_i[0]                                                                                                                          |                                                                                                                                                                             |               13 |             33 |         2.54 |
|  Design_1_i/processing_system7_0/inst/FCLK_CLK0 | Design_1_i/vector_mult_0/inst/gmem_A_m_axi_U/bus_read/rs_rdata/load_p2                                                                                                                                |                                                                                                                                                                             |                8 |             33 |         4.12 |
|  Design_1_i/processing_system7_0/inst/FCLK_CLK0 | Design_1_i/vector_mult_0/inst/gmem_A_m_axi_U/bus_read/rs_rdata/load_p1                                                                                                                                |                                                                                                                                                                             |               12 |             33 |         2.75 |
|  Design_1_i/processing_system7_0/inst/FCLK_CLK0 | Design_1_i/vector_mult_0/inst/gmem_B_m_axi_U/bus_read/rs_rdata/load_p1                                                                                                                                |                                                                                                                                                                             |                9 |             33 |         3.67 |
|  Design_1_i/processing_system7_0/inst/FCLK_CLK0 | Design_1_i/vector_mult_0/inst/gmem_B_m_axi_U/bus_read/rs_rdata/load_p2                                                                                                                                |                                                                                                                                                                             |                6 |             33 |         5.50 |
|  Design_1_i/processing_system7_0/inst/FCLK_CLK0 | Design_1_i/axi_mem_intercon/xbar/inst/gen_sasd.crossbar_sasd_0/reg_slice_r/aa_rready                                                                                                                  | Design_1_i/axi_mem_intercon/xbar/inst/gen_sasd.crossbar_sasd_0/reg_slice_r/skid_buffer[32]_i_1_n_0                                                                          |               10 |             34 |         3.40 |
|  Design_1_i/processing_system7_0/inst/FCLK_CLK0 | Design_1_i/axi_mem_intercon/s00_couplers/auto_pc/inst/gen_axilite.gen_b2s_conv.axilite_b2s/RD.r_channel_0/rd_data_fifo_0/wr_en0                                                                       |                                                                                                                                                                             |                9 |             34 |         3.78 |
|  Design_1_i/processing_system7_0/inst/FCLK_CLK0 | Design_1_i/axi_mem_intercon/xbar/inst/gen_sasd.crossbar_sasd_0/addr_arbiter_inst/E[0]                                                                                                                 |                                                                                                                                                                             |               12 |             35 |         2.92 |
|  Design_1_i/processing_system7_0/inst/FCLK_CLK0 | Design_1_i/axi_smc/inst/s02_nodes/s02_w_node/inst/inst_mi_handler/gen_normal_area.gen_upsizer.inst_upsizer/gen_w_ch.accum[0]                                                                          |                                                                                                                                                                             |               12 |             36 |         3.00 |
|  Design_1_i/processing_system7_0/inst/FCLK_CLK0 | Design_1_i/vector_mult_0/inst/gmem_C_m_axi_U/bus_write/wreq_throttle/rs_burst/pop                                                                                                                     | Design_1_i/vector_mult_0/inst/gmem_C_m_axi_U/bus_write/wreq_burst_conv/burst_sequential/rs_req/ap_rst_n_0                                                                   |                9 |             36 |         4.00 |
|  Design_1_i/processing_system7_0/inst/FCLK_CLK0 | Design_1_i/vector_mult_0/inst/gmem_C_m_axi_U/bus_write/wreq_throttle/rs_req/ap_rst_n_1                                                                                                                | Design_1_i/vector_mult_0/inst/gmem_C_m_axi_U/bus_write/wreq_throttle/rs_req/ap_rst_n_0                                                                                      |                7 |             36 |         5.14 |
|  Design_1_i/processing_system7_0/inst/FCLK_CLK0 | Design_1_i/vector_mult_0/inst/gmem_C_m_axi_U/store_unit_0/user_resp/push                                                                                                                              |                                                                                                                                                                             |                9 |             36 |         4.00 |
|  Design_1_i/processing_system7_0/inst/FCLK_CLK0 | Design_1_i/axi_smc/inst/s02_nodes/s02_w_node/inst/inst_mi_handler/gen_normal_area.gen_upsizer.inst_upsizer/gen_w_ch.accum[bytes][1][strb]_i_1_n_0                                                     |                                                                                                                                                                             |                9 |             36 |         4.00 |
|  Design_1_i/processing_system7_0/inst/FCLK_CLK0 | Design_1_i/axi_smc/inst/s02_entry_pipeline/s02_mmu/inst/w_sreg/m_vector_i[0]                                                                                                                          |                                                                                                                                                                             |                8 |             37 |         4.62 |
|  Design_1_i/processing_system7_0/inst/FCLK_CLK0 | Design_1_i/axi_smc/inst/s02_entry_pipeline/s02_mmu/inst/w_sreg/skid_buffer[2052]_i_1_n_0                                                                                                              |                                                                                                                                                                             |                9 |             37 |         4.11 |
|  Design_1_i/processing_system7_0/inst/FCLK_CLK0 | Design_1_i/axi_mem_intercon/s00_couplers/auto_pc/inst/gen_axilite.gen_b2s_conv.axilite_b2s/RD.ar_channel_0/ar_cmd_fsm_0/m_valid_i_reg[0]                                                              |                                                                                                                                                                             |                9 |             44 |         4.89 |
|  Design_1_i/processing_system7_0/inst/FCLK_CLK0 | Design_1_i/axi_mem_intercon/s00_couplers/auto_pc/inst/gen_axilite.gen_b2s_conv.axilite_b2s/SI_REG/ar.ar_pipe/s_ready_i_reg_0                                                                          |                                                                                                                                                                             |               10 |             44 |         4.40 |
|  Design_1_i/processing_system7_0/inst/FCLK_CLK0 | Design_1_i/axi_mem_intercon/s00_couplers/auto_pc/inst/gen_axilite.gen_b2s_conv.axilite_b2s/SI_REG/aw.aw_pipe/s_ready_i_reg_0                                                                          |                                                                                                                                                                             |               10 |             44 |         4.40 |
|  Design_1_i/processing_system7_0/inst/FCLK_CLK0 | Design_1_i/axi_mem_intercon/s00_couplers/auto_pc/inst/gen_axilite.gen_b2s_conv.axilite_b2s/WR.aw_channel_0/aw_cmd_fsm_0/E[0]                                                                          |                                                                                                                                                                             |               10 |             44 |         4.40 |
|  Design_1_i/processing_system7_0/inst/FCLK_CLK0 | Design_1_i/axi_smc/inst/s02_entry_pipeline/s02_mmu/inst/aw_reg_stall/m_vector_i[0]                                                                                                                    |                                                                                                                                                                             |                9 |             45 |         5.00 |
|  Design_1_i/processing_system7_0/inst/FCLK_CLK0 | Design_1_i/axi_smc/inst/s00_entry_pipeline/s00_mmu/inst/ar_reg_stall/skid_buffer[1144]_i_1_n_0                                                                                                        |                                                                                                                                                                             |               11 |             45 |         4.09 |
|  Design_1_i/processing_system7_0/inst/FCLK_CLK0 | Design_1_i/axi_smc/inst/s01_entry_pipeline/s01_mmu/inst/ar_reg_stall/m_vector_i[0]                                                                                                                    |                                                                                                                                                                             |               10 |             45 |         4.50 |
|  Design_1_i/processing_system7_0/inst/FCLK_CLK0 | Design_1_i/axi_smc/inst/s02_entry_pipeline/s02_mmu/inst/aw_reg_stall/skid_buffer[1144]_i_1_n_0                                                                                                        |                                                                                                                                                                             |               10 |             45 |         4.50 |
|  Design_1_i/processing_system7_0/inst/FCLK_CLK0 | Design_1_i/axi_smc/inst/s01_entry_pipeline/s01_mmu/inst/ar_reg_stall/skid_buffer[1144]_i_1_n_0                                                                                                        |                                                                                                                                                                             |                7 |             45 |         6.43 |
|  Design_1_i/processing_system7_0/inst/FCLK_CLK0 | Design_1_i/axi_smc/inst/s00_entry_pipeline/s00_mmu/inst/ar_reg_stall/m_vector_i[0]                                                                                                                    |                                                                                                                                                                             |                9 |             45 |         5.00 |
|  Design_1_i/processing_system7_0/inst/FCLK_CLK0 | Design_1_i/axi_mem_intercon/s00_couplers/auto_pc/inst/gen_axilite.gen_b2s_conv.axilite_b2s/SI_REG/r.r_pipe/s_ready_i_reg_0                                                                            |                                                                                                                                                                             |               13 |             47 |         3.62 |
|  Design_1_i/processing_system7_0/inst/FCLK_CLK0 | Design_1_i/axi_mem_intercon/s00_couplers/auto_pc/inst/gen_axilite.gen_b2s_conv.axilite_b2s/SI_REG/r.r_pipe/p_1_in                                                                                     |                                                                                                                                                                             |               11 |             47 |         4.27 |
|  Design_1_i/processing_system7_0/inst/FCLK_CLK0 | Design_1_i/axi_smc/inst/m00_exit_pipeline/m00_exit/inst/ar_reg/m_vector_i[0]                                                                                                                          |                                                                                                                                                                             |               10 |             49 |         4.90 |
|  Design_1_i/processing_system7_0/inst/FCLK_CLK0 | Design_1_i/axi_smc/inst/m00_exit_pipeline/m00_exit/inst/ar_reg/skid_buffer[1144]_i_1__1_n_0                                                                                                           |                                                                                                                                                                             |               10 |             49 |         4.90 |
|  Design_1_i/processing_system7_0/inst/FCLK_CLK0 | Design_1_i/axi_smc/inst/m00_exit_pipeline/m00_exit/inst/aw_reg/m_vector_i[0]                                                                                                                          |                                                                                                                                                                             |                8 |             49 |         6.12 |
|  Design_1_i/processing_system7_0/inst/FCLK_CLK0 | Design_1_i/axi_smc/inst/m00_exit_pipeline/m00_exit/inst/aw_reg/skid_buffer[1144]_i_1__2_n_0                                                                                                           |                                                                                                                                                                             |                9 |             49 |         5.44 |
|  Design_1_i/processing_system7_0/inst/FCLK_CLK0 | Design_1_i/vector_mult_0/inst/gmem_A_m_axi_U/bus_read/rreq_burst_conv/burst_sequential/rs_req/E[0]                                                                                                    | Design_1_i/vector_mult_0/inst/gmem_C_m_axi_U/bus_write/wreq_burst_conv/burst_sequential/rs_req/ap_rst_n_0                                                                   |               14 |             53 |         3.79 |
|  Design_1_i/processing_system7_0/inst/FCLK_CLK0 | Design_1_i/vector_mult_0/inst/gmem_B_m_axi_U/bus_read/rreq_burst_conv/burst_sequential/rs_req/E[0]                                                                                                    | Design_1_i/vector_mult_0/inst/gmem_C_m_axi_U/bus_write/wreq_burst_conv/burst_sequential/rs_req/ap_rst_n_0                                                                   |               12 |             53 |         4.42 |
|  Design_1_i/processing_system7_0/inst/FCLK_CLK0 | Design_1_i/vector_mult_0/inst/gmem_C_m_axi_U/bus_write/wreq_burst_conv/burst_sequential/rs_req/E[0]                                                                                                   | Design_1_i/vector_mult_0/inst/gmem_C_m_axi_U/bus_write/wreq_burst_conv/burst_sequential/rs_req/ap_rst_n_0                                                                   |               11 |             53 |         4.82 |
|  Design_1_i/processing_system7_0/inst/FCLK_CLK0 |                                                                                                                                                                                                       | Design_1_i/axi_smc/inst/m00_exit_pipeline/m00_exit/inst/areset                                                                                                              |               21 |             54 |         2.57 |
|  Design_1_i/processing_system7_0/inst/FCLK_CLK0 | Design_1_i/axi_smc/inst/m00_exit_pipeline/m00_exit/inst/splitter_inst/gen_axi3.splitter_inst/aw_cmd_reg/skid_buffer[1144]_i_1_n_0                                                                     |                                                                                                                                                                             |               17 |             55 |         3.24 |
|  Design_1_i/processing_system7_0/inst/FCLK_CLK0 | Design_1_i/axi_smc/inst/m00_exit_pipeline/m00_exit/inst/splitter_inst/gen_axi3.splitter_inst/ar_cmd_reg/skid_buffer[1144]_i_1__0_n_0                                                                  |                                                                                                                                                                             |               13 |             55 |         4.23 |
|  Design_1_i/processing_system7_0/inst/FCLK_CLK0 | Design_1_i/vector_mult_0/inst/gmem_B_m_axi_U/bus_read/rreq_burst_conv/burst_sequential/E[0]                                                                                                           | Design_1_i/vector_mult_0/inst/gmem_C_m_axi_U/bus_write/wreq_burst_conv/burst_sequential/rs_req/ap_rst_n_0                                                                   |               14 |             58 |         4.14 |
|  Design_1_i/processing_system7_0/inst/FCLK_CLK0 | Design_1_i/vector_mult_0/inst/gmem_A_m_axi_U/bus_read/rreq_burst_conv/burst_sequential/E[0]                                                                                                           | Design_1_i/vector_mult_0/inst/gmem_C_m_axi_U/bus_write/wreq_burst_conv/burst_sequential/rs_req/ap_rst_n_0                                                                   |               15 |             58 |         3.87 |
|  Design_1_i/processing_system7_0/inst/FCLK_CLK0 | Design_1_i/vector_mult_0/inst/gmem_C_m_axi_U/bus_write/wreq_burst_conv/burst_sequential/E[0]                                                                                                          | Design_1_i/vector_mult_0/inst/gmem_C_m_axi_U/bus_write/wreq_burst_conv/burst_sequential/rs_req/ap_rst_n_0                                                                   |               14 |             58 |         4.14 |
|  Design_1_i/processing_system7_0/inst/FCLK_CLK0 | Design_1_i/axi_smc/inst/m00_exit_pipeline/m00_exit/inst/splitter_inst/gen_axi3.splitter_inst/aw_cmd_reg/m_vector_i[0]                                                                                 |                                                                                                                                                                             |               20 |             60 |         3.00 |
|  Design_1_i/processing_system7_0/inst/FCLK_CLK0 | Design_1_i/vector_mult_0/inst/gmem_C_m_axi_U/bus_write/wreq_throttle/fifo_burst_gen[0].fifo_req/U_fifo_srl/push                                                                                       |                                                                                                                                                                             |                8 |             62 |         7.75 |
|  Design_1_i/processing_system7_0/inst/FCLK_CLK0 | Design_1_i/vector_mult_0/inst/gmem_C_m_axi_U/bus_write/wreq_throttle/fifo_burst_gen[0].fifo_req/U_fifo_srl/pop                                                                                        | Design_1_i/vector_mult_0/inst/gmem_C_m_axi_U/bus_write/wreq_burst_conv/burst_sequential/rs_req/ap_rst_n_0                                                                   |                8 |             62 |         7.75 |
|  Design_1_i/processing_system7_0/inst/FCLK_CLK0 | Design_1_i/axi_smc/inst/m00_exit_pipeline/m00_exit/inst/splitter_inst/gen_axi3.splitter_inst/ar_cmd_reg/m_vector_i[0]                                                                                 |                                                                                                                                                                             |               25 |             62 |         2.48 |
|  Design_1_i/processing_system7_0/inst/FCLK_CLK0 | Design_1_i/vector_mult_0/inst/gmem_C_m_axi_U/bus_write/wreq_throttle/rs_burst/E[0]                                                                                                                    |                                                                                                                                                                             |               18 |             66 |         3.67 |
|  Design_1_i/processing_system7_0/inst/FCLK_CLK0 | Design_1_i/vector_mult_0/inst/gmem_C_m_axi_U/bus_write/wreq_throttle/rs_req/load_p1                                                                                                                   |                                                                                                                                                                             |               21 |             66 |         3.14 |
|  Design_1_i/processing_system7_0/inst/FCLK_CLK0 | Design_1_i/axi_smc/inst/m00_exit_pipeline/m00_exit/inst/r_reg/m_vector_i[0]                                                                                                                           |                                                                                                                                                                             |               13 |             67 |         5.15 |
|  Design_1_i/processing_system7_0/inst/FCLK_CLK0 |                                                                                                                                                                                                       | Design_1_i/axi_smc/inst/switchboards/aw_switchboard/inst/gen_mi[0].inst_opipe_payld/gen_pipe[1].pipe[1][171]_i_1_n_0                                                        |               15 |             67 |         4.47 |
|  Design_1_i/processing_system7_0/inst/FCLK_CLK0 | Design_1_i/axi_smc/inst/m00_exit_pipeline/m00_exit/inst/r_reg/skid_buffer[1122]_i_1_n_0                                                                                                               |                                                                                                                                                                             |               10 |             67 |         6.70 |
|  Design_1_i/processing_system7_0/inst/FCLK_CLK0 | Design_1_i/axi_smc/inst/s00_entry_pipeline/s00_mmu/inst/ar_sreg/skid_buffer[1144]_i_1__0_n_0                                                                                                          |                                                                                                                                                                             |               16 |             70 |         4.38 |
|  Design_1_i/processing_system7_0/inst/FCLK_CLK0 | Design_1_i/axi_smc/inst/s00_entry_pipeline/s00_mmu/inst/ar_sreg/m_vector_i[0]                                                                                                                         |                                                                                                                                                                             |               16 |             70 |         4.38 |
|  Design_1_i/processing_system7_0/inst/FCLK_CLK0 | Design_1_i/axi_smc/inst/m00_nodes/m00_aw_node/inst/inst_mi_handler/gen_normal_area.inst_fifo_node_payld/gen_xpm_memory_fifo.inst_fifo/gen_mem_rep[0].inst_rd_addrb/rd_addrb_incr                      | Design_1_i/axi_smc/inst/m00_nodes/m00_aw_node/inst/inst_mi_handler/m_sc_areset_r                                                                                            |               14 |             70 |         5.00 |
|  Design_1_i/processing_system7_0/inst/FCLK_CLK0 | Design_1_i/axi_smc/inst/s01_entry_pipeline/s01_mmu/inst/ar_sreg/skid_buffer[1144]_i_1__0_n_0                                                                                                          |                                                                                                                                                                             |               14 |             70 |         5.00 |
|  Design_1_i/processing_system7_0/inst/FCLK_CLK0 | Design_1_i/axi_smc/inst/s01_entry_pipeline/s01_mmu/inst/ar_sreg/m_vector_i[0]                                                                                                                         |                                                                                                                                                                             |               16 |             70 |         4.38 |
|  Design_1_i/processing_system7_0/inst/FCLK_CLK0 | Design_1_i/axi_smc/inst/s02_entry_pipeline/s02_mmu/inst/aw_sreg/skid_buffer[1144]_i_1__0_n_0                                                                                                          |                                                                                                                                                                             |               17 |             70 |         4.12 |
|  Design_1_i/processing_system7_0/inst/FCLK_CLK0 | Design_1_i/axi_smc/inst/s02_entry_pipeline/s02_mmu/inst/aw_sreg/m_vector_i[0]                                                                                                                         |                                                                                                                                                                             |               15 |             70 |         4.67 |
|  Design_1_i/processing_system7_0/inst/FCLK_CLK0 | Design_1_i/axi_smc/inst/m00_nodes/m00_ar_node/inst/inst_mi_handler/gen_normal_area.inst_fifo_node_payld/gen_xpm_memory_fifo.inst_fifo/gen_mem_rep[0].inst_rd_addrb/rd_addrb_incr                      | Design_1_i/axi_smc/inst/m00_nodes/m00_ar_node/inst/inst_mi_handler/m_sc_areset_r                                                                                            |               16 |             72 |         4.50 |
|  Design_1_i/processing_system7_0/inst/FCLK_CLK0 |                                                                                                                                                                                                       | Design_1_i/axi_smc/inst/m00_nodes/m00_w_node/inst/inst_si_handler/gen_si_handler.gen_request_fifos.gen_req_fifo[2].inst_req_fifo/gen_xpm_memory_fifo.inst_fifo/s_sc_recv[0] |               18 |             72 |         4.00 |
|  Design_1_i/processing_system7_0/inst/FCLK_CLK0 | Design_1_i/axi_smc/inst/m00_exit_pipeline/m00_exit/inst/w_reg/skid_buffer[2056]_i_1_n_0                                                                                                               |                                                                                                                                                                             |               13 |             73 |         5.62 |
|  Design_1_i/processing_system7_0/inst/FCLK_CLK0 | Design_1_i/axi_smc/inst/m00_exit_pipeline/m00_exit/inst/w_reg/m_vector_i[0]                                                                                                                           |                                                                                                                                                                             |               13 |             73 |         5.62 |
|  Design_1_i/processing_system7_0/inst/FCLK_CLK0 | Design_1_i/axi_smc/inst/s00_nodes/s00_r_node/inst/inst_mi_handler/gen_normal_area.inst_fifo_node_payld/gen_xpm_memory_fifo.inst_fifo/gen_mem_rep[0].inst_rd_addrb/rd_addrb_incr_1                     | Design_1_i/axi_smc/inst/s00_nodes/s00_r_node/inst/inst_mi_handler/m_sc_areset_r                                                                                             |               14 |             73 |         5.21 |
|  Design_1_i/processing_system7_0/inst/FCLK_CLK0 | Design_1_i/axi_smc/inst/s01_nodes/s01_r_node/inst/inst_mi_handler/gen_normal_area.inst_fifo_node_payld/gen_xpm_memory_fifo.inst_fifo/gen_mem_rep[0].inst_rd_addrb/rd_addrb_incr_1                     | Design_1_i/axi_smc/inst/s01_nodes/s01_r_node/inst/inst_mi_handler/m_sc_areset_r                                                                                             |               13 |             73 |         5.62 |
|  Design_1_i/processing_system7_0/inst/FCLK_CLK0 | Design_1_i/axi_smc/inst/s02_nodes/s02_aw_node/inst/inst_mi_handler/gen_normal_area.inst_fifo_node_payld/gen_xpm_memory_fifo.inst_fifo/gen_mem_rep[0].inst_rd_addrb/rd_addrb_incr                      | Design_1_i/axi_smc/inst/s02_nodes/s02_aw_node/inst/inst_mi_handler/m_sc_areset_r                                                                                            |               17 |             73 |         4.29 |
|  Design_1_i/processing_system7_0/inst/FCLK_CLK0 | Design_1_i/vector_mult_0/inst/gmem_B_m_axi_U/bus_read/rreq_burst_conv/burst_sequential/rs_req/p_17_in                                                                                                 | Design_1_i/vector_mult_0/inst/gmem_C_m_axi_U/bus_write/wreq_burst_conv/burst_sequential/rs_req/ap_rst_n_0                                                                   |               26 |             76 |         2.92 |
|  Design_1_i/processing_system7_0/inst/FCLK_CLK0 | Design_1_i/vector_mult_0/inst/gmem_A_m_axi_U/bus_read/rreq_burst_conv/burst_sequential/rs_req/p_17_in                                                                                                 | Design_1_i/vector_mult_0/inst/gmem_C_m_axi_U/bus_write/wreq_burst_conv/burst_sequential/rs_req/ap_rst_n_0                                                                   |               26 |             76 |         2.92 |
|  Design_1_i/processing_system7_0/inst/FCLK_CLK0 | Design_1_i/axi_smc/inst/m00_nodes/m00_r_node/inst/inst_mi_handler/gen_normal_area.inst_fifo_send/rd_addrb_incr                                                                                        | Design_1_i/axi_smc/inst/m00_nodes/m00_r_node/inst/inst_mi_handler/m_sc_areset_r                                                                                             |               15 |             76 |         5.07 |
|  Design_1_i/processing_system7_0/inst/FCLK_CLK0 | Design_1_i/vector_mult_0/inst/gmem_C_m_axi_U/bus_write/wreq_burst_conv/burst_sequential/rs_req/p_17_in                                                                                                | Design_1_i/vector_mult_0/inst/gmem_C_m_axi_U/bus_write/wreq_burst_conv/burst_sequential/rs_req/ap_rst_n_0                                                                   |               24 |             77 |         3.21 |
|  Design_1_i/processing_system7_0/inst/FCLK_CLK0 | Design_1_i/axi_smc/inst/s02_nodes/s02_w_node/inst/inst_mi_handler/gen_normal_area.inst_fifo_node_payld/gen_xpm_memory_fifo.inst_fifo/gen_mem_rep[0].inst_rd_addrb/rd_addrb_incr                       | Design_1_i/axi_smc/inst/s02_nodes/s02_w_node/inst/inst_mi_handler/m_sc_areset_r                                                                                             |               15 |             78 |         5.20 |
|  Design_1_i/processing_system7_0/inst/FCLK_CLK0 | Design_1_i/axi_smc/inst/m00_nodes/m00_w_node/inst/inst_mi_handler/gen_normal_area.inst_fifo_node_payld/gen_xpm_memory_fifo.inst_fifo/gen_mem_rep[0].inst_rd_addrb/rd_addrb_incr                       | Design_1_i/axi_smc/inst/m00_nodes/m00_w_node/inst/inst_mi_handler/m_sc_areset_r                                                                                             |               14 |             78 |         5.57 |
|  Design_1_i/processing_system7_0/inst/FCLK_CLK0 | Design_1_i/axi_smc/inst/s00_nodes/s00_ar_node/inst/inst_mi_handler/gen_normal_area.inst_fifo_node_payld/gen_xpm_memory_fifo.inst_fifo/gen_mem_rep[0].inst_rd_addrb/rd_addrb_incr                      | Design_1_i/axi_smc/inst/s00_nodes/s00_ar_node/inst/inst_mi_handler/m_sc_areset_r                                                                                            |               18 |             79 |         4.39 |
|  Design_1_i/processing_system7_0/inst/FCLK_CLK0 | Design_1_i/axi_smc/inst/s01_nodes/s01_ar_node/inst/inst_mi_handler/gen_normal_area.inst_fifo_node_payld/gen_xpm_memory_fifo.inst_fifo/gen_mem_rep[0].inst_rd_addrb/rd_addrb_incr                      | Design_1_i/axi_smc/inst/s01_nodes/s01_ar_node/inst/inst_mi_handler/m_sc_areset_r                                                                                            |               18 |             79 |         4.39 |
|  Design_1_i/processing_system7_0/inst/FCLK_CLK0 | Design_1_i/vector_mult_0/inst/gmem_B_m_axi_U/load_unit_0/fifo_rreq/E[0]                                                                                                                               | Design_1_i/vector_mult_0/inst/gmem_C_m_axi_U/bus_write/wreq_burst_conv/burst_sequential/rs_req/ap_rst_n_0                                                                   |               23 |             92 |         4.00 |
|  Design_1_i/processing_system7_0/inst/FCLK_CLK0 | Design_1_i/vector_mult_0/inst/gmem_A_m_axi_U/load_unit_0/fifo_rreq/E[0]                                                                                                                               | Design_1_i/vector_mult_0/inst/gmem_C_m_axi_U/bus_write/wreq_burst_conv/burst_sequential/rs_req/ap_rst_n_0                                                                   |               25 |             92 |         3.68 |
|  Design_1_i/processing_system7_0/inst/FCLK_CLK0 | Design_1_i/vector_mult_0/inst/gmem_B_m_axi_U/load_unit_0/E[0]                                                                                                                                         |                                                                                                                                                                             |               28 |             92 |         3.29 |
|  Design_1_i/processing_system7_0/inst/FCLK_CLK0 | Design_1_i/axi_smc/inst/m00_nodes/m00_aw_node/inst/inst_mi_handler/gen_normal_area.inst_fifo_node_payld/gen_xpm_memory_fifo.inst_fifo/wr_wea                                                          |                                                                                                                                                                             |               12 |             92 |         7.67 |
|  Design_1_i/processing_system7_0/inst/FCLK_CLK0 | Design_1_i/vector_mult_0/inst/gmem_A_m_axi_U/bus_read/rreq_burst_conv/burst_sequential/rs_req/load_p1                                                                                                 |                                                                                                                                                                             |               37 |             92 |         2.49 |
|  Design_1_i/processing_system7_0/inst/FCLK_CLK0 | Design_1_i/vector_mult_0/inst/gmem_A_m_axi_U/load_unit_0/E[0]                                                                                                                                         |                                                                                                                                                                             |               32 |             92 |         2.88 |
|  Design_1_i/processing_system7_0/inst/FCLK_CLK0 | Design_1_i/vector_mult_0/inst/gmem_B_m_axi_U/bus_read/rreq_burst_conv/burst_sequential/rs_req/load_p1                                                                                                 |                                                                                                                                                                             |               32 |             92 |         2.88 |
|  Design_1_i/processing_system7_0/inst/FCLK_CLK0 | Design_1_i/vector_mult_0/inst/gmem_C_m_axi_U/bus_write/wreq_burst_conv/burst_sequential/rs_req/load_p1                                                                                                |                                                                                                                                                                             |               33 |             92 |         2.79 |
|  Design_1_i/processing_system7_0/inst/FCLK_CLK0 | Design_1_i/vector_mult_0/inst/gmem_C_m_axi_U/store_unit_0/fifo_wrsp/tmp_valid_reg[0]                                                                                                                  |                                                                                                                                                                             |               25 |             92 |         3.68 |
|  Design_1_i/processing_system7_0/inst/FCLK_CLK0 | Design_1_i/vector_mult_0/inst/gmem_B_m_axi_U/load_unit_0/fifo_rreq/U_fifo_srl/pop                                                                                                                     | Design_1_i/vector_mult_0/inst/gmem_C_m_axi_U/bus_write/wreq_burst_conv/burst_sequential/rs_req/ap_rst_n_0                                                                   |               12 |             93 |         7.75 |
|  Design_1_i/processing_system7_0/inst/FCLK_CLK0 | Design_1_i/vector_mult_0/inst/gmem_C_m_axi_U/store_unit_0/fifo_wrsp/E[0]                                                                                                                              | Design_1_i/vector_mult_0/inst/gmem_C_m_axi_U/bus_write/wreq_burst_conv/burst_sequential/rs_req/ap_rst_n_0                                                                   |               28 |             93 |         3.32 |
|  Design_1_i/processing_system7_0/inst/FCLK_CLK0 | Design_1_i/vector_mult_0/inst/gmem_A_m_axi_U/load_unit_0/fifo_rreq/U_fifo_srl/pop                                                                                                                     | Design_1_i/vector_mult_0/inst/gmem_C_m_axi_U/bus_write/wreq_burst_conv/burst_sequential/rs_req/ap_rst_n_0                                                                   |               12 |             93 |         7.75 |
|  Design_1_i/processing_system7_0/inst/FCLK_CLK0 | Design_1_i/vector_mult_0/inst/gmem_C_m_axi_U/store_unit_0/fifo_wreq/U_fifo_srl/pop                                                                                                                    | Design_1_i/vector_mult_0/inst/gmem_C_m_axi_U/bus_write/wreq_burst_conv/burst_sequential/rs_req/ap_rst_n_0                                                                   |               12 |             93 |         7.75 |
|  Design_1_i/processing_system7_0/inst/FCLK_CLK0 | Design_1_i/vector_mult_0/inst/gmem_C_m_axi_U/store_unit_0/fifo_wreq/U_fifo_srl/push                                                                                                                   |                                                                                                                                                                             |               12 |             93 |         7.75 |
|  Design_1_i/processing_system7_0/inst/FCLK_CLK0 | Design_1_i/axi_smc/inst/s00_nodes/s00_r_node/inst/inst_mi_handler/gen_normal_area.inst_fifo_node_payld/gen_xpm_memory_fifo.inst_fifo/wr_wea                                                           |                                                                                                                                                                             |               12 |             96 |         8.00 |
|  Design_1_i/processing_system7_0/inst/FCLK_CLK0 | Design_1_i/axi_smc/inst/m00_nodes/m00_w_node/inst/inst_mi_handler/gen_normal_area.inst_fifo_node_payld/gen_xpm_memory_fifo.inst_fifo/wr_wea                                                           |                                                                                                                                                                             |               12 |             96 |         8.00 |
|  Design_1_i/processing_system7_0/inst/FCLK_CLK0 | Design_1_i/axi_smc/inst/s01_nodes/s01_r_node/inst/inst_mi_handler/gen_normal_area.inst_fifo_node_payld/gen_xpm_memory_fifo.inst_fifo/wr_wea                                                           |                                                                                                                                                                             |               12 |             96 |         8.00 |
|  Design_1_i/processing_system7_0/inst/FCLK_CLK0 | Design_1_i/axi_smc/inst/m00_nodes/m00_r_node/inst/inst_mi_handler/gen_normal_area.inst_fifo_node_payld/gen_xpm_memory_fifo.inst_fifo/wr_wea                                                           |                                                                                                                                                                             |               12 |             96 |         8.00 |
|  Design_1_i/processing_system7_0/inst/FCLK_CLK0 | Design_1_i/axi_smc/inst/m00_nodes/m00_ar_node/inst/inst_mi_handler/gen_normal_area.inst_fifo_node_payld/gen_xpm_memory_fifo.inst_fifo/wr_wea                                                          |                                                                                                                                                                             |               13 |            100 |         7.69 |
|  Design_1_i/processing_system7_0/inst/FCLK_CLK0 | Design_1_i/axi_smc/inst/s02_nodes/s02_w_node/inst/inst_mi_handler/gen_normal_area.inst_fifo_node_payld/gen_xpm_memory_fifo.inst_fifo/wr_wea                                                           |                                                                                                                                                                             |               13 |            104 |         8.00 |
|  Design_1_i/processing_system7_0/inst/FCLK_CLK0 | Design_1_i/axi_smc/inst/s02_nodes/s02_aw_node/inst/inst_mi_handler/gen_normal_area.inst_fifo_node_payld/gen_xpm_memory_fifo.inst_fifo/wr_wea                                                          |                                                                                                                                                                             |               14 |            112 |         8.00 |
|  Design_1_i/processing_system7_0/inst/FCLK_CLK0 | Design_1_i/vector_mult_0/inst/gmem_B_m_axi_U/bus_read/rreq_burst_conv/burst_sequential/rs_req/next_req                                                                                                | Design_1_i/vector_mult_0/inst/gmem_C_m_axi_U/bus_write/wreq_burst_conv/burst_sequential/rs_req/ap_rst_n_0                                                                   |               34 |            113 |         3.32 |
|  Design_1_i/processing_system7_0/inst/FCLK_CLK0 | Design_1_i/vector_mult_0/inst/gmem_C_m_axi_U/bus_write/wreq_burst_conv/burst_sequential/rs_req/next_req                                                                                               | Design_1_i/vector_mult_0/inst/gmem_C_m_axi_U/bus_write/wreq_burst_conv/burst_sequential/rs_req/ap_rst_n_0                                                                   |               30 |            113 |         3.77 |
|  Design_1_i/processing_system7_0/inst/FCLK_CLK0 | Design_1_i/vector_mult_0/inst/gmem_A_m_axi_U/bus_read/rreq_burst_conv/burst_sequential/rs_req/next_req                                                                                                | Design_1_i/vector_mult_0/inst/gmem_C_m_axi_U/bus_write/wreq_burst_conv/burst_sequential/rs_req/ap_rst_n_0                                                                   |               36 |            113 |         3.14 |
|  Design_1_i/processing_system7_0/inst/FCLK_CLK0 | Design_1_i/axi_smc/inst/s01_nodes/s01_ar_node/inst/inst_mi_handler/gen_normal_area.inst_fifo_node_payld/gen_xpm_memory_fifo.inst_fifo/wr_wea                                                          |                                                                                                                                                                             |               15 |            120 |         8.00 |
|  Design_1_i/processing_system7_0/inst/FCLK_CLK0 | Design_1_i/axi_smc/inst/s00_nodes/s00_ar_node/inst/inst_mi_handler/gen_normal_area.inst_fifo_node_payld/gen_xpm_memory_fifo.inst_fifo/wr_wea                                                          |                                                                                                                                                                             |               15 |            120 |         8.00 |
|  Design_1_i/processing_system7_0/inst/FCLK_CLK0 |                                                                                                                                                                                                       | Design_1_i/vector_mult_0/inst/gmem_C_m_axi_U/bus_write/wreq_burst_conv/burst_sequential/rs_req/ap_rst_n_0                                                                   |               67 |            138 |         2.06 |
|  Design_1_i/processing_system7_0/inst/FCLK_CLK0 | Design_1_i/vector_mult_0/inst/gmem_C_m_axi_U/store_unit_0/user_resp/sel                                                                                                                               |                                                                                                                                                                             |               24 |            186 |         7.75 |
|  Design_1_i/processing_system7_0/inst/FCLK_CLK0 | Design_1_i/vector_mult_0/inst/gmem_C_m_axi_U/store_unit_0/buff_wdata/ap_block_pp0_stage0_subdone                                                                                                      |                                                                                                                                                                             |               58 |            367 |         6.33 |
|  Design_1_i/processing_system7_0/inst/FCLK_CLK0 |                                                                                                                                                                                                       |                                                                                                                                                                             |              182 |            430 |         2.36 |
+-------------------------------------------------+-------------------------------------------------------------------------------------------------------------------------------------------------------------------------------------------------------+-----------------------------------------------------------------------------------------------------------------------------------------------------------------------------+------------------+----------------+--------------+


