Copyright 1986-2022 Xilinx, Inc. All Rights Reserved. Copyright 2022-2026 Advanced Micro Devices, Inc. All Rights Reserved.
------------------------------------------------------------------------------------------------------------------------------------------------------------------------------------------------------------------------------------------------------------
| Tool Version : Vivado v.2026.1 (win64) Build 6511674 Tue Jun 16 11:02:23 MDT 2026
| Date         : Tue Sep  8 00:24:31 2026
| Host         : DESKTOP-55UAODO running 64-bit major release  (build 9200)
| Command      : report_timing_summary -max_paths 10 -routable_nets -report_unconstrained -file Design_1_wrapper_timing_summary_routed.rpt -pb Design_1_wrapper_timing_summary_routed.pb -rpx Design_1_wrapper_timing_summary_routed.rpx -warn_on_violation
| Design       : Design_1_wrapper
| Device       : 7z020-clg400
| Speed File   : -1  PRODUCTION 1.12 2019-11-22
| Design State : Routed
------------------------------------------------------------------------------------------------------------------------------------------------------------------------------------------------------------------------------------------------------------

Timing Summary Report

------------------------------------------------------------------------------------------------
| Timer Settings
| --------------
------------------------------------------------------------------------------------------------

  Enable Multi Corner Analysis               :  Yes
  Enable Pessimism Removal                   :  Yes
  Pessimism Removal Resolution               :  Nearest Common Node
  Enable Input Delay Default Clock           :  No
  Enable Preset / Clear Arcs                 :  No
  Disable Flight Delays                      :  No
  Ignore I/O Paths                           :  No
  Timing Early Launch at Borrowing Latches   :  No
  Borrow Time for Max Delay Exceptions       :  Yes
  Merge Timing Exceptions                    :  Yes
  Inter-SLR Compensation                     :  Conservative

  Corner  Analyze    Analyze    
  Name    Max Paths  Min Paths  
  ------  ---------  ---------  
  Slow    Yes        Yes        
  Fast    Yes        Yes        


------------------------------------------------------------------------------------------------
| Report Methodology
| ------------------
------------------------------------------------------------------------------------------------

No report available as report_methodology has not been run prior. Run report_methodology on the current design for the summary of methodology violations.



check_timing report

Table of Contents
-----------------
1. checking no_clock (0)
2. checking constant_clock (0)
3. checking pulse_width_clock (0)
4. checking unconstrained_internal_endpoints (0)
5. checking no_input_delay (0)
6. checking no_output_delay (0)
7. checking multiple_clock (0)
8. checking generated_clocks (0)
9. checking loops (0)
10. checking partial_input_delay (0)
11. checking partial_output_delay (0)
12. checking latch_loops (0)

1. checking no_clock (0)
------------------------
 There are 0 register/latch pins with no clock.


2. checking constant_clock (0)
------------------------------
 There are 0 register/latch pins with constant_clock.


3. checking pulse_width_clock (0)
---------------------------------
 There are 0 register/latch pins which need pulse_width check


4. checking unconstrained_internal_endpoints (0)
------------------------------------------------
 There are 0 pins that are not constrained for maximum delay.

 There are 0 pins that are not constrained for maximum delay due to constant clock.


5. checking no_input_delay (0)
------------------------------
 There are 0 input ports with no input delay specified.

 There are 0 input ports with no input delay but user has a false path constraint.


6. checking no_output_delay (0)
-------------------------------
 There are 0 ports with no output delay specified.

 There are 0 ports with no output delay but user has a false path constraint

 There are 0 ports with no output delay but with a timing clock defined on it or propagating through it


7. checking multiple_clock (0)
------------------------------
 There are 0 register/latch pins with multiple clocks.


8. checking generated_clocks (0)
--------------------------------
 There are 0 generated clocks that are not connected to a clock source.


9. checking loops (0)
---------------------
 There are 0 combinational loops in the design.


10. checking partial_input_delay (0)
------------------------------------
 There are 0 input ports with partial input delay specified.


11. checking partial_output_delay (0)
-------------------------------------
 There are 0 ports with partial output delay specified.


12. checking latch_loops (0)
----------------------------
 There are 0 combinational latch loops in the design through latch input



------------------------------------------------------------------------------------------------
| Design Timing Summary
| ---------------------
------------------------------------------------------------------------------------------------

    WNS(ns)      TNS(ns)  TNS Failing Endpoints  TNS Total Endpoints      WHS(ns)      THS(ns)  THS Failing Endpoints  THS Total Endpoints     WPWS(ns)     TPWS(ns)  TPWS Failing Endpoints  TPWS Total Endpoints  
    -------      -------  ---------------------  -------------------      -------      -------  ---------------------  -------------------     --------     --------  ----------------------  --------------------  
      8.056        0.000                      0                27441        0.015        0.000                      0                27441        8.750        0.000                       0                  9504  


All user specified timing constraints are met.


------------------------------------------------------------------------------------------------
| Clock Summary
| -------------
------------------------------------------------------------------------------------------------

Clock       Waveform(ns)       Period(ns)      Frequency(MHz)
-----       ------------       ----------      --------------
clk_fpga_0  {0.000 10.000}     20.000          50.000          


------------------------------------------------------------------------------------------------
| Intra Clock Table
| -----------------
------------------------------------------------------------------------------------------------

Clock             WNS(ns)      TNS(ns)  TNS Failing Endpoints  TNS Total Endpoints      WHS(ns)      THS(ns)  THS Failing Endpoints  THS Total Endpoints     WPWS(ns)     TPWS(ns)  TPWS Failing Endpoints  TPWS Total Endpoints  
-----             -------      -------  ---------------------  -------------------      -------      -------  ---------------------  -------------------     --------     --------  ----------------------  --------------------  
clk_fpga_0          8.056        0.000                      0                27441        0.015        0.000                      0                27441        8.750        0.000                       0                  9504  


------------------------------------------------------------------------------------------------
| Inter Clock Table
| -----------------
------------------------------------------------------------------------------------------------

From Clock    To Clock          WNS(ns)      TNS(ns)  TNS Failing Endpoints  TNS Total Endpoints      WHS(ns)      THS(ns)  THS Failing Endpoints  THS Total Endpoints  
----------    --------          -------      -------  ---------------------  -------------------      -------      -------  ---------------------  -------------------  


------------------------------------------------------------------------------------------------
| Other Path Groups Table
| -----------------------
------------------------------------------------------------------------------------------------

Path Group    From Clock    To Clock          WNS(ns)      TNS(ns)  TNS Failing Endpoints  TNS Total Endpoints      WHS(ns)      THS(ns)  THS Failing Endpoints  THS Total Endpoints  
----------    ----------    --------          -------      -------  ---------------------  -------------------      -------      -------  ---------------------  -------------------  


------------------------------------------------------------------------------------------------
| User Ignored Path Table
| -----------------------
------------------------------------------------------------------------------------------------

Path Group    From Clock    To Clock    
----------    ----------    --------    
(none)                      clk_fpga_0    
(none)        clk_fpga_0    clk_fpga_0    


------------------------------------------------------------------------------------------------
| Unconstrained Path Table
| ------------------------
------------------------------------------------------------------------------------------------

Path Group    From Clock    To Clock    
----------    ----------    --------    
(none)                      clk_fpga_0    


------------------------------------------------------------------------------------------------
| Timing Details
| --------------
------------------------------------------------------------------------------------------------


---------------------------------------------------------------------------------------------------
From Clock:  clk_fpga_0
  To Clock:  clk_fpga_0

Setup :            0  Failing Endpoints,  Worst Slack        8.056ns,  Total Violation        0.000ns
Hold  :            0  Failing Endpoints,  Worst Slack        0.015ns,  Total Violation        0.000ns
PW    :            0  Failing Endpoints,  Worst Slack        8.750ns,  Total Violation        0.000ns
---------------------------------------------------------------------------------------------------


Max Delay Paths
--------------------------------------------------------------------------------------
Slack (MET) :             8.056ns  (required time - arrival time)
  Source:                 Design_1_i/rst_ps7_0_50M/U0/ACTIVE_LOW_PR_OUT_DFF[0].FDRE_PER_N/C
                            (rising edge-triggered cell FDRE clocked by clk_fpga_0  {rise@0.000ns fall@10.000ns period=20.000ns})
  Destination:            Design_1_i/vector_mult_0/inst/gmem_C_m_axi_U/bus_write/wreq_burst_conv/burst_sequential/sect_addr_buf_reg[35]/R
                            (rising edge-triggered cell FDRE clocked by clk_fpga_0  {rise@0.000ns fall@10.000ns period=20.000ns})
  Path Group:             clk_fpga_0
  Path Type:              Setup (Max at Slow Process Corner)
  Requirement:            20.000ns  (clk_fpga_0 rise@20.000ns - clk_fpga_0 rise@0.000ns)
  Data Path Delay:        11.108ns  (logic 0.580ns (5.221%)  route 10.528ns (94.779%))
  Logic Levels:           1  (LUT1=1)
  Clock Path Skew:        -0.104ns (DCD - SCD + CPR)
    Destination Clock Delay (DCD):    2.712ns = ( 22.712 - 20.000 ) 
    Source Clock Delay      (SCD):    2.945ns
    Clock Pessimism Removal (CPR):    0.129ns
  Clock Uncertainty:      0.302ns  ((TSJ^2 + TIJ^2)^1/2 + DJ) / 2 + PE
    Total System Jitter     (TSJ):    0.071ns
    Total Input Jitter      (TIJ):    0.600ns
    Discrete Jitter          (DJ):    0.000ns
    Phase Error              (PE):    0.000ns

    Location             Delay type                Incr(ns)  Path(ns)    Netlist Resource(s)
  -------------------------------------------------------------------    -------------------
                         (clock clk_fpga_0 rise edge)
                                                      0.000     0.000 r  <hidden>
    PS7_X0Y0             PS7                          0.000     0.000 r  Design_1_i/processing_system7_0/inst/PS7_i/FCLKCLK[0]
                         net (fo=1, routed)           1.193     1.193    Design_1_i/processing_system7_0/inst/FCLK_CLK_unbuffered[0]
    BUFGCTRL_X0Y16       BUFG (Prop_bufg_I_O)         0.101     1.294 r  Design_1_i/processing_system7_0/inst/buffer_fclk_clk_0.FCLK_CLK_0_BUFG/O
                         net (fo=9506, routed)        1.651     2.945    Design_1_i/rst_ps7_0_50M/U0/slowest_sync_clk
    SLICE_X45Y93         FDRE                                         r  Design_1_i/rst_ps7_0_50M/U0/ACTIVE_LOW_PR_OUT_DFF[0].FDRE_PER_N/C
  -------------------------------------------------------------------    -------------------
    SLICE_X45Y93         FDRE (Prop_fdre_C_Q)         0.456     3.401 f  Design_1_i/rst_ps7_0_50M/U0/ACTIVE_LOW_PR_OUT_DFF[0].FDRE_PER_N/Q
                         net (fo=21, routed)          0.804     4.205    Design_1_i/vector_mult_0/inst/gmem_C_m_axi_U/bus_write/wreq_burst_conv/burst_sequential/rs_req/ap_rst_n
    SLICE_X32Y94         LUT1 (Prop_lut1_I0_O)        0.124     4.329 r  Design_1_i/vector_mult_0/inst/gmem_C_m_axi_U/bus_write/wreq_burst_conv/burst_sequential/rs_req/could_multi_bursts.burst_valid_i_1__1/O
                         net (fo=2184, routed)        9.725    14.053    Design_1_i/vector_mult_0/inst/gmem_C_m_axi_U/bus_write/wreq_burst_conv/burst_sequential/SR[0]
    SLICE_X60Y66         FDRE                                         r  Design_1_i/vector_mult_0/inst/gmem_C_m_axi_U/bus_write/wreq_burst_conv/burst_sequential/sect_addr_buf_reg[35]/R
  -------------------------------------------------------------------    -------------------

                         (clock clk_fpga_0 rise edge)
                                                     20.000    20.000 r  <hidden>
    PS7_X0Y0             PS7                          0.000    20.000 r  Design_1_i/processing_system7_0/inst/PS7_i/FCLKCLK[0]
                         net (fo=1, routed)           1.088    21.088    Design_1_i/processing_system7_0/inst/FCLK_CLK_unbuffered[0]
    BUFGCTRL_X0Y16       BUFG (Prop_bufg_I_O)         0.091    21.179 r  Design_1_i/processing_system7_0/inst/buffer_fclk_clk_0.FCLK_CLK_0_BUFG/O
                         net (fo=9506, routed)        1.533    22.712    Design_1_i/vector_mult_0/inst/gmem_C_m_axi_U/bus_write/wreq_burst_conv/burst_sequential/ap_clk
    SLICE_X60Y66         FDRE                                         r  Design_1_i/vector_mult_0/inst/gmem_C_m_axi_U/bus_write/wreq_burst_conv/burst_sequential/sect_addr_buf_reg[35]/C
                         clock pessimism              0.129    22.841    <hidden>
                         clock uncertainty           -0.302    22.539    <hidden>
    SLICE_X60Y66         FDRE (Setup_fdre_C_R)       -0.429    22.110    Design_1_i/vector_mult_0/inst/gmem_C_m_axi_U/bus_write/wreq_burst_conv/burst_sequential/sect_addr_buf_reg[35]
  -------------------------------------------------------------------
                         required time                         22.110    <hidden>
                         arrival time                         -14.053    <hidden>
  -------------------------------------------------------------------
                         slack                                  8.056    <hidden>

Slack (MET) :             8.056ns  (required time - arrival time)
  Source:                 Design_1_i/rst_ps7_0_50M/U0/ACTIVE_LOW_PR_OUT_DFF[0].FDRE_PER_N/C
                            (rising edge-triggered cell FDRE clocked by clk_fpga_0  {rise@0.000ns fall@10.000ns period=20.000ns})
  Destination:            Design_1_i/vector_mult_0/inst/gmem_C_m_axi_U/bus_write/wreq_burst_conv/burst_sequential/sect_addr_buf_reg[41]/R
                            (rising edge-triggered cell FDRE clocked by clk_fpga_0  {rise@0.000ns fall@10.000ns period=20.000ns})
  Path Group:             clk_fpga_0
  Path Type:              Setup (Max at Slow Process Corner)
  Requirement:            20.000ns  (clk_fpga_0 rise@20.000ns - clk_fpga_0 rise@0.000ns)
  Data Path Delay:        11.108ns  (logic 0.580ns (5.221%)  route 10.528ns (94.779%))
  Logic Levels:           1  (LUT1=1)
  Clock Path Skew:        -0.104ns (DCD - SCD + CPR)
    Destination Clock Delay (DCD):    2.712ns = ( 22.712 - 20.000 ) 
    Source Clock Delay      (SCD):    2.945ns
    Clock Pessimism Removal (CPR):    0.129ns
  Clock Uncertainty:      0.302ns  ((TSJ^2 + TIJ^2)^1/2 + DJ) / 2 + PE
    Total System Jitter     (TSJ):    0.071ns
    Total Input Jitter      (TIJ):    0.600ns
    Discrete Jitter          (DJ):    0.000ns
    Phase Error              (PE):    0.000ns

    Location             Delay type                Incr(ns)  Path(ns)    Netlist Resource(s)
  -------------------------------------------------------------------    -------------------
                         (clock clk_fpga_0 rise edge)
                                                      0.000     0.000 r  <hidden>
    PS7_X0Y0             PS7                          0.000     0.000 r  Design_1_i/processing_system7_0/inst/PS7_i/FCLKCLK[0]
                         net (fo=1, routed)           1.193     1.193    Design_1_i/processing_system7_0/inst/FCLK_CLK_unbuffered[0]
    BUFGCTRL_X0Y16       BUFG (Prop_bufg_I_O)         0.101     1.294 r  Design_1_i/processing_system7_0/inst/buffer_fclk_clk_0.FCLK_CLK_0_BUFG/O
                         net (fo=9506, routed)        1.651     2.945    Design_1_i/rst_ps7_0_50M/U0/slowest_sync_clk
    SLICE_X45Y93         FDRE                                         r  Design_1_i/rst_ps7_0_50M/U0/ACTIVE_LOW_PR_OUT_DFF[0].FDRE_PER_N/C
  -------------------------------------------------------------------    -------------------
    SLICE_X45Y93         FDRE (Prop_fdre_C_Q)         0.456     3.401 f  Design_1_i/rst_ps7_0_50M/U0/ACTIVE_LOW_PR_OUT_DFF[0].FDRE_PER_N/Q
                         net (fo=21, routed)          0.804     4.205    Design_1_i/vector_mult_0/inst/gmem_C_m_axi_U/bus_write/wreq_burst_conv/burst_sequential/rs_req/ap_rst_n
    SLICE_X32Y94         LUT1 (Prop_lut1_I0_O)        0.124     4.329 r  Design_1_i/vector_mult_0/inst/gmem_C_m_axi_U/bus_write/wreq_burst_conv/burst_sequential/rs_req/could_multi_bursts.burst_valid_i_1__1/O
                         net (fo=2184, routed)        9.725    14.053    Design_1_i/vector_mult_0/inst/gmem_C_m_axi_U/bus_write/wreq_burst_conv/burst_sequential/SR[0]
    SLICE_X60Y66         FDRE                                         r  Design_1_i/vector_mult_0/inst/gmem_C_m_axi_U/bus_write/wreq_burst_conv/burst_sequential/sect_addr_buf_reg[41]/R
  -------------------------------------------------------------------    -------------------

                         (clock clk_fpga_0 rise edge)
                                                     20.000    20.000 r  <hidden>
    PS7_X0Y0             PS7                          0.000    20.000 r  Design_1_i/processing_system7_0/inst/PS7_i/FCLKCLK[0]
                         net (fo=1, routed)           1.088    21.088    Design_1_i/processing_system7_0/inst/FCLK_CLK_unbuffered[0]
    BUFGCTRL_X0Y16       BUFG (Prop_bufg_I_O)         0.091    21.179 r  Design_1_i/processing_system7_0/inst/buffer_fclk_clk_0.FCLK_CLK_0_BUFG/O
                         net (fo=9506, routed)        1.533    22.712    Design_1_i/vector_mult_0/inst/gmem_C_m_axi_U/bus_write/wreq_burst_conv/burst_sequential/ap_clk
    SLICE_X60Y66         FDRE                                         r  Design_1_i/vector_mult_0/inst/gmem_C_m_axi_U/bus_write/wreq_burst_conv/burst_sequential/sect_addr_buf_reg[41]/C
                         clock pessimism              0.129    22.841    <hidden>
                         clock uncertainty           -0.302    22.539    <hidden>
    SLICE_X60Y66         FDRE (Setup_fdre_C_R)       -0.429    22.110    Design_1_i/vector_mult_0/inst/gmem_C_m_axi_U/bus_write/wreq_burst_conv/burst_sequential/sect_addr_buf_reg[41]
  -------------------------------------------------------------------
                         required time                         22.110    <hidden>
                         arrival time                         -14.053    <hidden>
  -------------------------------------------------------------------
                         slack                                  8.056    <hidden>

Slack (MET) :             8.056ns  (required time - arrival time)
  Source:                 Design_1_i/rst_ps7_0_50M/U0/ACTIVE_LOW_PR_OUT_DFF[0].FDRE_PER_N/C
                            (rising edge-triggered cell FDRE clocked by clk_fpga_0  {rise@0.000ns fall@10.000ns period=20.000ns})
  Destination:            Design_1_i/vector_mult_0/inst/gmem_C_m_axi_U/bus_write/wreq_burst_conv/burst_sequential/sect_addr_buf_reg[42]/R
                            (rising edge-triggered cell FDRE clocked by clk_fpga_0  {rise@0.000ns fall@10.000ns period=20.000ns})
  Path Group:             clk_fpga_0
  Path Type:              Setup (Max at Slow Process Corner)
  Requirement:            20.000ns  (clk_fpga_0 rise@20.000ns - clk_fpga_0 rise@0.000ns)
  Data Path Delay:        11.108ns  (logic 0.580ns (5.221%)  route 10.528ns (94.779%))
  Logic Levels:           1  (LUT1=1)
  Clock Path Skew:        -0.104ns (DCD - SCD + CPR)
    Destination Clock Delay (DCD):    2.712ns = ( 22.712 - 20.000 ) 
    Source Clock Delay      (SCD):    2.945ns
    Clock Pessimism Removal (CPR):    0.129ns
  Clock Uncertainty:      0.302ns  ((TSJ^2 + TIJ^2)^1/2 + DJ) / 2 + PE
    Total System Jitter     (TSJ):    0.071ns
    Total Input Jitter      (TIJ):    0.600ns
    Discrete Jitter          (DJ):    0.000ns
    Phase Error              (PE):    0.000ns

    Location             Delay type                Incr(ns)  Path(ns)    Netlist Resource(s)
  -------------------------------------------------------------------    -------------------
                         (clock clk_fpga_0 rise edge)
                                                      0.000     0.000 r  <hidden>
    PS7_X0Y0             PS7                          0.000     0.000 r  Design_1_i/processing_system7_0/inst/PS7_i/FCLKCLK[0]
                         net (fo=1, routed)           1.193     1.193    Design_1_i/processing_system7_0/inst/FCLK_CLK_unbuffered[0]
    BUFGCTRL_X0Y16       BUFG (Prop_bufg_I_O)         0.101     1.294 r  Design_1_i/processing_system7_0/inst/buffer_fclk_clk_0.FCLK_CLK_0_BUFG/O
                         net (fo=9506, routed)        1.651     2.945    Design_1_i/rst_ps7_0_50M/U0/slowest_sync_clk
    SLICE_X45Y93         FDRE                                         r  Design_1_i/rst_ps7_0_50M/U0/ACTIVE_LOW_PR_OUT_DFF[0].FDRE_PER_N/C
  -------------------------------------------------------------------    -------------------
    SLICE_X45Y93         FDRE (Prop_fdre_C_Q)         0.456     3.401 f  Design_1_i/rst_ps7_0_50M/U0/ACTIVE_LOW_PR_OUT_DFF[0].FDRE_PER_N/Q
                         net (fo=21, routed)          0.804     4.205    Design_1_i/vector_mult_0/inst/gmem_C_m_axi_U/bus_write/wreq_burst_conv/burst_sequential/rs_req/ap_rst_n
    SLICE_X32Y94         LUT1 (Prop_lut1_I0_O)        0.124     4.329 r  Design_1_i/vector_mult_0/inst/gmem_C_m_axi_U/bus_write/wreq_burst_conv/burst_sequential/rs_req/could_multi_bursts.burst_valid_i_1__1/O
                         net (fo=2184, routed)        9.725    14.053    Design_1_i/vector_mult_0/inst/gmem_C_m_axi_U/bus_write/wreq_burst_conv/burst_sequential/SR[0]
    SLICE_X60Y66         FDRE                                         r  Design_1_i/vector_mult_0/inst/gmem_C_m_axi_U/bus_write/wreq_burst_conv/burst_sequential/sect_addr_buf_reg[42]/R
  -------------------------------------------------------------------    -------------------

                         (clock clk_fpga_0 rise edge)
                                                     20.000    20.000 r  <hidden>
    PS7_X0Y0             PS7                          0.000    20.000 r  Design_1_i/processing_system7_0/inst/PS7_i/FCLKCLK[0]
                         net (fo=1, routed)           1.088    21.088    Design_1_i/processing_system7_0/inst/FCLK_CLK_unbuffered[0]
    BUFGCTRL_X0Y16       BUFG (Prop_bufg_I_O)         0.091    21.179 r  Design_1_i/processing_system7_0/inst/buffer_fclk_clk_0.FCLK_CLK_0_BUFG/O
                         net (fo=9506, routed)        1.533    22.712    Design_1_i/vector_mult_0/inst/gmem_C_m_axi_U/bus_write/wreq_burst_conv/burst_sequential/ap_clk
    SLICE_X60Y66         FDRE                                         r  Design_1_i/vector_mult_0/inst/gmem_C_m_axi_U/bus_write/wreq_burst_conv/burst_sequential/sect_addr_buf_reg[42]/C
                         clock pessimism              0.129    22.841    <hidden>
                         clock uncertainty           -0.302    22.539    <hidden>
    SLICE_X60Y66         FDRE (Setup_fdre_C_R)       -0.429    22.110    Design_1_i/vector_mult_0/inst/gmem_C_m_axi_U/bus_write/wreq_burst_conv/burst_sequential/sect_addr_buf_reg[42]
  -------------------------------------------------------------------
                         required time                         22.110    <hidden>
                         arrival time                         -14.053    <hidden>
  -------------------------------------------------------------------
                         slack                                  8.056    <hidden>

Slack (MET) :             8.061ns  (required time - arrival time)
  Source:                 Design_1_i/rst_ps7_0_50M/U0/ACTIVE_LOW_PR_OUT_DFF[0].FDRE_PER_N/C
                            (rising edge-triggered cell FDRE clocked by clk_fpga_0  {rise@0.000ns fall@10.000ns period=20.000ns})
  Destination:            Design_1_i/vector_mult_0/inst/gmem_C_m_axi_U/bus_write/wreq_burst_conv/burst_sequential/could_multi_bursts.burst_addr_base_reg[23]/R
                            (rising edge-triggered cell FDRE clocked by clk_fpga_0  {rise@0.000ns fall@10.000ns period=20.000ns})
  Path Group:             clk_fpga_0
  Path Type:              Setup (Max at Slow Process Corner)
  Requirement:            20.000ns  (clk_fpga_0 rise@20.000ns - clk_fpga_0 rise@0.000ns)
  Data Path Delay:        11.104ns  (logic 0.580ns (5.223%)  route 10.524ns (94.777%))
  Logic Levels:           1  (LUT1=1)
  Clock Path Skew:        -0.104ns (DCD - SCD + CPR)
    Destination Clock Delay (DCD):    2.712ns = ( 22.712 - 20.000 ) 
    Source Clock Delay      (SCD):    2.945ns
    Clock Pessimism Removal (CPR):    0.129ns
  Clock Uncertainty:      0.302ns  ((TSJ^2 + TIJ^2)^1/2 + DJ) / 2 + PE
    Total System Jitter     (TSJ):    0.071ns
    Total Input Jitter      (TIJ):    0.600ns
    Discrete Jitter          (DJ):    0.000ns
    Phase Error              (PE):    0.000ns

    Location             Delay type                Incr(ns)  Path(ns)    Netlist Resource(s)
  -------------------------------------------------------------------    -------------------
                         (clock clk_fpga_0 rise edge)
                                                      0.000     0.000 r  <hidden>
    PS7_X0Y0             PS7                          0.000     0.000 r  Design_1_i/processing_system7_0/inst/PS7_i/FCLKCLK[0]
                         net (fo=1, routed)           1.193     1.193    Design_1_i/processing_system7_0/inst/FCLK_CLK_unbuffered[0]
    BUFGCTRL_X0Y16       BUFG (Prop_bufg_I_O)         0.101     1.294 r  Design_1_i/processing_system7_0/inst/buffer_fclk_clk_0.FCLK_CLK_0_BUFG/O
                         net (fo=9506, routed)        1.651     2.945    Design_1_i/rst_ps7_0_50M/U0/slowest_sync_clk
    SLICE_X45Y93         FDRE                                         r  Design_1_i/rst_ps7_0_50M/U0/ACTIVE_LOW_PR_OUT_DFF[0].FDRE_PER_N/C
  -------------------------------------------------------------------    -------------------
    SLICE_X45Y93         FDRE (Prop_fdre_C_Q)         0.456     3.401 f  Design_1_i/rst_ps7_0_50M/U0/ACTIVE_LOW_PR_OUT_DFF[0].FDRE_PER_N/Q
                         net (fo=21, routed)          0.804     4.205    Design_1_i/vector_mult_0/inst/gmem_C_m_axi_U/bus_write/wreq_burst_conv/burst_sequential/rs_req/ap_rst_n
    SLICE_X32Y94         LUT1 (Prop_lut1_I0_O)        0.124     4.329 r  Design_1_i/vector_mult_0/inst/gmem_C_m_axi_U/bus_write/wreq_burst_conv/burst_sequential/rs_req/could_multi_bursts.burst_valid_i_1__1/O
                         net (fo=2184, routed)        9.720    14.049    Design_1_i/vector_mult_0/inst/gmem_C_m_axi_U/bus_write/wreq_burst_conv/burst_sequential/SR[0]
    SLICE_X61Y66         FDRE                                         r  Design_1_i/vector_mult_0/inst/gmem_C_m_axi_U/bus_write/wreq_burst_conv/burst_sequential/could_multi_bursts.burst_addr_base_reg[23]/R
  -------------------------------------------------------------------    -------------------

                         (clock clk_fpga_0 rise edge)
                                                     20.000    20.000 r  <hidden>
    PS7_X0Y0             PS7                          0.000    20.000 r  Design_1_i/processing_system7_0/inst/PS7_i/FCLKCLK[0]
                         net (fo=1, routed)           1.088    21.088    Design_1_i/processing_system7_0/inst/FCLK_CLK_unbuffered[0]
    BUFGCTRL_X0Y16       BUFG (Prop_bufg_I_O)         0.091    21.179 r  Design_1_i/processing_system7_0/inst/buffer_fclk_clk_0.FCLK_CLK_0_BUFG/O
                         net (fo=9506, routed)        1.533    22.712    Design_1_i/vector_mult_0/inst/gmem_C_m_axi_U/bus_write/wreq_burst_conv/burst_sequential/ap_clk
    SLICE_X61Y66         FDRE                                         r  Design_1_i/vector_mult_0/inst/gmem_C_m_axi_U/bus_write/wreq_burst_conv/burst_sequential/could_multi_bursts.burst_addr_base_reg[23]/C
                         clock pessimism              0.129    22.841    <hidden>
                         clock uncertainty           -0.302    22.539    <hidden>
    SLICE_X61Y66         FDRE (Setup_fdre_C_R)       -0.429    22.110    Design_1_i/vector_mult_0/inst/gmem_C_m_axi_U/bus_write/wreq_burst_conv/burst_sequential/could_multi_bursts.burst_addr_base_reg[23]
  -------------------------------------------------------------------
                         required time                         22.110    <hidden>
                         arrival time                         -14.049    <hidden>
  -------------------------------------------------------------------
                         slack                                  8.061    <hidden>

Slack (MET) :             8.061ns  (required time - arrival time)
  Source:                 Design_1_i/rst_ps7_0_50M/U0/ACTIVE_LOW_PR_OUT_DFF[0].FDRE_PER_N/C
                            (rising edge-triggered cell FDRE clocked by clk_fpga_0  {rise@0.000ns fall@10.000ns period=20.000ns})
  Destination:            Design_1_i/vector_mult_0/inst/gmem_C_m_axi_U/bus_write/wreq_burst_conv/burst_sequential/could_multi_bursts.burst_addr_base_reg[24]/R
                            (rising edge-triggered cell FDRE clocked by clk_fpga_0  {rise@0.000ns fall@10.000ns period=20.000ns})
  Path Group:             clk_fpga_0
  Path Type:              Setup (Max at Slow Process Corner)
  Requirement:            20.000ns  (clk_fpga_0 rise@20.000ns - clk_fpga_0 rise@0.000ns)
  Data Path Delay:        11.104ns  (logic 0.580ns (5.223%)  route 10.524ns (94.777%))
  Logic Levels:           1  (LUT1=1)
  Clock Path Skew:        -0.104ns (DCD - SCD + CPR)
    Destination Clock Delay (DCD):    2.712ns = ( 22.712 - 20.000 ) 
    Source Clock Delay      (SCD):    2.945ns
    Clock Pessimism Removal (CPR):    0.129ns
  Clock Uncertainty:      0.302ns  ((TSJ^2 + TIJ^2)^1/2 + DJ) / 2 + PE
    Total System Jitter     (TSJ):    0.071ns
    Total Input Jitter      (TIJ):    0.600ns
    Discrete Jitter          (DJ):    0.000ns
    Phase Error              (PE):    0.000ns

    Location             Delay type                Incr(ns)  Path(ns)    Netlist Resource(s)
  -------------------------------------------------------------------    -------------------
                         (clock clk_fpga_0 rise edge)
                                                      0.000     0.000 r  <hidden>
    PS7_X0Y0             PS7                          0.000     0.000 r  Design_1_i/processing_system7_0/inst/PS7_i/FCLKCLK[0]
                         net (fo=1, routed)           1.193     1.193    Design_1_i/processing_system7_0/inst/FCLK_CLK_unbuffered[0]
    BUFGCTRL_X0Y16       BUFG (Prop_bufg_I_O)         0.101     1.294 r  Design_1_i/processing_system7_0/inst/buffer_fclk_clk_0.FCLK_CLK_0_BUFG/O
                         net (fo=9506, routed)        1.651     2.945    Design_1_i/rst_ps7_0_50M/U0/slowest_sync_clk
    SLICE_X45Y93         FDRE                                         r  Design_1_i/rst_ps7_0_50M/U0/ACTIVE_LOW_PR_OUT_DFF[0].FDRE_PER_N/C
  -------------------------------------------------------------------    -------------------
    SLICE_X45Y93         FDRE (Prop_fdre_C_Q)         0.456     3.401 f  Design_1_i/rst_ps7_0_50M/U0/ACTIVE_LOW_PR_OUT_DFF[0].FDRE_PER_N/Q
                         net (fo=21, routed)          0.804     4.205    Design_1_i/vector_mult_0/inst/gmem_C_m_axi_U/bus_write/wreq_burst_conv/burst_sequential/rs_req/ap_rst_n
    SLICE_X32Y94         LUT1 (Prop_lut1_I0_O)        0.124     4.329 r  Design_1_i/vector_mult_0/inst/gmem_C_m_axi_U/bus_write/wreq_burst_conv/burst_sequential/rs_req/could_multi_bursts.burst_valid_i_1__1/O
                         net (fo=2184, routed)        9.720    14.049    Design_1_i/vector_mult_0/inst/gmem_C_m_axi_U/bus_write/wreq_burst_conv/burst_sequential/SR[0]
    SLICE_X61Y66         FDRE                                         r  Design_1_i/vector_mult_0/inst/gmem_C_m_axi_U/bus_write/wreq_burst_conv/burst_sequential/could_multi_bursts.burst_addr_base_reg[24]/R
  -------------------------------------------------------------------    -------------------

                         (clock clk_fpga_0 rise edge)
                                                     20.000    20.000 r  <hidden>
    PS7_X0Y0             PS7                          0.000    20.000 r  Design_1_i/processing_system7_0/inst/PS7_i/FCLKCLK[0]
                         net (fo=1, routed)           1.088    21.088    Design_1_i/processing_system7_0/inst/FCLK_CLK_unbuffered[0]
    BUFGCTRL_X0Y16       BUFG (Prop_bufg_I_O)         0.091    21.179 r  Design_1_i/processing_system7_0/inst/buffer_fclk_clk_0.FCLK_CLK_0_BUFG/O
                         net (fo=9506, routed)        1.533    22.712    Design_1_i/vector_mult_0/inst/gmem_C_m_axi_U/bus_write/wreq_burst_conv/burst_sequential/ap_clk
    SLICE_X61Y66         FDRE                                         r  Design_1_i/vector_mult_0/inst/gmem_C_m_axi_U/bus_write/wreq_burst_conv/burst_sequential/could_multi_bursts.burst_addr_base_reg[24]/C
                         clock pessimism              0.129    22.841    <hidden>
                         clock uncertainty           -0.302    22.539    <hidden>
    SLICE_X61Y66         FDRE (Setup_fdre_C_R)       -0.429    22.110    Design_1_i/vector_mult_0/inst/gmem_C_m_axi_U/bus_write/wreq_burst_conv/burst_sequential/could_multi_bursts.burst_addr_base_reg[24]
  -------------------------------------------------------------------
                         required time                         22.110    <hidden>
                         arrival time                         -14.049    <hidden>
  -------------------------------------------------------------------
                         slack                                  8.061    <hidden>

Slack (MET) :             8.061ns  (required time - arrival time)
  Source:                 Design_1_i/rst_ps7_0_50M/U0/ACTIVE_LOW_PR_OUT_DFF[0].FDRE_PER_N/C
                            (rising edge-triggered cell FDRE clocked by clk_fpga_0  {rise@0.000ns fall@10.000ns period=20.000ns})
  Destination:            Design_1_i/vector_mult_0/inst/gmem_C_m_axi_U/bus_write/wreq_burst_conv/burst_sequential/could_multi_bursts.burst_addr_base_reg[26]/R
                            (rising edge-triggered cell FDRE clocked by clk_fpga_0  {rise@0.000ns fall@10.000ns period=20.000ns})
  Path Group:             clk_fpga_0
  Path Type:              Setup (Max at Slow Process Corner)
  Requirement:            20.000ns  (clk_fpga_0 rise@20.000ns - clk_fpga_0 rise@0.000ns)
  Data Path Delay:        11.104ns  (logic 0.580ns (5.223%)  route 10.524ns (94.777%))
  Logic Levels:           1  (LUT1=1)
  Clock Path Skew:        -0.104ns (DCD - SCD + CPR)
    Destination Clock Delay (DCD):    2.712ns = ( 22.712 - 20.000 ) 
    Source Clock Delay      (SCD):    2.945ns
    Clock Pessimism Removal (CPR):    0.129ns
  Clock Uncertainty:      0.302ns  ((TSJ^2 + TIJ^2)^1/2 + DJ) / 2 + PE
    Total System Jitter     (TSJ):    0.071ns
    Total Input Jitter      (TIJ):    0.600ns
    Discrete Jitter          (DJ):    0.000ns
    Phase Error              (PE):    0.000ns

    Location             Delay type                Incr(ns)  Path(ns)    Netlist Resource(s)
  -------------------------------------------------------------------    -------------------
                         (clock clk_fpga_0 rise edge)
                                                      0.000     0.000 r  <hidden>
    PS7_X0Y0             PS7                          0.000     0.000 r  Design_1_i/processing_system7_0/inst/PS7_i/FCLKCLK[0]
                         net (fo=1, routed)           1.193     1.193    Design_1_i/processing_system7_0/inst/FCLK_CLK_unbuffered[0]
    BUFGCTRL_X0Y16       BUFG (Prop_bufg_I_O)         0.101     1.294 r  Design_1_i/processing_system7_0/inst/buffer_fclk_clk_0.FCLK_CLK_0_BUFG/O
                         net (fo=9506, routed)        1.651     2.945    Design_1_i/rst_ps7_0_50M/U0/slowest_sync_clk
    SLICE_X45Y93         FDRE                                         r  Design_1_i/rst_ps7_0_50M/U0/ACTIVE_LOW_PR_OUT_DFF[0].FDRE_PER_N/C
  -------------------------------------------------------------------    -------------------
    SLICE_X45Y93         FDRE (Prop_fdre_C_Q)         0.456     3.401 f  Design_1_i/rst_ps7_0_50M/U0/ACTIVE_LOW_PR_OUT_DFF[0].FDRE_PER_N/Q
                         net (fo=21, routed)          0.804     4.205    Design_1_i/vector_mult_0/inst/gmem_C_m_axi_U/bus_write/wreq_burst_conv/burst_sequential/rs_req/ap_rst_n
    SLICE_X32Y94         LUT1 (Prop_lut1_I0_O)        0.124     4.329 r  Design_1_i/vector_mult_0/inst/gmem_C_m_axi_U/bus_write/wreq_burst_conv/burst_sequential/rs_req/could_multi_bursts.burst_valid_i_1__1/O
                         net (fo=2184, routed)        9.720    14.049    Design_1_i/vector_mult_0/inst/gmem_C_m_axi_U/bus_write/wreq_burst_conv/burst_sequential/SR[0]
    SLICE_X61Y66         FDRE                                         r  Design_1_i/vector_mult_0/inst/gmem_C_m_axi_U/bus_write/wreq_burst_conv/burst_sequential/could_multi_bursts.burst_addr_base_reg[26]/R
  -------------------------------------------------------------------    -------------------

                         (clock clk_fpga_0 rise edge)
                                                     20.000    20.000 r  <hidden>
    PS7_X0Y0             PS7                          0.000    20.000 r  Design_1_i/processing_system7_0/inst/PS7_i/FCLKCLK[0]
                         net (fo=1, routed)           1.088    21.088    Design_1_i/processing_system7_0/inst/FCLK_CLK_unbuffered[0]
    BUFGCTRL_X0Y16       BUFG (Prop_bufg_I_O)         0.091    21.179 r  Design_1_i/processing_system7_0/inst/buffer_fclk_clk_0.FCLK_CLK_0_BUFG/O
                         net (fo=9506, routed)        1.533    22.712    Design_1_i/vector_mult_0/inst/gmem_C_m_axi_U/bus_write/wreq_burst_conv/burst_sequential/ap_clk
    SLICE_X61Y66         FDRE                                         r  Design_1_i/vector_mult_0/inst/gmem_C_m_axi_U/bus_write/wreq_burst_conv/burst_sequential/could_multi_bursts.burst_addr_base_reg[26]/C
                         clock pessimism              0.129    22.841    <hidden>
                         clock uncertainty           -0.302    22.539    <hidden>
    SLICE_X61Y66         FDRE (Setup_fdre_C_R)       -0.429    22.110    Design_1_i/vector_mult_0/inst/gmem_C_m_axi_U/bus_write/wreq_burst_conv/burst_sequential/could_multi_bursts.burst_addr_base_reg[26]
  -------------------------------------------------------------------
                         required time                         22.110    <hidden>
                         arrival time                         -14.049    <hidden>
  -------------------------------------------------------------------
                         slack                                  8.061    <hidden>

Slack (MET) :             8.061ns  (required time - arrival time)
  Source:                 Design_1_i/rst_ps7_0_50M/U0/ACTIVE_LOW_PR_OUT_DFF[0].FDRE_PER_N/C
                            (rising edge-triggered cell FDRE clocked by clk_fpga_0  {rise@0.000ns fall@10.000ns period=20.000ns})
  Destination:            Design_1_i/vector_mult_0/inst/gmem_C_m_axi_U/bus_write/wreq_burst_conv/burst_sequential/could_multi_bursts.burst_addr_base_reg[38]/R
                            (rising edge-triggered cell FDRE clocked by clk_fpga_0  {rise@0.000ns fall@10.000ns period=20.000ns})
  Path Group:             clk_fpga_0
  Path Type:              Setup (Max at Slow Process Corner)
  Requirement:            20.000ns  (clk_fpga_0 rise@20.000ns - clk_fpga_0 rise@0.000ns)
  Data Path Delay:        11.104ns  (logic 0.580ns (5.223%)  route 10.524ns (94.777%))
  Logic Levels:           1  (LUT1=1)
  Clock Path Skew:        -0.104ns (DCD - SCD + CPR)
    Destination Clock Delay (DCD):    2.712ns = ( 22.712 - 20.000 ) 
    Source Clock Delay      (SCD):    2.945ns
    Clock Pessimism Removal (CPR):    0.129ns
  Clock Uncertainty:      0.302ns  ((TSJ^2 + TIJ^2)^1/2 + DJ) / 2 + PE
    Total System Jitter     (TSJ):    0.071ns
    Total Input Jitter      (TIJ):    0.600ns
    Discrete Jitter          (DJ):    0.000ns
    Phase Error              (PE):    0.000ns

    Location             Delay type                Incr(ns)  Path(ns)    Netlist Resource(s)
  -------------------------------------------------------------------    -------------------
                         (clock clk_fpga_0 rise edge)
                                                      0.000     0.000 r  <hidden>
    PS7_X0Y0             PS7                          0.000     0.000 r  Design_1_i/processing_system7_0/inst/PS7_i/FCLKCLK[0]
                         net (fo=1, routed)           1.193     1.193    Design_1_i/processing_system7_0/inst/FCLK_CLK_unbuffered[0]
    BUFGCTRL_X0Y16       BUFG (Prop_bufg_I_O)         0.101     1.294 r  Design_1_i/processing_system7_0/inst/buffer_fclk_clk_0.FCLK_CLK_0_BUFG/O
                         net (fo=9506, routed)        1.651     2.945    Design_1_i/rst_ps7_0_50M/U0/slowest_sync_clk
    SLICE_X45Y93         FDRE                                         r  Design_1_i/rst_ps7_0_50M/U0/ACTIVE_LOW_PR_OUT_DFF[0].FDRE_PER_N/C
  -------------------------------------------------------------------    -------------------
    SLICE_X45Y93         FDRE (Prop_fdre_C_Q)         0.456     3.401 f  Design_1_i/rst_ps7_0_50M/U0/ACTIVE_LOW_PR_OUT_DFF[0].FDRE_PER_N/Q
                         net (fo=21, routed)          0.804     4.205    Design_1_i/vector_mult_0/inst/gmem_C_m_axi_U/bus_write/wreq_burst_conv/burst_sequential/rs_req/ap_rst_n
    SLICE_X32Y94         LUT1 (Prop_lut1_I0_O)        0.124     4.329 r  Design_1_i/vector_mult_0/inst/gmem_C_m_axi_U/bus_write/wreq_burst_conv/burst_sequential/rs_req/could_multi_bursts.burst_valid_i_1__1/O
                         net (fo=2184, routed)        9.720    14.049    Design_1_i/vector_mult_0/inst/gmem_C_m_axi_U/bus_write/wreq_burst_conv/burst_sequential/SR[0]
    SLICE_X61Y66         FDRE                                         r  Design_1_i/vector_mult_0/inst/gmem_C_m_axi_U/bus_write/wreq_burst_conv/burst_sequential/could_multi_bursts.burst_addr_base_reg[38]/R
  -------------------------------------------------------------------    -------------------

                         (clock clk_fpga_0 rise edge)
                                                     20.000    20.000 r  <hidden>
    PS7_X0Y0             PS7                          0.000    20.000 r  Design_1_i/processing_system7_0/inst/PS7_i/FCLKCLK[0]
                         net (fo=1, routed)           1.088    21.088    Design_1_i/processing_system7_0/inst/FCLK_CLK_unbuffered[0]
    BUFGCTRL_X0Y16       BUFG (Prop_bufg_I_O)         0.091    21.179 r  Design_1_i/processing_system7_0/inst/buffer_fclk_clk_0.FCLK_CLK_0_BUFG/O
                         net (fo=9506, routed)        1.533    22.712    Design_1_i/vector_mult_0/inst/gmem_C_m_axi_U/bus_write/wreq_burst_conv/burst_sequential/ap_clk
    SLICE_X61Y66         FDRE                                         r  Design_1_i/vector_mult_0/inst/gmem_C_m_axi_U/bus_write/wreq_burst_conv/burst_sequential/could_multi_bursts.burst_addr_base_reg[38]/C
                         clock pessimism              0.129    22.841    <hidden>
                         clock uncertainty           -0.302    22.539    <hidden>
    SLICE_X61Y66         FDRE (Setup_fdre_C_R)       -0.429    22.110    Design_1_i/vector_mult_0/inst/gmem_C_m_axi_U/bus_write/wreq_burst_conv/burst_sequential/could_multi_bursts.burst_addr_base_reg[38]
  -------------------------------------------------------------------
                         required time                         22.110    <hidden>
                         arrival time                         -14.049    <hidden>
  -------------------------------------------------------------------
                         slack                                  8.061    <hidden>

Slack (MET) :             8.083ns  (required time - arrival time)
  Source:                 Design_1_i/rst_ps7_0_50M/U0/ACTIVE_LOW_PR_OUT_DFF[0].FDRE_PER_N/C
                            (rising edge-triggered cell FDRE clocked by clk_fpga_0  {rise@0.000ns fall@10.000ns period=20.000ns})
  Destination:            Design_1_i/vector_mult_0/inst/gmem_C_m_axi_U/bus_write/wreq_burst_conv/burst_sequential/sect_addr_buf_reg[36]/R
                            (rising edge-triggered cell FDRE clocked by clk_fpga_0  {rise@0.000ns fall@10.000ns period=20.000ns})
  Path Group:             clk_fpga_0
  Path Type:              Setup (Max at Slow Process Corner)
  Requirement:            20.000ns  (clk_fpga_0 rise@20.000ns - clk_fpga_0 rise@0.000ns)
  Data Path Delay:        10.984ns  (logic 0.580ns (5.281%)  route 10.404ns (94.719%))
  Logic Levels:           1  (LUT1=1)
  Clock Path Skew:        -0.107ns (DCD - SCD + CPR)
    Destination Clock Delay (DCD):    2.709ns = ( 22.709 - 20.000 ) 
    Source Clock Delay      (SCD):    2.945ns
    Clock Pessimism Removal (CPR):    0.129ns
  Clock Uncertainty:      0.302ns  ((TSJ^2 + TIJ^2)^1/2 + DJ) / 2 + PE
    Total System Jitter     (TSJ):    0.071ns
    Total Input Jitter      (TIJ):    0.600ns
    Discrete Jitter          (DJ):    0.000ns
    Phase Error              (PE):    0.000ns

    Location             Delay type                Incr(ns)  Path(ns)    Netlist Resource(s)
  -------------------------------------------------------------------    -------------------
                         (clock clk_fpga_0 rise edge)
                                                      0.000     0.000 r  <hidden>
    PS7_X0Y0             PS7                          0.000     0.000 r  Design_1_i/processing_system7_0/inst/PS7_i/FCLKCLK[0]
                         net (fo=1, routed)           1.193     1.193    Design_1_i/processing_system7_0/inst/FCLK_CLK_unbuffered[0]
    BUFGCTRL_X0Y16       BUFG (Prop_bufg_I_O)         0.101     1.294 r  Design_1_i/processing_system7_0/inst/buffer_fclk_clk_0.FCLK_CLK_0_BUFG/O
                         net (fo=9506, routed)        1.651     2.945    Design_1_i/rst_ps7_0_50M/U0/slowest_sync_clk
    SLICE_X45Y93         FDRE                                         r  Design_1_i/rst_ps7_0_50M/U0/ACTIVE_LOW_PR_OUT_DFF[0].FDRE_PER_N/C
  -------------------------------------------------------------------    -------------------
    SLICE_X45Y93         FDRE (Prop_fdre_C_Q)         0.456     3.401 f  Design_1_i/rst_ps7_0_50M/U0/ACTIVE_LOW_PR_OUT_DFF[0].FDRE_PER_N/Q
                         net (fo=21, routed)          0.804     4.205    Design_1_i/vector_mult_0/inst/gmem_C_m_axi_U/bus_write/wreq_burst_conv/burst_sequential/rs_req/ap_rst_n
    SLICE_X32Y94         LUT1 (Prop_lut1_I0_O)        0.124     4.329 r  Design_1_i/vector_mult_0/inst/gmem_C_m_axi_U/bus_write/wreq_burst_conv/burst_sequential/rs_req/could_multi_bursts.burst_valid_i_1__1/O
                         net (fo=2184, routed)        9.600    13.929    Design_1_i/vector_mult_0/inst/gmem_C_m_axi_U/bus_write/wreq_burst_conv/burst_sequential/SR[0]
    SLICE_X58Y66         FDRE                                         r  Design_1_i/vector_mult_0/inst/gmem_C_m_axi_U/bus_write/wreq_burst_conv/burst_sequential/sect_addr_buf_reg[36]/R
  -------------------------------------------------------------------    -------------------

                         (clock clk_fpga_0 rise edge)
                                                     20.000    20.000 r  <hidden>
    PS7_X0Y0             PS7                          0.000    20.000 r  Design_1_i/processing_system7_0/inst/PS7_i/FCLKCLK[0]
                         net (fo=1, routed)           1.088    21.088    Design_1_i/processing_system7_0/inst/FCLK_CLK_unbuffered[0]
    BUFGCTRL_X0Y16       BUFG (Prop_bufg_I_O)         0.091    21.179 r  Design_1_i/processing_system7_0/inst/buffer_fclk_clk_0.FCLK_CLK_0_BUFG/O
                         net (fo=9506, routed)        1.530    22.709    Design_1_i/vector_mult_0/inst/gmem_C_m_axi_U/bus_write/wreq_burst_conv/burst_sequential/ap_clk
    SLICE_X58Y66         FDRE                                         r  Design_1_i/vector_mult_0/inst/gmem_C_m_axi_U/bus_write/wreq_burst_conv/burst_sequential/sect_addr_buf_reg[36]/C
                         clock pessimism              0.129    22.838    <hidden>
                         clock uncertainty           -0.302    22.536    <hidden>
    SLICE_X58Y66         FDRE (Setup_fdre_C_R)       -0.524    22.012    Design_1_i/vector_mult_0/inst/gmem_C_m_axi_U/bus_write/wreq_burst_conv/burst_sequential/sect_addr_buf_reg[36]
  -------------------------------------------------------------------
                         required time                         22.012    <hidden>
                         arrival time                         -13.929    <hidden>
  -------------------------------------------------------------------
                         slack                                  8.083    <hidden>

Slack (MET) :             8.083ns  (required time - arrival time)
  Source:                 Design_1_i/rst_ps7_0_50M/U0/ACTIVE_LOW_PR_OUT_DFF[0].FDRE_PER_N/C
                            (rising edge-triggered cell FDRE clocked by clk_fpga_0  {rise@0.000ns fall@10.000ns period=20.000ns})
  Destination:            Design_1_i/vector_mult_0/inst/gmem_C_m_axi_U/bus_write/wreq_burst_conv/burst_sequential/sect_addr_buf_reg[38]/R
                            (rising edge-triggered cell FDRE clocked by clk_fpga_0  {rise@0.000ns fall@10.000ns period=20.000ns})
  Path Group:             clk_fpga_0
  Path Type:              Setup (Max at Slow Process Corner)
  Requirement:            20.000ns  (clk_fpga_0 rise@20.000ns - clk_fpga_0 rise@0.000ns)
  Data Path Delay:        10.984ns  (logic 0.580ns (5.281%)  route 10.404ns (94.719%))
  Logic Levels:           1  (LUT1=1)
  Clock Path Skew:        -0.107ns (DCD - SCD + CPR)
    Destination Clock Delay (DCD):    2.709ns = ( 22.709 - 20.000 ) 
    Source Clock Delay      (SCD):    2.945ns
    Clock Pessimism Removal (CPR):    0.129ns
  Clock Uncertainty:      0.302ns  ((TSJ^2 + TIJ^2)^1/2 + DJ) / 2 + PE
    Total System Jitter     (TSJ):    0.071ns
    Total Input Jitter      (TIJ):    0.600ns
    Discrete Jitter          (DJ):    0.000ns
    Phase Error              (PE):    0.000ns

    Location             Delay type                Incr(ns)  Path(ns)    Netlist Resource(s)
  -------------------------------------------------------------------    -------------------
                         (clock clk_fpga_0 rise edge)
                                                      0.000     0.000 r  <hidden>
    PS7_X0Y0             PS7                          0.000     0.000 r  Design_1_i/processing_system7_0/inst/PS7_i/FCLKCLK[0]
                         net (fo=1, routed)           1.193     1.193    Design_1_i/processing_system7_0/inst/FCLK_CLK_unbuffered[0]
    BUFGCTRL_X0Y16       BUFG (Prop_bufg_I_O)         0.101     1.294 r  Design_1_i/processing_system7_0/inst/buffer_fclk_clk_0.FCLK_CLK_0_BUFG/O
                         net (fo=9506, routed)        1.651     2.945    Design_1_i/rst_ps7_0_50M/U0/slowest_sync_clk
    SLICE_X45Y93         FDRE                                         r  Design_1_i/rst_ps7_0_50M/U0/ACTIVE_LOW_PR_OUT_DFF[0].FDRE_PER_N/C
  -------------------------------------------------------------------    -------------------
    SLICE_X45Y93         FDRE (Prop_fdre_C_Q)         0.456     3.401 f  Design_1_i/rst_ps7_0_50M/U0/ACTIVE_LOW_PR_OUT_DFF[0].FDRE_PER_N/Q
                         net (fo=21, routed)          0.804     4.205    Design_1_i/vector_mult_0/inst/gmem_C_m_axi_U/bus_write/wreq_burst_conv/burst_sequential/rs_req/ap_rst_n
    SLICE_X32Y94         LUT1 (Prop_lut1_I0_O)        0.124     4.329 r  Design_1_i/vector_mult_0/inst/gmem_C_m_axi_U/bus_write/wreq_burst_conv/burst_sequential/rs_req/could_multi_bursts.burst_valid_i_1__1/O
                         net (fo=2184, routed)        9.600    13.929    Design_1_i/vector_mult_0/inst/gmem_C_m_axi_U/bus_write/wreq_burst_conv/burst_sequential/SR[0]
    SLICE_X58Y66         FDRE                                         r  Design_1_i/vector_mult_0/inst/gmem_C_m_axi_U/bus_write/wreq_burst_conv/burst_sequential/sect_addr_buf_reg[38]/R
  -------------------------------------------------------------------    -------------------

                         (clock clk_fpga_0 rise edge)
                                                     20.000    20.000 r  <hidden>
    PS7_X0Y0             PS7                          0.000    20.000 r  Design_1_i/processing_system7_0/inst/PS7_i/FCLKCLK[0]
                         net (fo=1, routed)           1.088    21.088    Design_1_i/processing_system7_0/inst/FCLK_CLK_unbuffered[0]
    BUFGCTRL_X0Y16       BUFG (Prop_bufg_I_O)         0.091    21.179 r  Design_1_i/processing_system7_0/inst/buffer_fclk_clk_0.FCLK_CLK_0_BUFG/O
                         net (fo=9506, routed)        1.530    22.709    Design_1_i/vector_mult_0/inst/gmem_C_m_axi_U/bus_write/wreq_burst_conv/burst_sequential/ap_clk
    SLICE_X58Y66         FDRE                                         r  Design_1_i/vector_mult_0/inst/gmem_C_m_axi_U/bus_write/wreq_burst_conv/burst_sequential/sect_addr_buf_reg[38]/C
                         clock pessimism              0.129    22.838    <hidden>
                         clock uncertainty           -0.302    22.536    <hidden>
    SLICE_X58Y66         FDRE (Setup_fdre_C_R)       -0.524    22.012    Design_1_i/vector_mult_0/inst/gmem_C_m_axi_U/bus_write/wreq_burst_conv/burst_sequential/sect_addr_buf_reg[38]
  -------------------------------------------------------------------
                         required time                         22.012    <hidden>
                         arrival time                         -13.929    <hidden>
  -------------------------------------------------------------------
                         slack                                  8.083    <hidden>

Slack (MET) :             8.083ns  (required time - arrival time)
  Source:                 Design_1_i/rst_ps7_0_50M/U0/ACTIVE_LOW_PR_OUT_DFF[0].FDRE_PER_N/C
                            (rising edge-triggered cell FDRE clocked by clk_fpga_0  {rise@0.000ns fall@10.000ns period=20.000ns})
  Destination:            Design_1_i/vector_mult_0/inst/gmem_C_m_axi_U/bus_write/wreq_burst_conv/burst_sequential/sect_addr_buf_reg[39]/R
                            (rising edge-triggered cell FDRE clocked by clk_fpga_0  {rise@0.000ns fall@10.000ns period=20.000ns})
  Path Group:             clk_fpga_0
  Path Type:              Setup (Max at Slow Process Corner)
  Requirement:            20.000ns  (clk_fpga_0 rise@20.000ns - clk_fpga_0 rise@0.000ns)
  Data Path Delay:        10.984ns  (logic 0.580ns (5.281%)  route 10.404ns (94.719%))
  Logic Levels:           1  (LUT1=1)
  Clock Path Skew:        -0.107ns (DCD - SCD + CPR)
    Destination Clock Delay (DCD):    2.709ns = ( 22.709 - 20.000 ) 
    Source Clock Delay      (SCD):    2.945ns
    Clock Pessimism Removal (CPR):    0.129ns
  Clock Uncertainty:      0.302ns  ((TSJ^2 + TIJ^2)^1/2 + DJ) / 2 + PE
    Total System Jitter     (TSJ):    0.071ns
    Total Input Jitter      (TIJ):    0.600ns
    Discrete Jitter          (DJ):    0.000ns
    Phase Error              (PE):    0.000ns

    Location             Delay type                Incr(ns)  Path(ns)    Netlist Resource(s)
  -------------------------------------------------------------------    -------------------
                         (clock clk_fpga_0 rise edge)
                                                      0.000     0.000 r  <hidden>
    PS7_X0Y0             PS7                          0.000     0.000 r  Design_1_i/processing_system7_0/inst/PS7_i/FCLKCLK[0]
                         net (fo=1, routed)           1.193     1.193    Design_1_i/processing_system7_0/inst/FCLK_CLK_unbuffered[0]
    BUFGCTRL_X0Y16       BUFG (Prop_bufg_I_O)         0.101     1.294 r  Design_1_i/processing_system7_0/inst/buffer_fclk_clk_0.FCLK_CLK_0_BUFG/O
                         net (fo=9506, routed)        1.651     2.945    Design_1_i/rst_ps7_0_50M/U0/slowest_sync_clk
    SLICE_X45Y93         FDRE                                         r  Design_1_i/rst_ps7_0_50M/U0/ACTIVE_LOW_PR_OUT_DFF[0].FDRE_PER_N/C
  -------------------------------------------------------------------    -------------------
    SLICE_X45Y93         FDRE (Prop_fdre_C_Q)         0.456     3.401 f  Design_1_i/rst_ps7_0_50M/U0/ACTIVE_LOW_PR_OUT_DFF[0].FDRE_PER_N/Q
                         net (fo=21, routed)          0.804     4.205    Design_1_i/vector_mult_0/inst/gmem_C_m_axi_U/bus_write/wreq_burst_conv/burst_sequential/rs_req/ap_rst_n
    SLICE_X32Y94         LUT1 (Prop_lut1_I0_O)        0.124     4.329 r  Design_1_i/vector_mult_0/inst/gmem_C_m_axi_U/bus_write/wreq_burst_conv/burst_sequential/rs_req/could_multi_bursts.burst_valid_i_1__1/O
                         net (fo=2184, routed)        9.600    13.929    Design_1_i/vector_mult_0/inst/gmem_C_m_axi_U/bus_write/wreq_burst_conv/burst_sequential/SR[0]
    SLICE_X58Y66         FDRE                                         r  Design_1_i/vector_mult_0/inst/gmem_C_m_axi_U/bus_write/wreq_burst_conv/burst_sequential/sect_addr_buf_reg[39]/R
  -------------------------------------------------------------------    -------------------

                         (clock clk_fpga_0 rise edge)
                                                     20.000    20.000 r  <hidden>
    PS7_X0Y0             PS7                          0.000    20.000 r  Design_1_i/processing_system7_0/inst/PS7_i/FCLKCLK[0]
                         net (fo=1, routed)           1.088    21.088    Design_1_i/processing_system7_0/inst/FCLK_CLK_unbuffered[0]
    BUFGCTRL_X0Y16       BUFG (Prop_bufg_I_O)         0.091    21.179 r  Design_1_i/processing_system7_0/inst/buffer_fclk_clk_0.FCLK_CLK_0_BUFG/O
                         net (fo=9506, routed)        1.530    22.709    Design_1_i/vector_mult_0/inst/gmem_C_m_axi_U/bus_write/wreq_burst_conv/burst_sequential/ap_clk
    SLICE_X58Y66         FDRE                                         r  Design_1_i/vector_mult_0/inst/gmem_C_m_axi_U/bus_write/wreq_burst_conv/burst_sequential/sect_addr_buf_reg[39]/C
                         clock pessimism              0.129    22.838    <hidden>
                         clock uncertainty           -0.302    22.536    <hidden>
    SLICE_X58Y66         FDRE (Setup_fdre_C_R)       -0.524    22.012    Design_1_i/vector_mult_0/inst/gmem_C_m_axi_U/bus_write/wreq_burst_conv/burst_sequential/sect_addr_buf_reg[39]
  -------------------------------------------------------------------
                         required time                         22.012    <hidden>
                         arrival time                         -13.929    <hidden>
  -------------------------------------------------------------------
                         slack                                  8.083    <hidden>





Min Delay Paths
--------------------------------------------------------------------------------------
Slack (MET) :             0.015ns  (arrival time - required time)
  Source:                 Design_1_i/vector_mult_0/inst/gmem_A_m_axi_U/bus_read/rreq_burst_conv/burst_sequential/sect_addr_buf_reg[47]/C
                            (rising edge-triggered cell FDRE clocked by clk_fpga_0  {rise@0.000ns fall@10.000ns period=20.000ns})
  Destination:            Design_1_i/vector_mult_0/inst/gmem_A_m_axi_U/bus_read/rreq_burst_conv/burst_sequential/could_multi_bursts.burst_addr_base_reg[35]/D
                            (rising edge-triggered cell FDRE clocked by clk_fpga_0  {rise@0.000ns fall@10.000ns period=20.000ns})
  Path Group:             clk_fpga_0
  Path Type:              Hold (Min at Fast Process Corner)
  Requirement:            0.000ns  (clk_fpga_0 rise@0.000ns - clk_fpga_0 rise@0.000ns)
  Data Path Delay:        0.342ns  (logic 0.141ns (41.235%)  route 0.201ns (58.765%))
  Logic Levels:           0  
  Clock Path Skew:        0.256ns (DCD - SCD - CPR)
    Destination Clock Delay (DCD):    1.178ns
    Source Clock Delay      (SCD):    0.887ns
    Clock Pessimism Removal (CPR):    0.035ns

    Location             Delay type                Incr(ns)  Path(ns)    Netlist Resource(s)
  -------------------------------------------------------------------    -------------------
                         (clock clk_fpga_0 rise edge)
                                                      0.000     0.000 r  <hidden>
    PS7_X0Y0             PS7                          0.000     0.000 r  Design_1_i/processing_system7_0/inst/PS7_i/FCLKCLK[0]
                         net (fo=1, routed)           0.310     0.310    Design_1_i/processing_system7_0/inst/FCLK_CLK_unbuffered[0]
    BUFGCTRL_X0Y16       BUFG (Prop_bufg_I_O)         0.026     0.336 r  Design_1_i/processing_system7_0/inst/buffer_fclk_clk_0.FCLK_CLK_0_BUFG/O
                         net (fo=9506, routed)        0.551     0.887    Design_1_i/vector_mult_0/inst/gmem_A_m_axi_U/bus_read/rreq_burst_conv/burst_sequential/ap_clk
    SLICE_X48Y84         FDRE                                         r  Design_1_i/vector_mult_0/inst/gmem_A_m_axi_U/bus_read/rreq_burst_conv/burst_sequential/sect_addr_buf_reg[47]/C
  -------------------------------------------------------------------    -------------------
    SLICE_X48Y84         FDRE (Prop_fdre_C_Q)         0.141     1.028 r  Design_1_i/vector_mult_0/inst/gmem_A_m_axi_U/bus_read/rreq_burst_conv/burst_sequential/sect_addr_buf_reg[47]/Q
                         net (fo=1, routed)           0.201     1.229    Design_1_i/vector_mult_0/inst/gmem_A_m_axi_U/bus_read/rreq_burst_conv/burst_sequential/sect_addr_buf_reg_n_0_[47]
    SLICE_X53Y82         FDRE                                         r  Design_1_i/vector_mult_0/inst/gmem_A_m_axi_U/bus_read/rreq_burst_conv/burst_sequential/could_multi_bursts.burst_addr_base_reg[35]/D
  -------------------------------------------------------------------    -------------------

                         (clock clk_fpga_0 rise edge)
                                                      0.000     0.000 r  <hidden>
    PS7_X0Y0             PS7                          0.000     0.000 r  Design_1_i/processing_system7_0/inst/PS7_i/FCLKCLK[0]
                         net (fo=1, routed)           0.337     0.337    Design_1_i/processing_system7_0/inst/FCLK_CLK_unbuffered[0]
    BUFGCTRL_X0Y16       BUFG (Prop_bufg_I_O)         0.029     0.366 r  Design_1_i/processing_system7_0/inst/buffer_fclk_clk_0.FCLK_CLK_0_BUFG/O
                         net (fo=9506, routed)        0.812     1.178    Design_1_i/vector_mult_0/inst/gmem_A_m_axi_U/bus_read/rreq_burst_conv/burst_sequential/ap_clk
    SLICE_X53Y82         FDRE                                         r  Design_1_i/vector_mult_0/inst/gmem_A_m_axi_U/bus_read/rreq_burst_conv/burst_sequential/could_multi_bursts.burst_addr_base_reg[35]/C
                         clock pessimism             -0.035     1.143    <hidden>
    SLICE_X53Y82         FDRE (Hold_fdre_C_D)         0.071     1.214    Design_1_i/vector_mult_0/inst/gmem_A_m_axi_U/bus_read/rreq_burst_conv/burst_sequential/could_multi_bursts.burst_addr_base_reg[35]
  -------------------------------------------------------------------
                         required time                         -1.214    <hidden>
                         arrival time                           1.229    <hidden>
  -------------------------------------------------------------------
                         slack                                  0.015    <hidden>

Slack (MET) :             0.022ns  (arrival time - required time)
  Source:                 Design_1_i/axi_smc/inst/switchboards/aw_switchboard/inst/gen_mi[0].inst_opipe_payld/gen_pipe[1].pipe_reg[1][167]/C
                            (rising edge-triggered cell FDRE clocked by clk_fpga_0  {rise@0.000ns fall@10.000ns period=20.000ns})
  Destination:            Design_1_i/axi_smc/inst/m00_nodes/m00_aw_node/inst/inst_mi_handler/gen_normal_area.inst_fifo_node_payld/gen_xpm_memory_fifo.inst_fifo/gen_mem_rep[0].inst_xpm_memory/xpm_memory_base_inst/gen_wr_a.gen_word_narrow.mem_reg_0_31_162_167/RAMC_D1/I
                            (rising edge-triggered cell RAMD32 clocked by clk_fpga_0  {rise@0.000ns fall@10.000ns period=20.000ns})
  Path Group:             clk_fpga_0
  Path Type:              Hold (Min at Fast Process Corner)
  Requirement:            0.000ns  (clk_fpga_0 rise@0.000ns - clk_fpga_0 rise@0.000ns)
  Data Path Delay:        0.350ns  (logic 0.128ns (36.570%)  route 0.222ns (63.430%))
  Logic Levels:           0  
  Clock Path Skew:        0.267ns (DCD - SCD - CPR)
    Destination Clock Delay (DCD):    1.190ns
    Source Clock Delay      (SCD):    0.888ns
    Clock Pessimism Removal (CPR):    0.035ns

    Location             Delay type                Incr(ns)  Path(ns)    Netlist Resource(s)
  -------------------------------------------------------------------    -------------------
                         (clock clk_fpga_0 rise edge)
                                                      0.000     0.000 r  <hidden>
    PS7_X0Y0             PS7                          0.000     0.000 r  Design_1_i/processing_system7_0/inst/PS7_i/FCLKCLK[0]
                         net (fo=1, routed)           0.310     0.310    Design_1_i/processing_system7_0/inst/FCLK_CLK_unbuffered[0]
    BUFGCTRL_X0Y16       BUFG (Prop_bufg_I_O)         0.026     0.336 r  Design_1_i/processing_system7_0/inst/buffer_fclk_clk_0.FCLK_CLK_0_BUFG/O
                         net (fo=9506, routed)        0.552     0.888    Design_1_i/axi_smc/inst/switchboards/aw_switchboard/inst/gen_mi[0].inst_opipe_payld/aclk
    SLICE_X51Y55         FDRE                                         r  Design_1_i/axi_smc/inst/switchboards/aw_switchboard/inst/gen_mi[0].inst_opipe_payld/gen_pipe[1].pipe_reg[1][167]/C
  -------------------------------------------------------------------    -------------------
    SLICE_X51Y55         FDRE (Prop_fdre_C_Q)         0.128     1.016 r  Design_1_i/axi_smc/inst/switchboards/aw_switchboard/inst/gen_mi[0].inst_opipe_payld/gen_pipe[1].pipe_reg[1][167]/Q
                         net (fo=1, routed)           0.222     1.238    Design_1_i/axi_smc/inst/m00_nodes/m00_aw_node/inst/inst_mi_handler/gen_normal_area.inst_fifo_node_payld/gen_xpm_memory_fifo.inst_fifo/gen_mem_rep[0].inst_xpm_memory/xpm_memory_base_inst/gen_wr_a.gen_word_narrow.mem_reg_0_31_162_167/DIC1
    SLICE_X46Y56         RAMD32                                       r  Design_1_i/axi_smc/inst/m00_nodes/m00_aw_node/inst/inst_mi_handler/gen_normal_area.inst_fifo_node_payld/gen_xpm_memory_fifo.inst_fifo/gen_mem_rep[0].inst_xpm_memory/xpm_memory_base_inst/gen_wr_a.gen_word_narrow.mem_reg_0_31_162_167/RAMC_D1/I
  -------------------------------------------------------------------    -------------------

                         (clock clk_fpga_0 rise edge)
                                                      0.000     0.000 r  <hidden>
    PS7_X0Y0             PS7                          0.000     0.000 r  Design_1_i/processing_system7_0/inst/PS7_i/FCLKCLK[0]
                         net (fo=1, routed)           0.337     0.337    Design_1_i/processing_system7_0/inst/FCLK_CLK_unbuffered[0]
    BUFGCTRL_X0Y16       BUFG (Prop_bufg_I_O)         0.029     0.366 r  Design_1_i/processing_system7_0/inst/buffer_fclk_clk_0.FCLK_CLK_0_BUFG/O
                         net (fo=9506, routed)        0.824     1.190    Design_1_i/axi_smc/inst/m00_nodes/m00_aw_node/inst/inst_mi_handler/gen_normal_area.inst_fifo_node_payld/gen_xpm_memory_fifo.inst_fifo/gen_mem_rep[0].inst_xpm_memory/xpm_memory_base_inst/gen_wr_a.gen_word_narrow.mem_reg_0_31_162_167/WCLK
    SLICE_X46Y56         RAMD32                                       r  Design_1_i/axi_smc/inst/m00_nodes/m00_aw_node/inst/inst_mi_handler/gen_normal_area.inst_fifo_node_payld/gen_xpm_memory_fifo.inst_fifo/gen_mem_rep[0].inst_xpm_memory/xpm_memory_base_inst/gen_wr_a.gen_word_narrow.mem_reg_0_31_162_167/RAMC_D1/CLK
                         clock pessimism             -0.035     1.155    <hidden>
    SLICE_X46Y56         RAMD32 (Hold_ramd32_CLK_I)
                                                      0.061     1.216    Design_1_i/axi_smc/inst/m00_nodes/m00_aw_node/inst/inst_mi_handler/gen_normal_area.inst_fifo_node_payld/gen_xpm_memory_fifo.inst_fifo/gen_mem_rep[0].inst_xpm_memory/xpm_memory_base_inst/gen_wr_a.gen_word_narrow.mem_reg_0_31_162_167/RAMC_D1
  -------------------------------------------------------------------
                         required time                         -1.216    <hidden>
                         arrival time                           1.238    <hidden>
  -------------------------------------------------------------------
                         slack                                  0.022    <hidden>

Slack (MET) :             0.022ns  (arrival time - required time)
  Source:                 Design_1_i/vector_mult_0/inst/gmem_C_addr_reg_341_pp0_iter10_reg_reg[49]__0/C
                            (rising edge-triggered cell FDRE clocked by clk_fpga_0  {rise@0.000ns fall@10.000ns period=20.000ns})
  Destination:            Design_1_i/vector_mult_0/inst/gmem_C_m_axi_U/store_unit_0/fifo_wreq/U_fifo_srl/mem_reg[2][49]_srl3/D
                            (rising edge-triggered cell SRL16E clocked by clk_fpga_0  {rise@0.000ns fall@10.000ns period=20.000ns})
  Path Group:             clk_fpga_0
  Path Type:              Hold (Min at Fast Process Corner)
  Requirement:            0.000ns  (clk_fpga_0 rise@0.000ns - clk_fpga_0 rise@0.000ns)
  Data Path Delay:        0.389ns  (logic 0.164ns (42.191%)  route 0.225ns (57.809%))
  Logic Levels:           0  
  Clock Path Skew:        0.257ns (DCD - SCD - CPR)
    Destination Clock Delay (DCD):    1.177ns
    Source Clock Delay      (SCD):    0.885ns
    Clock Pessimism Removal (CPR):    0.035ns

    Location             Delay type                Incr(ns)  Path(ns)    Netlist Resource(s)
  -------------------------------------------------------------------    -------------------
                         (clock clk_fpga_0 rise edge)
                                                      0.000     0.000 r  <hidden>
    PS7_X0Y0             PS7                          0.000     0.000 r  Design_1_i/processing_system7_0/inst/PS7_i/FCLKCLK[0]
                         net (fo=1, routed)           0.310     0.310    Design_1_i/processing_system7_0/inst/FCLK_CLK_unbuffered[0]
    BUFGCTRL_X0Y16       BUFG (Prop_bufg_I_O)         0.026     0.336 r  Design_1_i/processing_system7_0/inst/buffer_fclk_clk_0.FCLK_CLK_0_BUFG/O
                         net (fo=9506, routed)        0.549     0.885    Design_1_i/vector_mult_0/inst/ap_clk
    SLICE_X46Y81         FDRE                                         r  Design_1_i/vector_mult_0/inst/gmem_C_addr_reg_341_pp0_iter10_reg_reg[49]__0/C
  -------------------------------------------------------------------    -------------------
    SLICE_X46Y81         FDRE (Prop_fdre_C_Q)         0.164     1.049 r  Design_1_i/vector_mult_0/inst/gmem_C_addr_reg_341_pp0_iter10_reg_reg[49]__0/Q
                         net (fo=1, routed)           0.225     1.273    Design_1_i/vector_mult_0/inst/gmem_C_m_axi_U/store_unit_0/fifo_wreq/U_fifo_srl/in[49]
    SLICE_X50Y81         SRL16E                                       r  Design_1_i/vector_mult_0/inst/gmem_C_m_axi_U/store_unit_0/fifo_wreq/U_fifo_srl/mem_reg[2][49]_srl3/D
  -------------------------------------------------------------------    -------------------

                         (clock clk_fpga_0 rise edge)
                                                      0.000     0.000 r  <hidden>
    PS7_X0Y0             PS7                          0.000     0.000 r  Design_1_i/processing_system7_0/inst/PS7_i/FCLKCLK[0]
                         net (fo=1, routed)           0.337     0.337    Design_1_i/processing_system7_0/inst/FCLK_CLK_unbuffered[0]
    BUFGCTRL_X0Y16       BUFG (Prop_bufg_I_O)         0.029     0.366 r  Design_1_i/processing_system7_0/inst/buffer_fclk_clk_0.FCLK_CLK_0_BUFG/O
                         net (fo=9506, routed)        0.811     1.177    Design_1_i/vector_mult_0/inst/gmem_C_m_axi_U/store_unit_0/fifo_wreq/U_fifo_srl/ap_clk
    SLICE_X50Y81         SRL16E                                       r  Design_1_i/vector_mult_0/inst/gmem_C_m_axi_U/store_unit_0/fifo_wreq/U_fifo_srl/mem_reg[2][49]_srl3/CLK
                         clock pessimism             -0.035     1.142    <hidden>
    SLICE_X50Y81         SRL16E (Hold_srl16e_CLK_D)
                                                      0.109     1.251    Design_1_i/vector_mult_0/inst/gmem_C_m_axi_U/store_unit_0/fifo_wreq/U_fifo_srl/mem_reg[2][49]_srl3
  -------------------------------------------------------------------
                         required time                         -1.251    <hidden>
                         arrival time                           1.273    <hidden>
  -------------------------------------------------------------------
                         slack                                  0.022    <hidden>

Slack (MET) :             0.024ns  (arrival time - required time)
  Source:                 Design_1_i/vector_mult_0/inst/gmem_C_addr_reg_341_pp0_iter10_reg_reg[51]__0/C
                            (rising edge-triggered cell FDRE clocked by clk_fpga_0  {rise@0.000ns fall@10.000ns period=20.000ns})
  Destination:            Design_1_i/vector_mult_0/inst/gmem_C_m_axi_U/store_unit_0/fifo_wreq/U_fifo_srl/mem_reg[2][51]_srl3/D
                            (rising edge-triggered cell SRL16E clocked by clk_fpga_0  {rise@0.000ns fall@10.000ns period=20.000ns})
  Path Group:             clk_fpga_0
  Path Type:              Hold (Min at Fast Process Corner)
  Requirement:            0.000ns  (clk_fpga_0 rise@0.000ns - clk_fpga_0 rise@0.000ns)
  Data Path Delay:        0.390ns  (logic 0.164ns (42.082%)  route 0.226ns (57.918%))
  Logic Levels:           0  
  Clock Path Skew:        0.257ns (DCD - SCD - CPR)
    Destination Clock Delay (DCD):    1.177ns
    Source Clock Delay      (SCD):    0.885ns
    Clock Pessimism Removal (CPR):    0.035ns

    Location             Delay type                Incr(ns)  Path(ns)    Netlist Resource(s)
  -------------------------------------------------------------------    -------------------
                         (clock clk_fpga_0 rise edge)
                                                      0.000     0.000 r  <hidden>
    PS7_X0Y0             PS7                          0.000     0.000 r  Design_1_i/processing_system7_0/inst/PS7_i/FCLKCLK[0]
                         net (fo=1, routed)           0.310     0.310    Design_1_i/processing_system7_0/inst/FCLK_CLK_unbuffered[0]
    BUFGCTRL_X0Y16       BUFG (Prop_bufg_I_O)         0.026     0.336 r  Design_1_i/processing_system7_0/inst/buffer_fclk_clk_0.FCLK_CLK_0_BUFG/O
                         net (fo=9506, routed)        0.549     0.885    Design_1_i/vector_mult_0/inst/ap_clk
    SLICE_X46Y81         FDRE                                         r  Design_1_i/vector_mult_0/inst/gmem_C_addr_reg_341_pp0_iter10_reg_reg[51]__0/C
  -------------------------------------------------------------------    -------------------
    SLICE_X46Y81         FDRE (Prop_fdre_C_Q)         0.164     1.049 r  Design_1_i/vector_mult_0/inst/gmem_C_addr_reg_341_pp0_iter10_reg_reg[51]__0/Q
                         net (fo=1, routed)           0.226     1.274    Design_1_i/vector_mult_0/inst/gmem_C_m_axi_U/store_unit_0/fifo_wreq/U_fifo_srl/in[51]
    SLICE_X50Y81         SRL16E                                       r  Design_1_i/vector_mult_0/inst/gmem_C_m_axi_U/store_unit_0/fifo_wreq/U_fifo_srl/mem_reg[2][51]_srl3/D
  -------------------------------------------------------------------    -------------------

                         (clock clk_fpga_0 rise edge)
                                                      0.000     0.000 r  <hidden>
    PS7_X0Y0             PS7                          0.000     0.000 r  Design_1_i/processing_system7_0/inst/PS7_i/FCLKCLK[0]
                         net (fo=1, routed)           0.337     0.337    Design_1_i/processing_system7_0/inst/FCLK_CLK_unbuffered[0]
    BUFGCTRL_X0Y16       BUFG (Prop_bufg_I_O)         0.029     0.366 r  Design_1_i/processing_system7_0/inst/buffer_fclk_clk_0.FCLK_CLK_0_BUFG/O
                         net (fo=9506, routed)        0.811     1.177    Design_1_i/vector_mult_0/inst/gmem_C_m_axi_U/store_unit_0/fifo_wreq/U_fifo_srl/ap_clk
    SLICE_X50Y81         SRL16E                                       r  Design_1_i/vector_mult_0/inst/gmem_C_m_axi_U/store_unit_0/fifo_wreq/U_fifo_srl/mem_reg[2][51]_srl3/CLK
                         clock pessimism             -0.035     1.142    <hidden>
    SLICE_X50Y81         SRL16E (Hold_srl16e_CLK_D)
                                                      0.108     1.250    Design_1_i/vector_mult_0/inst/gmem_C_m_axi_U/store_unit_0/fifo_wreq/U_fifo_srl/mem_reg[2][51]_srl3
  -------------------------------------------------------------------
                         required time                         -1.250    <hidden>
                         arrival time                           1.274    <hidden>
  -------------------------------------------------------------------
                         slack                                  0.024    <hidden>

Slack (MET) :             0.028ns  (arrival time - required time)
  Source:                 Design_1_i/vector_mult_0/inst/gmem_A_m_axi_U/bus_read/rreq_burst_conv/burst_sequential/sect_addr_buf_reg[43]/C
                            (rising edge-triggered cell FDRE clocked by clk_fpga_0  {rise@0.000ns fall@10.000ns period=20.000ns})
  Destination:            Design_1_i/vector_mult_0/inst/gmem_A_m_axi_U/bus_read/rreq_burst_conv/burst_sequential/could_multi_bursts.burst_addr_base_reg[31]/D
                            (rising edge-triggered cell FDRE clocked by clk_fpga_0  {rise@0.000ns fall@10.000ns period=20.000ns})
  Path Group:             clk_fpga_0
  Path Type:              Hold (Min at Fast Process Corner)
  Requirement:            0.000ns  (clk_fpga_0 rise@0.000ns - clk_fpga_0 rise@0.000ns)
  Data Path Delay:        0.362ns  (logic 0.141ns (38.939%)  route 0.221ns (61.061%))
  Logic Levels:           0  
  Clock Path Skew:        0.258ns (DCD - SCD - CPR)
    Destination Clock Delay (DCD):    1.180ns
    Source Clock Delay      (SCD):    0.887ns
    Clock Pessimism Removal (CPR):    0.035ns

    Location             Delay type                Incr(ns)  Path(ns)    Netlist Resource(s)
  -------------------------------------------------------------------    -------------------
                         (clock clk_fpga_0 rise edge)
                                                      0.000     0.000 r  <hidden>
    PS7_X0Y0             PS7                          0.000     0.000 r  Design_1_i/processing_system7_0/inst/PS7_i/FCLKCLK[0]
                         net (fo=1, routed)           0.310     0.310    Design_1_i/processing_system7_0/inst/FCLK_CLK_unbuffered[0]
    BUFGCTRL_X0Y16       BUFG (Prop_bufg_I_O)         0.026     0.336 r  Design_1_i/processing_system7_0/inst/buffer_fclk_clk_0.FCLK_CLK_0_BUFG/O
                         net (fo=9506, routed)        0.551     0.887    Design_1_i/vector_mult_0/inst/gmem_A_m_axi_U/bus_read/rreq_burst_conv/burst_sequential/ap_clk
    SLICE_X48Y84         FDRE                                         r  Design_1_i/vector_mult_0/inst/gmem_A_m_axi_U/bus_read/rreq_burst_conv/burst_sequential/sect_addr_buf_reg[43]/C
  -------------------------------------------------------------------    -------------------
    SLICE_X48Y84         FDRE (Prop_fdre_C_Q)         0.141     1.028 r  Design_1_i/vector_mult_0/inst/gmem_A_m_axi_U/bus_read/rreq_burst_conv/burst_sequential/sect_addr_buf_reg[43]/Q
                         net (fo=1, routed)           0.221     1.249    Design_1_i/vector_mult_0/inst/gmem_A_m_axi_U/bus_read/rreq_burst_conv/burst_sequential/sect_addr_buf_reg_n_0_[43]
    SLICE_X53Y84         FDRE                                         r  Design_1_i/vector_mult_0/inst/gmem_A_m_axi_U/bus_read/rreq_burst_conv/burst_sequential/could_multi_bursts.burst_addr_base_reg[31]/D
  -------------------------------------------------------------------    -------------------

                         (clock clk_fpga_0 rise edge)
                                                      0.000     0.000 r  <hidden>
    PS7_X0Y0             PS7                          0.000     0.000 r  Design_1_i/processing_system7_0/inst/PS7_i/FCLKCLK[0]
                         net (fo=1, routed)           0.337     0.337    Design_1_i/processing_system7_0/inst/FCLK_CLK_unbuffered[0]
    BUFGCTRL_X0Y16       BUFG (Prop_bufg_I_O)         0.029     0.366 r  Design_1_i/processing_system7_0/inst/buffer_fclk_clk_0.FCLK_CLK_0_BUFG/O
                         net (fo=9506, routed)        0.814     1.180    Design_1_i/vector_mult_0/inst/gmem_A_m_axi_U/bus_read/rreq_burst_conv/burst_sequential/ap_clk
    SLICE_X53Y84         FDRE                                         r  Design_1_i/vector_mult_0/inst/gmem_A_m_axi_U/bus_read/rreq_burst_conv/burst_sequential/could_multi_bursts.burst_addr_base_reg[31]/C
                         clock pessimism             -0.035     1.145    <hidden>
    SLICE_X53Y84         FDRE (Hold_fdre_C_D)         0.076     1.221    Design_1_i/vector_mult_0/inst/gmem_A_m_axi_U/bus_read/rreq_burst_conv/burst_sequential/could_multi_bursts.burst_addr_base_reg[31]
  -------------------------------------------------------------------
                         required time                         -1.221    <hidden>
                         arrival time                           1.249    <hidden>
  -------------------------------------------------------------------
                         slack                                  0.028    <hidden>

Slack (MET) :             0.030ns  (arrival time - required time)
  Source:                 Design_1_i/vector_mult_0/inst/gmem_A_m_axi_U/bus_read/rreq_burst_conv/burst_sequential/sect_addr_buf_reg[59]/C
                            (rising edge-triggered cell FDRE clocked by clk_fpga_0  {rise@0.000ns fall@10.000ns period=20.000ns})
  Destination:            Design_1_i/vector_mult_0/inst/gmem_A_m_axi_U/bus_read/rreq_burst_conv/burst_sequential/could_multi_bursts.burst_addr_base_reg[47]/D
                            (rising edge-triggered cell FDRE clocked by clk_fpga_0  {rise@0.000ns fall@10.000ns period=20.000ns})
  Path Group:             clk_fpga_0
  Path Type:              Hold (Min at Fast Process Corner)
  Requirement:            0.000ns  (clk_fpga_0 rise@0.000ns - clk_fpga_0 rise@0.000ns)
  Data Path Delay:        0.356ns  (logic 0.141ns (39.576%)  route 0.215ns (60.424%))
  Logic Levels:           0  
  Clock Path Skew:        0.260ns (DCD - SCD - CPR)
    Destination Clock Delay (DCD):    1.184ns
    Source Clock Delay      (SCD):    0.889ns
    Clock Pessimism Removal (CPR):    0.035ns

    Location             Delay type                Incr(ns)  Path(ns)    Netlist Resource(s)
  -------------------------------------------------------------------    -------------------
                         (clock clk_fpga_0 rise edge)
                                                      0.000     0.000 r  <hidden>
    PS7_X0Y0             PS7                          0.000     0.000 r  Design_1_i/processing_system7_0/inst/PS7_i/FCLKCLK[0]
                         net (fo=1, routed)           0.310     0.310    Design_1_i/processing_system7_0/inst/FCLK_CLK_unbuffered[0]
    BUFGCTRL_X0Y16       BUFG (Prop_bufg_I_O)         0.026     0.336 r  Design_1_i/processing_system7_0/inst/buffer_fclk_clk_0.FCLK_CLK_0_BUFG/O
                         net (fo=9506, routed)        0.553     0.889    Design_1_i/vector_mult_0/inst/gmem_A_m_axi_U/bus_read/rreq_burst_conv/burst_sequential/ap_clk
    SLICE_X49Y88         FDRE                                         r  Design_1_i/vector_mult_0/inst/gmem_A_m_axi_U/bus_read/rreq_burst_conv/burst_sequential/sect_addr_buf_reg[59]/C
  -------------------------------------------------------------------    -------------------
    SLICE_X49Y88         FDRE (Prop_fdre_C_Q)         0.141     1.030 r  Design_1_i/vector_mult_0/inst/gmem_A_m_axi_U/bus_read/rreq_burst_conv/burst_sequential/sect_addr_buf_reg[59]/Q
                         net (fo=1, routed)           0.215     1.245    Design_1_i/vector_mult_0/inst/gmem_A_m_axi_U/bus_read/rreq_burst_conv/burst_sequential/sect_addr_buf_reg_n_0_[59]
    SLICE_X52Y88         FDRE                                         r  Design_1_i/vector_mult_0/inst/gmem_A_m_axi_U/bus_read/rreq_burst_conv/burst_sequential/could_multi_bursts.burst_addr_base_reg[47]/D
  -------------------------------------------------------------------    -------------------

                         (clock clk_fpga_0 rise edge)
                                                      0.000     0.000 r  <hidden>
    PS7_X0Y0             PS7                          0.000     0.000 r  Design_1_i/processing_system7_0/inst/PS7_i/FCLKCLK[0]
                         net (fo=1, routed)           0.337     0.337    Design_1_i/processing_system7_0/inst/FCLK_CLK_unbuffered[0]
    BUFGCTRL_X0Y16       BUFG (Prop_bufg_I_O)         0.029     0.366 r  Design_1_i/processing_system7_0/inst/buffer_fclk_clk_0.FCLK_CLK_0_BUFG/O
                         net (fo=9506, routed)        0.818     1.184    Design_1_i/vector_mult_0/inst/gmem_A_m_axi_U/bus_read/rreq_burst_conv/burst_sequential/ap_clk
    SLICE_X52Y88         FDRE                                         r  Design_1_i/vector_mult_0/inst/gmem_A_m_axi_U/bus_read/rreq_burst_conv/burst_sequential/could_multi_bursts.burst_addr_base_reg[47]/C
                         clock pessimism             -0.035     1.149    <hidden>
    SLICE_X52Y88         FDRE (Hold_fdre_C_D)         0.066     1.215    Design_1_i/vector_mult_0/inst/gmem_A_m_axi_U/bus_read/rreq_burst_conv/burst_sequential/could_multi_bursts.burst_addr_base_reg[47]
  -------------------------------------------------------------------
                         required time                         -1.215    <hidden>
                         arrival time                           1.245    <hidden>
  -------------------------------------------------------------------
                         slack                                  0.030    <hidden>

Slack (MET) :             0.031ns  (arrival time - required time)
  Source:                 Design_1_i/vector_mult_0/inst/gmem_A_m_axi_U/bus_read/rreq_burst_conv/burst_sequential/sect_addr_buf_reg[40]/C
                            (rising edge-triggered cell FDRE clocked by clk_fpga_0  {rise@0.000ns fall@10.000ns period=20.000ns})
  Destination:            Design_1_i/vector_mult_0/inst/gmem_A_m_axi_U/bus_read/rreq_burst_conv/burst_sequential/could_multi_bursts.burst_addr_base_reg[28]/D
                            (rising edge-triggered cell FDRE clocked by clk_fpga_0  {rise@0.000ns fall@10.000ns period=20.000ns})
  Path Group:             clk_fpga_0
  Path Type:              Hold (Min at Fast Process Corner)
  Requirement:            0.000ns  (clk_fpga_0 rise@0.000ns - clk_fpga_0 rise@0.000ns)
  Data Path Delay:        0.336ns  (logic 0.141ns (41.982%)  route 0.195ns (58.018%))
  Logic Levels:           0  
  Clock Path Skew:        0.258ns (DCD - SCD - CPR)
    Destination Clock Delay (DCD):    1.180ns
    Source Clock Delay      (SCD):    0.887ns
    Clock Pessimism Removal (CPR):    0.035ns

    Location             Delay type                Incr(ns)  Path(ns)    Netlist Resource(s)
  -------------------------------------------------------------------    -------------------
                         (clock clk_fpga_0 rise edge)
                                                      0.000     0.000 r  <hidden>
    PS7_X0Y0             PS7                          0.000     0.000 r  Design_1_i/processing_system7_0/inst/PS7_i/FCLKCLK[0]
                         net (fo=1, routed)           0.310     0.310    Design_1_i/processing_system7_0/inst/FCLK_CLK_unbuffered[0]
    BUFGCTRL_X0Y16       BUFG (Prop_bufg_I_O)         0.026     0.336 r  Design_1_i/processing_system7_0/inst/buffer_fclk_clk_0.FCLK_CLK_0_BUFG/O
                         net (fo=9506, routed)        0.551     0.887    Design_1_i/vector_mult_0/inst/gmem_A_m_axi_U/bus_read/rreq_burst_conv/burst_sequential/ap_clk
    SLICE_X49Y85         FDRE                                         r  Design_1_i/vector_mult_0/inst/gmem_A_m_axi_U/bus_read/rreq_burst_conv/burst_sequential/sect_addr_buf_reg[40]/C
  -------------------------------------------------------------------    -------------------
    SLICE_X49Y85         FDRE (Prop_fdre_C_Q)         0.141     1.028 r  Design_1_i/vector_mult_0/inst/gmem_A_m_axi_U/bus_read/rreq_burst_conv/burst_sequential/sect_addr_buf_reg[40]/Q
                         net (fo=1, routed)           0.195     1.222    Design_1_i/vector_mult_0/inst/gmem_A_m_axi_U/bus_read/rreq_burst_conv/burst_sequential/sect_addr_buf_reg_n_0_[40]
    SLICE_X53Y84         FDRE                                         r  Design_1_i/vector_mult_0/inst/gmem_A_m_axi_U/bus_read/rreq_burst_conv/burst_sequential/could_multi_bursts.burst_addr_base_reg[28]/D
  -------------------------------------------------------------------    -------------------

                         (clock clk_fpga_0 rise edge)
                                                      0.000     0.000 r  <hidden>
    PS7_X0Y0             PS7                          0.000     0.000 r  Design_1_i/processing_system7_0/inst/PS7_i/FCLKCLK[0]
                         net (fo=1, routed)           0.337     0.337    Design_1_i/processing_system7_0/inst/FCLK_CLK_unbuffered[0]
    BUFGCTRL_X0Y16       BUFG (Prop_bufg_I_O)         0.029     0.366 r  Design_1_i/processing_system7_0/inst/buffer_fclk_clk_0.FCLK_CLK_0_BUFG/O
                         net (fo=9506, routed)        0.814     1.180    Design_1_i/vector_mult_0/inst/gmem_A_m_axi_U/bus_read/rreq_burst_conv/burst_sequential/ap_clk
    SLICE_X53Y84         FDRE                                         r  Design_1_i/vector_mult_0/inst/gmem_A_m_axi_U/bus_read/rreq_burst_conv/burst_sequential/could_multi_bursts.burst_addr_base_reg[28]/C
                         clock pessimism             -0.035     1.145    <hidden>
    SLICE_X53Y84         FDRE (Hold_fdre_C_D)         0.047     1.192    Design_1_i/vector_mult_0/inst/gmem_A_m_axi_U/bus_read/rreq_burst_conv/burst_sequential/could_multi_bursts.burst_addr_base_reg[28]
  -------------------------------------------------------------------
                         required time                         -1.192    <hidden>
                         arrival time                           1.222    <hidden>
  -------------------------------------------------------------------
                         slack                                  0.031    <hidden>

Slack (MET) :             0.031ns  (arrival time - required time)
  Source:                 Design_1_i/vector_mult_0/inst/gmem_A_m_axi_U/bus_read/rreq_burst_conv/burst_sequential/sect_addr_buf_reg[5]/C
                            (rising edge-triggered cell FDRE clocked by clk_fpga_0  {rise@0.000ns fall@10.000ns period=20.000ns})
  Destination:            Design_1_i/vector_mult_0/inst/gmem_A_m_axi_U/bus_read/rreq_burst_conv/burst_sequential/could_multi_bursts.burst_addr_reg[5]/D
                            (rising edge-triggered cell FDRE clocked by clk_fpga_0  {rise@0.000ns fall@10.000ns period=20.000ns})
  Path Group:             clk_fpga_0
  Path Type:              Hold (Min at Fast Process Corner)
  Requirement:            0.000ns  (clk_fpga_0 rise@0.000ns - clk_fpga_0 rise@0.000ns)
  Data Path Delay:        0.353ns  (logic 0.141ns (39.924%)  route 0.212ns (60.076%))
  Logic Levels:           0  
  Clock Path Skew:        0.259ns (DCD - SCD - CPR)
    Destination Clock Delay (DCD):    1.181ns
    Source Clock Delay      (SCD):    0.887ns
    Clock Pessimism Removal (CPR):    0.035ns

    Location             Delay type                Incr(ns)  Path(ns)    Netlist Resource(s)
  -------------------------------------------------------------------    -------------------
                         (clock clk_fpga_0 rise edge)
                                                      0.000     0.000 r  <hidden>
    PS7_X0Y0             PS7                          0.000     0.000 r  Design_1_i/processing_system7_0/inst/PS7_i/FCLKCLK[0]
                         net (fo=1, routed)           0.310     0.310    Design_1_i/processing_system7_0/inst/FCLK_CLK_unbuffered[0]
    BUFGCTRL_X0Y16       BUFG (Prop_bufg_I_O)         0.026     0.336 r  Design_1_i/processing_system7_0/inst/buffer_fclk_clk_0.FCLK_CLK_0_BUFG/O
                         net (fo=9506, routed)        0.551     0.887    Design_1_i/vector_mult_0/inst/gmem_A_m_axi_U/bus_read/rreq_burst_conv/burst_sequential/ap_clk
    SLICE_X48Y65         FDRE                                         r  Design_1_i/vector_mult_0/inst/gmem_A_m_axi_U/bus_read/rreq_burst_conv/burst_sequential/sect_addr_buf_reg[5]/C
  -------------------------------------------------------------------    -------------------
    SLICE_X48Y65         FDRE (Prop_fdre_C_Q)         0.141     1.028 r  Design_1_i/vector_mult_0/inst/gmem_A_m_axi_U/bus_read/rreq_burst_conv/burst_sequential/sect_addr_buf_reg[5]/Q
                         net (fo=1, routed)           0.212     1.240    Design_1_i/vector_mult_0/inst/gmem_A_m_axi_U/bus_read/rreq_burst_conv/burst_sequential/sect_addr_buf_reg_n_0_[5]
    SLICE_X50Y63         FDRE                                         r  Design_1_i/vector_mult_0/inst/gmem_A_m_axi_U/bus_read/rreq_burst_conv/burst_sequential/could_multi_bursts.burst_addr_reg[5]/D
  -------------------------------------------------------------------    -------------------

                         (clock clk_fpga_0 rise edge)
                                                      0.000     0.000 r  <hidden>
    PS7_X0Y0             PS7                          0.000     0.000 r  Design_1_i/processing_system7_0/inst/PS7_i/FCLKCLK[0]
                         net (fo=1, routed)           0.337     0.337    Design_1_i/processing_system7_0/inst/FCLK_CLK_unbuffered[0]
    BUFGCTRL_X0Y16       BUFG (Prop_bufg_I_O)         0.029     0.366 r  Design_1_i/processing_system7_0/inst/buffer_fclk_clk_0.FCLK_CLK_0_BUFG/O
                         net (fo=9506, routed)        0.815     1.181    Design_1_i/vector_mult_0/inst/gmem_A_m_axi_U/bus_read/rreq_burst_conv/burst_sequential/ap_clk
    SLICE_X50Y63         FDRE                                         r  Design_1_i/vector_mult_0/inst/gmem_A_m_axi_U/bus_read/rreq_burst_conv/burst_sequential/could_multi_bursts.burst_addr_reg[5]/C
                         clock pessimism             -0.035     1.146    <hidden>
    SLICE_X50Y63         FDRE (Hold_fdre_C_D)         0.063     1.209    Design_1_i/vector_mult_0/inst/gmem_A_m_axi_U/bus_read/rreq_burst_conv/burst_sequential/could_multi_bursts.burst_addr_reg[5]
  -------------------------------------------------------------------
                         required time                         -1.209    <hidden>
                         arrival time                           1.240    <hidden>
  -------------------------------------------------------------------
                         slack                                  0.031    <hidden>

Slack (MET) :             0.035ns  (arrival time - required time)
  Source:                 Design_1_i/vector_mult_0/inst/gmem_A_m_axi_U/bus_read/rreq_burst_conv/burst_sequential/sect_addr_buf_reg[31]/C
                            (rising edge-triggered cell FDRE clocked by clk_fpga_0  {rise@0.000ns fall@10.000ns period=20.000ns})
  Destination:            Design_1_i/vector_mult_0/inst/gmem_A_m_axi_U/bus_read/rreq_burst_conv/burst_sequential/could_multi_bursts.burst_addr_base_reg[19]/D
                            (rising edge-triggered cell FDRE clocked by clk_fpga_0  {rise@0.000ns fall@10.000ns period=20.000ns})
  Path Group:             clk_fpga_0
  Path Type:              Hold (Min at Fast Process Corner)
  Requirement:            0.000ns  (clk_fpga_0 rise@0.000ns - clk_fpga_0 rise@0.000ns)
  Data Path Delay:        0.338ns  (logic 0.141ns (41.757%)  route 0.197ns (58.243%))
  Logic Levels:           0  
  Clock Path Skew:        0.256ns (DCD - SCD - CPR)
    Destination Clock Delay (DCD):    1.178ns
    Source Clock Delay      (SCD):    0.887ns
    Clock Pessimism Removal (CPR):    0.035ns

    Location             Delay type                Incr(ns)  Path(ns)    Netlist Resource(s)
  -------------------------------------------------------------------    -------------------
                         (clock clk_fpga_0 rise edge)
                                                      0.000     0.000 r  <hidden>
    PS7_X0Y0             PS7                          0.000     0.000 r  Design_1_i/processing_system7_0/inst/PS7_i/FCLKCLK[0]
                         net (fo=1, routed)           0.310     0.310    Design_1_i/processing_system7_0/inst/FCLK_CLK_unbuffered[0]
    BUFGCTRL_X0Y16       BUFG (Prop_bufg_I_O)         0.026     0.336 r  Design_1_i/processing_system7_0/inst/buffer_fclk_clk_0.FCLK_CLK_0_BUFG/O
                         net (fo=9506, routed)        0.551     0.887    Design_1_i/vector_mult_0/inst/gmem_A_m_axi_U/bus_read/rreq_burst_conv/burst_sequential/ap_clk
    SLICE_X48Y84         FDRE                                         r  Design_1_i/vector_mult_0/inst/gmem_A_m_axi_U/bus_read/rreq_burst_conv/burst_sequential/sect_addr_buf_reg[31]/C
  -------------------------------------------------------------------    -------------------
    SLICE_X48Y84         FDRE (Prop_fdre_C_Q)         0.141     1.028 r  Design_1_i/vector_mult_0/inst/gmem_A_m_axi_U/bus_read/rreq_burst_conv/burst_sequential/sect_addr_buf_reg[31]/Q
                         net (fo=1, routed)           0.197     1.224    Design_1_i/vector_mult_0/inst/gmem_A_m_axi_U/bus_read/rreq_burst_conv/burst_sequential/sect_addr_buf_reg_n_0_[31]
    SLICE_X53Y82         FDRE                                         r  Design_1_i/vector_mult_0/inst/gmem_A_m_axi_U/bus_read/rreq_burst_conv/burst_sequential/could_multi_bursts.burst_addr_base_reg[19]/D
  -------------------------------------------------------------------    -------------------

                         (clock clk_fpga_0 rise edge)
                                                      0.000     0.000 r  <hidden>
    PS7_X0Y0             PS7                          0.000     0.000 r  Design_1_i/processing_system7_0/inst/PS7_i/FCLKCLK[0]
                         net (fo=1, routed)           0.337     0.337    Design_1_i/processing_system7_0/inst/FCLK_CLK_unbuffered[0]
    BUFGCTRL_X0Y16       BUFG (Prop_bufg_I_O)         0.029     0.366 r  Design_1_i/processing_system7_0/inst/buffer_fclk_clk_0.FCLK_CLK_0_BUFG/O
                         net (fo=9506, routed)        0.812     1.178    Design_1_i/vector_mult_0/inst/gmem_A_m_axi_U/bus_read/rreq_burst_conv/burst_sequential/ap_clk
    SLICE_X53Y82         FDRE                                         r  Design_1_i/vector_mult_0/inst/gmem_A_m_axi_U/bus_read/rreq_burst_conv/burst_sequential/could_multi_bursts.burst_addr_base_reg[19]/C
                         clock pessimism             -0.035     1.143    <hidden>
    SLICE_X53Y82         FDRE (Hold_fdre_C_D)         0.046     1.189    Design_1_i/vector_mult_0/inst/gmem_A_m_axi_U/bus_read/rreq_burst_conv/burst_sequential/could_multi_bursts.burst_addr_base_reg[19]
  -------------------------------------------------------------------
                         required time                         -1.189    <hidden>
                         arrival time                           1.224    <hidden>
  -------------------------------------------------------------------
                         slack                                  0.035    <hidden>

Slack (MET) :             0.036ns  (arrival time - required time)
  Source:                 Design_1_i/vector_mult_0/inst/gmem_A_m_axi_U/bus_read/rreq_burst_conv/burst_sequential/rs_req/data_p1_reg[67]/C
                            (rising edge-triggered cell FDRE clocked by clk_fpga_0  {rise@0.000ns fall@10.000ns period=20.000ns})
  Destination:            Design_1_i/vector_mult_0/inst/gmem_A_m_axi_U/bus_read/rreq_burst_conv/burst_sequential/beat_total_reg[1]/D
                            (rising edge-triggered cell FDRE clocked by clk_fpga_0  {rise@0.000ns fall@10.000ns period=20.000ns})
  Path Group:             clk_fpga_0
  Path Type:              Hold (Min at Fast Process Corner)
  Requirement:            0.000ns  (clk_fpga_0 rise@0.000ns - clk_fpga_0 rise@0.000ns)
  Data Path Delay:        0.366ns  (logic 0.141ns (38.483%)  route 0.225ns (61.517%))
  Logic Levels:           0  
  Clock Path Skew:        0.259ns (DCD - SCD - CPR)
    Destination Clock Delay (DCD):    1.175ns
    Source Clock Delay      (SCD):    0.881ns
    Clock Pessimism Removal (CPR):    0.035ns

    Location             Delay type                Incr(ns)  Path(ns)    Netlist Resource(s)
  -------------------------------------------------------------------    -------------------
                         (clock clk_fpga_0 rise edge)
                                                      0.000     0.000 r  <hidden>
    PS7_X0Y0             PS7                          0.000     0.000 r  Design_1_i/processing_system7_0/inst/PS7_i/FCLKCLK[0]
                         net (fo=1, routed)           0.310     0.310    Design_1_i/processing_system7_0/inst/FCLK_CLK_unbuffered[0]
    BUFGCTRL_X0Y16       BUFG (Prop_bufg_I_O)         0.026     0.336 r  Design_1_i/processing_system7_0/inst/buffer_fclk_clk_0.FCLK_CLK_0_BUFG/O
                         net (fo=9506, routed)        0.545     0.881    Design_1_i/vector_mult_0/inst/gmem_A_m_axi_U/bus_read/rreq_burst_conv/burst_sequential/rs_req/ap_clk
    SLICE_X49Y72         FDRE                                         r  Design_1_i/vector_mult_0/inst/gmem_A_m_axi_U/bus_read/rreq_burst_conv/burst_sequential/rs_req/data_p1_reg[67]/C
  -------------------------------------------------------------------    -------------------
    SLICE_X49Y72         FDRE (Prop_fdre_C_Q)         0.141     1.022 r  Design_1_i/vector_mult_0/inst/gmem_A_m_axi_U/bus_read/rreq_burst_conv/burst_sequential/rs_req/data_p1_reg[67]/Q
                         net (fo=3, routed)           0.225     1.247    Design_1_i/vector_mult_0/inst/gmem_A_m_axi_U/bus_read/rreq_burst_conv/burst_sequential/p_1_in[3]
    SLICE_X52Y70         FDRE                                         r  Design_1_i/vector_mult_0/inst/gmem_A_m_axi_U/bus_read/rreq_burst_conv/burst_sequential/beat_total_reg[1]/D
  -------------------------------------------------------------------    -------------------

                         (clock clk_fpga_0 rise edge)
                                                      0.000     0.000 r  <hidden>
    PS7_X0Y0             PS7                          0.000     0.000 r  Design_1_i/processing_system7_0/inst/PS7_i/FCLKCLK[0]
                         net (fo=1, routed)           0.337     0.337    Design_1_i/processing_system7_0/inst/FCLK_CLK_unbuffered[0]
    BUFGCTRL_X0Y16       BUFG (Prop_bufg_I_O)         0.029     0.366 r  Design_1_i/processing_system7_0/inst/buffer_fclk_clk_0.FCLK_CLK_0_BUFG/O
                         net (fo=9506, routed)        0.809     1.175    Design_1_i/vector_mult_0/inst/gmem_A_m_axi_U/bus_read/rreq_burst_conv/burst_sequential/ap_clk
    SLICE_X52Y70         FDRE                                         r  Design_1_i/vector_mult_0/inst/gmem_A_m_axi_U/bus_read/rreq_burst_conv/burst_sequential/beat_total_reg[1]/C
                         clock pessimism             -0.035     1.140    <hidden>
    SLICE_X52Y70         FDRE (Hold_fdre_C_D)         0.071     1.211    Design_1_i/vector_mult_0/inst/gmem_A_m_axi_U/bus_read/rreq_burst_conv/burst_sequential/beat_total_reg[1]
  -------------------------------------------------------------------
                         required time                         -1.211    <hidden>
                         arrival time                           1.247    <hidden>
  -------------------------------------------------------------------
                         slack                                  0.036    <hidden>





Pulse Width Checks
--------------------------------------------------------------------------------------
Clock Name:         clk_fpga_0
Waveform(ns):       { 0.000 10.000 }
Period(ns):         20.000
Sources:            { Design_1_i/processing_system7_0/inst/PS7_i/FCLKCLK[0] }

Check Type        Corner  Lib Pin             Reference Pin  Required(ns)  Actual(ns)  Slack(ns)  Location        Pin
Min Period        n/a     DSP48E1/CLK         n/a            3.884         20.000      16.116     DSP48_X2Y10     Design_1_i/vector_mult_0/inst/mul_32s_32s_32_2_1_U1/tmp_product/CLK
Min Period        n/a     DSP48E1/CLK         n/a            3.687         20.000      16.313     DSP48_X2Y12     Design_1_i/vector_mult_0/inst/mul_32s_32s_32_2_1_U1/buff0_reg/CLK
Min Period        n/a     RAMB18E1/CLKARDCLK  n/a            2.944         20.000      17.056     RAMB18_X1Y10    Design_1_i/vector_mult_0/inst/gmem_A_m_axi_U/load_unit_0/buff_rdata/U_fifo_mem/mem_reg/CLKARDCLK
Min Period        n/a     RAMB18E1/CLKBWRCLK  n/a            2.944         20.000      17.056     RAMB18_X1Y10    Design_1_i/vector_mult_0/inst/gmem_A_m_axi_U/load_unit_0/buff_rdata/U_fifo_mem/mem_reg/CLKBWRCLK
Min Period        n/a     RAMB18E1/CLKARDCLK  n/a            2.944         20.000      17.056     RAMB18_X2Y10    Design_1_i/vector_mult_0/inst/gmem_B_m_axi_U/load_unit_0/buff_rdata/U_fifo_mem/mem_reg/CLKARDCLK
Min Period        n/a     RAMB18E1/CLKBWRCLK  n/a            2.944         20.000      17.056     RAMB18_X2Y10    Design_1_i/vector_mult_0/inst/gmem_B_m_axi_U/load_unit_0/buff_rdata/U_fifo_mem/mem_reg/CLKBWRCLK
Min Period        n/a     BUFG/I              n/a            2.155         20.000      17.845     BUFGCTRL_X0Y16  Design_1_i/processing_system7_0/inst/buffer_fclk_clk_0.FCLK_CLK_0_BUFG/I
Min Period        n/a     FDRE/C              n/a            1.000         20.000      19.000     SLICE_X36Y99    Design_1_i/axi_mem_intercon/s00_couplers/auto_pc/inst/gen_axilite.gen_b2s_conv.axilite_b2s/areset_d1_reg/C
Min Period        n/a     FDRE/C              n/a            1.000         20.000      19.000     SLICE_X29Y93    Design_1_i/axi_mem_intercon/s00_couplers/auto_pc/inst/gen_axilite.gen_b2s_conv.axilite_b2s/RD.ar_channel_0/s_arid_r_reg[0]/C
Min Period        n/a     FDRE/C              n/a            1.000         20.000      19.000     SLICE_X35Y93    Design_1_i/axi_mem_intercon/s00_couplers/auto_pc/inst/gen_axilite.gen_b2s_conv.axilite_b2s/RD.ar_channel_0/s_arid_r_reg[10]/C
Low Pulse Width   Slow    RAMD32/CLK          n/a            1.250         10.000      8.750      SLICE_X42Y51    Design_1_i/axi_smc/inst/m00_nodes/m00_ar_node/inst/inst_mi_handler/gen_normal_area.inst_fifo_node_payld/gen_xpm_memory_fifo.inst_fifo/gen_mem_rep[0].inst_xpm_memory/xpm_memory_base_inst/gen_wr_a.gen_word_narrow.mem_reg_0_31_0_5/RAMA/CLK
Low Pulse Width   Fast    RAMD32/CLK          n/a            1.250         10.000      8.750      SLICE_X42Y51    Design_1_i/axi_smc/inst/m00_nodes/m00_ar_node/inst/inst_mi_handler/gen_normal_area.inst_fifo_node_payld/gen_xpm_memory_fifo.inst_fifo/gen_mem_rep[0].inst_xpm_memory/xpm_memory_base_inst/gen_wr_a.gen_word_narrow.mem_reg_0_31_0_5/RAMA/CLK
Low Pulse Width   Slow    RAMD32/CLK          n/a            1.250         10.000      8.750      SLICE_X42Y51    Design_1_i/axi_smc/inst/m00_nodes/m00_ar_node/inst/inst_mi_handler/gen_normal_area.inst_fifo_node_payld/gen_xpm_memory_fifo.inst_fifo/gen_mem_rep[0].inst_xpm_memory/xpm_memory_base_inst/gen_wr_a.gen_word_narrow.mem_reg_0_31_0_5/RAMA_D1/CLK
Low Pulse Width   Fast    RAMD32/CLK          n/a            1.250         10.000      8.750      SLICE_X42Y51    Design_1_i/axi_smc/inst/m00_nodes/m00_ar_node/inst/inst_mi_handler/gen_normal_area.inst_fifo_node_payld/gen_xpm_memory_fifo.inst_fifo/gen_mem_rep[0].inst_xpm_memory/xpm_memory_base_inst/gen_wr_a.gen_word_narrow.mem_reg_0_31_0_5/RAMA_D1/CLK
Low Pulse Width   Slow    RAMD32/CLK          n/a            1.250         10.000      8.750      SLICE_X42Y51    Design_1_i/axi_smc/inst/m00_nodes/m00_ar_node/inst/inst_mi_handler/gen_normal_area.inst_fifo_node_payld/gen_xpm_memory_fifo.inst_fifo/gen_mem_rep[0].inst_xpm_memory/xpm_memory_base_inst/gen_wr_a.gen_word_narrow.mem_reg_0_31_0_5/RAMB/CLK
Low Pulse Width   Fast    RAMD32/CLK          n/a            1.250         10.000      8.750      SLICE_X42Y51    Design_1_i/axi_smc/inst/m00_nodes/m00_ar_node/inst/inst_mi_handler/gen_normal_area.inst_fifo_node_payld/gen_xpm_memory_fifo.inst_fifo/gen_mem_rep[0].inst_xpm_memory/xpm_memory_base_inst/gen_wr_a.gen_word_narrow.mem_reg_0_31_0_5/RAMB/CLK
Low Pulse Width   Slow    RAMD32/CLK          n/a            1.250         10.000      8.750      SLICE_X42Y51    Design_1_i/axi_smc/inst/m00_nodes/m00_ar_node/inst/inst_mi_handler/gen_normal_area.inst_fifo_node_payld/gen_xpm_memory_fifo.inst_fifo/gen_mem_rep[0].inst_xpm_memory/xpm_memory_base_inst/gen_wr_a.gen_word_narrow.mem_reg_0_31_0_5/RAMB_D1/CLK
Low Pulse Width   Fast    RAMD32/CLK          n/a            1.250         10.000      8.750      SLICE_X42Y51    Design_1_i/axi_smc/inst/m00_nodes/m00_ar_node/inst/inst_mi_handler/gen_normal_area.inst_fifo_node_payld/gen_xpm_memory_fifo.inst_fifo/gen_mem_rep[0].inst_xpm_memory/xpm_memory_base_inst/gen_wr_a.gen_word_narrow.mem_reg_0_31_0_5/RAMB_D1/CLK
Low Pulse Width   Slow    RAMD32/CLK          n/a            1.250         10.000      8.750      SLICE_X42Y51    Design_1_i/axi_smc/inst/m00_nodes/m00_ar_node/inst/inst_mi_handler/gen_normal_area.inst_fifo_node_payld/gen_xpm_memory_fifo.inst_fifo/gen_mem_rep[0].inst_xpm_memory/xpm_memory_base_inst/gen_wr_a.gen_word_narrow.mem_reg_0_31_0_5/RAMC/CLK
Low Pulse Width   Fast    RAMD32/CLK          n/a            1.250         10.000      8.750      SLICE_X42Y51    Design_1_i/axi_smc/inst/m00_nodes/m00_ar_node/inst/inst_mi_handler/gen_normal_area.inst_fifo_node_payld/gen_xpm_memory_fifo.inst_fifo/gen_mem_rep[0].inst_xpm_memory/xpm_memory_base_inst/gen_wr_a.gen_word_narrow.mem_reg_0_31_0_5/RAMC/CLK
High Pulse Width  Slow    RAMD32/CLK          n/a            1.250         10.000      8.750      SLICE_X42Y51    Design_1_i/axi_smc/inst/m00_nodes/m00_ar_node/inst/inst_mi_handler/gen_normal_area.inst_fifo_node_payld/gen_xpm_memory_fifo.inst_fifo/gen_mem_rep[0].inst_xpm_memory/xpm_memory_base_inst/gen_wr_a.gen_word_narrow.mem_reg_0_31_0_5/RAMA/CLK
High Pulse Width  Fast    RAMD32/CLK          n/a            1.250         10.000      8.750      SLICE_X42Y51    Design_1_i/axi_smc/inst/m00_nodes/m00_ar_node/inst/inst_mi_handler/gen_normal_area.inst_fifo_node_payld/gen_xpm_memory_fifo.inst_fifo/gen_mem_rep[0].inst_xpm_memory/xpm_memory_base_inst/gen_wr_a.gen_word_narrow.mem_reg_0_31_0_5/RAMA/CLK
High Pulse Width  Slow    RAMD32/CLK          n/a            1.250         10.000      8.750      SLICE_X42Y51    Design_1_i/axi_smc/inst/m00_nodes/m00_ar_node/inst/inst_mi_handler/gen_normal_area.inst_fifo_node_payld/gen_xpm_memory_fifo.inst_fifo/gen_mem_rep[0].inst_xpm_memory/xpm_memory_base_inst/gen_wr_a.gen_word_narrow.mem_reg_0_31_0_5/RAMA_D1/CLK
High Pulse Width  Fast    RAMD32/CLK          n/a            1.250         10.000      8.750      SLICE_X42Y51    Design_1_i/axi_smc/inst/m00_nodes/m00_ar_node/inst/inst_mi_handler/gen_normal_area.inst_fifo_node_payld/gen_xpm_memory_fifo.inst_fifo/gen_mem_rep[0].inst_xpm_memory/xpm_memory_base_inst/gen_wr_a.gen_word_narrow.mem_reg_0_31_0_5/RAMA_D1/CLK
High Pulse Width  Slow    RAMD32/CLK          n/a            1.250         10.000      8.750      SLICE_X42Y51    Design_1_i/axi_smc/inst/m00_nodes/m00_ar_node/inst/inst_mi_handler/gen_normal_area.inst_fifo_node_payld/gen_xpm_memory_fifo.inst_fifo/gen_mem_rep[0].inst_xpm_memory/xpm_memory_base_inst/gen_wr_a.gen_word_narrow.mem_reg_0_31_0_5/RAMB/CLK
High Pulse Width  Fast    RAMD32/CLK          n/a            1.250         10.000      8.750      SLICE_X42Y51    Design_1_i/axi_smc/inst/m00_nodes/m00_ar_node/inst/inst_mi_handler/gen_normal_area.inst_fifo_node_payld/gen_xpm_memory_fifo.inst_fifo/gen_mem_rep[0].inst_xpm_memory/xpm_memory_base_inst/gen_wr_a.gen_word_narrow.mem_reg_0_31_0_5/RAMB/CLK
High Pulse Width  Slow    RAMD32/CLK          n/a            1.250         10.000      8.750      SLICE_X42Y51    Design_1_i/axi_smc/inst/m00_nodes/m00_ar_node/inst/inst_mi_handler/gen_normal_area.inst_fifo_node_payld/gen_xpm_memory_fifo.inst_fifo/gen_mem_rep[0].inst_xpm_memory/xpm_memory_base_inst/gen_wr_a.gen_word_narrow.mem_reg_0_31_0_5/RAMB_D1/CLK
High Pulse Width  Fast    RAMD32/CLK          n/a            1.250         10.000      8.750      SLICE_X42Y51    Design_1_i/axi_smc/inst/m00_nodes/m00_ar_node/inst/inst_mi_handler/gen_normal_area.inst_fifo_node_payld/gen_xpm_memory_fifo.inst_fifo/gen_mem_rep[0].inst_xpm_memory/xpm_memory_base_inst/gen_wr_a.gen_word_narrow.mem_reg_0_31_0_5/RAMB_D1/CLK
High Pulse Width  Slow    RAMD32/CLK          n/a            1.250         10.000      8.750      SLICE_X42Y51    Design_1_i/axi_smc/inst/m00_nodes/m00_ar_node/inst/inst_mi_handler/gen_normal_area.inst_fifo_node_payld/gen_xpm_memory_fifo.inst_fifo/gen_mem_rep[0].inst_xpm_memory/xpm_memory_base_inst/gen_wr_a.gen_word_narrow.mem_reg_0_31_0_5/RAMC/CLK
High Pulse Width  Fast    RAMD32/CLK          n/a            1.250         10.000      8.750      SLICE_X42Y51    Design_1_i/axi_smc/inst/m00_nodes/m00_ar_node/inst/inst_mi_handler/gen_normal_area.inst_fifo_node_payld/gen_xpm_memory_fifo.inst_fifo/gen_mem_rep[0].inst_xpm_memory/xpm_memory_base_inst/gen_wr_a.gen_word_narrow.mem_reg_0_31_0_5/RAMC/CLK



--------------------------------------------------------------------------------------
Path Group:  (none)
From Clock:  
  To Clock:  clk_fpga_0

Max Delay             1 Endpoint
Min Delay             1 Endpoint
--------------------------------------------------------------------------------------


Max Delay Paths
--------------------------------------------------------------------------------------
Slack:                    inf
  Source:                 Design_1_i/processing_system7_0/inst/PS7_i/FCLKRESETN[0]
                            (internal pin)
  Destination:            Design_1_i/rst_ps7_0_50M/U0/EXT_LPF/ACTIVE_LOW_EXT.ACT_LO_EXT/syncstages_ff_reg[0]/D
                            (rising edge-triggered cell FDRE clocked by clk_fpga_0  {rise@0.000ns fall@10.000ns period=20.000ns})
  Path Group:             (none)
  Path Type:              Setup (Max at Slow Process Corner)
  Data Path Delay:        1.782ns  (logic 0.124ns (6.957%)  route 1.658ns (93.043%))
  Logic Levels:           1  (LUT1=1)
  Clock Uncertainty:      0.301ns  ((TSJ^2 + TIJ^2)^1/2 + DJ) / 2 + PE
    Total System Jitter     (TSJ):    0.050ns
    Total Input Jitter      (TIJ):    0.600ns
    Discrete Jitter          (DJ):    0.000ns
    Phase Error              (PE):    0.000ns
  Timing Exception:       False Path

    Location             Delay type                Incr(ns)  Path(ns)    Netlist Resource(s)
  -------------------------------------------------------------------    -------------------
    PS7_X0Y0             PS7                          0.000     0.000 f  Design_1_i/processing_system7_0/inst/PS7_i/FCLKRESETN[0]
                         net (fo=1, routed)           1.658     1.658    Design_1_i/rst_ps7_0_50M/U0/EXT_LPF/ext_reset_in
    SLICE_X40Y95         LUT1 (Prop_lut1_I0_O)        0.124     1.782 r  Design_1_i/rst_ps7_0_50M/U0/EXT_LPF/ACTIVE_LOW_EXT.ACT_LO_EXT_i_1/O
                         net (fo=1, routed)           0.000     1.782    Design_1_i/rst_ps7_0_50M/U0/EXT_LPF/ACTIVE_LOW_EXT.ACT_LO_EXT/src_in
    SLICE_X40Y95         FDRE                                         r  Design_1_i/rst_ps7_0_50M/U0/EXT_LPF/ACTIVE_LOW_EXT.ACT_LO_EXT/syncstages_ff_reg[0]/D
  -------------------------------------------------------------------    -------------------

                         (clock clk_fpga_0 rise edge)
                                                      0.000     0.000 r  <hidden>
    PS7_X0Y0             PS7                          0.000     0.000 r  Design_1_i/processing_system7_0/inst/PS7_i/FCLKCLK[0]
                         net (fo=1, routed)           1.088     1.088    Design_1_i/processing_system7_0/inst/FCLK_CLK_unbuffered[0]
    BUFGCTRL_X0Y16       BUFG (Prop_bufg_I_O)         0.091     1.179 r  Design_1_i/processing_system7_0/inst/buffer_fclk_clk_0.FCLK_CLK_0_BUFG/O
                         net (fo=9506, routed)        1.479     2.658    Design_1_i/rst_ps7_0_50M/U0/EXT_LPF/ACTIVE_LOW_EXT.ACT_LO_EXT/dest_clk
    SLICE_X40Y95         FDRE                                         r  Design_1_i/rst_ps7_0_50M/U0/EXT_LPF/ACTIVE_LOW_EXT.ACT_LO_EXT/syncstages_ff_reg[0]/C





Min Delay Paths
--------------------------------------------------------------------------------------
Slack:                    inf
  Source:                 Design_1_i/processing_system7_0/inst/PS7_i/FCLKRESETN[0]
                            (internal pin)
  Destination:            Design_1_i/rst_ps7_0_50M/U0/EXT_LPF/ACTIVE_LOW_EXT.ACT_LO_EXT/syncstages_ff_reg[0]/D
                            (rising edge-triggered cell FDRE clocked by clk_fpga_0  {rise@0.000ns fall@10.000ns period=20.000ns})
  Path Group:             (none)
  Path Type:              Hold (Min at Fast Process Corner)
  Data Path Delay:        0.714ns  (logic 0.045ns (6.300%)  route 0.669ns (93.700%))
  Logic Levels:           1  (LUT1=1)
  Clock Uncertainty:      0.301ns  ((TSJ^2 + TIJ^2)^1/2 + DJ) / 2 + PE
    Total System Jitter     (TSJ):    0.050ns
    Total Input Jitter      (TIJ):    0.600ns
    Discrete Jitter          (DJ):    0.000ns
    Phase Error              (PE):    0.000ns
  Timing Exception:       False Path

    Location             Delay type                Incr(ns)  Path(ns)    Netlist Resource(s)
  -------------------------------------------------------------------    -------------------
    PS7_X0Y0             PS7                          0.000     0.000 f  Design_1_i/processing_system7_0/inst/PS7_i/FCLKRESETN[0]
                         net (fo=1, routed)           0.669     0.669    Design_1_i/rst_ps7_0_50M/U0/EXT_LPF/ext_reset_in
    SLICE_X40Y95         LUT1 (Prop_lut1_I0_O)        0.045     0.714 r  Design_1_i/rst_ps7_0_50M/U0/EXT_LPF/ACTIVE_LOW_EXT.ACT_LO_EXT_i_1/O
                         net (fo=1, routed)           0.000     0.714    Design_1_i/rst_ps7_0_50M/U0/EXT_LPF/ACTIVE_LOW_EXT.ACT_LO_EXT/src_in
    SLICE_X40Y95         FDRE                                         r  Design_1_i/rst_ps7_0_50M/U0/EXT_LPF/ACTIVE_LOW_EXT.ACT_LO_EXT/syncstages_ff_reg[0]/D
  -------------------------------------------------------------------    -------------------

                         (clock clk_fpga_0 rise edge)
                                                      0.000     0.000 r  <hidden>
    PS7_X0Y0             PS7                          0.000     0.000 r  Design_1_i/processing_system7_0/inst/PS7_i/FCLKCLK[0]
                         net (fo=1, routed)           0.337     0.337    Design_1_i/processing_system7_0/inst/FCLK_CLK_unbuffered[0]
    BUFGCTRL_X0Y16       BUFG (Prop_bufg_I_O)         0.029     0.366 r  Design_1_i/processing_system7_0/inst/buffer_fclk_clk_0.FCLK_CLK_0_BUFG/O
                         net (fo=9506, routed)        0.824     1.190    Design_1_i/rst_ps7_0_50M/U0/EXT_LPF/ACTIVE_LOW_EXT.ACT_LO_EXT/dest_clk
    SLICE_X40Y95         FDRE                                         r  Design_1_i/rst_ps7_0_50M/U0/EXT_LPF/ACTIVE_LOW_EXT.ACT_LO_EXT/syncstages_ff_reg[0]/C





--------------------------------------------------------------------------------------
Path Group:  (none)
From Clock:  clk_fpga_0
  To Clock:  clk_fpga_0

Max Delay            67 Endpoints
Min Delay            67 Endpoints
--------------------------------------------------------------------------------------


Max Delay Paths
--------------------------------------------------------------------------------------
Slack:                    inf
  Source:                 Design_1_i/rst_ps7_0_50M/U0/ACTIVE_LOW_PR_OUT_DFF[0].FDRE_PER_N/C
                            (rising edge-triggered cell FDRE clocked by clk_fpga_0  {rise@0.000ns fall@10.000ns period=20.000ns})
  Destination:            Design_1_i/axi_smc/inst/clk_map/psr_aclk/U0/EXT_LPF/ACTIVE_LOW_AUX.ACT_LO_AUX/syncstages_ff_reg[0]/D
                            (rising edge-triggered cell FDRE clocked by clk_fpga_0  {rise@0.000ns fall@10.000ns period=20.000ns})
  Path Group:             (none)
  Path Type:              Setup (Max at Slow Process Corner)
  Data Path Delay:        4.879ns  (logic 0.580ns (11.888%)  route 4.299ns (88.112%))
  Logic Levels:           1  (LUT1=1)
  Clock Path Skew:        -0.215ns (DCD - SCD + CPR)
    Destination Clock Delay (DCD):    2.730ns
    Source Clock Delay      (SCD):    2.945ns
    Clock Pessimism Removal (CPR):    0.000ns
  Clock Uncertainty:      0.302ns  ((TSJ^2 + TIJ^2)^1/2 + DJ) / 2 + PE
    Total System Jitter     (TSJ):    0.071ns
    Total Input Jitter      (TIJ):    0.600ns
    Discrete Jitter          (DJ):    0.000ns
    Phase Error              (PE):    0.000ns
  Timing Exception:       False Path

    Location             Delay type                Incr(ns)  Path(ns)    Netlist Resource(s)
  -------------------------------------------------------------------    -------------------
                         (clock clk_fpga_0 rise edge)
                                                      0.000     0.000 r  <hidden>
    PS7_X0Y0             PS7                          0.000     0.000 r  Design_1_i/processing_system7_0/inst/PS7_i/FCLKCLK[0]
                         net (fo=1, routed)           1.193     1.193    Design_1_i/processing_system7_0/inst/FCLK_CLK_unbuffered[0]
    BUFGCTRL_X0Y16       BUFG (Prop_bufg_I_O)         0.101     1.294 r  Design_1_i/processing_system7_0/inst/buffer_fclk_clk_0.FCLK_CLK_0_BUFG/O
                         net (fo=9506, routed)        1.651     2.945    Design_1_i/rst_ps7_0_50M/U0/slowest_sync_clk
    SLICE_X45Y93         FDRE                                         r  Design_1_i/rst_ps7_0_50M/U0/ACTIVE_LOW_PR_OUT_DFF[0].FDRE_PER_N/C
  -------------------------------------------------------------------    -------------------
    SLICE_X45Y93         FDRE (Prop_fdre_C_Q)         0.456     3.401 f  Design_1_i/rst_ps7_0_50M/U0/ACTIVE_LOW_PR_OUT_DFF[0].FDRE_PER_N/Q
                         net (fo=21, routed)          4.299     7.700    Design_1_i/axi_smc/inst/clk_map/psr_aclk/U0/EXT_LPF/aresetn
    SLICE_X61Y35         LUT1 (Prop_lut1_I0_O)        0.124     7.824 r  Design_1_i/axi_smc/inst/clk_map/psr_aclk/U0/EXT_LPF/ACTIVE_LOW_AUX.ACT_LO_AUX_i_1/O
                         net (fo=1, routed)           0.000     7.824    Design_1_i/axi_smc/inst/clk_map/psr_aclk/U0/EXT_LPF/ACTIVE_LOW_AUX.ACT_LO_AUX/src_in
    SLICE_X61Y35         FDRE                                         r  Design_1_i/axi_smc/inst/clk_map/psr_aclk/U0/EXT_LPF/ACTIVE_LOW_AUX.ACT_LO_AUX/syncstages_ff_reg[0]/D
  -------------------------------------------------------------------    -------------------

                         (clock clk_fpga_0 rise edge)
                                                      0.000     0.000 r  <hidden>
    PS7_X0Y0             PS7                          0.000     0.000 r  Design_1_i/processing_system7_0/inst/PS7_i/FCLKCLK[0]
                         net (fo=1, routed)           1.088     1.088    Design_1_i/processing_system7_0/inst/FCLK_CLK_unbuffered[0]
    BUFGCTRL_X0Y16       BUFG (Prop_bufg_I_O)         0.091     1.179 r  Design_1_i/processing_system7_0/inst/buffer_fclk_clk_0.FCLK_CLK_0_BUFG/O
                         net (fo=9506, routed)        1.551     2.730    Design_1_i/axi_smc/inst/clk_map/psr_aclk/U0/EXT_LPF/ACTIVE_LOW_AUX.ACT_LO_AUX/dest_clk
    SLICE_X61Y35         FDRE                                         r  Design_1_i/axi_smc/inst/clk_map/psr_aclk/U0/EXT_LPF/ACTIVE_LOW_AUX.ACT_LO_AUX/syncstages_ff_reg[0]/C

Slack:                    inf
  Source:                 Design_1_i/axi_smc/inst/clk_map/psr_aclk/U0/ACTIVE_LOW_BSR_OUT_DFF[0].FDRE_BSR_N/C
                            (rising edge-triggered cell FDRE clocked by clk_fpga_0  {rise@0.000ns fall@10.000ns period=20.000ns})
  Destination:            Design_1_i/axi_smc/inst/m00_nodes/m00_ar_node/inst/s_sc_xpm_cdc_async_rst_inst/arststages_ff_reg[0]/CLR
                            (recovery check against rising-edge clock clk_fpga_0  {rise@0.000ns fall@10.000ns period=20.000ns})
  Path Group:             (none)
  Path Type:              Recovery (Max at Slow Process Corner)
  Data Path Delay:        2.993ns  (logic 0.642ns (21.448%)  route 2.351ns (78.552%))
  Logic Levels:           1  (LUT1=1)
  Clock Path Skew:        -0.284ns (DCD - SCD + CPR)
    Destination Clock Delay (DCD):    2.737ns
    Source Clock Delay      (SCD):    3.021ns
    Clock Pessimism Removal (CPR):    0.000ns
  Clock Uncertainty:      0.302ns  ((TSJ^2 + TIJ^2)^1/2 + DJ) / 2 + PE
    Total System Jitter     (TSJ):    0.071ns
    Total Input Jitter      (TIJ):    0.600ns
    Discrete Jitter          (DJ):    0.000ns
    Phase Error              (PE):    0.000ns
  Timing Exception:       False Path

    Location             Delay type                Incr(ns)  Path(ns)    Netlist Resource(s)
  -------------------------------------------------------------------    -------------------
                         (clock clk_fpga_0 rise edge)
                                                      0.000     0.000 r  <hidden>
    PS7_X0Y0             PS7                          0.000     0.000 r  Design_1_i/processing_system7_0/inst/PS7_i/FCLKCLK[0]
                         net (fo=1, routed)           1.193     1.193    Design_1_i/processing_system7_0/inst/FCLK_CLK_unbuffered[0]
    BUFGCTRL_X0Y16       BUFG (Prop_bufg_I_O)         0.101     1.294 r  Design_1_i/processing_system7_0/inst/buffer_fclk_clk_0.FCLK_CLK_0_BUFG/O
                         net (fo=9506, routed)        1.727     3.021    Design_1_i/axi_smc/inst/clk_map/psr_aclk/U0/aclk
    SLICE_X66Y35         FDRE                                         r  Design_1_i/axi_smc/inst/clk_map/psr_aclk/U0/ACTIVE_LOW_BSR_OUT_DFF[0].FDRE_BSR_N/C
  -------------------------------------------------------------------    -------------------
    SLICE_X66Y35         FDRE (Prop_fdre_C_Q)         0.518     3.539 r  Design_1_i/axi_smc/inst/clk_map/psr_aclk/U0/ACTIVE_LOW_BSR_OUT_DFF[0].FDRE_BSR_N/Q
                         net (fo=22, routed)          1.775     5.314    Design_1_i/axi_smc/inst/m00_nodes/m00_ar_node/inst/s_sc_xpm_cdc_async_rst_inst/src_arst
    SLICE_X66Y47         LUT1 (Prop_lut1_I0_O)        0.124     5.438 f  Design_1_i/axi_smc/inst/m00_nodes/m00_ar_node/inst/s_sc_xpm_cdc_async_rst_inst/arststages_ff[2]_i_1/O
                         net (fo=3, routed)           0.576     6.014    Design_1_i/axi_smc/inst/m00_nodes/m00_ar_node/inst/s_sc_xpm_cdc_async_rst_inst/reset_pol
    SLICE_X66Y47         FDCE                                         f  Design_1_i/axi_smc/inst/m00_nodes/m00_ar_node/inst/s_sc_xpm_cdc_async_rst_inst/arststages_ff_reg[0]/CLR
  -------------------------------------------------------------------    -------------------

                         (clock clk_fpga_0 rise edge)
                                                      0.000     0.000 r  <hidden>
    PS7_X0Y0             PS7                          0.000     0.000 r  Design_1_i/processing_system7_0/inst/PS7_i/FCLKCLK[0]
                         net (fo=1, routed)           1.088     1.088    Design_1_i/processing_system7_0/inst/FCLK_CLK_unbuffered[0]
    BUFGCTRL_X0Y16       BUFG (Prop_bufg_I_O)         0.091     1.179 r  Design_1_i/processing_system7_0/inst/buffer_fclk_clk_0.FCLK_CLK_0_BUFG/O
                         net (fo=9506, routed)        1.558     2.737    Design_1_i/axi_smc/inst/m00_nodes/m00_ar_node/inst/s_sc_xpm_cdc_async_rst_inst/dest_clk
    SLICE_X66Y47         FDCE                                         r  Design_1_i/axi_smc/inst/m00_nodes/m00_ar_node/inst/s_sc_xpm_cdc_async_rst_inst/arststages_ff_reg[0]/C

Slack:                    inf
  Source:                 Design_1_i/axi_smc/inst/clk_map/psr_aclk/U0/ACTIVE_LOW_BSR_OUT_DFF[0].FDRE_BSR_N/C
                            (rising edge-triggered cell FDRE clocked by clk_fpga_0  {rise@0.000ns fall@10.000ns period=20.000ns})
  Destination:            Design_1_i/axi_smc/inst/m00_nodes/m00_ar_node/inst/s_sc_xpm_cdc_async_rst_inst/arststages_ff_reg[1]/CLR
                            (recovery check against rising-edge clock clk_fpga_0  {rise@0.000ns fall@10.000ns period=20.000ns})
  Path Group:             (none)
  Path Type:              Recovery (Max at Slow Process Corner)
  Data Path Delay:        2.993ns  (logic 0.642ns (21.448%)  route 2.351ns (78.552%))
  Logic Levels:           1  (LUT1=1)
  Clock Path Skew:        -0.284ns (DCD - SCD + CPR)
    Destination Clock Delay (DCD):    2.737ns
    Source Clock Delay      (SCD):    3.021ns
    Clock Pessimism Removal (CPR):    0.000ns
  Clock Uncertainty:      0.302ns  ((TSJ^2 + TIJ^2)^1/2 + DJ) / 2 + PE
    Total System Jitter     (TSJ):    0.071ns
    Total Input Jitter      (TIJ):    0.600ns
    Discrete Jitter          (DJ):    0.000ns
    Phase Error              (PE):    0.000ns
  Timing Exception:       False Path

    Location             Delay type                Incr(ns)  Path(ns)    Netlist Resource(s)
  -------------------------------------------------------------------    -------------------
                         (clock clk_fpga_0 rise edge)
                                                      0.000     0.000 r  <hidden>
    PS7_X0Y0             PS7                          0.000     0.000 r  Design_1_i/processing_system7_0/inst/PS7_i/FCLKCLK[0]
                         net (fo=1, routed)           1.193     1.193    Design_1_i/processing_system7_0/inst/FCLK_CLK_unbuffered[0]
    BUFGCTRL_X0Y16       BUFG (Prop_bufg_I_O)         0.101     1.294 r  Design_1_i/processing_system7_0/inst/buffer_fclk_clk_0.FCLK_CLK_0_BUFG/O
                         net (fo=9506, routed)        1.727     3.021    Design_1_i/axi_smc/inst/clk_map/psr_aclk/U0/aclk
    SLICE_X66Y35         FDRE                                         r  Design_1_i/axi_smc/inst/clk_map/psr_aclk/U0/ACTIVE_LOW_BSR_OUT_DFF[0].FDRE_BSR_N/C
  -------------------------------------------------------------------    -------------------
    SLICE_X66Y35         FDRE (Prop_fdre_C_Q)         0.518     3.539 r  Design_1_i/axi_smc/inst/clk_map/psr_aclk/U0/ACTIVE_LOW_BSR_OUT_DFF[0].FDRE_BSR_N/Q
                         net (fo=22, routed)          1.775     5.314    Design_1_i/axi_smc/inst/m00_nodes/m00_ar_node/inst/s_sc_xpm_cdc_async_rst_inst/src_arst
    SLICE_X66Y47         LUT1 (Prop_lut1_I0_O)        0.124     5.438 f  Design_1_i/axi_smc/inst/m00_nodes/m00_ar_node/inst/s_sc_xpm_cdc_async_rst_inst/arststages_ff[2]_i_1/O
                         net (fo=3, routed)           0.576     6.014    Design_1_i/axi_smc/inst/m00_nodes/m00_ar_node/inst/s_sc_xpm_cdc_async_rst_inst/reset_pol
    SLICE_X66Y47         FDCE                                         f  Design_1_i/axi_smc/inst/m00_nodes/m00_ar_node/inst/s_sc_xpm_cdc_async_rst_inst/arststages_ff_reg[1]/CLR
  -------------------------------------------------------------------    -------------------

                         (clock clk_fpga_0 rise edge)
                                                      0.000     0.000 r  <hidden>
    PS7_X0Y0             PS7                          0.000     0.000 r  Design_1_i/processing_system7_0/inst/PS7_i/FCLKCLK[0]
                         net (fo=1, routed)           1.088     1.088    Design_1_i/processing_system7_0/inst/FCLK_CLK_unbuffered[0]
    BUFGCTRL_X0Y16       BUFG (Prop_bufg_I_O)         0.091     1.179 r  Design_1_i/processing_system7_0/inst/buffer_fclk_clk_0.FCLK_CLK_0_BUFG/O
                         net (fo=9506, routed)        1.558     2.737    Design_1_i/axi_smc/inst/m00_nodes/m00_ar_node/inst/s_sc_xpm_cdc_async_rst_inst/dest_clk
    SLICE_X66Y47         FDCE                                         r  Design_1_i/axi_smc/inst/m00_nodes/m00_ar_node/inst/s_sc_xpm_cdc_async_rst_inst/arststages_ff_reg[1]/C

Slack:                    inf
  Source:                 Design_1_i/axi_smc/inst/clk_map/psr_aclk/U0/ACTIVE_LOW_BSR_OUT_DFF[0].FDRE_BSR_N/C
                            (rising edge-triggered cell FDRE clocked by clk_fpga_0  {rise@0.000ns fall@10.000ns period=20.000ns})
  Destination:            Design_1_i/axi_smc/inst/m00_nodes/m00_ar_node/inst/s_sc_xpm_cdc_async_rst_inst/arststages_ff_reg[2]/CLR
                            (recovery check against rising-edge clock clk_fpga_0  {rise@0.000ns fall@10.000ns period=20.000ns})
  Path Group:             (none)
  Path Type:              Recovery (Max at Slow Process Corner)
  Data Path Delay:        2.993ns  (logic 0.642ns (21.448%)  route 2.351ns (78.552%))
  Logic Levels:           1  (LUT1=1)
  Clock Path Skew:        -0.284ns (DCD - SCD + CPR)
    Destination Clock Delay (DCD):    2.737ns
    Source Clock Delay      (SCD):    3.021ns
    Clock Pessimism Removal (CPR):    0.000ns
  Clock Uncertainty:      0.302ns  ((TSJ^2 + TIJ^2)^1/2 + DJ) / 2 + PE
    Total System Jitter     (TSJ):    0.071ns
    Total Input Jitter      (TIJ):    0.600ns
    Discrete Jitter          (DJ):    0.000ns
    Phase Error              (PE):    0.000ns
  Timing Exception:       False Path

    Location             Delay type                Incr(ns)  Path(ns)    Netlist Resource(s)
  -------------------------------------------------------------------    -------------------
                         (clock clk_fpga_0 rise edge)
                                                      0.000     0.000 r  <hidden>
    PS7_X0Y0             PS7                          0.000     0.000 r  Design_1_i/processing_system7_0/inst/PS7_i/FCLKCLK[0]
                         net (fo=1, routed)           1.193     1.193    Design_1_i/processing_system7_0/inst/FCLK_CLK_unbuffered[0]
    BUFGCTRL_X0Y16       BUFG (Prop_bufg_I_O)         0.101     1.294 r  Design_1_i/processing_system7_0/inst/buffer_fclk_clk_0.FCLK_CLK_0_BUFG/O
                         net (fo=9506, routed)        1.727     3.021    Design_1_i/axi_smc/inst/clk_map/psr_aclk/U0/aclk
    SLICE_X66Y35         FDRE                                         r  Design_1_i/axi_smc/inst/clk_map/psr_aclk/U0/ACTIVE_LOW_BSR_OUT_DFF[0].FDRE_BSR_N/C
  -------------------------------------------------------------------    -------------------
    SLICE_X66Y35         FDRE (Prop_fdre_C_Q)         0.518     3.539 r  Design_1_i/axi_smc/inst/clk_map/psr_aclk/U0/ACTIVE_LOW_BSR_OUT_DFF[0].FDRE_BSR_N/Q
                         net (fo=22, routed)          1.775     5.314    Design_1_i/axi_smc/inst/m00_nodes/m00_ar_node/inst/s_sc_xpm_cdc_async_rst_inst/src_arst
    SLICE_X66Y47         LUT1 (Prop_lut1_I0_O)        0.124     5.438 f  Design_1_i/axi_smc/inst/m00_nodes/m00_ar_node/inst/s_sc_xpm_cdc_async_rst_inst/arststages_ff[2]_i_1/O
                         net (fo=3, routed)           0.576     6.014    Design_1_i/axi_smc/inst/m00_nodes/m00_ar_node/inst/s_sc_xpm_cdc_async_rst_inst/reset_pol
    SLICE_X66Y47         FDCE                                         f  Design_1_i/axi_smc/inst/m00_nodes/m00_ar_node/inst/s_sc_xpm_cdc_async_rst_inst/arststages_ff_reg[2]/CLR
  -------------------------------------------------------------------    -------------------

                         (clock clk_fpga_0 rise edge)
                                                      0.000     0.000 r  <hidden>
    PS7_X0Y0             PS7                          0.000     0.000 r  Design_1_i/processing_system7_0/inst/PS7_i/FCLKCLK[0]
                         net (fo=1, routed)           1.088     1.088    Design_1_i/processing_system7_0/inst/FCLK_CLK_unbuffered[0]
    BUFGCTRL_X0Y16       BUFG (Prop_bufg_I_O)         0.091     1.179 r  Design_1_i/processing_system7_0/inst/buffer_fclk_clk_0.FCLK_CLK_0_BUFG/O
                         net (fo=9506, routed)        1.558     2.737    Design_1_i/axi_smc/inst/m00_nodes/m00_ar_node/inst/s_sc_xpm_cdc_async_rst_inst/dest_clk
    SLICE_X66Y47         FDCE                                         r  Design_1_i/axi_smc/inst/m00_nodes/m00_ar_node/inst/s_sc_xpm_cdc_async_rst_inst/arststages_ff_reg[2]/C

Slack:                    inf
  Source:                 Design_1_i/axi_smc/inst/clk_map/psr_aclk/U0/ACTIVE_LOW_BSR_OUT_DFF[0].FDRE_BSR_N/C
                            (rising edge-triggered cell FDRE clocked by clk_fpga_0  {rise@0.000ns fall@10.000ns period=20.000ns})
  Destination:            Design_1_i/axi_smc/inst/s01_entry_pipeline/s01_mmu/inst/xpm_cdc_async_rst_inst/arststages_ff_reg[0]/CLR
                            (recovery check against rising-edge clock clk_fpga_0  {rise@0.000ns fall@10.000ns period=20.000ns})
  Path Group:             (none)
  Path Type:              Recovery (Max at Slow Process Corner)
  Data Path Delay:        2.989ns  (logic 0.671ns (22.446%)  route 2.318ns (77.553%))
  Logic Levels:           1  (LUT1=1)
  Clock Path Skew:        -0.371ns (DCD - SCD + CPR)
    Destination Clock Delay (DCD):    2.650ns
    Source Clock Delay      (SCD):    3.021ns
    Clock Pessimism Removal (CPR):    0.000ns
  Clock Uncertainty:      0.302ns  ((TSJ^2 + TIJ^2)^1/2 + DJ) / 2 + PE
    Total System Jitter     (TSJ):    0.071ns
    Total Input Jitter      (TIJ):    0.600ns
    Discrete Jitter          (DJ):    0.000ns
    Phase Error              (PE):    0.000ns
  Timing Exception:       False Path

    Location             Delay type                Incr(ns)  Path(ns)    Netlist Resource(s)
  -------------------------------------------------------------------    -------------------
                         (clock clk_fpga_0 rise edge)
                                                      0.000     0.000 r  <hidden>
    PS7_X0Y0             PS7                          0.000     0.000 r  Design_1_i/processing_system7_0/inst/PS7_i/FCLKCLK[0]
                         net (fo=1, routed)           1.193     1.193    Design_1_i/processing_system7_0/inst/FCLK_CLK_unbuffered[0]
    BUFGCTRL_X0Y16       BUFG (Prop_bufg_I_O)         0.101     1.294 r  Design_1_i/processing_system7_0/inst/buffer_fclk_clk_0.FCLK_CLK_0_BUFG/O
                         net (fo=9506, routed)        1.727     3.021    Design_1_i/axi_smc/inst/clk_map/psr_aclk/U0/aclk
    SLICE_X66Y35         FDRE                                         r  Design_1_i/axi_smc/inst/clk_map/psr_aclk/U0/ACTIVE_LOW_BSR_OUT_DFF[0].FDRE_BSR_N/C
  -------------------------------------------------------------------    -------------------
    SLICE_X66Y35         FDRE (Prop_fdre_C_Q)         0.518     3.539 r  Design_1_i/axi_smc/inst/clk_map/psr_aclk/U0/ACTIVE_LOW_BSR_OUT_DFF[0].FDRE_BSR_N/Q
                         net (fo=22, routed)          1.686     5.225    Design_1_i/axi_smc/inst/s01_entry_pipeline/s01_mmu/inst/xpm_cdc_async_rst_inst/src_arst
    SLICE_X50Y30         LUT1 (Prop_lut1_I0_O)        0.153     5.378 f  Design_1_i/axi_smc/inst/s01_entry_pipeline/s01_mmu/inst/xpm_cdc_async_rst_inst/arststages_ff[2]_i_1/O
                         net (fo=3, routed)           0.632     6.010    Design_1_i/axi_smc/inst/s01_entry_pipeline/s01_mmu/inst/xpm_cdc_async_rst_inst/reset_pol
    SLICE_X50Y30         FDCE                                         f  Design_1_i/axi_smc/inst/s01_entry_pipeline/s01_mmu/inst/xpm_cdc_async_rst_inst/arststages_ff_reg[0]/CLR
  -------------------------------------------------------------------    -------------------

                         (clock clk_fpga_0 rise edge)
                                                      0.000     0.000 r  <hidden>
    PS7_X0Y0             PS7                          0.000     0.000 r  Design_1_i/processing_system7_0/inst/PS7_i/FCLKCLK[0]
                         net (fo=1, routed)           1.088     1.088    Design_1_i/processing_system7_0/inst/FCLK_CLK_unbuffered[0]
    BUFGCTRL_X0Y16       BUFG (Prop_bufg_I_O)         0.091     1.179 r  Design_1_i/processing_system7_0/inst/buffer_fclk_clk_0.FCLK_CLK_0_BUFG/O
                         net (fo=9506, routed)        1.471     2.650    Design_1_i/axi_smc/inst/s01_entry_pipeline/s01_mmu/inst/xpm_cdc_async_rst_inst/dest_clk
    SLICE_X50Y30         FDCE                                         r  Design_1_i/axi_smc/inst/s01_entry_pipeline/s01_mmu/inst/xpm_cdc_async_rst_inst/arststages_ff_reg[0]/C

Slack:                    inf
  Source:                 Design_1_i/axi_smc/inst/clk_map/psr_aclk/U0/ACTIVE_LOW_BSR_OUT_DFF[0].FDRE_BSR_N/C
                            (rising edge-triggered cell FDRE clocked by clk_fpga_0  {rise@0.000ns fall@10.000ns period=20.000ns})
  Destination:            Design_1_i/axi_smc/inst/s01_entry_pipeline/s01_mmu/inst/xpm_cdc_async_rst_inst/arststages_ff_reg[1]/CLR
                            (recovery check against rising-edge clock clk_fpga_0  {rise@0.000ns fall@10.000ns period=20.000ns})
  Path Group:             (none)
  Path Type:              Recovery (Max at Slow Process Corner)
  Data Path Delay:        2.989ns  (logic 0.671ns (22.446%)  route 2.318ns (77.553%))
  Logic Levels:           1  (LUT1=1)
  Clock Path Skew:        -0.371ns (DCD - SCD + CPR)
    Destination Clock Delay (DCD):    2.650ns
    Source Clock Delay      (SCD):    3.021ns
    Clock Pessimism Removal (CPR):    0.000ns
  Clock Uncertainty:      0.302ns  ((TSJ^2 + TIJ^2)^1/2 + DJ) / 2 + PE
    Total System Jitter     (TSJ):    0.071ns
    Total Input Jitter      (TIJ):    0.600ns
    Discrete Jitter          (DJ):    0.000ns
    Phase Error              (PE):    0.000ns
  Timing Exception:       False Path

    Location             Delay type                Incr(ns)  Path(ns)    Netlist Resource(s)
  -------------------------------------------------------------------    -------------------
                         (clock clk_fpga_0 rise edge)
                                                      0.000     0.000 r  <hidden>
    PS7_X0Y0             PS7                          0.000     0.000 r  Design_1_i/processing_system7_0/inst/PS7_i/FCLKCLK[0]
                         net (fo=1, routed)           1.193     1.193    Design_1_i/processing_system7_0/inst/FCLK_CLK_unbuffered[0]
    BUFGCTRL_X0Y16       BUFG (Prop_bufg_I_O)         0.101     1.294 r  Design_1_i/processing_system7_0/inst/buffer_fclk_clk_0.FCLK_CLK_0_BUFG/O
                         net (fo=9506, routed)        1.727     3.021    Design_1_i/axi_smc/inst/clk_map/psr_aclk/U0/aclk
    SLICE_X66Y35         FDRE                                         r  Design_1_i/axi_smc/inst/clk_map/psr_aclk/U0/ACTIVE_LOW_BSR_OUT_DFF[0].FDRE_BSR_N/C
  -------------------------------------------------------------------    -------------------
    SLICE_X66Y35         FDRE (Prop_fdre_C_Q)         0.518     3.539 r  Design_1_i/axi_smc/inst/clk_map/psr_aclk/U0/ACTIVE_LOW_BSR_OUT_DFF[0].FDRE_BSR_N/Q
                         net (fo=22, routed)          1.686     5.225    Design_1_i/axi_smc/inst/s01_entry_pipeline/s01_mmu/inst/xpm_cdc_async_rst_inst/src_arst
    SLICE_X50Y30         LUT1 (Prop_lut1_I0_O)        0.153     5.378 f  Design_1_i/axi_smc/inst/s01_entry_pipeline/s01_mmu/inst/xpm_cdc_async_rst_inst/arststages_ff[2]_i_1/O
                         net (fo=3, routed)           0.632     6.010    Design_1_i/axi_smc/inst/s01_entry_pipeline/s01_mmu/inst/xpm_cdc_async_rst_inst/reset_pol
    SLICE_X50Y30         FDCE                                         f  Design_1_i/axi_smc/inst/s01_entry_pipeline/s01_mmu/inst/xpm_cdc_async_rst_inst/arststages_ff_reg[1]/CLR
  -------------------------------------------------------------------    -------------------

                         (clock clk_fpga_0 rise edge)
                                                      0.000     0.000 r  <hidden>
    PS7_X0Y0             PS7                          0.000     0.000 r  Design_1_i/processing_system7_0/inst/PS7_i/FCLKCLK[0]
                         net (fo=1, routed)           1.088     1.088    Design_1_i/processing_system7_0/inst/FCLK_CLK_unbuffered[0]
    BUFGCTRL_X0Y16       BUFG (Prop_bufg_I_O)         0.091     1.179 r  Design_1_i/processing_system7_0/inst/buffer_fclk_clk_0.FCLK_CLK_0_BUFG/O
                         net (fo=9506, routed)        1.471     2.650    Design_1_i/axi_smc/inst/s01_entry_pipeline/s01_mmu/inst/xpm_cdc_async_rst_inst/dest_clk
    SLICE_X50Y30         FDCE                                         r  Design_1_i/axi_smc/inst/s01_entry_pipeline/s01_mmu/inst/xpm_cdc_async_rst_inst/arststages_ff_reg[1]/C

Slack:                    inf
  Source:                 Design_1_i/axi_smc/inst/clk_map/psr_aclk/U0/ACTIVE_LOW_BSR_OUT_DFF[0].FDRE_BSR_N/C
                            (rising edge-triggered cell FDRE clocked by clk_fpga_0  {rise@0.000ns fall@10.000ns period=20.000ns})
  Destination:            Design_1_i/axi_smc/inst/s01_entry_pipeline/s01_mmu/inst/xpm_cdc_async_rst_inst/arststages_ff_reg[2]/CLR
                            (recovery check against rising-edge clock clk_fpga_0  {rise@0.000ns fall@10.000ns period=20.000ns})
  Path Group:             (none)
  Path Type:              Recovery (Max at Slow Process Corner)
  Data Path Delay:        2.989ns  (logic 0.671ns (22.446%)  route 2.318ns (77.553%))
  Logic Levels:           1  (LUT1=1)
  Clock Path Skew:        -0.371ns (DCD - SCD + CPR)
    Destination Clock Delay (DCD):    2.650ns
    Source Clock Delay      (SCD):    3.021ns
    Clock Pessimism Removal (CPR):    0.000ns
  Clock Uncertainty:      0.302ns  ((TSJ^2 + TIJ^2)^1/2 + DJ) / 2 + PE
    Total System Jitter     (TSJ):    0.071ns
    Total Input Jitter      (TIJ):    0.600ns
    Discrete Jitter          (DJ):    0.000ns
    Phase Error              (PE):    0.000ns
  Timing Exception:       False Path

    Location             Delay type                Incr(ns)  Path(ns)    Netlist Resource(s)
  -------------------------------------------------------------------    -------------------
                         (clock clk_fpga_0 rise edge)
                                                      0.000     0.000 r  <hidden>
    PS7_X0Y0             PS7                          0.000     0.000 r  Design_1_i/processing_system7_0/inst/PS7_i/FCLKCLK[0]
                         net (fo=1, routed)           1.193     1.193    Design_1_i/processing_system7_0/inst/FCLK_CLK_unbuffered[0]
    BUFGCTRL_X0Y16       BUFG (Prop_bufg_I_O)         0.101     1.294 r  Design_1_i/processing_system7_0/inst/buffer_fclk_clk_0.FCLK_CLK_0_BUFG/O
                         net (fo=9506, routed)        1.727     3.021    Design_1_i/axi_smc/inst/clk_map/psr_aclk/U0/aclk
    SLICE_X66Y35         FDRE                                         r  Design_1_i/axi_smc/inst/clk_map/psr_aclk/U0/ACTIVE_LOW_BSR_OUT_DFF[0].FDRE_BSR_N/C
  -------------------------------------------------------------------    -------------------
    SLICE_X66Y35         FDRE (Prop_fdre_C_Q)         0.518     3.539 r  Design_1_i/axi_smc/inst/clk_map/psr_aclk/U0/ACTIVE_LOW_BSR_OUT_DFF[0].FDRE_BSR_N/Q
                         net (fo=22, routed)          1.686     5.225    Design_1_i/axi_smc/inst/s01_entry_pipeline/s01_mmu/inst/xpm_cdc_async_rst_inst/src_arst
    SLICE_X50Y30         LUT1 (Prop_lut1_I0_O)        0.153     5.378 f  Design_1_i/axi_smc/inst/s01_entry_pipeline/s01_mmu/inst/xpm_cdc_async_rst_inst/arststages_ff[2]_i_1/O
                         net (fo=3, routed)           0.632     6.010    Design_1_i/axi_smc/inst/s01_entry_pipeline/s01_mmu/inst/xpm_cdc_async_rst_inst/reset_pol
    SLICE_X50Y30         FDCE                                         f  Design_1_i/axi_smc/inst/s01_entry_pipeline/s01_mmu/inst/xpm_cdc_async_rst_inst/arststages_ff_reg[2]/CLR
  -------------------------------------------------------------------    -------------------

                         (clock clk_fpga_0 rise edge)
                                                      0.000     0.000 r  <hidden>
    PS7_X0Y0             PS7                          0.000     0.000 r  Design_1_i/processing_system7_0/inst/PS7_i/FCLKCLK[0]
                         net (fo=1, routed)           1.088     1.088    Design_1_i/processing_system7_0/inst/FCLK_CLK_unbuffered[0]
    BUFGCTRL_X0Y16       BUFG (Prop_bufg_I_O)         0.091     1.179 r  Design_1_i/processing_system7_0/inst/buffer_fclk_clk_0.FCLK_CLK_0_BUFG/O
                         net (fo=9506, routed)        1.471     2.650    Design_1_i/axi_smc/inst/s01_entry_pipeline/s01_mmu/inst/xpm_cdc_async_rst_inst/dest_clk
    SLICE_X50Y30         FDCE                                         r  Design_1_i/axi_smc/inst/s01_entry_pipeline/s01_mmu/inst/xpm_cdc_async_rst_inst/arststages_ff_reg[2]/C

Slack:                    inf
  Source:                 Design_1_i/axi_smc/inst/clk_map/psr_aclk/U0/ACTIVE_LOW_BSR_OUT_DFF[0].FDRE_BSR_N/C
                            (rising edge-triggered cell FDRE clocked by clk_fpga_0  {rise@0.000ns fall@10.000ns period=20.000ns})
  Destination:            Design_1_i/axi_smc/inst/s00_nodes/s00_ar_node/inst/s_sc_xpm_cdc_async_rst_inst/arststages_ff_reg[0]/CLR
                            (recovery check against rising-edge clock clk_fpga_0  {rise@0.000ns fall@10.000ns period=20.000ns})
  Path Group:             (none)
  Path Type:              Recovery (Max at Slow Process Corner)
  Data Path Delay:        2.930ns  (logic 0.671ns (22.901%)  route 2.259ns (77.099%))
  Logic Levels:           1  (LUT1=1)
  Clock Path Skew:        -0.285ns (DCD - SCD + CPR)
    Destination Clock Delay (DCD):    2.737ns
    Source Clock Delay      (SCD):    3.021ns
    Clock Pessimism Removal (CPR):    0.000ns
  Clock Uncertainty:      0.302ns  ((TSJ^2 + TIJ^2)^1/2 + DJ) / 2 + PE
    Total System Jitter     (TSJ):    0.071ns
    Total Input Jitter      (TIJ):    0.600ns
    Discrete Jitter          (DJ):    0.000ns
    Phase Error              (PE):    0.000ns
  Timing Exception:       False Path

    Location             Delay type                Incr(ns)  Path(ns)    Netlist Resource(s)
  -------------------------------------------------------------------    -------------------
                         (clock clk_fpga_0 rise edge)
                                                      0.000     0.000 r  <hidden>
    PS7_X0Y0             PS7                          0.000     0.000 r  Design_1_i/processing_system7_0/inst/PS7_i/FCLKCLK[0]
                         net (fo=1, routed)           1.193     1.193    Design_1_i/processing_system7_0/inst/FCLK_CLK_unbuffered[0]
    BUFGCTRL_X0Y16       BUFG (Prop_bufg_I_O)         0.101     1.294 r  Design_1_i/processing_system7_0/inst/buffer_fclk_clk_0.FCLK_CLK_0_BUFG/O
                         net (fo=9506, routed)        1.727     3.021    Design_1_i/axi_smc/inst/clk_map/psr_aclk/U0/aclk
    SLICE_X66Y35         FDRE                                         r  Design_1_i/axi_smc/inst/clk_map/psr_aclk/U0/ACTIVE_LOW_BSR_OUT_DFF[0].FDRE_BSR_N/C
  -------------------------------------------------------------------    -------------------
    SLICE_X66Y35         FDRE (Prop_fdre_C_Q)         0.518     3.539 r  Design_1_i/axi_smc/inst/clk_map/psr_aclk/U0/ACTIVE_LOW_BSR_OUT_DFF[0].FDRE_BSR_N/Q
                         net (fo=22, routed)          1.775     5.314    Design_1_i/axi_smc/inst/s00_nodes/s00_ar_node/inst/s_sc_xpm_cdc_async_rst_inst/src_arst
    SLICE_X66Y47         LUT1 (Prop_lut1_I0_O)        0.153     5.467 f  Design_1_i/axi_smc/inst/s00_nodes/s00_ar_node/inst/s_sc_xpm_cdc_async_rst_inst/arststages_ff[2]_i_1/O
                         net (fo=3, routed)           0.484     5.951    Design_1_i/axi_smc/inst/s00_nodes/s00_ar_node/inst/s_sc_xpm_cdc_async_rst_inst/reset_pol
    SLICE_X63Y47         FDCE                                         f  Design_1_i/axi_smc/inst/s00_nodes/s00_ar_node/inst/s_sc_xpm_cdc_async_rst_inst/arststages_ff_reg[0]/CLR
  -------------------------------------------------------------------    -------------------

                         (clock clk_fpga_0 rise edge)
                                                      0.000     0.000 r  <hidden>
    PS7_X0Y0             PS7                          0.000     0.000 r  Design_1_i/processing_system7_0/inst/PS7_i/FCLKCLK[0]
                         net (fo=1, routed)           1.088     1.088    Design_1_i/processing_system7_0/inst/FCLK_CLK_unbuffered[0]
    BUFGCTRL_X0Y16       BUFG (Prop_bufg_I_O)         0.091     1.179 r  Design_1_i/processing_system7_0/inst/buffer_fclk_clk_0.FCLK_CLK_0_BUFG/O
                         net (fo=9506, routed)        1.557     2.736    Design_1_i/axi_smc/inst/s00_nodes/s00_ar_node/inst/s_sc_xpm_cdc_async_rst_inst/dest_clk
    SLICE_X63Y47         FDCE                                         r  Design_1_i/axi_smc/inst/s00_nodes/s00_ar_node/inst/s_sc_xpm_cdc_async_rst_inst/arststages_ff_reg[0]/C

Slack:                    inf
  Source:                 Design_1_i/axi_smc/inst/clk_map/psr_aclk/U0/ACTIVE_LOW_BSR_OUT_DFF[0].FDRE_BSR_N/C
                            (rising edge-triggered cell FDRE clocked by clk_fpga_0  {rise@0.000ns fall@10.000ns period=20.000ns})
  Destination:            Design_1_i/axi_smc/inst/s00_nodes/s00_ar_node/inst/s_sc_xpm_cdc_async_rst_inst/arststages_ff_reg[1]/CLR
                            (recovery check against rising-edge clock clk_fpga_0  {rise@0.000ns fall@10.000ns period=20.000ns})
  Path Group:             (none)
  Path Type:              Recovery (Max at Slow Process Corner)
  Data Path Delay:        2.930ns  (logic 0.671ns (22.901%)  route 2.259ns (77.099%))
  Logic Levels:           1  (LUT1=1)
  Clock Path Skew:        -0.285ns (DCD - SCD + CPR)
    Destination Clock Delay (DCD):    2.737ns
    Source Clock Delay      (SCD):    3.021ns
    Clock Pessimism Removal (CPR):    0.000ns
  Clock Uncertainty:      0.302ns  ((TSJ^2 + TIJ^2)^1/2 + DJ) / 2 + PE
    Total System Jitter     (TSJ):    0.071ns
    Total Input Jitter      (TIJ):    0.600ns
    Discrete Jitter          (DJ):    0.000ns
    Phase Error              (PE):    0.000ns
  Timing Exception:       False Path

    Location             Delay type                Incr(ns)  Path(ns)    Netlist Resource(s)
  -------------------------------------------------------------------    -------------------
                         (clock clk_fpga_0 rise edge)
                                                      0.000     0.000 r  <hidden>
    PS7_X0Y0             PS7                          0.000     0.000 r  Design_1_i/processing_system7_0/inst/PS7_i/FCLKCLK[0]
                         net (fo=1, routed)           1.193     1.193    Design_1_i/processing_system7_0/inst/FCLK_CLK_unbuffered[0]
    BUFGCTRL_X0Y16       BUFG (Prop_bufg_I_O)         0.101     1.294 r  Design_1_i/processing_system7_0/inst/buffer_fclk_clk_0.FCLK_CLK_0_BUFG/O
                         net (fo=9506, routed)        1.727     3.021    Design_1_i/axi_smc/inst/clk_map/psr_aclk/U0/aclk
    SLICE_X66Y35         FDRE                                         r  Design_1_i/axi_smc/inst/clk_map/psr_aclk/U0/ACTIVE_LOW_BSR_OUT_DFF[0].FDRE_BSR_N/C
  -------------------------------------------------------------------    -------------------
    SLICE_X66Y35         FDRE (Prop_fdre_C_Q)         0.518     3.539 r  Design_1_i/axi_smc/inst/clk_map/psr_aclk/U0/ACTIVE_LOW_BSR_OUT_DFF[0].FDRE_BSR_N/Q
                         net (fo=22, routed)          1.775     5.314    Design_1_i/axi_smc/inst/s00_nodes/s00_ar_node/inst/s_sc_xpm_cdc_async_rst_inst/src_arst
    SLICE_X66Y47         LUT1 (Prop_lut1_I0_O)        0.153     5.467 f  Design_1_i/axi_smc/inst/s00_nodes/s00_ar_node/inst/s_sc_xpm_cdc_async_rst_inst/arststages_ff[2]_i_1/O
                         net (fo=3, routed)           0.484     5.951    Design_1_i/axi_smc/inst/s00_nodes/s00_ar_node/inst/s_sc_xpm_cdc_async_rst_inst/reset_pol
    SLICE_X63Y47         FDCE                                         f  Design_1_i/axi_smc/inst/s00_nodes/s00_ar_node/inst/s_sc_xpm_cdc_async_rst_inst/arststages_ff_reg[1]/CLR
  -------------------------------------------------------------------    -------------------

                         (clock clk_fpga_0 rise edge)
                                                      0.000     0.000 r  <hidden>
    PS7_X0Y0             PS7                          0.000     0.000 r  Design_1_i/processing_system7_0/inst/PS7_i/FCLKCLK[0]
                         net (fo=1, routed)           1.088     1.088    Design_1_i/processing_system7_0/inst/FCLK_CLK_unbuffered[0]
    BUFGCTRL_X0Y16       BUFG (Prop_bufg_I_O)         0.091     1.179 r  Design_1_i/processing_system7_0/inst/buffer_fclk_clk_0.FCLK_CLK_0_BUFG/O
                         net (fo=9506, routed)        1.557     2.736    Design_1_i/axi_smc/inst/s00_nodes/s00_ar_node/inst/s_sc_xpm_cdc_async_rst_inst/dest_clk
    SLICE_X63Y47         FDCE                                         r  Design_1_i/axi_smc/inst/s00_nodes/s00_ar_node/inst/s_sc_xpm_cdc_async_rst_inst/arststages_ff_reg[1]/C

Slack:                    inf
  Source:                 Design_1_i/axi_smc/inst/clk_map/psr_aclk/U0/ACTIVE_LOW_BSR_OUT_DFF[0].FDRE_BSR_N/C
                            (rising edge-triggered cell FDRE clocked by clk_fpga_0  {rise@0.000ns fall@10.000ns period=20.000ns})
  Destination:            Design_1_i/axi_smc/inst/s00_nodes/s00_ar_node/inst/s_sc_xpm_cdc_async_rst_inst/arststages_ff_reg[2]/CLR
                            (recovery check against rising-edge clock clk_fpga_0  {rise@0.000ns fall@10.000ns period=20.000ns})
  Path Group:             (none)
  Path Type:              Recovery (Max at Slow Process Corner)
  Data Path Delay:        2.930ns  (logic 0.671ns (22.901%)  route 2.259ns (77.099%))
  Logic Levels:           1  (LUT1=1)
  Clock Path Skew:        -0.285ns (DCD - SCD + CPR)
    Destination Clock Delay (DCD):    2.737ns
    Source Clock Delay      (SCD):    3.021ns
    Clock Pessimism Removal (CPR):    0.000ns
  Clock Uncertainty:      0.302ns  ((TSJ^2 + TIJ^2)^1/2 + DJ) / 2 + PE
    Total System Jitter     (TSJ):    0.071ns
    Total Input Jitter      (TIJ):    0.600ns
    Discrete Jitter          (DJ):    0.000ns
    Phase Error              (PE):    0.000ns
  Timing Exception:       False Path

    Location             Delay type                Incr(ns)  Path(ns)    Netlist Resource(s)
  -------------------------------------------------------------------    -------------------
                         (clock clk_fpga_0 rise edge)
                                                      0.000     0.000 r  <hidden>
    PS7_X0Y0             PS7                          0.000     0.000 r  Design_1_i/processing_system7_0/inst/PS7_i/FCLKCLK[0]
                         net (fo=1, routed)           1.193     1.193    Design_1_i/processing_system7_0/inst/FCLK_CLK_unbuffered[0]
    BUFGCTRL_X0Y16       BUFG (Prop_bufg_I_O)         0.101     1.294 r  Design_1_i/processing_system7_0/inst/buffer_fclk_clk_0.FCLK_CLK_0_BUFG/O
                         net (fo=9506, routed)        1.727     3.021    Design_1_i/axi_smc/inst/clk_map/psr_aclk/U0/aclk
    SLICE_X66Y35         FDRE                                         r  Design_1_i/axi_smc/inst/clk_map/psr_aclk/U0/ACTIVE_LOW_BSR_OUT_DFF[0].FDRE_BSR_N/C
  -------------------------------------------------------------------    -------------------
    SLICE_X66Y35         FDRE (Prop_fdre_C_Q)         0.518     3.539 r  Design_1_i/axi_smc/inst/clk_map/psr_aclk/U0/ACTIVE_LOW_BSR_OUT_DFF[0].FDRE_BSR_N/Q
                         net (fo=22, routed)          1.775     5.314    Design_1_i/axi_smc/inst/s00_nodes/s00_ar_node/inst/s_sc_xpm_cdc_async_rst_inst/src_arst
    SLICE_X66Y47         LUT1 (Prop_lut1_I0_O)        0.153     5.467 f  Design_1_i/axi_smc/inst/s00_nodes/s00_ar_node/inst/s_sc_xpm_cdc_async_rst_inst/arststages_ff[2]_i_1/O
                         net (fo=3, routed)           0.484     5.951    Design_1_i/axi_smc/inst/s00_nodes/s00_ar_node/inst/s_sc_xpm_cdc_async_rst_inst/reset_pol
    SLICE_X63Y47         FDCE                                         f  Design_1_i/axi_smc/inst/s00_nodes/s00_ar_node/inst/s_sc_xpm_cdc_async_rst_inst/arststages_ff_reg[2]/CLR
  -------------------------------------------------------------------    -------------------

                         (clock clk_fpga_0 rise edge)
                                                      0.000     0.000 r  <hidden>
    PS7_X0Y0             PS7                          0.000     0.000 r  Design_1_i/processing_system7_0/inst/PS7_i/FCLKCLK[0]
                         net (fo=1, routed)           1.088     1.088    Design_1_i/processing_system7_0/inst/FCLK_CLK_unbuffered[0]
    BUFGCTRL_X0Y16       BUFG (Prop_bufg_I_O)         0.091     1.179 r  Design_1_i/processing_system7_0/inst/buffer_fclk_clk_0.FCLK_CLK_0_BUFG/O
                         net (fo=9506, routed)        1.557     2.736    Design_1_i/axi_smc/inst/s00_nodes/s00_ar_node/inst/s_sc_xpm_cdc_async_rst_inst/dest_clk
    SLICE_X63Y47         FDCE                                         r  Design_1_i/axi_smc/inst/s00_nodes/s00_ar_node/inst/s_sc_xpm_cdc_async_rst_inst/arststages_ff_reg[2]/C





Min Delay Paths
--------------------------------------------------------------------------------------
Slack:                    inf
  Source:                 Design_1_i/axi_smc/inst/clk_map/psr_aclk/U0/ACTIVE_LOW_BSR_OUT_DFF[0].FDRE_BSR_N/C
                            (rising edge-triggered cell FDRE clocked by clk_fpga_0  {rise@0.000ns fall@10.000ns period=20.000ns})
  Destination:            Design_1_i/axi_smc/inst/s02_nodes/s02_b_node/inst/s_sc_xpm_cdc_async_rst_inst/arststages_ff_reg[0]/CLR
                            (removal check against rising-edge clock clk_fpga_0  {rise@0.000ns fall@10.000ns period=20.000ns})
  Path Group:             (none)
  Path Type:              Removal (Min at Fast Process Corner)
  Data Path Delay:        0.708ns  (logic 0.209ns (29.538%)  route 0.499ns (70.462%))
  Logic Levels:           1  (LUT1=1)
  Clock Path Skew:        0.298ns (DCD - SCD - CPR)
    Destination Clock Delay (DCD):    1.215ns
    Source Clock Delay      (SCD):    0.917ns
    Clock Pessimism Removal (CPR):    -0.000ns
  Clock Uncertainty:      0.302ns  ((TSJ^2 + TIJ^2)^1/2 + DJ) / 2 + PE
    Total System Jitter     (TSJ):    0.071ns
    Total Input Jitter      (TIJ):    0.600ns
    Discrete Jitter          (DJ):    0.000ns
    Phase Error              (PE):    0.000ns
  Timing Exception:       False Path

    Location             Delay type                Incr(ns)  Path(ns)    Netlist Resource(s)
  -------------------------------------------------------------------    -------------------
                         (clock clk_fpga_0 rise edge)
                                                      0.000     0.000 r  <hidden>
    PS7_X0Y0             PS7                          0.000     0.000 r  Design_1_i/processing_system7_0/inst/PS7_i/FCLKCLK[0]
                         net (fo=1, routed)           0.310     0.310    Design_1_i/processing_system7_0/inst/FCLK_CLK_unbuffered[0]
    BUFGCTRL_X0Y16       BUFG (Prop_bufg_I_O)         0.026     0.336 r  Design_1_i/processing_system7_0/inst/buffer_fclk_clk_0.FCLK_CLK_0_BUFG/O
                         net (fo=9506, routed)        0.581     0.917    Design_1_i/axi_smc/inst/clk_map/psr_aclk/U0/aclk
    SLICE_X66Y35         FDRE                                         r  Design_1_i/axi_smc/inst/clk_map/psr_aclk/U0/ACTIVE_LOW_BSR_OUT_DFF[0].FDRE_BSR_N/C
  -------------------------------------------------------------------    -------------------
    SLICE_X66Y35         FDRE (Prop_fdre_C_Q)         0.164     1.081 r  Design_1_i/axi_smc/inst/clk_map/psr_aclk/U0/ACTIVE_LOW_BSR_OUT_DFF[0].FDRE_BSR_N/Q
                         net (fo=22, routed)          0.290     1.370    Design_1_i/axi_smc/inst/s02_nodes/s02_b_node/inst/s_sc_xpm_cdc_async_rst_inst/src_arst
    SLICE_X70Y36         LUT1 (Prop_lut1_I0_O)        0.045     1.415 f  Design_1_i/axi_smc/inst/s02_nodes/s02_b_node/inst/s_sc_xpm_cdc_async_rst_inst/arststages_ff[2]_i_1/O
                         net (fo=3, routed)           0.209     1.624    Design_1_i/axi_smc/inst/s02_nodes/s02_b_node/inst/s_sc_xpm_cdc_async_rst_inst/reset_pol
    SLICE_X70Y36         FDCE                                         f  Design_1_i/axi_smc/inst/s02_nodes/s02_b_node/inst/s_sc_xpm_cdc_async_rst_inst/arststages_ff_reg[0]/CLR
  -------------------------------------------------------------------    -------------------

                         (clock clk_fpga_0 rise edge)
                                                      0.000     0.000 r  <hidden>
    PS7_X0Y0             PS7                          0.000     0.000 r  Design_1_i/processing_system7_0/inst/PS7_i/FCLKCLK[0]
                         net (fo=1, routed)           0.337     0.337    Design_1_i/processing_system7_0/inst/FCLK_CLK_unbuffered[0]
    BUFGCTRL_X0Y16       BUFG (Prop_bufg_I_O)         0.029     0.366 r  Design_1_i/processing_system7_0/inst/buffer_fclk_clk_0.FCLK_CLK_0_BUFG/O
                         net (fo=9506, routed)        0.849     1.215    Design_1_i/axi_smc/inst/s02_nodes/s02_b_node/inst/s_sc_xpm_cdc_async_rst_inst/dest_clk
    SLICE_X70Y36         FDCE                                         r  Design_1_i/axi_smc/inst/s02_nodes/s02_b_node/inst/s_sc_xpm_cdc_async_rst_inst/arststages_ff_reg[0]/C

Slack:                    inf
  Source:                 Design_1_i/axi_smc/inst/clk_map/psr_aclk/U0/ACTIVE_LOW_BSR_OUT_DFF[0].FDRE_BSR_N/C
                            (rising edge-triggered cell FDRE clocked by clk_fpga_0  {rise@0.000ns fall@10.000ns period=20.000ns})
  Destination:            Design_1_i/axi_smc/inst/s02_nodes/s02_b_node/inst/s_sc_xpm_cdc_async_rst_inst/arststages_ff_reg[1]/CLR
                            (removal check against rising-edge clock clk_fpga_0  {rise@0.000ns fall@10.000ns period=20.000ns})
  Path Group:             (none)
  Path Type:              Removal (Min at Fast Process Corner)
  Data Path Delay:        0.708ns  (logic 0.209ns (29.538%)  route 0.499ns (70.462%))
  Logic Levels:           1  (LUT1=1)
  Clock Path Skew:        0.298ns (DCD - SCD - CPR)
    Destination Clock Delay (DCD):    1.215ns
    Source Clock Delay      (SCD):    0.917ns
    Clock Pessimism Removal (CPR):    -0.000ns
  Clock Uncertainty:      0.302ns  ((TSJ^2 + TIJ^2)^1/2 + DJ) / 2 + PE
    Total System Jitter     (TSJ):    0.071ns
    Total Input Jitter      (TIJ):    0.600ns
    Discrete Jitter          (DJ):    0.000ns
    Phase Error              (PE):    0.000ns
  Timing Exception:       False Path

    Location             Delay type                Incr(ns)  Path(ns)    Netlist Resource(s)
  -------------------------------------------------------------------    -------------------
                         (clock clk_fpga_0 rise edge)
                                                      0.000     0.000 r  <hidden>
    PS7_X0Y0             PS7                          0.000     0.000 r  Design_1_i/processing_system7_0/inst/PS7_i/FCLKCLK[0]
                         net (fo=1, routed)           0.310     0.310    Design_1_i/processing_system7_0/inst/FCLK_CLK_unbuffered[0]
    BUFGCTRL_X0Y16       BUFG (Prop_bufg_I_O)         0.026     0.336 r  Design_1_i/processing_system7_0/inst/buffer_fclk_clk_0.FCLK_CLK_0_BUFG/O
                         net (fo=9506, routed)        0.581     0.917    Design_1_i/axi_smc/inst/clk_map/psr_aclk/U0/aclk
    SLICE_X66Y35         FDRE                                         r  Design_1_i/axi_smc/inst/clk_map/psr_aclk/U0/ACTIVE_LOW_BSR_OUT_DFF[0].FDRE_BSR_N/C
  -------------------------------------------------------------------    -------------------
    SLICE_X66Y35         FDRE (Prop_fdre_C_Q)         0.164     1.081 r  Design_1_i/axi_smc/inst/clk_map/psr_aclk/U0/ACTIVE_LOW_BSR_OUT_DFF[0].FDRE_BSR_N/Q
                         net (fo=22, routed)          0.290     1.370    Design_1_i/axi_smc/inst/s02_nodes/s02_b_node/inst/s_sc_xpm_cdc_async_rst_inst/src_arst
    SLICE_X70Y36         LUT1 (Prop_lut1_I0_O)        0.045     1.415 f  Design_1_i/axi_smc/inst/s02_nodes/s02_b_node/inst/s_sc_xpm_cdc_async_rst_inst/arststages_ff[2]_i_1/O
                         net (fo=3, routed)           0.209     1.624    Design_1_i/axi_smc/inst/s02_nodes/s02_b_node/inst/s_sc_xpm_cdc_async_rst_inst/reset_pol
    SLICE_X70Y36         FDCE                                         f  Design_1_i/axi_smc/inst/s02_nodes/s02_b_node/inst/s_sc_xpm_cdc_async_rst_inst/arststages_ff_reg[1]/CLR
  -------------------------------------------------------------------    -------------------

                         (clock clk_fpga_0 rise edge)
                                                      0.000     0.000 r  <hidden>
    PS7_X0Y0             PS7                          0.000     0.000 r  Design_1_i/processing_system7_0/inst/PS7_i/FCLKCLK[0]
                         net (fo=1, routed)           0.337     0.337    Design_1_i/processing_system7_0/inst/FCLK_CLK_unbuffered[0]
    BUFGCTRL_X0Y16       BUFG (Prop_bufg_I_O)         0.029     0.366 r  Design_1_i/processing_system7_0/inst/buffer_fclk_clk_0.FCLK_CLK_0_BUFG/O
                         net (fo=9506, routed)        0.849     1.215    Design_1_i/axi_smc/inst/s02_nodes/s02_b_node/inst/s_sc_xpm_cdc_async_rst_inst/dest_clk
    SLICE_X70Y36         FDCE                                         r  Design_1_i/axi_smc/inst/s02_nodes/s02_b_node/inst/s_sc_xpm_cdc_async_rst_inst/arststages_ff_reg[1]/C

Slack:                    inf
  Source:                 Design_1_i/axi_smc/inst/clk_map/psr_aclk/U0/ACTIVE_LOW_BSR_OUT_DFF[0].FDRE_BSR_N/C
                            (rising edge-triggered cell FDRE clocked by clk_fpga_0  {rise@0.000ns fall@10.000ns period=20.000ns})
  Destination:            Design_1_i/axi_smc/inst/s02_nodes/s02_b_node/inst/s_sc_xpm_cdc_async_rst_inst/arststages_ff_reg[2]/CLR
                            (removal check against rising-edge clock clk_fpga_0  {rise@0.000ns fall@10.000ns period=20.000ns})
  Path Group:             (none)
  Path Type:              Removal (Min at Fast Process Corner)
  Data Path Delay:        0.708ns  (logic 0.209ns (29.538%)  route 0.499ns (70.462%))
  Logic Levels:           1  (LUT1=1)
  Clock Path Skew:        0.298ns (DCD - SCD - CPR)
    Destination Clock Delay (DCD):    1.215ns
    Source Clock Delay      (SCD):    0.917ns
    Clock Pessimism Removal (CPR):    -0.000ns
  Clock Uncertainty:      0.302ns  ((TSJ^2 + TIJ^2)^1/2 + DJ) / 2 + PE
    Total System Jitter     (TSJ):    0.071ns
    Total Input Jitter      (TIJ):    0.600ns
    Discrete Jitter          (DJ):    0.000ns
    Phase Error              (PE):    0.000ns
  Timing Exception:       False Path

    Location             Delay type                Incr(ns)  Path(ns)    Netlist Resource(s)
  -------------------------------------------------------------------    -------------------
                         (clock clk_fpga_0 rise edge)
                                                      0.000     0.000 r  <hidden>
    PS7_X0Y0             PS7                          0.000     0.000 r  Design_1_i/processing_system7_0/inst/PS7_i/FCLKCLK[0]
                         net (fo=1, routed)           0.310     0.310    Design_1_i/processing_system7_0/inst/FCLK_CLK_unbuffered[0]
    BUFGCTRL_X0Y16       BUFG (Prop_bufg_I_O)         0.026     0.336 r  Design_1_i/processing_system7_0/inst/buffer_fclk_clk_0.FCLK_CLK_0_BUFG/O
                         net (fo=9506, routed)        0.581     0.917    Design_1_i/axi_smc/inst/clk_map/psr_aclk/U0/aclk
    SLICE_X66Y35         FDRE                                         r  Design_1_i/axi_smc/inst/clk_map/psr_aclk/U0/ACTIVE_LOW_BSR_OUT_DFF[0].FDRE_BSR_N/C
  -------------------------------------------------------------------    -------------------
    SLICE_X66Y35         FDRE (Prop_fdre_C_Q)         0.164     1.081 r  Design_1_i/axi_smc/inst/clk_map/psr_aclk/U0/ACTIVE_LOW_BSR_OUT_DFF[0].FDRE_BSR_N/Q
                         net (fo=22, routed)          0.290     1.370    Design_1_i/axi_smc/inst/s02_nodes/s02_b_node/inst/s_sc_xpm_cdc_async_rst_inst/src_arst
    SLICE_X70Y36         LUT1 (Prop_lut1_I0_O)        0.045     1.415 f  Design_1_i/axi_smc/inst/s02_nodes/s02_b_node/inst/s_sc_xpm_cdc_async_rst_inst/arststages_ff[2]_i_1/O
                         net (fo=3, routed)           0.209     1.624    Design_1_i/axi_smc/inst/s02_nodes/s02_b_node/inst/s_sc_xpm_cdc_async_rst_inst/reset_pol
    SLICE_X70Y36         FDCE                                         f  Design_1_i/axi_smc/inst/s02_nodes/s02_b_node/inst/s_sc_xpm_cdc_async_rst_inst/arststages_ff_reg[2]/CLR
  -------------------------------------------------------------------    -------------------

                         (clock clk_fpga_0 rise edge)
                                                      0.000     0.000 r  <hidden>
    PS7_X0Y0             PS7                          0.000     0.000 r  Design_1_i/processing_system7_0/inst/PS7_i/FCLKCLK[0]
                         net (fo=1, routed)           0.337     0.337    Design_1_i/processing_system7_0/inst/FCLK_CLK_unbuffered[0]
    BUFGCTRL_X0Y16       BUFG (Prop_bufg_I_O)         0.029     0.366 r  Design_1_i/processing_system7_0/inst/buffer_fclk_clk_0.FCLK_CLK_0_BUFG/O
                         net (fo=9506, routed)        0.849     1.215    Design_1_i/axi_smc/inst/s02_nodes/s02_b_node/inst/s_sc_xpm_cdc_async_rst_inst/dest_clk
    SLICE_X70Y36         FDCE                                         r  Design_1_i/axi_smc/inst/s02_nodes/s02_b_node/inst/s_sc_xpm_cdc_async_rst_inst/arststages_ff_reg[2]/C

Slack:                    inf
  Source:                 Design_1_i/axi_smc/inst/clk_map/psr_aclk/U0/ACTIVE_LOW_BSR_OUT_DFF[0].FDRE_BSR_N/C
                            (rising edge-triggered cell FDRE clocked by clk_fpga_0  {rise@0.000ns fall@10.000ns period=20.000ns})
  Destination:            Design_1_i/axi_smc/inst/m00_exit_pipeline/m00_exit/inst/xpm_cdc_async_rst_inst/arststages_ff_reg[0]/CLR
                            (removal check against rising-edge clock clk_fpga_0  {rise@0.000ns fall@10.000ns period=20.000ns})
  Path Group:             (none)
  Path Type:              Removal (Min at Fast Process Corner)
  Data Path Delay:        0.800ns  (logic 0.208ns (26.009%)  route 0.592ns (73.991%))
  Logic Levels:           1  (LUT1=1)
  Clock Path Skew:        0.293ns (DCD - SCD - CPR)
    Destination Clock Delay (DCD):    1.210ns
    Source Clock Delay      (SCD):    0.917ns
    Clock Pessimism Removal (CPR):    -0.000ns
  Clock Uncertainty:      0.302ns  ((TSJ^2 + TIJ^2)^1/2 + DJ) / 2 + PE
    Total System Jitter     (TSJ):    0.071ns
    Total Input Jitter      (TIJ):    0.600ns
    Discrete Jitter          (DJ):    0.000ns
    Phase Error              (PE):    0.000ns
  Timing Exception:       False Path

    Location             Delay type                Incr(ns)  Path(ns)    Netlist Resource(s)
  -------------------------------------------------------------------    -------------------
                         (clock clk_fpga_0 rise edge)
                                                      0.000     0.000 r  <hidden>
    PS7_X0Y0             PS7                          0.000     0.000 r  Design_1_i/processing_system7_0/inst/PS7_i/FCLKCLK[0]
                         net (fo=1, routed)           0.310     0.310    Design_1_i/processing_system7_0/inst/FCLK_CLK_unbuffered[0]
    BUFGCTRL_X0Y16       BUFG (Prop_bufg_I_O)         0.026     0.336 r  Design_1_i/processing_system7_0/inst/buffer_fclk_clk_0.FCLK_CLK_0_BUFG/O
                         net (fo=9506, routed)        0.581     0.917    Design_1_i/axi_smc/inst/clk_map/psr_aclk/U0/aclk
    SLICE_X66Y35         FDRE                                         r  Design_1_i/axi_smc/inst/clk_map/psr_aclk/U0/ACTIVE_LOW_BSR_OUT_DFF[0].FDRE_BSR_N/C
  -------------------------------------------------------------------    -------------------
    SLICE_X66Y35         FDRE (Prop_fdre_C_Q)         0.164     1.081 r  Design_1_i/axi_smc/inst/clk_map/psr_aclk/U0/ACTIVE_LOW_BSR_OUT_DFF[0].FDRE_BSR_N/Q
                         net (fo=22, routed)          0.363     1.443    Design_1_i/axi_smc/inst/m00_exit_pipeline/m00_exit/inst/xpm_cdc_async_rst_inst/src_arst
    SLICE_X57Y35         LUT1 (Prop_lut1_I0_O)        0.044     1.487 f  Design_1_i/axi_smc/inst/m00_exit_pipeline/m00_exit/inst/xpm_cdc_async_rst_inst/arststages_ff[2]_i_1/O
                         net (fo=3, routed)           0.229     1.716    Design_1_i/axi_smc/inst/m00_exit_pipeline/m00_exit/inst/xpm_cdc_async_rst_inst/reset_pol
    SLICE_X55Y34         FDCE                                         f  Design_1_i/axi_smc/inst/m00_exit_pipeline/m00_exit/inst/xpm_cdc_async_rst_inst/arststages_ff_reg[0]/CLR
  -------------------------------------------------------------------    -------------------

                         (clock clk_fpga_0 rise edge)
                                                      0.000     0.000 r  <hidden>
    PS7_X0Y0             PS7                          0.000     0.000 r  Design_1_i/processing_system7_0/inst/PS7_i/FCLKCLK[0]
                         net (fo=1, routed)           0.337     0.337    Design_1_i/processing_system7_0/inst/FCLK_CLK_unbuffered[0]
    BUFGCTRL_X0Y16       BUFG (Prop_bufg_I_O)         0.029     0.366 r  Design_1_i/processing_system7_0/inst/buffer_fclk_clk_0.FCLK_CLK_0_BUFG/O
                         net (fo=9506, routed)        0.844     1.210    Design_1_i/axi_smc/inst/m00_exit_pipeline/m00_exit/inst/xpm_cdc_async_rst_inst/dest_clk
    SLICE_X55Y34         FDCE                                         r  Design_1_i/axi_smc/inst/m00_exit_pipeline/m00_exit/inst/xpm_cdc_async_rst_inst/arststages_ff_reg[0]/C

Slack:                    inf
  Source:                 Design_1_i/axi_smc/inst/clk_map/psr_aclk/U0/ACTIVE_LOW_BSR_OUT_DFF[0].FDRE_BSR_N/C
                            (rising edge-triggered cell FDRE clocked by clk_fpga_0  {rise@0.000ns fall@10.000ns period=20.000ns})
  Destination:            Design_1_i/axi_smc/inst/m00_exit_pipeline/m00_exit/inst/xpm_cdc_async_rst_inst/arststages_ff_reg[1]/CLR
                            (removal check against rising-edge clock clk_fpga_0  {rise@0.000ns fall@10.000ns period=20.000ns})
  Path Group:             (none)
  Path Type:              Removal (Min at Fast Process Corner)
  Data Path Delay:        0.800ns  (logic 0.208ns (26.009%)  route 0.592ns (73.991%))
  Logic Levels:           1  (LUT1=1)
  Clock Path Skew:        0.293ns (DCD - SCD - CPR)
    Destination Clock Delay (DCD):    1.210ns
    Source Clock Delay      (SCD):    0.917ns
    Clock Pessimism Removal (CPR):    -0.000ns
  Clock Uncertainty:      0.302ns  ((TSJ^2 + TIJ^2)^1/2 + DJ) / 2 + PE
    Total System Jitter     (TSJ):    0.071ns
    Total Input Jitter      (TIJ):    0.600ns
    Discrete Jitter          (DJ):    0.000ns
    Phase Error              (PE):    0.000ns
  Timing Exception:       False Path

    Location             Delay type                Incr(ns)  Path(ns)    Netlist Resource(s)
  -------------------------------------------------------------------    -------------------
                         (clock clk_fpga_0 rise edge)
                                                      0.000     0.000 r  <hidden>
    PS7_X0Y0             PS7                          0.000     0.000 r  Design_1_i/processing_system7_0/inst/PS7_i/FCLKCLK[0]
                         net (fo=1, routed)           0.310     0.310    Design_1_i/processing_system7_0/inst/FCLK_CLK_unbuffered[0]
    BUFGCTRL_X0Y16       BUFG (Prop_bufg_I_O)         0.026     0.336 r  Design_1_i/processing_system7_0/inst/buffer_fclk_clk_0.FCLK_CLK_0_BUFG/O
                         net (fo=9506, routed)        0.581     0.917    Design_1_i/axi_smc/inst/clk_map/psr_aclk/U0/aclk
    SLICE_X66Y35         FDRE                                         r  Design_1_i/axi_smc/inst/clk_map/psr_aclk/U0/ACTIVE_LOW_BSR_OUT_DFF[0].FDRE_BSR_N/C
  -------------------------------------------------------------------    -------------------
    SLICE_X66Y35         FDRE (Prop_fdre_C_Q)         0.164     1.081 r  Design_1_i/axi_smc/inst/clk_map/psr_aclk/U0/ACTIVE_LOW_BSR_OUT_DFF[0].FDRE_BSR_N/Q
                         net (fo=22, routed)          0.363     1.443    Design_1_i/axi_smc/inst/m00_exit_pipeline/m00_exit/inst/xpm_cdc_async_rst_inst/src_arst
    SLICE_X57Y35         LUT1 (Prop_lut1_I0_O)        0.044     1.487 f  Design_1_i/axi_smc/inst/m00_exit_pipeline/m00_exit/inst/xpm_cdc_async_rst_inst/arststages_ff[2]_i_1/O
                         net (fo=3, routed)           0.229     1.716    Design_1_i/axi_smc/inst/m00_exit_pipeline/m00_exit/inst/xpm_cdc_async_rst_inst/reset_pol
    SLICE_X55Y34         FDCE                                         f  Design_1_i/axi_smc/inst/m00_exit_pipeline/m00_exit/inst/xpm_cdc_async_rst_inst/arststages_ff_reg[1]/CLR
  -------------------------------------------------------------------    -------------------

                         (clock clk_fpga_0 rise edge)
                                                      0.000     0.000 r  <hidden>
    PS7_X0Y0             PS7                          0.000     0.000 r  Design_1_i/processing_system7_0/inst/PS7_i/FCLKCLK[0]
                         net (fo=1, routed)           0.337     0.337    Design_1_i/processing_system7_0/inst/FCLK_CLK_unbuffered[0]
    BUFGCTRL_X0Y16       BUFG (Prop_bufg_I_O)         0.029     0.366 r  Design_1_i/processing_system7_0/inst/buffer_fclk_clk_0.FCLK_CLK_0_BUFG/O
                         net (fo=9506, routed)        0.844     1.210    Design_1_i/axi_smc/inst/m00_exit_pipeline/m00_exit/inst/xpm_cdc_async_rst_inst/dest_clk
    SLICE_X55Y34         FDCE                                         r  Design_1_i/axi_smc/inst/m00_exit_pipeline/m00_exit/inst/xpm_cdc_async_rst_inst/arststages_ff_reg[1]/C

Slack:                    inf
  Source:                 Design_1_i/axi_smc/inst/clk_map/psr_aclk/U0/ACTIVE_LOW_BSR_OUT_DFF[0].FDRE_BSR_N/C
                            (rising edge-triggered cell FDRE clocked by clk_fpga_0  {rise@0.000ns fall@10.000ns period=20.000ns})
  Destination:            Design_1_i/axi_smc/inst/m00_exit_pipeline/m00_exit/inst/xpm_cdc_async_rst_inst/arststages_ff_reg[2]/CLR
                            (removal check against rising-edge clock clk_fpga_0  {rise@0.000ns fall@10.000ns period=20.000ns})
  Path Group:             (none)
  Path Type:              Removal (Min at Fast Process Corner)
  Data Path Delay:        0.800ns  (logic 0.208ns (26.009%)  route 0.592ns (73.991%))
  Logic Levels:           1  (LUT1=1)
  Clock Path Skew:        0.293ns (DCD - SCD - CPR)
    Destination Clock Delay (DCD):    1.210ns
    Source Clock Delay      (SCD):    0.917ns
    Clock Pessimism Removal (CPR):    -0.000ns
  Clock Uncertainty:      0.302ns  ((TSJ^2 + TIJ^2)^1/2 + DJ) / 2 + PE
    Total System Jitter     (TSJ):    0.071ns
    Total Input Jitter      (TIJ):    0.600ns
    Discrete Jitter          (DJ):    0.000ns
    Phase Error              (PE):    0.000ns
  Timing Exception:       False Path

    Location             Delay type                Incr(ns)  Path(ns)    Netlist Resource(s)
  -------------------------------------------------------------------    -------------------
                         (clock clk_fpga_0 rise edge)
                                                      0.000     0.000 r  <hidden>
    PS7_X0Y0             PS7                          0.000     0.000 r  Design_1_i/processing_system7_0/inst/PS7_i/FCLKCLK[0]
                         net (fo=1, routed)           0.310     0.310    Design_1_i/processing_system7_0/inst/FCLK_CLK_unbuffered[0]
    BUFGCTRL_X0Y16       BUFG (Prop_bufg_I_O)         0.026     0.336 r  Design_1_i/processing_system7_0/inst/buffer_fclk_clk_0.FCLK_CLK_0_BUFG/O
                         net (fo=9506, routed)        0.581     0.917    Design_1_i/axi_smc/inst/clk_map/psr_aclk/U0/aclk
    SLICE_X66Y35         FDRE                                         r  Design_1_i/axi_smc/inst/clk_map/psr_aclk/U0/ACTIVE_LOW_BSR_OUT_DFF[0].FDRE_BSR_N/C
  -------------------------------------------------------------------    -------------------
    SLICE_X66Y35         FDRE (Prop_fdre_C_Q)         0.164     1.081 r  Design_1_i/axi_smc/inst/clk_map/psr_aclk/U0/ACTIVE_LOW_BSR_OUT_DFF[0].FDRE_BSR_N/Q
                         net (fo=22, routed)          0.363     1.443    Design_1_i/axi_smc/inst/m00_exit_pipeline/m00_exit/inst/xpm_cdc_async_rst_inst/src_arst
    SLICE_X57Y35         LUT1 (Prop_lut1_I0_O)        0.044     1.487 f  Design_1_i/axi_smc/inst/m00_exit_pipeline/m00_exit/inst/xpm_cdc_async_rst_inst/arststages_ff[2]_i_1/O
                         net (fo=3, routed)           0.229     1.716    Design_1_i/axi_smc/inst/m00_exit_pipeline/m00_exit/inst/xpm_cdc_async_rst_inst/reset_pol
    SLICE_X55Y34         FDCE                                         f  Design_1_i/axi_smc/inst/m00_exit_pipeline/m00_exit/inst/xpm_cdc_async_rst_inst/arststages_ff_reg[2]/CLR
  -------------------------------------------------------------------    -------------------

                         (clock clk_fpga_0 rise edge)
                                                      0.000     0.000 r  <hidden>
    PS7_X0Y0             PS7                          0.000     0.000 r  Design_1_i/processing_system7_0/inst/PS7_i/FCLKCLK[0]
                         net (fo=1, routed)           0.337     0.337    Design_1_i/processing_system7_0/inst/FCLK_CLK_unbuffered[0]
    BUFGCTRL_X0Y16       BUFG (Prop_bufg_I_O)         0.029     0.366 r  Design_1_i/processing_system7_0/inst/buffer_fclk_clk_0.FCLK_CLK_0_BUFG/O
                         net (fo=9506, routed)        0.844     1.210    Design_1_i/axi_smc/inst/m00_exit_pipeline/m00_exit/inst/xpm_cdc_async_rst_inst/dest_clk
    SLICE_X55Y34         FDCE                                         r  Design_1_i/axi_smc/inst/m00_exit_pipeline/m00_exit/inst/xpm_cdc_async_rst_inst/arststages_ff_reg[2]/C

Slack:                    inf
  Source:                 Design_1_i/axi_smc/inst/clk_map/psr_aclk/U0/ACTIVE_LOW_BSR_OUT_DFF[0].FDRE_BSR_N/C
                            (rising edge-triggered cell FDRE clocked by clk_fpga_0  {rise@0.000ns fall@10.000ns period=20.000ns})
  Destination:            Design_1_i/axi_smc/inst/m00_nodes/m00_aw_node/inst/s_sc_xpm_cdc_async_rst_inst/arststages_ff_reg[0]/CLR
                            (removal check against rising-edge clock clk_fpga_0  {rise@0.000ns fall@10.000ns period=20.000ns})
  Path Group:             (none)
  Path Type:              Removal (Min at Fast Process Corner)
  Data Path Delay:        0.803ns  (logic 0.209ns (26.043%)  route 0.594ns (73.957%))
  Logic Levels:           1  (LUT1=1)
  Clock Path Skew:        0.296ns (DCD - SCD - CPR)
    Destination Clock Delay (DCD):    1.213ns
    Source Clock Delay      (SCD):    0.917ns
    Clock Pessimism Removal (CPR):    -0.000ns
  Clock Uncertainty:      0.302ns  ((TSJ^2 + TIJ^2)^1/2 + DJ) / 2 + PE
    Total System Jitter     (TSJ):    0.071ns
    Total Input Jitter      (TIJ):    0.600ns
    Discrete Jitter          (DJ):    0.000ns
    Phase Error              (PE):    0.000ns
  Timing Exception:       False Path

    Location             Delay type                Incr(ns)  Path(ns)    Netlist Resource(s)
  -------------------------------------------------------------------    -------------------
                         (clock clk_fpga_0 rise edge)
                                                      0.000     0.000 r  <hidden>
    PS7_X0Y0             PS7                          0.000     0.000 r  Design_1_i/processing_system7_0/inst/PS7_i/FCLKCLK[0]
                         net (fo=1, routed)           0.310     0.310    Design_1_i/processing_system7_0/inst/FCLK_CLK_unbuffered[0]
    BUFGCTRL_X0Y16       BUFG (Prop_bufg_I_O)         0.026     0.336 r  Design_1_i/processing_system7_0/inst/buffer_fclk_clk_0.FCLK_CLK_0_BUFG/O
                         net (fo=9506, routed)        0.581     0.917    Design_1_i/axi_smc/inst/clk_map/psr_aclk/U0/aclk
    SLICE_X66Y35         FDRE                                         r  Design_1_i/axi_smc/inst/clk_map/psr_aclk/U0/ACTIVE_LOW_BSR_OUT_DFF[0].FDRE_BSR_N/C
  -------------------------------------------------------------------    -------------------
    SLICE_X66Y35         FDRE (Prop_fdre_C_Q)         0.164     1.081 r  Design_1_i/axi_smc/inst/clk_map/psr_aclk/U0/ACTIVE_LOW_BSR_OUT_DFF[0].FDRE_BSR_N/Q
                         net (fo=22, routed)          0.363     1.443    Design_1_i/axi_smc/inst/m00_nodes/m00_aw_node/inst/s_sc_xpm_cdc_async_rst_inst/src_arst
    SLICE_X57Y35         LUT1 (Prop_lut1_I0_O)        0.045     1.488 f  Design_1_i/axi_smc/inst/m00_nodes/m00_aw_node/inst/s_sc_xpm_cdc_async_rst_inst/arststages_ff[2]_i_1/O
                         net (fo=3, routed)           0.231     1.719    Design_1_i/axi_smc/inst/m00_nodes/m00_aw_node/inst/s_sc_xpm_cdc_async_rst_inst/reset_pol
    SLICE_X57Y35         FDCE                                         f  Design_1_i/axi_smc/inst/m00_nodes/m00_aw_node/inst/s_sc_xpm_cdc_async_rst_inst/arststages_ff_reg[0]/CLR
  -------------------------------------------------------------------    -------------------

                         (clock clk_fpga_0 rise edge)
                                                      0.000     0.000 r  <hidden>
    PS7_X0Y0             PS7                          0.000     0.000 r  Design_1_i/processing_system7_0/inst/PS7_i/FCLKCLK[0]
                         net (fo=1, routed)           0.337     0.337    Design_1_i/processing_system7_0/inst/FCLK_CLK_unbuffered[0]
    BUFGCTRL_X0Y16       BUFG (Prop_bufg_I_O)         0.029     0.366 r  Design_1_i/processing_system7_0/inst/buffer_fclk_clk_0.FCLK_CLK_0_BUFG/O
                         net (fo=9506, routed)        0.847     1.213    Design_1_i/axi_smc/inst/m00_nodes/m00_aw_node/inst/s_sc_xpm_cdc_async_rst_inst/dest_clk
    SLICE_X57Y35         FDCE                                         r  Design_1_i/axi_smc/inst/m00_nodes/m00_aw_node/inst/s_sc_xpm_cdc_async_rst_inst/arststages_ff_reg[0]/C

Slack:                    inf
  Source:                 Design_1_i/axi_smc/inst/clk_map/psr_aclk/U0/ACTIVE_LOW_BSR_OUT_DFF[0].FDRE_BSR_N/C
                            (rising edge-triggered cell FDRE clocked by clk_fpga_0  {rise@0.000ns fall@10.000ns period=20.000ns})
  Destination:            Design_1_i/axi_smc/inst/m00_nodes/m00_aw_node/inst/s_sc_xpm_cdc_async_rst_inst/arststages_ff_reg[1]/CLR
                            (removal check against rising-edge clock clk_fpga_0  {rise@0.000ns fall@10.000ns period=20.000ns})
  Path Group:             (none)
  Path Type:              Removal (Min at Fast Process Corner)
  Data Path Delay:        0.803ns  (logic 0.209ns (26.043%)  route 0.594ns (73.957%))
  Logic Levels:           1  (LUT1=1)
  Clock Path Skew:        0.296ns (DCD - SCD - CPR)
    Destination Clock Delay (DCD):    1.213ns
    Source Clock Delay      (SCD):    0.917ns
    Clock Pessimism Removal (CPR):    -0.000ns
  Clock Uncertainty:      0.302ns  ((TSJ^2 + TIJ^2)^1/2 + DJ) / 2 + PE
    Total System Jitter     (TSJ):    0.071ns
    Total Input Jitter      (TIJ):    0.600ns
    Discrete Jitter          (DJ):    0.000ns
    Phase Error              (PE):    0.000ns
  Timing Exception:       False Path

    Location             Delay type                Incr(ns)  Path(ns)    Netlist Resource(s)
  -------------------------------------------------------------------    -------------------
                         (clock clk_fpga_0 rise edge)
                                                      0.000     0.000 r  <hidden>
    PS7_X0Y0             PS7                          0.000     0.000 r  Design_1_i/processing_system7_0/inst/PS7_i/FCLKCLK[0]
                         net (fo=1, routed)           0.310     0.310    Design_1_i/processing_system7_0/inst/FCLK_CLK_unbuffered[0]
    BUFGCTRL_X0Y16       BUFG (Prop_bufg_I_O)         0.026     0.336 r  Design_1_i/processing_system7_0/inst/buffer_fclk_clk_0.FCLK_CLK_0_BUFG/O
                         net (fo=9506, routed)        0.581     0.917    Design_1_i/axi_smc/inst/clk_map/psr_aclk/U0/aclk
    SLICE_X66Y35         FDRE                                         r  Design_1_i/axi_smc/inst/clk_map/psr_aclk/U0/ACTIVE_LOW_BSR_OUT_DFF[0].FDRE_BSR_N/C
  -------------------------------------------------------------------    -------------------
    SLICE_X66Y35         FDRE (Prop_fdre_C_Q)         0.164     1.081 r  Design_1_i/axi_smc/inst/clk_map/psr_aclk/U0/ACTIVE_LOW_BSR_OUT_DFF[0].FDRE_BSR_N/Q
                         net (fo=22, routed)          0.363     1.443    Design_1_i/axi_smc/inst/m00_nodes/m00_aw_node/inst/s_sc_xpm_cdc_async_rst_inst/src_arst
    SLICE_X57Y35         LUT1 (Prop_lut1_I0_O)        0.045     1.488 f  Design_1_i/axi_smc/inst/m00_nodes/m00_aw_node/inst/s_sc_xpm_cdc_async_rst_inst/arststages_ff[2]_i_1/O
                         net (fo=3, routed)           0.231     1.719    Design_1_i/axi_smc/inst/m00_nodes/m00_aw_node/inst/s_sc_xpm_cdc_async_rst_inst/reset_pol
    SLICE_X57Y35         FDCE                                         f  Design_1_i/axi_smc/inst/m00_nodes/m00_aw_node/inst/s_sc_xpm_cdc_async_rst_inst/arststages_ff_reg[1]/CLR
  -------------------------------------------------------------------    -------------------

                         (clock clk_fpga_0 rise edge)
                                                      0.000     0.000 r  <hidden>
    PS7_X0Y0             PS7                          0.000     0.000 r  Design_1_i/processing_system7_0/inst/PS7_i/FCLKCLK[0]
                         net (fo=1, routed)           0.337     0.337    Design_1_i/processing_system7_0/inst/FCLK_CLK_unbuffered[0]
    BUFGCTRL_X0Y16       BUFG (Prop_bufg_I_O)         0.029     0.366 r  Design_1_i/processing_system7_0/inst/buffer_fclk_clk_0.FCLK_CLK_0_BUFG/O
                         net (fo=9506, routed)        0.847     1.213    Design_1_i/axi_smc/inst/m00_nodes/m00_aw_node/inst/s_sc_xpm_cdc_async_rst_inst/dest_clk
    SLICE_X57Y35         FDCE                                         r  Design_1_i/axi_smc/inst/m00_nodes/m00_aw_node/inst/s_sc_xpm_cdc_async_rst_inst/arststages_ff_reg[1]/C

Slack:                    inf
  Source:                 Design_1_i/axi_smc/inst/clk_map/psr_aclk/U0/ACTIVE_LOW_BSR_OUT_DFF[0].FDRE_BSR_N/C
                            (rising edge-triggered cell FDRE clocked by clk_fpga_0  {rise@0.000ns fall@10.000ns period=20.000ns})
  Destination:            Design_1_i/axi_smc/inst/m00_nodes/m00_aw_node/inst/s_sc_xpm_cdc_async_rst_inst/arststages_ff_reg[2]/CLR
                            (removal check against rising-edge clock clk_fpga_0  {rise@0.000ns fall@10.000ns period=20.000ns})
  Path Group:             (none)
  Path Type:              Removal (Min at Fast Process Corner)
  Data Path Delay:        0.803ns  (logic 0.209ns (26.043%)  route 0.594ns (73.957%))
  Logic Levels:           1  (LUT1=1)
  Clock Path Skew:        0.296ns (DCD - SCD - CPR)
    Destination Clock Delay (DCD):    1.213ns
    Source Clock Delay      (SCD):    0.917ns
    Clock Pessimism Removal (CPR):    -0.000ns
  Clock Uncertainty:      0.302ns  ((TSJ^2 + TIJ^2)^1/2 + DJ) / 2 + PE
    Total System Jitter     (TSJ):    0.071ns
    Total Input Jitter      (TIJ):    0.600ns
    Discrete Jitter          (DJ):    0.000ns
    Phase Error              (PE):    0.000ns
  Timing Exception:       False Path

    Location             Delay type                Incr(ns)  Path(ns)    Netlist Resource(s)
  -------------------------------------------------------------------    -------------------
                         (clock clk_fpga_0 rise edge)
                                                      0.000     0.000 r  <hidden>
    PS7_X0Y0             PS7                          0.000     0.000 r  Design_1_i/processing_system7_0/inst/PS7_i/FCLKCLK[0]
                         net (fo=1, routed)           0.310     0.310    Design_1_i/processing_system7_0/inst/FCLK_CLK_unbuffered[0]
    BUFGCTRL_X0Y16       BUFG (Prop_bufg_I_O)         0.026     0.336 r  Design_1_i/processing_system7_0/inst/buffer_fclk_clk_0.FCLK_CLK_0_BUFG/O
                         net (fo=9506, routed)        0.581     0.917    Design_1_i/axi_smc/inst/clk_map/psr_aclk/U0/aclk
    SLICE_X66Y35         FDRE                                         r  Design_1_i/axi_smc/inst/clk_map/psr_aclk/U0/ACTIVE_LOW_BSR_OUT_DFF[0].FDRE_BSR_N/C
  -------------------------------------------------------------------    -------------------
    SLICE_X66Y35         FDRE (Prop_fdre_C_Q)         0.164     1.081 r  Design_1_i/axi_smc/inst/clk_map/psr_aclk/U0/ACTIVE_LOW_BSR_OUT_DFF[0].FDRE_BSR_N/Q
                         net (fo=22, routed)          0.363     1.443    Design_1_i/axi_smc/inst/m00_nodes/m00_aw_node/inst/s_sc_xpm_cdc_async_rst_inst/src_arst
    SLICE_X57Y35         LUT1 (Prop_lut1_I0_O)        0.045     1.488 f  Design_1_i/axi_smc/inst/m00_nodes/m00_aw_node/inst/s_sc_xpm_cdc_async_rst_inst/arststages_ff[2]_i_1/O
                         net (fo=3, routed)           0.231     1.719    Design_1_i/axi_smc/inst/m00_nodes/m00_aw_node/inst/s_sc_xpm_cdc_async_rst_inst/reset_pol
    SLICE_X57Y35         FDCE                                         f  Design_1_i/axi_smc/inst/m00_nodes/m00_aw_node/inst/s_sc_xpm_cdc_async_rst_inst/arststages_ff_reg[2]/CLR
  -------------------------------------------------------------------    -------------------

                         (clock clk_fpga_0 rise edge)
                                                      0.000     0.000 r  <hidden>
    PS7_X0Y0             PS7                          0.000     0.000 r  Design_1_i/processing_system7_0/inst/PS7_i/FCLKCLK[0]
                         net (fo=1, routed)           0.337     0.337    Design_1_i/processing_system7_0/inst/FCLK_CLK_unbuffered[0]
    BUFGCTRL_X0Y16       BUFG (Prop_bufg_I_O)         0.029     0.366 r  Design_1_i/processing_system7_0/inst/buffer_fclk_clk_0.FCLK_CLK_0_BUFG/O
                         net (fo=9506, routed)        0.847     1.213    Design_1_i/axi_smc/inst/m00_nodes/m00_aw_node/inst/s_sc_xpm_cdc_async_rst_inst/dest_clk
    SLICE_X57Y35         FDCE                                         r  Design_1_i/axi_smc/inst/m00_nodes/m00_aw_node/inst/s_sc_xpm_cdc_async_rst_inst/arststages_ff_reg[2]/C

Slack:                    inf
  Source:                 Design_1_i/axi_smc/inst/clk_map/psr_aclk/U0/ACTIVE_LOW_BSR_OUT_DFF[0].FDRE_BSR_N/C
                            (rising edge-triggered cell FDRE clocked by clk_fpga_0  {rise@0.000ns fall@10.000ns period=20.000ns})
  Destination:            Design_1_i/axi_smc/inst/m00_nodes/m00_b_node/inst/s_sc_xpm_cdc_async_rst_inst/arststages_ff_reg[0]/CLR
                            (removal check against rising-edge clock clk_fpga_0  {rise@0.000ns fall@10.000ns period=20.000ns})
  Path Group:             (none)
  Path Type:              Removal (Min at Fast Process Corner)
  Data Path Delay:        0.882ns  (logic 0.209ns (23.685%)  route 0.673ns (76.315%))
  Logic Levels:           1  (LUT1=1)
  Clock Path Skew:        0.298ns (DCD - SCD - CPR)
    Destination Clock Delay (DCD):    1.215ns
    Source Clock Delay      (SCD):    0.917ns
    Clock Pessimism Removal (CPR):    -0.000ns
  Clock Uncertainty:      0.302ns  ((TSJ^2 + TIJ^2)^1/2 + DJ) / 2 + PE
    Total System Jitter     (TSJ):    0.071ns
    Total Input Jitter      (TIJ):    0.600ns
    Discrete Jitter          (DJ):    0.000ns
    Phase Error              (PE):    0.000ns
  Timing Exception:       False Path

    Location             Delay type                Incr(ns)  Path(ns)    Netlist Resource(s)
  -------------------------------------------------------------------    -------------------
                         (clock clk_fpga_0 rise edge)
                                                      0.000     0.000 r  <hidden>
    PS7_X0Y0             PS7                          0.000     0.000 r  Design_1_i/processing_system7_0/inst/PS7_i/FCLKCLK[0]
                         net (fo=1, routed)           0.310     0.310    Design_1_i/processing_system7_0/inst/FCLK_CLK_unbuffered[0]
    BUFGCTRL_X0Y16       BUFG (Prop_bufg_I_O)         0.026     0.336 r  Design_1_i/processing_system7_0/inst/buffer_fclk_clk_0.FCLK_CLK_0_BUFG/O
                         net (fo=9506, routed)        0.581     0.917    Design_1_i/axi_smc/inst/clk_map/psr_aclk/U0/aclk
    SLICE_X66Y35         FDRE                                         r  Design_1_i/axi_smc/inst/clk_map/psr_aclk/U0/ACTIVE_LOW_BSR_OUT_DFF[0].FDRE_BSR_N/C
  -------------------------------------------------------------------    -------------------
    SLICE_X66Y35         FDRE (Prop_fdre_C_Q)         0.164     1.081 r  Design_1_i/axi_smc/inst/clk_map/psr_aclk/U0/ACTIVE_LOW_BSR_OUT_DFF[0].FDRE_BSR_N/Q
                         net (fo=22, routed)          0.494     1.575    Design_1_i/axi_smc/inst/m00_nodes/m00_b_node/inst/s_sc_xpm_cdc_async_rst_inst/src_arst
    SLICE_X54Y41         LUT1 (Prop_lut1_I0_O)        0.045     1.620 f  Design_1_i/axi_smc/inst/m00_nodes/m00_b_node/inst/s_sc_xpm_cdc_async_rst_inst/arststages_ff[2]_i_1/O
                         net (fo=3, routed)           0.179     1.799    Design_1_i/axi_smc/inst/m00_nodes/m00_b_node/inst/s_sc_xpm_cdc_async_rst_inst/reset_pol
    SLICE_X55Y41         FDCE                                         f  Design_1_i/axi_smc/inst/m00_nodes/m00_b_node/inst/s_sc_xpm_cdc_async_rst_inst/arststages_ff_reg[0]/CLR
  -------------------------------------------------------------------    -------------------

                         (clock clk_fpga_0 rise edge)
                                                      0.000     0.000 r  <hidden>
    PS7_X0Y0             PS7                          0.000     0.000 r  Design_1_i/processing_system7_0/inst/PS7_i/FCLKCLK[0]
                         net (fo=1, routed)           0.337     0.337    Design_1_i/processing_system7_0/inst/FCLK_CLK_unbuffered[0]
    BUFGCTRL_X0Y16       BUFG (Prop_bufg_I_O)         0.029     0.366 r  Design_1_i/processing_system7_0/inst/buffer_fclk_clk_0.FCLK_CLK_0_BUFG/O
                         net (fo=9506, routed)        0.849     1.215    Design_1_i/axi_smc/inst/m00_nodes/m00_b_node/inst/s_sc_xpm_cdc_async_rst_inst/dest_clk
    SLICE_X55Y41         FDCE                                         r  Design_1_i/axi_smc/inst/m00_nodes/m00_b_node/inst/s_sc_xpm_cdc_async_rst_inst/arststages_ff_reg[0]/C





--------------------------------------------------------------------------------------
Path Group:  (none)
From Clock:  
  To Clock:  clk_fpga_0

Max Delay            30 Endpoints
Min Delay            30 Endpoints
--------------------------------------------------------------------------------------


Max Delay Paths
--------------------------------------------------------------------------------------
Slack:                    inf
  Source:                 Design_1_i/vector_mult_0/inst/mul_32s_32s_32_2_1_U1/tmp_product__0/ACOUT[0]
                            (internal pin)
  Destination:            Design_1_i/vector_mult_0/inst/mul_32s_32s_32_2_1_U1/buff0_reg/ACIN[0]
                            (rising edge-triggered cell DSP48E1 clocked by clk_fpga_0  {rise@0.000ns fall@10.000ns period=20.000ns})
  Path Group:             (none)
  Path Type:              Setup (Max at Slow Process Corner)
  Data Path Delay:        0.002ns  (logic 0.000ns (0.000%)  route 0.002ns (100.000%))
  Logic Levels:           0  
  Clock Uncertainty:      0.301ns  ((TSJ^2 + TIJ^2)^1/2 + DJ) / 2 + PE
    Total System Jitter     (TSJ):    0.050ns
    Total Input Jitter      (TIJ):    0.600ns
    Discrete Jitter          (DJ):    0.000ns
    Phase Error              (PE):    0.000ns

    Location             Delay type                Incr(ns)  Path(ns)    Netlist Resource(s)
  -------------------------------------------------------------------    -------------------
    DSP48_X2Y11          DSP48E1                      0.000     0.000 r  Design_1_i/vector_mult_0/inst/mul_32s_32s_32_2_1_U1/tmp_product__0/ACOUT[0]
                         net (fo=1, routed)           0.002     0.002    Design_1_i/vector_mult_0/inst/mul_32s_32s_32_2_1_U1/tmp_product__0_n_53
    DSP48_X2Y12          DSP48E1                                      r  Design_1_i/vector_mult_0/inst/mul_32s_32s_32_2_1_U1/buff0_reg/ACIN[0]
  -------------------------------------------------------------------    -------------------

                         (clock clk_fpga_0 rise edge)
                                                      0.000     0.000 r  <hidden>
    PS7_X0Y0             PS7                          0.000     0.000 r  Design_1_i/processing_system7_0/inst/PS7_i/FCLKCLK[0]
                         net (fo=1, routed)           1.088     1.088    Design_1_i/processing_system7_0/inst/FCLK_CLK_unbuffered[0]
    BUFGCTRL_X0Y16       BUFG (Prop_bufg_I_O)         0.091     1.179 r  Design_1_i/processing_system7_0/inst/buffer_fclk_clk_0.FCLK_CLK_0_BUFG/O
                         net (fo=9506, routed)        1.576     2.755    Design_1_i/vector_mult_0/inst/mul_32s_32s_32_2_1_U1/ap_clk
    DSP48_X2Y12          DSP48E1                                      r  Design_1_i/vector_mult_0/inst/mul_32s_32s_32_2_1_U1/buff0_reg/CLK

Slack:                    inf
  Source:                 Design_1_i/vector_mult_0/inst/mul_32s_32s_32_2_1_U1/tmp_product__0/ACOUT[10]
                            (internal pin)
  Destination:            Design_1_i/vector_mult_0/inst/mul_32s_32s_32_2_1_U1/buff0_reg/ACIN[10]
                            (rising edge-triggered cell DSP48E1 clocked by clk_fpga_0  {rise@0.000ns fall@10.000ns period=20.000ns})
  Path Group:             (none)
  Path Type:              Setup (Max at Slow Process Corner)
  Data Path Delay:        0.002ns  (logic 0.000ns (0.000%)  route 0.002ns (100.000%))
  Logic Levels:           0  
  Clock Uncertainty:      0.301ns  ((TSJ^2 + TIJ^2)^1/2 + DJ) / 2 + PE
    Total System Jitter     (TSJ):    0.050ns
    Total Input Jitter      (TIJ):    0.600ns
    Discrete Jitter          (DJ):    0.000ns
    Phase Error              (PE):    0.000ns

    Location             Delay type                Incr(ns)  Path(ns)    Netlist Resource(s)
  -------------------------------------------------------------------    -------------------
    DSP48_X2Y11          DSP48E1                      0.000     0.000 r  Design_1_i/vector_mult_0/inst/mul_32s_32s_32_2_1_U1/tmp_product__0/ACOUT[10]
                         net (fo=1, routed)           0.002     0.002    Design_1_i/vector_mult_0/inst/mul_32s_32s_32_2_1_U1/tmp_product__0_n_43
    DSP48_X2Y12          DSP48E1                                      r  Design_1_i/vector_mult_0/inst/mul_32s_32s_32_2_1_U1/buff0_reg/ACIN[10]
  -------------------------------------------------------------------    -------------------

                         (clock clk_fpga_0 rise edge)
                                                      0.000     0.000 r  <hidden>
    PS7_X0Y0             PS7                          0.000     0.000 r  Design_1_i/processing_system7_0/inst/PS7_i/FCLKCLK[0]
                         net (fo=1, routed)           1.088     1.088    Design_1_i/processing_system7_0/inst/FCLK_CLK_unbuffered[0]
    BUFGCTRL_X0Y16       BUFG (Prop_bufg_I_O)         0.091     1.179 r  Design_1_i/processing_system7_0/inst/buffer_fclk_clk_0.FCLK_CLK_0_BUFG/O
                         net (fo=9506, routed)        1.576     2.755    Design_1_i/vector_mult_0/inst/mul_32s_32s_32_2_1_U1/ap_clk
    DSP48_X2Y12          DSP48E1                                      r  Design_1_i/vector_mult_0/inst/mul_32s_32s_32_2_1_U1/buff0_reg/CLK

Slack:                    inf
  Source:                 Design_1_i/vector_mult_0/inst/mul_32s_32s_32_2_1_U1/tmp_product__0/ACOUT[11]
                            (internal pin)
  Destination:            Design_1_i/vector_mult_0/inst/mul_32s_32s_32_2_1_U1/buff0_reg/ACIN[11]
                            (rising edge-triggered cell DSP48E1 clocked by clk_fpga_0  {rise@0.000ns fall@10.000ns period=20.000ns})
  Path Group:             (none)
  Path Type:              Setup (Max at Slow Process Corner)
  Data Path Delay:        0.002ns  (logic 0.000ns (0.000%)  route 0.002ns (100.000%))
  Logic Levels:           0  
  Clock Uncertainty:      0.301ns  ((TSJ^2 + TIJ^2)^1/2 + DJ) / 2 + PE
    Total System Jitter     (TSJ):    0.050ns
    Total Input Jitter      (TIJ):    0.600ns
    Discrete Jitter          (DJ):    0.000ns
    Phase Error              (PE):    0.000ns

    Location             Delay type                Incr(ns)  Path(ns)    Netlist Resource(s)
  -------------------------------------------------------------------    -------------------
    DSP48_X2Y11          DSP48E1                      0.000     0.000 r  Design_1_i/vector_mult_0/inst/mul_32s_32s_32_2_1_U1/tmp_product__0/ACOUT[11]
                         net (fo=1, routed)           0.002     0.002    Design_1_i/vector_mult_0/inst/mul_32s_32s_32_2_1_U1/tmp_product__0_n_42
    DSP48_X2Y12          DSP48E1                                      r  Design_1_i/vector_mult_0/inst/mul_32s_32s_32_2_1_U1/buff0_reg/ACIN[11]
  -------------------------------------------------------------------    -------------------

                         (clock clk_fpga_0 rise edge)
                                                      0.000     0.000 r  <hidden>
    PS7_X0Y0             PS7                          0.000     0.000 r  Design_1_i/processing_system7_0/inst/PS7_i/FCLKCLK[0]
                         net (fo=1, routed)           1.088     1.088    Design_1_i/processing_system7_0/inst/FCLK_CLK_unbuffered[0]
    BUFGCTRL_X0Y16       BUFG (Prop_bufg_I_O)         0.091     1.179 r  Design_1_i/processing_system7_0/inst/buffer_fclk_clk_0.FCLK_CLK_0_BUFG/O
                         net (fo=9506, routed)        1.576     2.755    Design_1_i/vector_mult_0/inst/mul_32s_32s_32_2_1_U1/ap_clk
    DSP48_X2Y12          DSP48E1                                      r  Design_1_i/vector_mult_0/inst/mul_32s_32s_32_2_1_U1/buff0_reg/CLK

Slack:                    inf
  Source:                 Design_1_i/vector_mult_0/inst/mul_32s_32s_32_2_1_U1/tmp_product__0/ACOUT[12]
                            (internal pin)
  Destination:            Design_1_i/vector_mult_0/inst/mul_32s_32s_32_2_1_U1/buff0_reg/ACIN[12]
                            (rising edge-triggered cell DSP48E1 clocked by clk_fpga_0  {rise@0.000ns fall@10.000ns period=20.000ns})
  Path Group:             (none)
  Path Type:              Setup (Max at Slow Process Corner)
  Data Path Delay:        0.002ns  (logic 0.000ns (0.000%)  route 0.002ns (100.000%))
  Logic Levels:           0  
  Clock Uncertainty:      0.301ns  ((TSJ^2 + TIJ^2)^1/2 + DJ) / 2 + PE
    Total System Jitter     (TSJ):    0.050ns
    Total Input Jitter      (TIJ):    0.600ns
    Discrete Jitter          (DJ):    0.000ns
    Phase Error              (PE):    0.000ns

    Location             Delay type                Incr(ns)  Path(ns)    Netlist Resource(s)
  -------------------------------------------------------------------    -------------------
    DSP48_X2Y11          DSP48E1                      0.000     0.000 r  Design_1_i/vector_mult_0/inst/mul_32s_32s_32_2_1_U1/tmp_product__0/ACOUT[12]
                         net (fo=1, routed)           0.002     0.002    Design_1_i/vector_mult_0/inst/mul_32s_32s_32_2_1_U1/tmp_product__0_n_41
    DSP48_X2Y12          DSP48E1                                      r  Design_1_i/vector_mult_0/inst/mul_32s_32s_32_2_1_U1/buff0_reg/ACIN[12]
  -------------------------------------------------------------------    -------------------

                         (clock clk_fpga_0 rise edge)
                                                      0.000     0.000 r  <hidden>
    PS7_X0Y0             PS7                          0.000     0.000 r  Design_1_i/processing_system7_0/inst/PS7_i/FCLKCLK[0]
                         net (fo=1, routed)           1.088     1.088    Design_1_i/processing_system7_0/inst/FCLK_CLK_unbuffered[0]
    BUFGCTRL_X0Y16       BUFG (Prop_bufg_I_O)         0.091     1.179 r  Design_1_i/processing_system7_0/inst/buffer_fclk_clk_0.FCLK_CLK_0_BUFG/O
                         net (fo=9506, routed)        1.576     2.755    Design_1_i/vector_mult_0/inst/mul_32s_32s_32_2_1_U1/ap_clk
    DSP48_X2Y12          DSP48E1                                      r  Design_1_i/vector_mult_0/inst/mul_32s_32s_32_2_1_U1/buff0_reg/CLK

Slack:                    inf
  Source:                 Design_1_i/vector_mult_0/inst/mul_32s_32s_32_2_1_U1/tmp_product__0/ACOUT[13]
                            (internal pin)
  Destination:            Design_1_i/vector_mult_0/inst/mul_32s_32s_32_2_1_U1/buff0_reg/ACIN[13]
                            (rising edge-triggered cell DSP48E1 clocked by clk_fpga_0  {rise@0.000ns fall@10.000ns period=20.000ns})
  Path Group:             (none)
  Path Type:              Setup (Max at Slow Process Corner)
  Data Path Delay:        0.002ns  (logic 0.000ns (0.000%)  route 0.002ns (100.000%))
  Logic Levels:           0  
  Clock Uncertainty:      0.301ns  ((TSJ^2 + TIJ^2)^1/2 + DJ) / 2 + PE
    Total System Jitter     (TSJ):    0.050ns
    Total Input Jitter      (TIJ):    0.600ns
    Discrete Jitter          (DJ):    0.000ns
    Phase Error              (PE):    0.000ns

    Location             Delay type                Incr(ns)  Path(ns)    Netlist Resource(s)
  -------------------------------------------------------------------    -------------------
    DSP48_X2Y11          DSP48E1                      0.000     0.000 r  Design_1_i/vector_mult_0/inst/mul_32s_32s_32_2_1_U1/tmp_product__0/ACOUT[13]
                         net (fo=1, routed)           0.002     0.002    Design_1_i/vector_mult_0/inst/mul_32s_32s_32_2_1_U1/tmp_product__0_n_40
    DSP48_X2Y12          DSP48E1                                      r  Design_1_i/vector_mult_0/inst/mul_32s_32s_32_2_1_U1/buff0_reg/ACIN[13]
  -------------------------------------------------------------------    -------------------

                         (clock clk_fpga_0 rise edge)
                                                      0.000     0.000 r  <hidden>
    PS7_X0Y0             PS7                          0.000     0.000 r  Design_1_i/processing_system7_0/inst/PS7_i/FCLKCLK[0]
                         net (fo=1, routed)           1.088     1.088    Design_1_i/processing_system7_0/inst/FCLK_CLK_unbuffered[0]
    BUFGCTRL_X0Y16       BUFG (Prop_bufg_I_O)         0.091     1.179 r  Design_1_i/processing_system7_0/inst/buffer_fclk_clk_0.FCLK_CLK_0_BUFG/O
                         net (fo=9506, routed)        1.576     2.755    Design_1_i/vector_mult_0/inst/mul_32s_32s_32_2_1_U1/ap_clk
    DSP48_X2Y12          DSP48E1                                      r  Design_1_i/vector_mult_0/inst/mul_32s_32s_32_2_1_U1/buff0_reg/CLK

Slack:                    inf
  Source:                 Design_1_i/vector_mult_0/inst/mul_32s_32s_32_2_1_U1/tmp_product__0/ACOUT[14]
                            (internal pin)
  Destination:            Design_1_i/vector_mult_0/inst/mul_32s_32s_32_2_1_U1/buff0_reg/ACIN[14]
                            (rising edge-triggered cell DSP48E1 clocked by clk_fpga_0  {rise@0.000ns fall@10.000ns period=20.000ns})
  Path Group:             (none)
  Path Type:              Setup (Max at Slow Process Corner)
  Data Path Delay:        0.002ns  (logic 0.000ns (0.000%)  route 0.002ns (100.000%))
  Logic Levels:           0  
  Clock Uncertainty:      0.301ns  ((TSJ^2 + TIJ^2)^1/2 + DJ) / 2 + PE
    Total System Jitter     (TSJ):    0.050ns
    Total Input Jitter      (TIJ):    0.600ns
    Discrete Jitter          (DJ):    0.000ns
    Phase Error              (PE):    0.000ns

    Location             Delay type                Incr(ns)  Path(ns)    Netlist Resource(s)
  -------------------------------------------------------------------    -------------------
    DSP48_X2Y11          DSP48E1                      0.000     0.000 r  Design_1_i/vector_mult_0/inst/mul_32s_32s_32_2_1_U1/tmp_product__0/ACOUT[14]
                         net (fo=1, routed)           0.002     0.002    Design_1_i/vector_mult_0/inst/mul_32s_32s_32_2_1_U1/tmp_product__0_n_39
    DSP48_X2Y12          DSP48E1                                      r  Design_1_i/vector_mult_0/inst/mul_32s_32s_32_2_1_U1/buff0_reg/ACIN[14]
  -------------------------------------------------------------------    -------------------

                         (clock clk_fpga_0 rise edge)
                                                      0.000     0.000 r  <hidden>
    PS7_X0Y0             PS7                          0.000     0.000 r  Design_1_i/processing_system7_0/inst/PS7_i/FCLKCLK[0]
                         net (fo=1, routed)           1.088     1.088    Design_1_i/processing_system7_0/inst/FCLK_CLK_unbuffered[0]
    BUFGCTRL_X0Y16       BUFG (Prop_bufg_I_O)         0.091     1.179 r  Design_1_i/processing_system7_0/inst/buffer_fclk_clk_0.FCLK_CLK_0_BUFG/O
                         net (fo=9506, routed)        1.576     2.755    Design_1_i/vector_mult_0/inst/mul_32s_32s_32_2_1_U1/ap_clk
    DSP48_X2Y12          DSP48E1                                      r  Design_1_i/vector_mult_0/inst/mul_32s_32s_32_2_1_U1/buff0_reg/CLK

Slack:                    inf
  Source:                 Design_1_i/vector_mult_0/inst/mul_32s_32s_32_2_1_U1/tmp_product__0/ACOUT[15]
                            (internal pin)
  Destination:            Design_1_i/vector_mult_0/inst/mul_32s_32s_32_2_1_U1/buff0_reg/ACIN[15]
                            (rising edge-triggered cell DSP48E1 clocked by clk_fpga_0  {rise@0.000ns fall@10.000ns period=20.000ns})
  Path Group:             (none)
  Path Type:              Setup (Max at Slow Process Corner)
  Data Path Delay:        0.002ns  (logic 0.000ns (0.000%)  route 0.002ns (100.000%))
  Logic Levels:           0  
  Clock Uncertainty:      0.301ns  ((TSJ^2 + TIJ^2)^1/2 + DJ) / 2 + PE
    Total System Jitter     (TSJ):    0.050ns
    Total Input Jitter      (TIJ):    0.600ns
    Discrete Jitter          (DJ):    0.000ns
    Phase Error              (PE):    0.000ns

    Location             Delay type                Incr(ns)  Path(ns)    Netlist Resource(s)
  -------------------------------------------------------------------    -------------------
    DSP48_X2Y11          DSP48E1                      0.000     0.000 r  Design_1_i/vector_mult_0/inst/mul_32s_32s_32_2_1_U1/tmp_product__0/ACOUT[15]
                         net (fo=1, routed)           0.002     0.002    Design_1_i/vector_mult_0/inst/mul_32s_32s_32_2_1_U1/tmp_product__0_n_38
    DSP48_X2Y12          DSP48E1                                      r  Design_1_i/vector_mult_0/inst/mul_32s_32s_32_2_1_U1/buff0_reg/ACIN[15]
  -------------------------------------------------------------------    -------------------

                         (clock clk_fpga_0 rise edge)
                                                      0.000     0.000 r  <hidden>
    PS7_X0Y0             PS7                          0.000     0.000 r  Design_1_i/processing_system7_0/inst/PS7_i/FCLKCLK[0]
                         net (fo=1, routed)           1.088     1.088    Design_1_i/processing_system7_0/inst/FCLK_CLK_unbuffered[0]
    BUFGCTRL_X0Y16       BUFG (Prop_bufg_I_O)         0.091     1.179 r  Design_1_i/processing_system7_0/inst/buffer_fclk_clk_0.FCLK_CLK_0_BUFG/O
                         net (fo=9506, routed)        1.576     2.755    Design_1_i/vector_mult_0/inst/mul_32s_32s_32_2_1_U1/ap_clk
    DSP48_X2Y12          DSP48E1                                      r  Design_1_i/vector_mult_0/inst/mul_32s_32s_32_2_1_U1/buff0_reg/CLK

Slack:                    inf
  Source:                 Design_1_i/vector_mult_0/inst/mul_32s_32s_32_2_1_U1/tmp_product__0/ACOUT[16]
                            (internal pin)
  Destination:            Design_1_i/vector_mult_0/inst/mul_32s_32s_32_2_1_U1/buff0_reg/ACIN[16]
                            (rising edge-triggered cell DSP48E1 clocked by clk_fpga_0  {rise@0.000ns fall@10.000ns period=20.000ns})
  Path Group:             (none)
  Path Type:              Setup (Max at Slow Process Corner)
  Data Path Delay:        0.002ns  (logic 0.000ns (0.000%)  route 0.002ns (100.000%))
  Logic Levels:           0  
  Clock Uncertainty:      0.301ns  ((TSJ^2 + TIJ^2)^1/2 + DJ) / 2 + PE
    Total System Jitter     (TSJ):    0.050ns
    Total Input Jitter      (TIJ):    0.600ns
    Discrete Jitter          (DJ):    0.000ns
    Phase Error              (PE):    0.000ns

    Location             Delay type                Incr(ns)  Path(ns)    Netlist Resource(s)
  -------------------------------------------------------------------    -------------------
    DSP48_X2Y11          DSP48E1                      0.000     0.000 r  Design_1_i/vector_mult_0/inst/mul_32s_32s_32_2_1_U1/tmp_product__0/ACOUT[16]
                         net (fo=1, routed)           0.002     0.002    Design_1_i/vector_mult_0/inst/mul_32s_32s_32_2_1_U1/tmp_product__0_n_37
    DSP48_X2Y12          DSP48E1                                      r  Design_1_i/vector_mult_0/inst/mul_32s_32s_32_2_1_U1/buff0_reg/ACIN[16]
  -------------------------------------------------------------------    -------------------

                         (clock clk_fpga_0 rise edge)
                                                      0.000     0.000 r  <hidden>
    PS7_X0Y0             PS7                          0.000     0.000 r  Design_1_i/processing_system7_0/inst/PS7_i/FCLKCLK[0]
                         net (fo=1, routed)           1.088     1.088    Design_1_i/processing_system7_0/inst/FCLK_CLK_unbuffered[0]
    BUFGCTRL_X0Y16       BUFG (Prop_bufg_I_O)         0.091     1.179 r  Design_1_i/processing_system7_0/inst/buffer_fclk_clk_0.FCLK_CLK_0_BUFG/O
                         net (fo=9506, routed)        1.576     2.755    Design_1_i/vector_mult_0/inst/mul_32s_32s_32_2_1_U1/ap_clk
    DSP48_X2Y12          DSP48E1                                      r  Design_1_i/vector_mult_0/inst/mul_32s_32s_32_2_1_U1/buff0_reg/CLK

Slack:                    inf
  Source:                 Design_1_i/vector_mult_0/inst/mul_32s_32s_32_2_1_U1/tmp_product__0/ACOUT[17]
                            (internal pin)
  Destination:            Design_1_i/vector_mult_0/inst/mul_32s_32s_32_2_1_U1/buff0_reg/ACIN[17]
                            (rising edge-triggered cell DSP48E1 clocked by clk_fpga_0  {rise@0.000ns fall@10.000ns period=20.000ns})
  Path Group:             (none)
  Path Type:              Setup (Max at Slow Process Corner)
  Data Path Delay:        0.002ns  (logic 0.000ns (0.000%)  route 0.002ns (100.000%))
  Logic Levels:           0  
  Clock Uncertainty:      0.301ns  ((TSJ^2 + TIJ^2)^1/2 + DJ) / 2 + PE
    Total System Jitter     (TSJ):    0.050ns
    Total Input Jitter      (TIJ):    0.600ns
    Discrete Jitter          (DJ):    0.000ns
    Phase Error              (PE):    0.000ns

    Location             Delay type                Incr(ns)  Path(ns)    Netlist Resource(s)
  -------------------------------------------------------------------    -------------------
    DSP48_X2Y11          DSP48E1                      0.000     0.000 r  Design_1_i/vector_mult_0/inst/mul_32s_32s_32_2_1_U1/tmp_product__0/ACOUT[17]
                         net (fo=1, routed)           0.002     0.002    Design_1_i/vector_mult_0/inst/mul_32s_32s_32_2_1_U1/tmp_product__0_n_36
    DSP48_X2Y12          DSP48E1                                      r  Design_1_i/vector_mult_0/inst/mul_32s_32s_32_2_1_U1/buff0_reg/ACIN[17]
  -------------------------------------------------------------------    -------------------

                         (clock clk_fpga_0 rise edge)
                                                      0.000     0.000 r  <hidden>
    PS7_X0Y0             PS7                          0.000     0.000 r  Design_1_i/processing_system7_0/inst/PS7_i/FCLKCLK[0]
                         net (fo=1, routed)           1.088     1.088    Design_1_i/processing_system7_0/inst/FCLK_CLK_unbuffered[0]
    BUFGCTRL_X0Y16       BUFG (Prop_bufg_I_O)         0.091     1.179 r  Design_1_i/processing_system7_0/inst/buffer_fclk_clk_0.FCLK_CLK_0_BUFG/O
                         net (fo=9506, routed)        1.576     2.755    Design_1_i/vector_mult_0/inst/mul_32s_32s_32_2_1_U1/ap_clk
    DSP48_X2Y12          DSP48E1                                      r  Design_1_i/vector_mult_0/inst/mul_32s_32s_32_2_1_U1/buff0_reg/CLK

Slack:                    inf
  Source:                 Design_1_i/vector_mult_0/inst/mul_32s_32s_32_2_1_U1/tmp_product__0/ACOUT[18]
                            (internal pin)
  Destination:            Design_1_i/vector_mult_0/inst/mul_32s_32s_32_2_1_U1/buff0_reg/ACIN[18]
                            (rising edge-triggered cell DSP48E1 clocked by clk_fpga_0  {rise@0.000ns fall@10.000ns period=20.000ns})
  Path Group:             (none)
  Path Type:              Setup (Max at Slow Process Corner)
  Data Path Delay:        0.002ns  (logic 0.000ns (0.000%)  route 0.002ns (100.000%))
  Logic Levels:           0  
  Clock Uncertainty:      0.301ns  ((TSJ^2 + TIJ^2)^1/2 + DJ) / 2 + PE
    Total System Jitter     (TSJ):    0.050ns
    Total Input Jitter      (TIJ):    0.600ns
    Discrete Jitter          (DJ):    0.000ns
    Phase Error              (PE):    0.000ns

    Location             Delay type                Incr(ns)  Path(ns)    Netlist Resource(s)
  -------------------------------------------------------------------    -------------------
    DSP48_X2Y11          DSP48E1                      0.000     0.000 r  Design_1_i/vector_mult_0/inst/mul_32s_32s_32_2_1_U1/tmp_product__0/ACOUT[18]
                         net (fo=1, routed)           0.002     0.002    Design_1_i/vector_mult_0/inst/mul_32s_32s_32_2_1_U1/tmp_product__0_n_35
    DSP48_X2Y12          DSP48E1                                      r  Design_1_i/vector_mult_0/inst/mul_32s_32s_32_2_1_U1/buff0_reg/ACIN[18]
  -------------------------------------------------------------------    -------------------

                         (clock clk_fpga_0 rise edge)
                                                      0.000     0.000 r  <hidden>
    PS7_X0Y0             PS7                          0.000     0.000 r  Design_1_i/processing_system7_0/inst/PS7_i/FCLKCLK[0]
                         net (fo=1, routed)           1.088     1.088    Design_1_i/processing_system7_0/inst/FCLK_CLK_unbuffered[0]
    BUFGCTRL_X0Y16       BUFG (Prop_bufg_I_O)         0.091     1.179 r  Design_1_i/processing_system7_0/inst/buffer_fclk_clk_0.FCLK_CLK_0_BUFG/O
                         net (fo=9506, routed)        1.576     2.755    Design_1_i/vector_mult_0/inst/mul_32s_32s_32_2_1_U1/ap_clk
    DSP48_X2Y12          DSP48E1                                      r  Design_1_i/vector_mult_0/inst/mul_32s_32s_32_2_1_U1/buff0_reg/CLK





Min Delay Paths
--------------------------------------------------------------------------------------
Slack:                    inf
  Source:                 Design_1_i/vector_mult_0/inst/mul_32s_32s_32_2_1_U1/tmp_product__0/ACOUT[0]
                            (internal pin)
  Destination:            Design_1_i/vector_mult_0/inst/mul_32s_32s_32_2_1_U1/buff0_reg/ACIN[0]
                            (rising edge-triggered cell DSP48E1 clocked by clk_fpga_0  {rise@0.000ns fall@10.000ns period=20.000ns})
  Path Group:             (none)
  Path Type:              Hold (Min at Slow Process Corner)
  Data Path Delay:        0.002ns  (logic 0.000ns (0.000%)  route 0.002ns (100.000%))
  Logic Levels:           0  
  Clock Uncertainty:      0.301ns  ((TSJ^2 + TIJ^2)^1/2 + DJ) / 2 + PE
    Total System Jitter     (TSJ):    0.050ns
    Total Input Jitter      (TIJ):    0.600ns
    Discrete Jitter          (DJ):    0.000ns
    Phase Error              (PE):    0.000ns

    Location             Delay type                Incr(ns)  Path(ns)    Netlist Resource(s)
  -------------------------------------------------------------------    -------------------
    DSP48_X2Y11          DSP48E1                      0.000     0.000 r  Design_1_i/vector_mult_0/inst/mul_32s_32s_32_2_1_U1/tmp_product__0/ACOUT[0]
                         net (fo=1, routed)           0.002     0.002    Design_1_i/vector_mult_0/inst/mul_32s_32s_32_2_1_U1/tmp_product__0_n_53
    DSP48_X2Y12          DSP48E1                                      r  Design_1_i/vector_mult_0/inst/mul_32s_32s_32_2_1_U1/buff0_reg/ACIN[0]
  -------------------------------------------------------------------    -------------------

                         (clock clk_fpga_0 rise edge)
                                                      0.000     0.000 r  <hidden>
    PS7_X0Y0             PS7                          0.000     0.000 r  Design_1_i/processing_system7_0/inst/PS7_i/FCLKCLK[0]
                         net (fo=1, routed)           1.193     1.193    Design_1_i/processing_system7_0/inst/FCLK_CLK_unbuffered[0]
    BUFGCTRL_X0Y16       BUFG (Prop_bufg_I_O)         0.101     1.294 r  Design_1_i/processing_system7_0/inst/buffer_fclk_clk_0.FCLK_CLK_0_BUFG/O
                         net (fo=9506, routed)        1.748     3.042    Design_1_i/vector_mult_0/inst/mul_32s_32s_32_2_1_U1/ap_clk
    DSP48_X2Y12          DSP48E1                                      r  Design_1_i/vector_mult_0/inst/mul_32s_32s_32_2_1_U1/buff0_reg/CLK

Slack:                    inf
  Source:                 Design_1_i/vector_mult_0/inst/mul_32s_32s_32_2_1_U1/tmp_product__0/ACOUT[10]
                            (internal pin)
  Destination:            Design_1_i/vector_mult_0/inst/mul_32s_32s_32_2_1_U1/buff0_reg/ACIN[10]
                            (rising edge-triggered cell DSP48E1 clocked by clk_fpga_0  {rise@0.000ns fall@10.000ns period=20.000ns})
  Path Group:             (none)
  Path Type:              Hold (Min at Slow Process Corner)
  Data Path Delay:        0.002ns  (logic 0.000ns (0.000%)  route 0.002ns (100.000%))
  Logic Levels:           0  
  Clock Uncertainty:      0.301ns  ((TSJ^2 + TIJ^2)^1/2 + DJ) / 2 + PE
    Total System Jitter     (TSJ):    0.050ns
    Total Input Jitter      (TIJ):    0.600ns
    Discrete Jitter          (DJ):    0.000ns
    Phase Error              (PE):    0.000ns

    Location             Delay type                Incr(ns)  Path(ns)    Netlist Resource(s)
  -------------------------------------------------------------------    -------------------
    DSP48_X2Y11          DSP48E1                      0.000     0.000 r  Design_1_i/vector_mult_0/inst/mul_32s_32s_32_2_1_U1/tmp_product__0/ACOUT[10]
                         net (fo=1, routed)           0.002     0.002    Design_1_i/vector_mult_0/inst/mul_32s_32s_32_2_1_U1/tmp_product__0_n_43
    DSP48_X2Y12          DSP48E1                                      r  Design_1_i/vector_mult_0/inst/mul_32s_32s_32_2_1_U1/buff0_reg/ACIN[10]
  -------------------------------------------------------------------    -------------------

                         (clock clk_fpga_0 rise edge)
                                                      0.000     0.000 r  <hidden>
    PS7_X0Y0             PS7                          0.000     0.000 r  Design_1_i/processing_system7_0/inst/PS7_i/FCLKCLK[0]
                         net (fo=1, routed)           1.193     1.193    Design_1_i/processing_system7_0/inst/FCLK_CLK_unbuffered[0]
    BUFGCTRL_X0Y16       BUFG (Prop_bufg_I_O)         0.101     1.294 r  Design_1_i/processing_system7_0/inst/buffer_fclk_clk_0.FCLK_CLK_0_BUFG/O
                         net (fo=9506, routed)        1.748     3.042    Design_1_i/vector_mult_0/inst/mul_32s_32s_32_2_1_U1/ap_clk
    DSP48_X2Y12          DSP48E1                                      r  Design_1_i/vector_mult_0/inst/mul_32s_32s_32_2_1_U1/buff0_reg/CLK

Slack:                    inf
  Source:                 Design_1_i/vector_mult_0/inst/mul_32s_32s_32_2_1_U1/tmp_product__0/ACOUT[11]
                            (internal pin)
  Destination:            Design_1_i/vector_mult_0/inst/mul_32s_32s_32_2_1_U1/buff0_reg/ACIN[11]
                            (rising edge-triggered cell DSP48E1 clocked by clk_fpga_0  {rise@0.000ns fall@10.000ns period=20.000ns})
  Path Group:             (none)
  Path Type:              Hold (Min at Slow Process Corner)
  Data Path Delay:        0.002ns  (logic 0.000ns (0.000%)  route 0.002ns (100.000%))
  Logic Levels:           0  
  Clock Uncertainty:      0.301ns  ((TSJ^2 + TIJ^2)^1/2 + DJ) / 2 + PE
    Total System Jitter     (TSJ):    0.050ns
    Total Input Jitter      (TIJ):    0.600ns
    Discrete Jitter          (DJ):    0.000ns
    Phase Error              (PE):    0.000ns

    Location             Delay type                Incr(ns)  Path(ns)    Netlist Resource(s)
  -------------------------------------------------------------------    -------------------
    DSP48_X2Y11          DSP48E1                      0.000     0.000 r  Design_1_i/vector_mult_0/inst/mul_32s_32s_32_2_1_U1/tmp_product__0/ACOUT[11]
                         net (fo=1, routed)           0.002     0.002    Design_1_i/vector_mult_0/inst/mul_32s_32s_32_2_1_U1/tmp_product__0_n_42
    DSP48_X2Y12          DSP48E1                                      r  Design_1_i/vector_mult_0/inst/mul_32s_32s_32_2_1_U1/buff0_reg/ACIN[11]
  -------------------------------------------------------------------    -------------------

                         (clock clk_fpga_0 rise edge)
                                                      0.000     0.000 r  <hidden>
    PS7_X0Y0             PS7                          0.000     0.000 r  Design_1_i/processing_system7_0/inst/PS7_i/FCLKCLK[0]
                         net (fo=1, routed)           1.193     1.193    Design_1_i/processing_system7_0/inst/FCLK_CLK_unbuffered[0]
    BUFGCTRL_X0Y16       BUFG (Prop_bufg_I_O)         0.101     1.294 r  Design_1_i/processing_system7_0/inst/buffer_fclk_clk_0.FCLK_CLK_0_BUFG/O
                         net (fo=9506, routed)        1.748     3.042    Design_1_i/vector_mult_0/inst/mul_32s_32s_32_2_1_U1/ap_clk
    DSP48_X2Y12          DSP48E1                                      r  Design_1_i/vector_mult_0/inst/mul_32s_32s_32_2_1_U1/buff0_reg/CLK

Slack:                    inf
  Source:                 Design_1_i/vector_mult_0/inst/mul_32s_32s_32_2_1_U1/tmp_product__0/ACOUT[12]
                            (internal pin)
  Destination:            Design_1_i/vector_mult_0/inst/mul_32s_32s_32_2_1_U1/buff0_reg/ACIN[12]
                            (rising edge-triggered cell DSP48E1 clocked by clk_fpga_0  {rise@0.000ns fall@10.000ns period=20.000ns})
  Path Group:             (none)
  Path Type:              Hold (Min at Slow Process Corner)
  Data Path Delay:        0.002ns  (logic 0.000ns (0.000%)  route 0.002ns (100.000%))
  Logic Levels:           0  
  Clock Uncertainty:      0.301ns  ((TSJ^2 + TIJ^2)^1/2 + DJ) / 2 + PE
    Total System Jitter     (TSJ):    0.050ns
    Total Input Jitter      (TIJ):    0.600ns
    Discrete Jitter          (DJ):    0.000ns
    Phase Error              (PE):    0.000ns

    Location             Delay type                Incr(ns)  Path(ns)    Netlist Resource(s)
  -------------------------------------------------------------------    -------------------
    DSP48_X2Y11          DSP48E1                      0.000     0.000 r  Design_1_i/vector_mult_0/inst/mul_32s_32s_32_2_1_U1/tmp_product__0/ACOUT[12]
                         net (fo=1, routed)           0.002     0.002    Design_1_i/vector_mult_0/inst/mul_32s_32s_32_2_1_U1/tmp_product__0_n_41
    DSP48_X2Y12          DSP48E1                                      r  Design_1_i/vector_mult_0/inst/mul_32s_32s_32_2_1_U1/buff0_reg/ACIN[12]
  -------------------------------------------------------------------    -------------------

                         (clock clk_fpga_0 rise edge)
                                                      0.000     0.000 r  <hidden>
    PS7_X0Y0             PS7                          0.000     0.000 r  Design_1_i/processing_system7_0/inst/PS7_i/FCLKCLK[0]
                         net (fo=1, routed)           1.193     1.193    Design_1_i/processing_system7_0/inst/FCLK_CLK_unbuffered[0]
    BUFGCTRL_X0Y16       BUFG (Prop_bufg_I_O)         0.101     1.294 r  Design_1_i/processing_system7_0/inst/buffer_fclk_clk_0.FCLK_CLK_0_BUFG/O
                         net (fo=9506, routed)        1.748     3.042    Design_1_i/vector_mult_0/inst/mul_32s_32s_32_2_1_U1/ap_clk
    DSP48_X2Y12          DSP48E1                                      r  Design_1_i/vector_mult_0/inst/mul_32s_32s_32_2_1_U1/buff0_reg/CLK

Slack:                    inf
  Source:                 Design_1_i/vector_mult_0/inst/mul_32s_32s_32_2_1_U1/tmp_product__0/ACOUT[13]
                            (internal pin)
  Destination:            Design_1_i/vector_mult_0/inst/mul_32s_32s_32_2_1_U1/buff0_reg/ACIN[13]
                            (rising edge-triggered cell DSP48E1 clocked by clk_fpga_0  {rise@0.000ns fall@10.000ns period=20.000ns})
  Path Group:             (none)
  Path Type:              Hold (Min at Slow Process Corner)
  Data Path Delay:        0.002ns  (logic 0.000ns (0.000%)  route 0.002ns (100.000%))
  Logic Levels:           0  
  Clock Uncertainty:      0.301ns  ((TSJ^2 + TIJ^2)^1/2 + DJ) / 2 + PE
    Total System Jitter     (TSJ):    0.050ns
    Total Input Jitter      (TIJ):    0.600ns
    Discrete Jitter          (DJ):    0.000ns
    Phase Error              (PE):    0.000ns

    Location             Delay type                Incr(ns)  Path(ns)    Netlist Resource(s)
  -------------------------------------------------------------------    -------------------
    DSP48_X2Y11          DSP48E1                      0.000     0.000 r  Design_1_i/vector_mult_0/inst/mul_32s_32s_32_2_1_U1/tmp_product__0/ACOUT[13]
                         net (fo=1, routed)           0.002     0.002    Design_1_i/vector_mult_0/inst/mul_32s_32s_32_2_1_U1/tmp_product__0_n_40
    DSP48_X2Y12          DSP48E1                                      r  Design_1_i/vector_mult_0/inst/mul_32s_32s_32_2_1_U1/buff0_reg/ACIN[13]
  -------------------------------------------------------------------    -------------------

                         (clock clk_fpga_0 rise edge)
                                                      0.000     0.000 r  <hidden>
    PS7_X0Y0             PS7                          0.000     0.000 r  Design_1_i/processing_system7_0/inst/PS7_i/FCLKCLK[0]
                         net (fo=1, routed)           1.193     1.193    Design_1_i/processing_system7_0/inst/FCLK_CLK_unbuffered[0]
    BUFGCTRL_X0Y16       BUFG (Prop_bufg_I_O)         0.101     1.294 r  Design_1_i/processing_system7_0/inst/buffer_fclk_clk_0.FCLK_CLK_0_BUFG/O
                         net (fo=9506, routed)        1.748     3.042    Design_1_i/vector_mult_0/inst/mul_32s_32s_32_2_1_U1/ap_clk
    DSP48_X2Y12          DSP48E1                                      r  Design_1_i/vector_mult_0/inst/mul_32s_32s_32_2_1_U1/buff0_reg/CLK

Slack:                    inf
  Source:                 Design_1_i/vector_mult_0/inst/mul_32s_32s_32_2_1_U1/tmp_product__0/ACOUT[14]
                            (internal pin)
  Destination:            Design_1_i/vector_mult_0/inst/mul_32s_32s_32_2_1_U1/buff0_reg/ACIN[14]
                            (rising edge-triggered cell DSP48E1 clocked by clk_fpga_0  {rise@0.000ns fall@10.000ns period=20.000ns})
  Path Group:             (none)
  Path Type:              Hold (Min at Slow Process Corner)
  Data Path Delay:        0.002ns  (logic 0.000ns (0.000%)  route 0.002ns (100.000%))
  Logic Levels:           0  
  Clock Uncertainty:      0.301ns  ((TSJ^2 + TIJ^2)^1/2 + DJ) / 2 + PE
    Total System Jitter     (TSJ):    0.050ns
    Total Input Jitter      (TIJ):    0.600ns
    Discrete Jitter          (DJ):    0.000ns
    Phase Error              (PE):    0.000ns

    Location             Delay type                Incr(ns)  Path(ns)    Netlist Resource(s)
  -------------------------------------------------------------------    -------------------
    DSP48_X2Y11          DSP48E1                      0.000     0.000 r  Design_1_i/vector_mult_0/inst/mul_32s_32s_32_2_1_U1/tmp_product__0/ACOUT[14]
                         net (fo=1, routed)           0.002     0.002    Design_1_i/vector_mult_0/inst/mul_32s_32s_32_2_1_U1/tmp_product__0_n_39
    DSP48_X2Y12          DSP48E1                                      r  Design_1_i/vector_mult_0/inst/mul_32s_32s_32_2_1_U1/buff0_reg/ACIN[14]
  -------------------------------------------------------------------    -------------------

                         (clock clk_fpga_0 rise edge)
                                                      0.000     0.000 r  <hidden>
    PS7_X0Y0             PS7                          0.000     0.000 r  Design_1_i/processing_system7_0/inst/PS7_i/FCLKCLK[0]
                         net (fo=1, routed)           1.193     1.193    Design_1_i/processing_system7_0/inst/FCLK_CLK_unbuffered[0]
    BUFGCTRL_X0Y16       BUFG (Prop_bufg_I_O)         0.101     1.294 r  Design_1_i/processing_system7_0/inst/buffer_fclk_clk_0.FCLK_CLK_0_BUFG/O
                         net (fo=9506, routed)        1.748     3.042    Design_1_i/vector_mult_0/inst/mul_32s_32s_32_2_1_U1/ap_clk
    DSP48_X2Y12          DSP48E1                                      r  Design_1_i/vector_mult_0/inst/mul_32s_32s_32_2_1_U1/buff0_reg/CLK

Slack:                    inf
  Source:                 Design_1_i/vector_mult_0/inst/mul_32s_32s_32_2_1_U1/tmp_product__0/ACOUT[15]
                            (internal pin)
  Destination:            Design_1_i/vector_mult_0/inst/mul_32s_32s_32_2_1_U1/buff0_reg/ACIN[15]
                            (rising edge-triggered cell DSP48E1 clocked by clk_fpga_0  {rise@0.000ns fall@10.000ns period=20.000ns})
  Path Group:             (none)
  Path Type:              Hold (Min at Slow Process Corner)
  Data Path Delay:        0.002ns  (logic 0.000ns (0.000%)  route 0.002ns (100.000%))
  Logic Levels:           0  
  Clock Uncertainty:      0.301ns  ((TSJ^2 + TIJ^2)^1/2 + DJ) / 2 + PE
    Total System Jitter     (TSJ):    0.050ns
    Total Input Jitter      (TIJ):    0.600ns
    Discrete Jitter          (DJ):    0.000ns
    Phase Error              (PE):    0.000ns

    Location             Delay type                Incr(ns)  Path(ns)    Netlist Resource(s)
  -------------------------------------------------------------------    -------------------
    DSP48_X2Y11          DSP48E1                      0.000     0.000 r  Design_1_i/vector_mult_0/inst/mul_32s_32s_32_2_1_U1/tmp_product__0/ACOUT[15]
                         net (fo=1, routed)           0.002     0.002    Design_1_i/vector_mult_0/inst/mul_32s_32s_32_2_1_U1/tmp_product__0_n_38
    DSP48_X2Y12          DSP48E1                                      r  Design_1_i/vector_mult_0/inst/mul_32s_32s_32_2_1_U1/buff0_reg/ACIN[15]
  -------------------------------------------------------------------    -------------------

                         (clock clk_fpga_0 rise edge)
                                                      0.000     0.000 r  <hidden>
    PS7_X0Y0             PS7                          0.000     0.000 r  Design_1_i/processing_system7_0/inst/PS7_i/FCLKCLK[0]
                         net (fo=1, routed)           1.193     1.193    Design_1_i/processing_system7_0/inst/FCLK_CLK_unbuffered[0]
    BUFGCTRL_X0Y16       BUFG (Prop_bufg_I_O)         0.101     1.294 r  Design_1_i/processing_system7_0/inst/buffer_fclk_clk_0.FCLK_CLK_0_BUFG/O
                         net (fo=9506, routed)        1.748     3.042    Design_1_i/vector_mult_0/inst/mul_32s_32s_32_2_1_U1/ap_clk
    DSP48_X2Y12          DSP48E1                                      r  Design_1_i/vector_mult_0/inst/mul_32s_32s_32_2_1_U1/buff0_reg/CLK

Slack:                    inf
  Source:                 Design_1_i/vector_mult_0/inst/mul_32s_32s_32_2_1_U1/tmp_product__0/ACOUT[16]
                            (internal pin)
  Destination:            Design_1_i/vector_mult_0/inst/mul_32s_32s_32_2_1_U1/buff0_reg/ACIN[16]
                            (rising edge-triggered cell DSP48E1 clocked by clk_fpga_0  {rise@0.000ns fall@10.000ns period=20.000ns})
  Path Group:             (none)
  Path Type:              Hold (Min at Slow Process Corner)
  Data Path Delay:        0.002ns  (logic 0.000ns (0.000%)  route 0.002ns (100.000%))
  Logic Levels:           0  
  Clock Uncertainty:      0.301ns  ((TSJ^2 + TIJ^2)^1/2 + DJ) / 2 + PE
    Total System Jitter     (TSJ):    0.050ns
    Total Input Jitter      (TIJ):    0.600ns
    Discrete Jitter          (DJ):    0.000ns
    Phase Error              (PE):    0.000ns

    Location             Delay type                Incr(ns)  Path(ns)    Netlist Resource(s)
  -------------------------------------------------------------------    -------------------
    DSP48_X2Y11          DSP48E1                      0.000     0.000 r  Design_1_i/vector_mult_0/inst/mul_32s_32s_32_2_1_U1/tmp_product__0/ACOUT[16]
                         net (fo=1, routed)           0.002     0.002    Design_1_i/vector_mult_0/inst/mul_32s_32s_32_2_1_U1/tmp_product__0_n_37
    DSP48_X2Y12          DSP48E1                                      r  Design_1_i/vector_mult_0/inst/mul_32s_32s_32_2_1_U1/buff0_reg/ACIN[16]
  -------------------------------------------------------------------    -------------------

                         (clock clk_fpga_0 rise edge)
                                                      0.000     0.000 r  <hidden>
    PS7_X0Y0             PS7                          0.000     0.000 r  Design_1_i/processing_system7_0/inst/PS7_i/FCLKCLK[0]
                         net (fo=1, routed)           1.193     1.193    Design_1_i/processing_system7_0/inst/FCLK_CLK_unbuffered[0]
    BUFGCTRL_X0Y16       BUFG (Prop_bufg_I_O)         0.101     1.294 r  Design_1_i/processing_system7_0/inst/buffer_fclk_clk_0.FCLK_CLK_0_BUFG/O
                         net (fo=9506, routed)        1.748     3.042    Design_1_i/vector_mult_0/inst/mul_32s_32s_32_2_1_U1/ap_clk
    DSP48_X2Y12          DSP48E1                                      r  Design_1_i/vector_mult_0/inst/mul_32s_32s_32_2_1_U1/buff0_reg/CLK

Slack:                    inf
  Source:                 Design_1_i/vector_mult_0/inst/mul_32s_32s_32_2_1_U1/tmp_product__0/ACOUT[17]
                            (internal pin)
  Destination:            Design_1_i/vector_mult_0/inst/mul_32s_32s_32_2_1_U1/buff0_reg/ACIN[17]
                            (rising edge-triggered cell DSP48E1 clocked by clk_fpga_0  {rise@0.000ns fall@10.000ns period=20.000ns})
  Path Group:             (none)
  Path Type:              Hold (Min at Slow Process Corner)
  Data Path Delay:        0.002ns  (logic 0.000ns (0.000%)  route 0.002ns (100.000%))
  Logic Levels:           0  
  Clock Uncertainty:      0.301ns  ((TSJ^2 + TIJ^2)^1/2 + DJ) / 2 + PE
    Total System Jitter     (TSJ):    0.050ns
    Total Input Jitter      (TIJ):    0.600ns
    Discrete Jitter          (DJ):    0.000ns
    Phase Error              (PE):    0.000ns

    Location             Delay type                Incr(ns)  Path(ns)    Netlist Resource(s)
  -------------------------------------------------------------------    -------------------
    DSP48_X2Y11          DSP48E1                      0.000     0.000 r  Design_1_i/vector_mult_0/inst/mul_32s_32s_32_2_1_U1/tmp_product__0/ACOUT[17]
                         net (fo=1, routed)           0.002     0.002    Design_1_i/vector_mult_0/inst/mul_32s_32s_32_2_1_U1/tmp_product__0_n_36
    DSP48_X2Y12          DSP48E1                                      r  Design_1_i/vector_mult_0/inst/mul_32s_32s_32_2_1_U1/buff0_reg/ACIN[17]
  -------------------------------------------------------------------    -------------------

                         (clock clk_fpga_0 rise edge)
                                                      0.000     0.000 r  <hidden>
    PS7_X0Y0             PS7                          0.000     0.000 r  Design_1_i/processing_system7_0/inst/PS7_i/FCLKCLK[0]
                         net (fo=1, routed)           1.193     1.193    Design_1_i/processing_system7_0/inst/FCLK_CLK_unbuffered[0]
    BUFGCTRL_X0Y16       BUFG (Prop_bufg_I_O)         0.101     1.294 r  Design_1_i/processing_system7_0/inst/buffer_fclk_clk_0.FCLK_CLK_0_BUFG/O
                         net (fo=9506, routed)        1.748     3.042    Design_1_i/vector_mult_0/inst/mul_32s_32s_32_2_1_U1/ap_clk
    DSP48_X2Y12          DSP48E1                                      r  Design_1_i/vector_mult_0/inst/mul_32s_32s_32_2_1_U1/buff0_reg/CLK

Slack:                    inf
  Source:                 Design_1_i/vector_mult_0/inst/mul_32s_32s_32_2_1_U1/tmp_product__0/ACOUT[18]
                            (internal pin)
  Destination:            Design_1_i/vector_mult_0/inst/mul_32s_32s_32_2_1_U1/buff0_reg/ACIN[18]
                            (rising edge-triggered cell DSP48E1 clocked by clk_fpga_0  {rise@0.000ns fall@10.000ns period=20.000ns})
  Path Group:             (none)
  Path Type:              Hold (Min at Slow Process Corner)
  Data Path Delay:        0.002ns  (logic 0.000ns (0.000%)  route 0.002ns (100.000%))
  Logic Levels:           0  
  Clock Uncertainty:      0.301ns  ((TSJ^2 + TIJ^2)^1/2 + DJ) / 2 + PE
    Total System Jitter     (TSJ):    0.050ns
    Total Input Jitter      (TIJ):    0.600ns
    Discrete Jitter          (DJ):    0.000ns
    Phase Error              (PE):    0.000ns

    Location             Delay type                Incr(ns)  Path(ns)    Netlist Resource(s)
  -------------------------------------------------------------------    -------------------
    DSP48_X2Y11          DSP48E1                      0.000     0.000 r  Design_1_i/vector_mult_0/inst/mul_32s_32s_32_2_1_U1/tmp_product__0/ACOUT[18]
                         net (fo=1, routed)           0.002     0.002    Design_1_i/vector_mult_0/inst/mul_32s_32s_32_2_1_U1/tmp_product__0_n_35
    DSP48_X2Y12          DSP48E1                                      r  Design_1_i/vector_mult_0/inst/mul_32s_32s_32_2_1_U1/buff0_reg/ACIN[18]
  -------------------------------------------------------------------    -------------------

                         (clock clk_fpga_0 rise edge)
                                                      0.000     0.000 r  <hidden>
    PS7_X0Y0             PS7                          0.000     0.000 r  Design_1_i/processing_system7_0/inst/PS7_i/FCLKCLK[0]
                         net (fo=1, routed)           1.193     1.193    Design_1_i/processing_system7_0/inst/FCLK_CLK_unbuffered[0]
    BUFGCTRL_X0Y16       BUFG (Prop_bufg_I_O)         0.101     1.294 r  Design_1_i/processing_system7_0/inst/buffer_fclk_clk_0.FCLK_CLK_0_BUFG/O
                         net (fo=9506, routed)        1.748     3.042    Design_1_i/vector_mult_0/inst/mul_32s_32s_32_2_1_U1/ap_clk
    DSP48_X2Y12          DSP48E1                                      r  Design_1_i/vector_mult_0/inst/mul_32s_32s_32_2_1_U1/buff0_reg/CLK





