Copyright 1986-2022 Xilinx, Inc. All Rights Reserved. Copyright 2022-2026 Advanced Micro Devices, Inc. All Rights Reserved.
------------------------------------------------------------------------------------------------------------------------------------------------------------------------------------------------------------------------------------------------
| Tool Version : Vivado v.2026.1 (win64) Build 6511674 Tue Jun 16 11:02:23 MDT 2026
| Date         : Wed Sep 23 01:34:13 2026
| Host         : DESKTOP-55UAODO running 64-bit major release  (build 9200)
| Command      : report_timing_summary -max_paths 10 -routable_nets -report_unconstrained -file bd_0_wrapper_timing_summary_routed.rpt -pb bd_0_wrapper_timing_summary_routed.pb -rpx bd_0_wrapper_timing_summary_routed.rpx -warn_on_violation
| Design       : bd_0_wrapper
| Device       : 7z020-clg400
| Speed File   : -1  PRODUCTION 1.12 2019-11-22
| Design State : Routed
------------------------------------------------------------------------------------------------------------------------------------------------------------------------------------------------------------------------------------------------

Timing Summary Report

------------------------------------------------------------------------------------------------
| Timer Settings
| --------------
------------------------------------------------------------------------------------------------

  Enable Multi Corner Analysis               :  Yes
  Enable Pessimism Removal                   :  Yes
  Pessimism Removal Resolution               :  Nearest Common Node
  Enable Input Delay Default Clock           :  No
  Enable Preset / Clear Arcs                 :  No
  Disable Flight Delays                      :  No
  Ignore I/O Paths                           :  No
  Timing Early Launch at Borrowing Latches   :  No
  Borrow Time for Max Delay Exceptions       :  Yes
  Merge Timing Exceptions                    :  Yes
  Inter-SLR Compensation                     :  Conservative

  Corner  Analyze    Analyze    
  Name    Max Paths  Min Paths  
  ------  ---------  ---------  
  Slow    Yes        Yes        
  Fast    Yes        Yes        


------------------------------------------------------------------------------------------------
| Report Methodology
| ------------------
------------------------------------------------------------------------------------------------

Rule       Severity  Description                    Violations  
---------  --------  -----------------------------  ----------  
TIMING-18  Warning   Missing input or output delay  204         

Note: This report is based on the most recent report_methodology run and may not be up-to-date. Run report_methodology on the current design for the latest report.



check_timing report

Table of Contents
-----------------
1. checking no_clock (0)
2. checking constant_clock (0)
3. checking pulse_width_clock (0)
4. checking unconstrained_internal_endpoints (0)
5. checking no_input_delay (107)
6. checking no_output_delay (95)
7. checking multiple_clock (0)
8. checking generated_clocks (0)
9. checking loops (0)
10. checking partial_input_delay (0)
11. checking partial_output_delay (0)
12. checking latch_loops (0)

1. checking no_clock (0)
------------------------
 There are 0 register/latch pins with no clock.


2. checking constant_clock (0)
------------------------------
 There are 0 register/latch pins with constant_clock.


3. checking pulse_width_clock (0)
---------------------------------
 There are 0 register/latch pins which need pulse_width check


4. checking unconstrained_internal_endpoints (0)
------------------------------------------------
 There are 0 pins that are not constrained for maximum delay.

 There are 0 pins that are not constrained for maximum delay due to constant clock.


5. checking no_input_delay (107)
--------------------------------
 There are 107 input ports with no input delay specified. (HIGH)

 There are 0 input ports with no input delay but user has a false path constraint.


6. checking no_output_delay (95)
--------------------------------
 There are 95 ports with no output delay specified. (HIGH)

 There are 0 ports with no output delay but user has a false path constraint

 There are 0 ports with no output delay but with a timing clock defined on it or propagating through it


7. checking multiple_clock (0)
------------------------------
 There are 0 register/latch pins with multiple clocks.


8. checking generated_clocks (0)
--------------------------------
 There are 0 generated clocks that are not connected to a clock source.


9. checking loops (0)
---------------------
 There are 0 combinational loops in the design.


10. checking partial_input_delay (0)
------------------------------------
 There are 0 input ports with partial input delay specified.


11. checking partial_output_delay (0)
-------------------------------------
 There are 0 ports with partial output delay specified.


12. checking latch_loops (0)
----------------------------
 There are 0 combinational latch loops in the design through latch input



------------------------------------------------------------------------------------------------
| Design Timing Summary
| ---------------------
------------------------------------------------------------------------------------------------

    WNS(ns)      TNS(ns)  TNS Failing Endpoints  TNS Total Endpoints      WHS(ns)      THS(ns)  THS Failing Endpoints  THS Total Endpoints     WPWS(ns)     TPWS(ns)  TPWS Failing Endpoints  TPWS Total Endpoints  
    -------      -------  ---------------------  -------------------      -------      -------  ---------------------  -------------------     --------     --------  ----------------------  --------------------  
      3.458        0.000                      0                 3040        0.098        0.000                      0                 3040        4.020        0.000                       0                  1359  


All user specified timing constraints are met.


------------------------------------------------------------------------------------------------
| Clock Summary
| -------------
------------------------------------------------------------------------------------------------

Clock   Waveform(ns)       Period(ns)      Frequency(MHz)
-----   ------------       ----------      --------------
ap_clk  {0.000 5.000}      10.000          100.000         


------------------------------------------------------------------------------------------------
| Intra Clock Table
| -----------------
------------------------------------------------------------------------------------------------

Clock             WNS(ns)      TNS(ns)  TNS Failing Endpoints  TNS Total Endpoints      WHS(ns)      THS(ns)  THS Failing Endpoints  THS Total Endpoints     WPWS(ns)     TPWS(ns)  TPWS Failing Endpoints  TPWS Total Endpoints  
-----             -------      -------  ---------------------  -------------------      -------      -------  ---------------------  -------------------     --------     --------  ----------------------  --------------------  
ap_clk              3.458        0.000                      0                 3040        0.098        0.000                      0                 3040        4.020        0.000                       0                  1359  


------------------------------------------------------------------------------------------------
| Inter Clock Table
| -----------------
------------------------------------------------------------------------------------------------

From Clock    To Clock          WNS(ns)      TNS(ns)  TNS Failing Endpoints  TNS Total Endpoints      WHS(ns)      THS(ns)  THS Failing Endpoints  THS Total Endpoints  
----------    --------          -------      -------  ---------------------  -------------------      -------      -------  ---------------------  -------------------  


------------------------------------------------------------------------------------------------
| Other Path Groups Table
| -----------------------
------------------------------------------------------------------------------------------------

Path Group    From Clock    To Clock          WNS(ns)      TNS(ns)  TNS Failing Endpoints  TNS Total Endpoints      WHS(ns)      THS(ns)  THS Failing Endpoints  THS Total Endpoints  
----------    ----------    --------          -------      -------  ---------------------  -------------------      -------      -------  ---------------------  -------------------  


------------------------------------------------------------------------------------------------
| User Ignored Path Table
| -----------------------
------------------------------------------------------------------------------------------------

Path Group    From Clock    To Clock    
----------    ----------    --------    


------------------------------------------------------------------------------------------------
| Unconstrained Path Table
| ------------------------
------------------------------------------------------------------------------------------------

Path Group    From Clock    To Clock    
----------    ----------    --------    
(none)        ap_clk                      
(none)                      ap_clk        


------------------------------------------------------------------------------------------------
| Timing Details
| --------------
------------------------------------------------------------------------------------------------


---------------------------------------------------------------------------------------------------
From Clock:  ap_clk
  To Clock:  ap_clk

Setup :            0  Failing Endpoints,  Worst Slack        3.458ns,  Total Violation        0.000ns
Hold  :            0  Failing Endpoints,  Worst Slack        0.098ns,  Total Violation        0.000ns
PW    :            0  Failing Endpoints,  Worst Slack        4.020ns,  Total Violation        0.000ns
---------------------------------------------------------------------------------------------------


Max Delay Paths
--------------------------------------------------------------------------------------
Slack (MET) :             3.458ns  (required time - arrival time)
  Source:                 bd_0_i/hls_inst/inst/Cols_read_reg_168_reg[2]/C
                            (rising edge-triggered cell FDRE clocked by ap_clk  {rise@0.000ns fall@5.000ns period=10.000ns})
  Destination:            bd_0_i/hls_inst/inst/grp_Gaussian_Filter_Pipeline_VITIS_LOOP_25_1_VITIS_LOOP_27_2_fu_86/Line_Buffer_data_1_U/ram_reg_1/ADDRARDADDR[6]
                            (rising edge-triggered cell RAMB36E1 clocked by ap_clk  {rise@0.000ns fall@5.000ns period=10.000ns})
  Path Group:             ap_clk
  Path Type:              Setup (Max at Slow Process Corner)
  Requirement:            10.000ns  (ap_clk rise@10.000ns - ap_clk rise@0.000ns)
  Data Path Delay:        5.688ns  (logic 1.680ns (29.535%)  route 4.008ns (70.465%))
  Logic Levels:           6  (CARRY4=4 LUT2=1 LUT4=1)
  Clock Path Skew:        -0.049ns (DCD - SCD + CPR)
    Destination Clock Delay (DCD):    0.924ns = ( 10.924 - 10.000 ) 
    Source Clock Delay      (SCD):    0.973ns
    Clock Pessimism Removal (CPR):    0.000ns
  Clock Uncertainty:      0.035ns  ((TSJ^2 + TIJ^2)^1/2 + DJ) / 2 + PE
    Total System Jitter     (TSJ):    0.071ns
    Total Input Jitter      (TIJ):    0.000ns
    Discrete Jitter          (DJ):    0.000ns
    Phase Error              (PE):    0.000ns

    Location             Delay type                Incr(ns)  Path(ns)    Netlist Resource(s)
  -------------------------------------------------------------------    -------------------
                         (clock ap_clk rise edge)     0.000     0.000 r  <hidden>
                                                      0.000     0.000 r  ap_clk
                         net (fo=1360, unset)         0.973     0.973    bd_0_i/hls_inst/inst/ap_clk
    SLICE_X46Y49         FDRE                                         r  bd_0_i/hls_inst/inst/Cols_read_reg_168_reg[2]/C
  -------------------------------------------------------------------    -------------------
    SLICE_X46Y49         FDRE (Prop_fdre_C_Q)         0.518     1.491 r  bd_0_i/hls_inst/inst/Cols_read_reg_168_reg[2]/Q
                         net (fo=2, routed)           0.967     2.458    bd_0_i/hls_inst/inst/grp_Gaussian_Filter_Pipeline_VITIS_LOOP_25_1_VITIS_LOOP_27_2_fu_86/icmp_ln27_fu_284_p2_carry__2_0[2]
    SLICE_X45Y49         LUT4 (Prop_lut4_I0_O)        0.124     2.582 r  bd_0_i/hls_inst/inst/grp_Gaussian_Filter_Pipeline_VITIS_LOOP_25_1_VITIS_LOOP_27_2_fu_86/icmp_ln27_fu_284_p2_carry_i_7/O
                         net (fo=1, routed)           0.000     2.582    bd_0_i/hls_inst/inst/grp_Gaussian_Filter_Pipeline_VITIS_LOOP_25_1_VITIS_LOOP_27_2_fu_86/icmp_ln27_fu_284_p2_carry_i_7_n_0
    SLICE_X45Y49         CARRY4 (Prop_carry4_S[1]_CO[3])
                                                      0.550     3.132 r  bd_0_i/hls_inst/inst/grp_Gaussian_Filter_Pipeline_VITIS_LOOP_25_1_VITIS_LOOP_27_2_fu_86/icmp_ln27_fu_284_p2_carry/CO[3]
                         net (fo=1, routed)           0.001     3.133    bd_0_i/hls_inst/inst/grp_Gaussian_Filter_Pipeline_VITIS_LOOP_25_1_VITIS_LOOP_27_2_fu_86/icmp_ln27_fu_284_p2_carry_n_0
    SLICE_X45Y50         CARRY4 (Prop_carry4_CI_CO[3])
                                                      0.114     3.247 r  bd_0_i/hls_inst/inst/grp_Gaussian_Filter_Pipeline_VITIS_LOOP_25_1_VITIS_LOOP_27_2_fu_86/icmp_ln27_fu_284_p2_carry__0/CO[3]
                         net (fo=1, routed)           0.000     3.247    bd_0_i/hls_inst/inst/grp_Gaussian_Filter_Pipeline_VITIS_LOOP_25_1_VITIS_LOOP_27_2_fu_86/icmp_ln27_fu_284_p2_carry__0_n_0
    SLICE_X45Y51         CARRY4 (Prop_carry4_CI_CO[3])
                                                      0.114     3.361 r  bd_0_i/hls_inst/inst/grp_Gaussian_Filter_Pipeline_VITIS_LOOP_25_1_VITIS_LOOP_27_2_fu_86/icmp_ln27_fu_284_p2_carry__1/CO[3]
                         net (fo=1, routed)           0.000     3.361    bd_0_i/hls_inst/inst/grp_Gaussian_Filter_Pipeline_VITIS_LOOP_25_1_VITIS_LOOP_27_2_fu_86/icmp_ln27_fu_284_p2_carry__1_n_0
    SLICE_X45Y52         CARRY4 (Prop_carry4_CI_CO[3])
                                                      0.114     3.475 r  bd_0_i/hls_inst/inst/grp_Gaussian_Filter_Pipeline_VITIS_LOOP_25_1_VITIS_LOOP_27_2_fu_86/icmp_ln27_fu_284_p2_carry__2/CO[3]
                         net (fo=26, routed)          1.612     5.086    bd_0_i/hls_inst/inst/grp_Gaussian_Filter_Pipeline_VITIS_LOOP_25_1_VITIS_LOOP_27_2_fu_86/Line_Buffer_data_1_U/CO[0]
    SLICE_X32Y48         LUT2 (Prop_lut2_I0_O)        0.146     5.232 r  bd_0_i/hls_inst/inst/grp_Gaussian_Filter_Pipeline_VITIS_LOOP_25_1_VITIS_LOOP_27_2_fu_86/Line_Buffer_data_1_U/ram_reg_0_i_10__0/O
                         net (fo=4, routed)           1.429     6.661    bd_0_i/hls_inst/inst/grp_Gaussian_Filter_Pipeline_VITIS_LOOP_25_1_VITIS_LOOP_27_2_fu_86/Line_Buffer_data_1_U/address0[2]
    RAMB36_X2Y12         RAMB36E1                                     r  bd_0_i/hls_inst/inst/grp_Gaussian_Filter_Pipeline_VITIS_LOOP_25_1_VITIS_LOOP_27_2_fu_86/Line_Buffer_data_1_U/ram_reg_1/ADDRARDADDR[6]
  -------------------------------------------------------------------    -------------------

                         (clock ap_clk rise edge)    10.000    10.000 r  <hidden>
                                                      0.000    10.000 r  ap_clk
                         net (fo=1360, unset)         0.924    10.924    bd_0_i/hls_inst/inst/grp_Gaussian_Filter_Pipeline_VITIS_LOOP_25_1_VITIS_LOOP_27_2_fu_86/Line_Buffer_data_1_U/ap_clk
    RAMB36_X2Y12         RAMB36E1                                     r  bd_0_i/hls_inst/inst/grp_Gaussian_Filter_Pipeline_VITIS_LOOP_25_1_VITIS_LOOP_27_2_fu_86/Line_Buffer_data_1_U/ram_reg_1/CLKARDCLK
                         clock pessimism              0.000    10.924    <hidden>
                         clock uncertainty           -0.035    10.889    <hidden>
    RAMB36_X2Y12         RAMB36E1 (Setup_ramb36e1_CLKARDCLK_ADDRARDADDR[6])
                                                     -0.770    10.119    bd_0_i/hls_inst/inst/grp_Gaussian_Filter_Pipeline_VITIS_LOOP_25_1_VITIS_LOOP_27_2_fu_86/Line_Buffer_data_1_U/ram_reg_1
  -------------------------------------------------------------------
                         required time                         10.119    <hidden>
                         arrival time                          -6.661    <hidden>
  -------------------------------------------------------------------
                         slack                                  3.458    <hidden>

Slack (MET) :             3.535ns  (required time - arrival time)
  Source:                 bd_0_i/hls_inst/inst/Cols_read_reg_168_reg[2]/C
                            (rising edge-triggered cell FDRE clocked by ap_clk  {rise@0.000ns fall@5.000ns period=10.000ns})
  Destination:            bd_0_i/hls_inst/inst/grp_Gaussian_Filter_Pipeline_VITIS_LOOP_25_1_VITIS_LOOP_27_2_fu_86/addr_cmp25_reg_668_reg[0]/D
                            (rising edge-triggered cell FDRE clocked by ap_clk  {rise@0.000ns fall@5.000ns period=10.000ns})
  Path Group:             ap_clk
  Path Type:              Setup (Max at Slow Process Corner)
  Requirement:            10.000ns  (ap_clk rise@10.000ns - ap_clk rise@0.000ns)
  Data Path Delay:        6.475ns  (logic 3.190ns (49.266%)  route 3.285ns (50.734%))
  Logic Levels:           13  (CARRY4=10 LUT2=1 LUT4=1 LUT6=1)
  Clock Path Skew:        -0.049ns (DCD - SCD + CPR)
    Destination Clock Delay (DCD):    0.924ns = ( 10.924 - 10.000 ) 
    Source Clock Delay      (SCD):    0.973ns
    Clock Pessimism Removal (CPR):    0.000ns
  Clock Uncertainty:      0.035ns  ((TSJ^2 + TIJ^2)^1/2 + DJ) / 2 + PE
    Total System Jitter     (TSJ):    0.071ns
    Total Input Jitter      (TIJ):    0.000ns
    Discrete Jitter          (DJ):    0.000ns
    Phase Error              (PE):    0.000ns

    Location             Delay type                Incr(ns)  Path(ns)    Netlist Resource(s)
  -------------------------------------------------------------------    -------------------
                         (clock ap_clk rise edge)     0.000     0.000 r  <hidden>
                                                      0.000     0.000 r  ap_clk
                         net (fo=1360, unset)         0.973     0.973    bd_0_i/hls_inst/inst/ap_clk
    SLICE_X46Y49         FDRE                                         r  bd_0_i/hls_inst/inst/Cols_read_reg_168_reg[2]/C
  -------------------------------------------------------------------    -------------------
    SLICE_X46Y49         FDRE (Prop_fdre_C_Q)         0.518     1.491 r  bd_0_i/hls_inst/inst/Cols_read_reg_168_reg[2]/Q
                         net (fo=2, routed)           0.967     2.458    bd_0_i/hls_inst/inst/grp_Gaussian_Filter_Pipeline_VITIS_LOOP_25_1_VITIS_LOOP_27_2_fu_86/icmp_ln27_fu_284_p2_carry__2_0[2]
    SLICE_X45Y49         LUT4 (Prop_lut4_I0_O)        0.124     2.582 r  bd_0_i/hls_inst/inst/grp_Gaussian_Filter_Pipeline_VITIS_LOOP_25_1_VITIS_LOOP_27_2_fu_86/icmp_ln27_fu_284_p2_carry_i_7/O
                         net (fo=1, routed)           0.000     2.582    bd_0_i/hls_inst/inst/grp_Gaussian_Filter_Pipeline_VITIS_LOOP_25_1_VITIS_LOOP_27_2_fu_86/icmp_ln27_fu_284_p2_carry_i_7_n_0
    SLICE_X45Y49         CARRY4 (Prop_carry4_S[1]_CO[3])
                                                      0.550     3.132 r  bd_0_i/hls_inst/inst/grp_Gaussian_Filter_Pipeline_VITIS_LOOP_25_1_VITIS_LOOP_27_2_fu_86/icmp_ln27_fu_284_p2_carry/CO[3]
                         net (fo=1, routed)           0.001     3.133    bd_0_i/hls_inst/inst/grp_Gaussian_Filter_Pipeline_VITIS_LOOP_25_1_VITIS_LOOP_27_2_fu_86/icmp_ln27_fu_284_p2_carry_n_0
    SLICE_X45Y50         CARRY4 (Prop_carry4_CI_CO[3])
                                                      0.114     3.247 r  bd_0_i/hls_inst/inst/grp_Gaussian_Filter_Pipeline_VITIS_LOOP_25_1_VITIS_LOOP_27_2_fu_86/icmp_ln27_fu_284_p2_carry__0/CO[3]
                         net (fo=1, routed)           0.000     3.247    bd_0_i/hls_inst/inst/grp_Gaussian_Filter_Pipeline_VITIS_LOOP_25_1_VITIS_LOOP_27_2_fu_86/icmp_ln27_fu_284_p2_carry__0_n_0
    SLICE_X45Y51         CARRY4 (Prop_carry4_CI_CO[3])
                                                      0.114     3.361 r  bd_0_i/hls_inst/inst/grp_Gaussian_Filter_Pipeline_VITIS_LOOP_25_1_VITIS_LOOP_27_2_fu_86/icmp_ln27_fu_284_p2_carry__1/CO[3]
                         net (fo=1, routed)           0.000     3.361    bd_0_i/hls_inst/inst/grp_Gaussian_Filter_Pipeline_VITIS_LOOP_25_1_VITIS_LOOP_27_2_fu_86/icmp_ln27_fu_284_p2_carry__1_n_0
    SLICE_X45Y52         CARRY4 (Prop_carry4_CI_CO[3])
                                                      0.114     3.475 r  bd_0_i/hls_inst/inst/grp_Gaussian_Filter_Pipeline_VITIS_LOOP_25_1_VITIS_LOOP_27_2_fu_86/icmp_ln27_fu_284_p2_carry__2/CO[3]
                         net (fo=26, routed)          1.470     4.944    bd_0_i/hls_inst/inst/grp_Gaussian_Filter_Pipeline_VITIS_LOOP_25_1_VITIS_LOOP_27_2_fu_86/Line_Buffer_data_1_U/CO[0]
    SLICE_X32Y48         LUT2 (Prop_lut2_I0_O)        0.150     5.094 r  bd_0_i/hls_inst/inst/grp_Gaussian_Filter_Pipeline_VITIS_LOOP_25_1_VITIS_LOOP_27_2_fu_86/Line_Buffer_data_1_U/ram_reg_0_i_8__0/O
                         net (fo=4, routed)           0.848     5.942    bd_0_i/hls_inst/inst/grp_Gaussian_Filter_Pipeline_VITIS_LOOP_25_1_VITIS_LOOP_27_2_fu_86/select_ln25_fu_289_p3[4]
    SLICE_X32Y50         LUT6 (Prop_lut6_I4_O)        0.348     6.290 r  bd_0_i/hls_inst/inst/grp_Gaussian_Filter_Pipeline_VITIS_LOOP_25_1_VITIS_LOOP_27_2_fu_86/addr_cmp25_fu_335_p2_carry_i_3/O
                         net (fo=1, routed)           0.000     6.290    bd_0_i/hls_inst/inst/grp_Gaussian_Filter_Pipeline_VITIS_LOOP_25_1_VITIS_LOOP_27_2_fu_86/addr_cmp25_fu_335_p2_carry_i_3_n_0
    SLICE_X32Y50         CARRY4 (Prop_carry4_S[1]_CO[3])
                                                      0.533     6.823 r  bd_0_i/hls_inst/inst/grp_Gaussian_Filter_Pipeline_VITIS_LOOP_25_1_VITIS_LOOP_27_2_fu_86/addr_cmp25_fu_335_p2_carry/CO[3]
                         net (fo=1, routed)           0.000     6.823    bd_0_i/hls_inst/inst/grp_Gaussian_Filter_Pipeline_VITIS_LOOP_25_1_VITIS_LOOP_27_2_fu_86/addr_cmp25_fu_335_p2_carry_n_0
    SLICE_X32Y51         CARRY4 (Prop_carry4_CI_CO[3])
                                                      0.117     6.940 r  bd_0_i/hls_inst/inst/grp_Gaussian_Filter_Pipeline_VITIS_LOOP_25_1_VITIS_LOOP_27_2_fu_86/addr_cmp25_fu_335_p2_carry__0/CO[3]
                         net (fo=1, routed)           0.000     6.940    bd_0_i/hls_inst/inst/grp_Gaussian_Filter_Pipeline_VITIS_LOOP_25_1_VITIS_LOOP_27_2_fu_86/addr_cmp25_fu_335_p2_carry__0_n_0
    SLICE_X32Y52         CARRY4 (Prop_carry4_CI_CO[3])
                                                      0.117     7.057 r  bd_0_i/hls_inst/inst/grp_Gaussian_Filter_Pipeline_VITIS_LOOP_25_1_VITIS_LOOP_27_2_fu_86/addr_cmp25_fu_335_p2_carry__1/CO[3]
                         net (fo=1, routed)           0.000     7.057    bd_0_i/hls_inst/inst/grp_Gaussian_Filter_Pipeline_VITIS_LOOP_25_1_VITIS_LOOP_27_2_fu_86/addr_cmp25_fu_335_p2_carry__1_n_0
    SLICE_X32Y53         CARRY4 (Prop_carry4_CI_CO[3])
                                                      0.117     7.174 r  bd_0_i/hls_inst/inst/grp_Gaussian_Filter_Pipeline_VITIS_LOOP_25_1_VITIS_LOOP_27_2_fu_86/addr_cmp25_fu_335_p2_carry__2/CO[3]
                         net (fo=1, routed)           0.000     7.174    bd_0_i/hls_inst/inst/grp_Gaussian_Filter_Pipeline_VITIS_LOOP_25_1_VITIS_LOOP_27_2_fu_86/addr_cmp25_fu_335_p2_carry__2_n_0
    SLICE_X32Y54         CARRY4 (Prop_carry4_CI_CO[3])
                                                      0.117     7.291 r  bd_0_i/hls_inst/inst/grp_Gaussian_Filter_Pipeline_VITIS_LOOP_25_1_VITIS_LOOP_27_2_fu_86/addr_cmp25_fu_335_p2_carry__3/CO[3]
                         net (fo=1, routed)           0.000     7.291    bd_0_i/hls_inst/inst/grp_Gaussian_Filter_Pipeline_VITIS_LOOP_25_1_VITIS_LOOP_27_2_fu_86/addr_cmp25_fu_335_p2_carry__3_n_0
    SLICE_X32Y55         CARRY4 (Prop_carry4_CI_CO[1])
                                                      0.157     7.448 r  bd_0_i/hls_inst/inst/grp_Gaussian_Filter_Pipeline_VITIS_LOOP_25_1_VITIS_LOOP_27_2_fu_86/addr_cmp25_fu_335_p2_carry__4/CO[1]
                         net (fo=1, routed)           0.000     7.448    bd_0_i/hls_inst/inst/grp_Gaussian_Filter_Pipeline_VITIS_LOOP_25_1_VITIS_LOOP_27_2_fu_86/addr_cmp_fu_344_p2[0]
    SLICE_X32Y55         FDRE                                         r  bd_0_i/hls_inst/inst/grp_Gaussian_Filter_Pipeline_VITIS_LOOP_25_1_VITIS_LOOP_27_2_fu_86/addr_cmp25_reg_668_reg[0]/D
  -------------------------------------------------------------------    -------------------

                         (clock ap_clk rise edge)    10.000    10.000 r  <hidden>
                                                      0.000    10.000 r  ap_clk
                         net (fo=1360, unset)         0.924    10.924    bd_0_i/hls_inst/inst/grp_Gaussian_Filter_Pipeline_VITIS_LOOP_25_1_VITIS_LOOP_27_2_fu_86/ap_clk
    SLICE_X32Y55         FDRE                                         r  bd_0_i/hls_inst/inst/grp_Gaussian_Filter_Pipeline_VITIS_LOOP_25_1_VITIS_LOOP_27_2_fu_86/addr_cmp25_reg_668_reg[0]/C
                         clock pessimism              0.000    10.924    <hidden>
                         clock uncertainty           -0.035    10.889    <hidden>
    SLICE_X32Y55         FDRE (Setup_fdre_C_D)        0.094    10.983    bd_0_i/hls_inst/inst/grp_Gaussian_Filter_Pipeline_VITIS_LOOP_25_1_VITIS_LOOP_27_2_fu_86/addr_cmp25_reg_668_reg[0]
  -------------------------------------------------------------------
                         required time                         10.983    <hidden>
                         arrival time                          -7.448    <hidden>
  -------------------------------------------------------------------
                         slack                                  3.535    <hidden>

Slack (MET) :             3.628ns  (required time - arrival time)
  Source:                 bd_0_i/hls_inst/inst/grp_Gaussian_Filter_Pipeline_VITIS_LOOP_25_1_VITIS_LOOP_27_2_fu_86/indvar_flatten_fu_126_reg[3]/C
                            (rising edge-triggered cell FDRE clocked by ap_clk  {rise@0.000ns fall@5.000ns period=10.000ns})
  Destination:            bd_0_i/hls_inst/inst/grp_Gaussian_Filter_Pipeline_VITIS_LOOP_25_1_VITIS_LOOP_27_2_fu_86/indvar_flatten_fu_126_reg[0]/CE
                            (rising edge-triggered cell FDRE clocked by ap_clk  {rise@0.000ns fall@5.000ns period=10.000ns})
  Path Group:             ap_clk
  Path Type:              Setup (Max at Slow Process Corner)
  Requirement:            10.000ns  (ap_clk rise@10.000ns - ap_clk rise@0.000ns)
  Data Path Delay:        5.916ns  (logic 2.343ns (39.602%)  route 3.573ns (60.398%))
  Logic Levels:           8  (CARRY4=6 LUT3=1 LUT6=1)
  Clock Path Skew:        -0.049ns (DCD - SCD + CPR)
    Destination Clock Delay (DCD):    0.924ns = ( 10.924 - 10.000 ) 
    Source Clock Delay      (SCD):    0.973ns
    Clock Pessimism Removal (CPR):    0.000ns
  Clock Uncertainty:      0.035ns  ((TSJ^2 + TIJ^2)^1/2 + DJ) / 2 + PE
    Total System Jitter     (TSJ):    0.071ns
    Total Input Jitter      (TIJ):    0.000ns
    Discrete Jitter          (DJ):    0.000ns
    Phase Error              (PE):    0.000ns

    Location             Delay type                Incr(ns)  Path(ns)    Netlist Resource(s)
  -------------------------------------------------------------------    -------------------
                         (clock ap_clk rise edge)     0.000     0.000 r  <hidden>
                                                      0.000     0.000 r  ap_clk
                         net (fo=1360, unset)         0.973     0.973    bd_0_i/hls_inst/inst/grp_Gaussian_Filter_Pipeline_VITIS_LOOP_25_1_VITIS_LOOP_27_2_fu_86/ap_clk
    SLICE_X34Y43         FDRE                                         r  bd_0_i/hls_inst/inst/grp_Gaussian_Filter_Pipeline_VITIS_LOOP_25_1_VITIS_LOOP_27_2_fu_86/indvar_flatten_fu_126_reg[3]/C
  -------------------------------------------------------------------    -------------------
    SLICE_X34Y43         FDRE (Prop_fdre_C_Q)         0.518     1.491 r  bd_0_i/hls_inst/inst/grp_Gaussian_Filter_Pipeline_VITIS_LOOP_25_1_VITIS_LOOP_27_2_fu_86/indvar_flatten_fu_126_reg[3]/Q
                         net (fo=2, routed)           1.335     2.826    bd_0_i/hls_inst/inst/grp_Gaussian_Filter_Pipeline_VITIS_LOOP_25_1_VITIS_LOOP_27_2_fu_86/indvar_flatten_fu_126_reg[3]
    SLICE_X35Y48         LUT6 (Prop_lut6_I0_O)        0.124     2.950 r  bd_0_i/hls_inst/inst/grp_Gaussian_Filter_Pipeline_VITIS_LOOP_25_1_VITIS_LOOP_27_2_fu_86/icmp_ln25_fu_261_p2_carry_i_3/O
                         net (fo=1, routed)           0.000     2.950    bd_0_i/hls_inst/inst/grp_Gaussian_Filter_Pipeline_VITIS_LOOP_25_1_VITIS_LOOP_27_2_fu_86/icmp_ln25_fu_261_p2_carry_i_3_n_0
    SLICE_X35Y48         CARRY4 (Prop_carry4_S[1]_CO[3])
                                                      0.550     3.500 r  bd_0_i/hls_inst/inst/grp_Gaussian_Filter_Pipeline_VITIS_LOOP_25_1_VITIS_LOOP_27_2_fu_86/icmp_ln25_fu_261_p2_carry/CO[3]
                         net (fo=1, routed)           0.000     3.500    bd_0_i/hls_inst/inst/grp_Gaussian_Filter_Pipeline_VITIS_LOOP_25_1_VITIS_LOOP_27_2_fu_86/icmp_ln25_fu_261_p2_carry_n_0
    SLICE_X35Y49         CARRY4 (Prop_carry4_CI_CO[3])
                                                      0.114     3.614 r  bd_0_i/hls_inst/inst/grp_Gaussian_Filter_Pipeline_VITIS_LOOP_25_1_VITIS_LOOP_27_2_fu_86/icmp_ln25_fu_261_p2_carry__0/CO[3]
                         net (fo=1, routed)           0.001     3.615    bd_0_i/hls_inst/inst/grp_Gaussian_Filter_Pipeline_VITIS_LOOP_25_1_VITIS_LOOP_27_2_fu_86/icmp_ln25_fu_261_p2_carry__0_n_0
    SLICE_X35Y50         CARRY4 (Prop_carry4_CI_CO[3])
                                                      0.114     3.729 r  bd_0_i/hls_inst/inst/grp_Gaussian_Filter_Pipeline_VITIS_LOOP_25_1_VITIS_LOOP_27_2_fu_86/icmp_ln25_fu_261_p2_carry__1/CO[3]
                         net (fo=1, routed)           0.000     3.729    bd_0_i/hls_inst/inst/grp_Gaussian_Filter_Pipeline_VITIS_LOOP_25_1_VITIS_LOOP_27_2_fu_86/icmp_ln25_fu_261_p2_carry__1_n_0
    SLICE_X35Y51         CARRY4 (Prop_carry4_CI_CO[3])
                                                      0.114     3.843 r  bd_0_i/hls_inst/inst/grp_Gaussian_Filter_Pipeline_VITIS_LOOP_25_1_VITIS_LOOP_27_2_fu_86/icmp_ln25_fu_261_p2_carry__2/CO[3]
                         net (fo=1, routed)           0.000     3.843    bd_0_i/hls_inst/inst/grp_Gaussian_Filter_Pipeline_VITIS_LOOP_25_1_VITIS_LOOP_27_2_fu_86/icmp_ln25_fu_261_p2_carry__2_n_0
    SLICE_X35Y52         CARRY4 (Prop_carry4_CI_CO[3])
                                                      0.114     3.957 r  bd_0_i/hls_inst/inst/grp_Gaussian_Filter_Pipeline_VITIS_LOOP_25_1_VITIS_LOOP_27_2_fu_86/icmp_ln25_fu_261_p2_carry__3/CO[3]
                         net (fo=1, routed)           0.000     3.957    bd_0_i/hls_inst/inst/grp_Gaussian_Filter_Pipeline_VITIS_LOOP_25_1_VITIS_LOOP_27_2_fu_86/icmp_ln25_fu_261_p2_carry__3_n_0
    SLICE_X35Y53         CARRY4 (Prop_carry4_CI_CO[0])
                                                      0.293     4.250 f  bd_0_i/hls_inst/inst/grp_Gaussian_Filter_Pipeline_VITIS_LOOP_25_1_VITIS_LOOP_27_2_fu_86/icmp_ln25_fu_261_p2_carry__4/CO[0]
                         net (fo=5, routed)           0.987     5.236    bd_0_i/hls_inst/inst/grp_Gaussian_Filter_Pipeline_VITIS_LOOP_25_1_VITIS_LOOP_27_2_fu_86/icmp_ln25_fu_261_p2[0]
    SLICE_X40Y57         LUT3 (Prop_lut3_I2_O)        0.402     5.638 r  bd_0_i/hls_inst/inst/grp_Gaussian_Filter_Pipeline_VITIS_LOOP_25_1_VITIS_LOOP_27_2_fu_86/indvar_flatten_fu_126[0]_i_1/O
                         net (fo=62, routed)          1.251     6.889    bd_0_i/hls_inst/inst/grp_Gaussian_Filter_Pipeline_VITIS_LOOP_25_1_VITIS_LOOP_27_2_fu_86/indvar_flatten_fu_126
    SLICE_X34Y43         FDRE                                         r  bd_0_i/hls_inst/inst/grp_Gaussian_Filter_Pipeline_VITIS_LOOP_25_1_VITIS_LOOP_27_2_fu_86/indvar_flatten_fu_126_reg[0]/CE
  -------------------------------------------------------------------    -------------------

                         (clock ap_clk rise edge)    10.000    10.000 r  <hidden>
                                                      0.000    10.000 r  ap_clk
                         net (fo=1360, unset)         0.924    10.924    bd_0_i/hls_inst/inst/grp_Gaussian_Filter_Pipeline_VITIS_LOOP_25_1_VITIS_LOOP_27_2_fu_86/ap_clk
    SLICE_X34Y43         FDRE                                         r  bd_0_i/hls_inst/inst/grp_Gaussian_Filter_Pipeline_VITIS_LOOP_25_1_VITIS_LOOP_27_2_fu_86/indvar_flatten_fu_126_reg[0]/C
                         clock pessimism              0.000    10.924    <hidden>
                         clock uncertainty           -0.035    10.889    <hidden>
    SLICE_X34Y43         FDRE (Setup_fdre_C_CE)      -0.372    10.517    bd_0_i/hls_inst/inst/grp_Gaussian_Filter_Pipeline_VITIS_LOOP_25_1_VITIS_LOOP_27_2_fu_86/indvar_flatten_fu_126_reg[0]
  -------------------------------------------------------------------
                         required time                         10.517    <hidden>
                         arrival time                          -6.889    <hidden>
  -------------------------------------------------------------------
                         slack                                  3.628    <hidden>

Slack (MET) :             3.628ns  (required time - arrival time)
  Source:                 bd_0_i/hls_inst/inst/grp_Gaussian_Filter_Pipeline_VITIS_LOOP_25_1_VITIS_LOOP_27_2_fu_86/indvar_flatten_fu_126_reg[3]/C
                            (rising edge-triggered cell FDRE clocked by ap_clk  {rise@0.000ns fall@5.000ns period=10.000ns})
  Destination:            bd_0_i/hls_inst/inst/grp_Gaussian_Filter_Pipeline_VITIS_LOOP_25_1_VITIS_LOOP_27_2_fu_86/indvar_flatten_fu_126_reg[1]/CE
                            (rising edge-triggered cell FDRE clocked by ap_clk  {rise@0.000ns fall@5.000ns period=10.000ns})
  Path Group:             ap_clk
  Path Type:              Setup (Max at Slow Process Corner)
  Requirement:            10.000ns  (ap_clk rise@10.000ns - ap_clk rise@0.000ns)
  Data Path Delay:        5.916ns  (logic 2.343ns (39.602%)  route 3.573ns (60.398%))
  Logic Levels:           8  (CARRY4=6 LUT3=1 LUT6=1)
  Clock Path Skew:        -0.049ns (DCD - SCD + CPR)
    Destination Clock Delay (DCD):    0.924ns = ( 10.924 - 10.000 ) 
    Source Clock Delay      (SCD):    0.973ns
    Clock Pessimism Removal (CPR):    0.000ns
  Clock Uncertainty:      0.035ns  ((TSJ^2 + TIJ^2)^1/2 + DJ) / 2 + PE
    Total System Jitter     (TSJ):    0.071ns
    Total Input Jitter      (TIJ):    0.000ns
    Discrete Jitter          (DJ):    0.000ns
    Phase Error              (PE):    0.000ns

    Location             Delay type                Incr(ns)  Path(ns)    Netlist Resource(s)
  -------------------------------------------------------------------    -------------------
                         (clock ap_clk rise edge)     0.000     0.000 r  <hidden>
                                                      0.000     0.000 r  ap_clk
                         net (fo=1360, unset)         0.973     0.973    bd_0_i/hls_inst/inst/grp_Gaussian_Filter_Pipeline_VITIS_LOOP_25_1_VITIS_LOOP_27_2_fu_86/ap_clk
    SLICE_X34Y43         FDRE                                         r  bd_0_i/hls_inst/inst/grp_Gaussian_Filter_Pipeline_VITIS_LOOP_25_1_VITIS_LOOP_27_2_fu_86/indvar_flatten_fu_126_reg[3]/C
  -------------------------------------------------------------------    -------------------
    SLICE_X34Y43         FDRE (Prop_fdre_C_Q)         0.518     1.491 r  bd_0_i/hls_inst/inst/grp_Gaussian_Filter_Pipeline_VITIS_LOOP_25_1_VITIS_LOOP_27_2_fu_86/indvar_flatten_fu_126_reg[3]/Q
                         net (fo=2, routed)           1.335     2.826    bd_0_i/hls_inst/inst/grp_Gaussian_Filter_Pipeline_VITIS_LOOP_25_1_VITIS_LOOP_27_2_fu_86/indvar_flatten_fu_126_reg[3]
    SLICE_X35Y48         LUT6 (Prop_lut6_I0_O)        0.124     2.950 r  bd_0_i/hls_inst/inst/grp_Gaussian_Filter_Pipeline_VITIS_LOOP_25_1_VITIS_LOOP_27_2_fu_86/icmp_ln25_fu_261_p2_carry_i_3/O
                         net (fo=1, routed)           0.000     2.950    bd_0_i/hls_inst/inst/grp_Gaussian_Filter_Pipeline_VITIS_LOOP_25_1_VITIS_LOOP_27_2_fu_86/icmp_ln25_fu_261_p2_carry_i_3_n_0
    SLICE_X35Y48         CARRY4 (Prop_carry4_S[1]_CO[3])
                                                      0.550     3.500 r  bd_0_i/hls_inst/inst/grp_Gaussian_Filter_Pipeline_VITIS_LOOP_25_1_VITIS_LOOP_27_2_fu_86/icmp_ln25_fu_261_p2_carry/CO[3]
                         net (fo=1, routed)           0.000     3.500    bd_0_i/hls_inst/inst/grp_Gaussian_Filter_Pipeline_VITIS_LOOP_25_1_VITIS_LOOP_27_2_fu_86/icmp_ln25_fu_261_p2_carry_n_0
    SLICE_X35Y49         CARRY4 (Prop_carry4_CI_CO[3])
                                                      0.114     3.614 r  bd_0_i/hls_inst/inst/grp_Gaussian_Filter_Pipeline_VITIS_LOOP_25_1_VITIS_LOOP_27_2_fu_86/icmp_ln25_fu_261_p2_carry__0/CO[3]
                         net (fo=1, routed)           0.001     3.615    bd_0_i/hls_inst/inst/grp_Gaussian_Filter_Pipeline_VITIS_LOOP_25_1_VITIS_LOOP_27_2_fu_86/icmp_ln25_fu_261_p2_carry__0_n_0
    SLICE_X35Y50         CARRY4 (Prop_carry4_CI_CO[3])
                                                      0.114     3.729 r  bd_0_i/hls_inst/inst/grp_Gaussian_Filter_Pipeline_VITIS_LOOP_25_1_VITIS_LOOP_27_2_fu_86/icmp_ln25_fu_261_p2_carry__1/CO[3]
                         net (fo=1, routed)           0.000     3.729    bd_0_i/hls_inst/inst/grp_Gaussian_Filter_Pipeline_VITIS_LOOP_25_1_VITIS_LOOP_27_2_fu_86/icmp_ln25_fu_261_p2_carry__1_n_0
    SLICE_X35Y51         CARRY4 (Prop_carry4_CI_CO[3])
                                                      0.114     3.843 r  bd_0_i/hls_inst/inst/grp_Gaussian_Filter_Pipeline_VITIS_LOOP_25_1_VITIS_LOOP_27_2_fu_86/icmp_ln25_fu_261_p2_carry__2/CO[3]
                         net (fo=1, routed)           0.000     3.843    bd_0_i/hls_inst/inst/grp_Gaussian_Filter_Pipeline_VITIS_LOOP_25_1_VITIS_LOOP_27_2_fu_86/icmp_ln25_fu_261_p2_carry__2_n_0
    SLICE_X35Y52         CARRY4 (Prop_carry4_CI_CO[3])
                                                      0.114     3.957 r  bd_0_i/hls_inst/inst/grp_Gaussian_Filter_Pipeline_VITIS_LOOP_25_1_VITIS_LOOP_27_2_fu_86/icmp_ln25_fu_261_p2_carry__3/CO[3]
                         net (fo=1, routed)           0.000     3.957    bd_0_i/hls_inst/inst/grp_Gaussian_Filter_Pipeline_VITIS_LOOP_25_1_VITIS_LOOP_27_2_fu_86/icmp_ln25_fu_261_p2_carry__3_n_0
    SLICE_X35Y53         CARRY4 (Prop_carry4_CI_CO[0])
                                                      0.293     4.250 f  bd_0_i/hls_inst/inst/grp_Gaussian_Filter_Pipeline_VITIS_LOOP_25_1_VITIS_LOOP_27_2_fu_86/icmp_ln25_fu_261_p2_carry__4/CO[0]
                         net (fo=5, routed)           0.987     5.236    bd_0_i/hls_inst/inst/grp_Gaussian_Filter_Pipeline_VITIS_LOOP_25_1_VITIS_LOOP_27_2_fu_86/icmp_ln25_fu_261_p2[0]
    SLICE_X40Y57         LUT3 (Prop_lut3_I2_O)        0.402     5.638 r  bd_0_i/hls_inst/inst/grp_Gaussian_Filter_Pipeline_VITIS_LOOP_25_1_VITIS_LOOP_27_2_fu_86/indvar_flatten_fu_126[0]_i_1/O
                         net (fo=62, routed)          1.251     6.889    bd_0_i/hls_inst/inst/grp_Gaussian_Filter_Pipeline_VITIS_LOOP_25_1_VITIS_LOOP_27_2_fu_86/indvar_flatten_fu_126
    SLICE_X34Y43         FDRE                                         r  bd_0_i/hls_inst/inst/grp_Gaussian_Filter_Pipeline_VITIS_LOOP_25_1_VITIS_LOOP_27_2_fu_86/indvar_flatten_fu_126_reg[1]/CE
  -------------------------------------------------------------------    -------------------

                         (clock ap_clk rise edge)    10.000    10.000 r  <hidden>
                                                      0.000    10.000 r  ap_clk
                         net (fo=1360, unset)         0.924    10.924    bd_0_i/hls_inst/inst/grp_Gaussian_Filter_Pipeline_VITIS_LOOP_25_1_VITIS_LOOP_27_2_fu_86/ap_clk
    SLICE_X34Y43         FDRE                                         r  bd_0_i/hls_inst/inst/grp_Gaussian_Filter_Pipeline_VITIS_LOOP_25_1_VITIS_LOOP_27_2_fu_86/indvar_flatten_fu_126_reg[1]/C
                         clock pessimism              0.000    10.924    <hidden>
                         clock uncertainty           -0.035    10.889    <hidden>
    SLICE_X34Y43         FDRE (Setup_fdre_C_CE)      -0.372    10.517    bd_0_i/hls_inst/inst/grp_Gaussian_Filter_Pipeline_VITIS_LOOP_25_1_VITIS_LOOP_27_2_fu_86/indvar_flatten_fu_126_reg[1]
  -------------------------------------------------------------------
                         required time                         10.517    <hidden>
                         arrival time                          -6.889    <hidden>
  -------------------------------------------------------------------
                         slack                                  3.628    <hidden>

Slack (MET) :             3.628ns  (required time - arrival time)
  Source:                 bd_0_i/hls_inst/inst/grp_Gaussian_Filter_Pipeline_VITIS_LOOP_25_1_VITIS_LOOP_27_2_fu_86/indvar_flatten_fu_126_reg[3]/C
                            (rising edge-triggered cell FDRE clocked by ap_clk  {rise@0.000ns fall@5.000ns period=10.000ns})
  Destination:            bd_0_i/hls_inst/inst/grp_Gaussian_Filter_Pipeline_VITIS_LOOP_25_1_VITIS_LOOP_27_2_fu_86/indvar_flatten_fu_126_reg[2]/CE
                            (rising edge-triggered cell FDRE clocked by ap_clk  {rise@0.000ns fall@5.000ns period=10.000ns})
  Path Group:             ap_clk
  Path Type:              Setup (Max at Slow Process Corner)
  Requirement:            10.000ns  (ap_clk rise@10.000ns - ap_clk rise@0.000ns)
  Data Path Delay:        5.916ns  (logic 2.343ns (39.602%)  route 3.573ns (60.398%))
  Logic Levels:           8  (CARRY4=6 LUT3=1 LUT6=1)
  Clock Path Skew:        -0.049ns (DCD - SCD + CPR)
    Destination Clock Delay (DCD):    0.924ns = ( 10.924 - 10.000 ) 
    Source Clock Delay      (SCD):    0.973ns
    Clock Pessimism Removal (CPR):    0.000ns
  Clock Uncertainty:      0.035ns  ((TSJ^2 + TIJ^2)^1/2 + DJ) / 2 + PE
    Total System Jitter     (TSJ):    0.071ns
    Total Input Jitter      (TIJ):    0.000ns
    Discrete Jitter          (DJ):    0.000ns
    Phase Error              (PE):    0.000ns

    Location             Delay type                Incr(ns)  Path(ns)    Netlist Resource(s)
  -------------------------------------------------------------------    -------------------
                         (clock ap_clk rise edge)     0.000     0.000 r  <hidden>
                                                      0.000     0.000 r  ap_clk
                         net (fo=1360, unset)         0.973     0.973    bd_0_i/hls_inst/inst/grp_Gaussian_Filter_Pipeline_VITIS_LOOP_25_1_VITIS_LOOP_27_2_fu_86/ap_clk
    SLICE_X34Y43         FDRE                                         r  bd_0_i/hls_inst/inst/grp_Gaussian_Filter_Pipeline_VITIS_LOOP_25_1_VITIS_LOOP_27_2_fu_86/indvar_flatten_fu_126_reg[3]/C
  -------------------------------------------------------------------    -------------------
    SLICE_X34Y43         FDRE (Prop_fdre_C_Q)         0.518     1.491 r  bd_0_i/hls_inst/inst/grp_Gaussian_Filter_Pipeline_VITIS_LOOP_25_1_VITIS_LOOP_27_2_fu_86/indvar_flatten_fu_126_reg[3]/Q
                         net (fo=2, routed)           1.335     2.826    bd_0_i/hls_inst/inst/grp_Gaussian_Filter_Pipeline_VITIS_LOOP_25_1_VITIS_LOOP_27_2_fu_86/indvar_flatten_fu_126_reg[3]
    SLICE_X35Y48         LUT6 (Prop_lut6_I0_O)        0.124     2.950 r  bd_0_i/hls_inst/inst/grp_Gaussian_Filter_Pipeline_VITIS_LOOP_25_1_VITIS_LOOP_27_2_fu_86/icmp_ln25_fu_261_p2_carry_i_3/O
                         net (fo=1, routed)           0.000     2.950    bd_0_i/hls_inst/inst/grp_Gaussian_Filter_Pipeline_VITIS_LOOP_25_1_VITIS_LOOP_27_2_fu_86/icmp_ln25_fu_261_p2_carry_i_3_n_0
    SLICE_X35Y48         CARRY4 (Prop_carry4_S[1]_CO[3])
                                                      0.550     3.500 r  bd_0_i/hls_inst/inst/grp_Gaussian_Filter_Pipeline_VITIS_LOOP_25_1_VITIS_LOOP_27_2_fu_86/icmp_ln25_fu_261_p2_carry/CO[3]
                         net (fo=1, routed)           0.000     3.500    bd_0_i/hls_inst/inst/grp_Gaussian_Filter_Pipeline_VITIS_LOOP_25_1_VITIS_LOOP_27_2_fu_86/icmp_ln25_fu_261_p2_carry_n_0
    SLICE_X35Y49         CARRY4 (Prop_carry4_CI_CO[3])
                                                      0.114     3.614 r  bd_0_i/hls_inst/inst/grp_Gaussian_Filter_Pipeline_VITIS_LOOP_25_1_VITIS_LOOP_27_2_fu_86/icmp_ln25_fu_261_p2_carry__0/CO[3]
                         net (fo=1, routed)           0.001     3.615    bd_0_i/hls_inst/inst/grp_Gaussian_Filter_Pipeline_VITIS_LOOP_25_1_VITIS_LOOP_27_2_fu_86/icmp_ln25_fu_261_p2_carry__0_n_0
    SLICE_X35Y50         CARRY4 (Prop_carry4_CI_CO[3])
                                                      0.114     3.729 r  bd_0_i/hls_inst/inst/grp_Gaussian_Filter_Pipeline_VITIS_LOOP_25_1_VITIS_LOOP_27_2_fu_86/icmp_ln25_fu_261_p2_carry__1/CO[3]
                         net (fo=1, routed)           0.000     3.729    bd_0_i/hls_inst/inst/grp_Gaussian_Filter_Pipeline_VITIS_LOOP_25_1_VITIS_LOOP_27_2_fu_86/icmp_ln25_fu_261_p2_carry__1_n_0
    SLICE_X35Y51         CARRY4 (Prop_carry4_CI_CO[3])
                                                      0.114     3.843 r  bd_0_i/hls_inst/inst/grp_Gaussian_Filter_Pipeline_VITIS_LOOP_25_1_VITIS_LOOP_27_2_fu_86/icmp_ln25_fu_261_p2_carry__2/CO[3]
                         net (fo=1, routed)           0.000     3.843    bd_0_i/hls_inst/inst/grp_Gaussian_Filter_Pipeline_VITIS_LOOP_25_1_VITIS_LOOP_27_2_fu_86/icmp_ln25_fu_261_p2_carry__2_n_0
    SLICE_X35Y52         CARRY4 (Prop_carry4_CI_CO[3])
                                                      0.114     3.957 r  bd_0_i/hls_inst/inst/grp_Gaussian_Filter_Pipeline_VITIS_LOOP_25_1_VITIS_LOOP_27_2_fu_86/icmp_ln25_fu_261_p2_carry__3/CO[3]
                         net (fo=1, routed)           0.000     3.957    bd_0_i/hls_inst/inst/grp_Gaussian_Filter_Pipeline_VITIS_LOOP_25_1_VITIS_LOOP_27_2_fu_86/icmp_ln25_fu_261_p2_carry__3_n_0
    SLICE_X35Y53         CARRY4 (Prop_carry4_CI_CO[0])
                                                      0.293     4.250 f  bd_0_i/hls_inst/inst/grp_Gaussian_Filter_Pipeline_VITIS_LOOP_25_1_VITIS_LOOP_27_2_fu_86/icmp_ln25_fu_261_p2_carry__4/CO[0]
                         net (fo=5, routed)           0.987     5.236    bd_0_i/hls_inst/inst/grp_Gaussian_Filter_Pipeline_VITIS_LOOP_25_1_VITIS_LOOP_27_2_fu_86/icmp_ln25_fu_261_p2[0]
    SLICE_X40Y57         LUT3 (Prop_lut3_I2_O)        0.402     5.638 r  bd_0_i/hls_inst/inst/grp_Gaussian_Filter_Pipeline_VITIS_LOOP_25_1_VITIS_LOOP_27_2_fu_86/indvar_flatten_fu_126[0]_i_1/O
                         net (fo=62, routed)          1.251     6.889    bd_0_i/hls_inst/inst/grp_Gaussian_Filter_Pipeline_VITIS_LOOP_25_1_VITIS_LOOP_27_2_fu_86/indvar_flatten_fu_126
    SLICE_X34Y43         FDRE                                         r  bd_0_i/hls_inst/inst/grp_Gaussian_Filter_Pipeline_VITIS_LOOP_25_1_VITIS_LOOP_27_2_fu_86/indvar_flatten_fu_126_reg[2]/CE
  -------------------------------------------------------------------    -------------------

                         (clock ap_clk rise edge)    10.000    10.000 r  <hidden>
                                                      0.000    10.000 r  ap_clk
                         net (fo=1360, unset)         0.924    10.924    bd_0_i/hls_inst/inst/grp_Gaussian_Filter_Pipeline_VITIS_LOOP_25_1_VITIS_LOOP_27_2_fu_86/ap_clk
    SLICE_X34Y43         FDRE                                         r  bd_0_i/hls_inst/inst/grp_Gaussian_Filter_Pipeline_VITIS_LOOP_25_1_VITIS_LOOP_27_2_fu_86/indvar_flatten_fu_126_reg[2]/C
                         clock pessimism              0.000    10.924    <hidden>
                         clock uncertainty           -0.035    10.889    <hidden>
    SLICE_X34Y43         FDRE (Setup_fdre_C_CE)      -0.372    10.517    bd_0_i/hls_inst/inst/grp_Gaussian_Filter_Pipeline_VITIS_LOOP_25_1_VITIS_LOOP_27_2_fu_86/indvar_flatten_fu_126_reg[2]
  -------------------------------------------------------------------
                         required time                         10.517    <hidden>
                         arrival time                          -6.889    <hidden>
  -------------------------------------------------------------------
                         slack                                  3.628    <hidden>

Slack (MET) :             3.628ns  (required time - arrival time)
  Source:                 bd_0_i/hls_inst/inst/grp_Gaussian_Filter_Pipeline_VITIS_LOOP_25_1_VITIS_LOOP_27_2_fu_86/indvar_flatten_fu_126_reg[3]/C
                            (rising edge-triggered cell FDRE clocked by ap_clk  {rise@0.000ns fall@5.000ns period=10.000ns})
  Destination:            bd_0_i/hls_inst/inst/grp_Gaussian_Filter_Pipeline_VITIS_LOOP_25_1_VITIS_LOOP_27_2_fu_86/indvar_flatten_fu_126_reg[3]/CE
                            (rising edge-triggered cell FDRE clocked by ap_clk  {rise@0.000ns fall@5.000ns period=10.000ns})
  Path Group:             ap_clk
  Path Type:              Setup (Max at Slow Process Corner)
  Requirement:            10.000ns  (ap_clk rise@10.000ns - ap_clk rise@0.000ns)
  Data Path Delay:        5.916ns  (logic 2.343ns (39.602%)  route 3.573ns (60.398%))
  Logic Levels:           8  (CARRY4=6 LUT3=1 LUT6=1)
  Clock Path Skew:        -0.049ns (DCD - SCD + CPR)
    Destination Clock Delay (DCD):    0.924ns = ( 10.924 - 10.000 ) 
    Source Clock Delay      (SCD):    0.973ns
    Clock Pessimism Removal (CPR):    0.000ns
  Clock Uncertainty:      0.035ns  ((TSJ^2 + TIJ^2)^1/2 + DJ) / 2 + PE
    Total System Jitter     (TSJ):    0.071ns
    Total Input Jitter      (TIJ):    0.000ns
    Discrete Jitter          (DJ):    0.000ns
    Phase Error              (PE):    0.000ns

    Location             Delay type                Incr(ns)  Path(ns)    Netlist Resource(s)
  -------------------------------------------------------------------    -------------------
                         (clock ap_clk rise edge)     0.000     0.000 r  <hidden>
                                                      0.000     0.000 r  ap_clk
                         net (fo=1360, unset)         0.973     0.973    bd_0_i/hls_inst/inst/grp_Gaussian_Filter_Pipeline_VITIS_LOOP_25_1_VITIS_LOOP_27_2_fu_86/ap_clk
    SLICE_X34Y43         FDRE                                         r  bd_0_i/hls_inst/inst/grp_Gaussian_Filter_Pipeline_VITIS_LOOP_25_1_VITIS_LOOP_27_2_fu_86/indvar_flatten_fu_126_reg[3]/C
  -------------------------------------------------------------------    -------------------
    SLICE_X34Y43         FDRE (Prop_fdre_C_Q)         0.518     1.491 r  bd_0_i/hls_inst/inst/grp_Gaussian_Filter_Pipeline_VITIS_LOOP_25_1_VITIS_LOOP_27_2_fu_86/indvar_flatten_fu_126_reg[3]/Q
                         net (fo=2, routed)           1.335     2.826    bd_0_i/hls_inst/inst/grp_Gaussian_Filter_Pipeline_VITIS_LOOP_25_1_VITIS_LOOP_27_2_fu_86/indvar_flatten_fu_126_reg[3]
    SLICE_X35Y48         LUT6 (Prop_lut6_I0_O)        0.124     2.950 r  bd_0_i/hls_inst/inst/grp_Gaussian_Filter_Pipeline_VITIS_LOOP_25_1_VITIS_LOOP_27_2_fu_86/icmp_ln25_fu_261_p2_carry_i_3/O
                         net (fo=1, routed)           0.000     2.950    bd_0_i/hls_inst/inst/grp_Gaussian_Filter_Pipeline_VITIS_LOOP_25_1_VITIS_LOOP_27_2_fu_86/icmp_ln25_fu_261_p2_carry_i_3_n_0
    SLICE_X35Y48         CARRY4 (Prop_carry4_S[1]_CO[3])
                                                      0.550     3.500 r  bd_0_i/hls_inst/inst/grp_Gaussian_Filter_Pipeline_VITIS_LOOP_25_1_VITIS_LOOP_27_2_fu_86/icmp_ln25_fu_261_p2_carry/CO[3]
                         net (fo=1, routed)           0.000     3.500    bd_0_i/hls_inst/inst/grp_Gaussian_Filter_Pipeline_VITIS_LOOP_25_1_VITIS_LOOP_27_2_fu_86/icmp_ln25_fu_261_p2_carry_n_0
    SLICE_X35Y49         CARRY4 (Prop_carry4_CI_CO[3])
                                                      0.114     3.614 r  bd_0_i/hls_inst/inst/grp_Gaussian_Filter_Pipeline_VITIS_LOOP_25_1_VITIS_LOOP_27_2_fu_86/icmp_ln25_fu_261_p2_carry__0/CO[3]
                         net (fo=1, routed)           0.001     3.615    bd_0_i/hls_inst/inst/grp_Gaussian_Filter_Pipeline_VITIS_LOOP_25_1_VITIS_LOOP_27_2_fu_86/icmp_ln25_fu_261_p2_carry__0_n_0
    SLICE_X35Y50         CARRY4 (Prop_carry4_CI_CO[3])
                                                      0.114     3.729 r  bd_0_i/hls_inst/inst/grp_Gaussian_Filter_Pipeline_VITIS_LOOP_25_1_VITIS_LOOP_27_2_fu_86/icmp_ln25_fu_261_p2_carry__1/CO[3]
                         net (fo=1, routed)           0.000     3.729    bd_0_i/hls_inst/inst/grp_Gaussian_Filter_Pipeline_VITIS_LOOP_25_1_VITIS_LOOP_27_2_fu_86/icmp_ln25_fu_261_p2_carry__1_n_0
    SLICE_X35Y51         CARRY4 (Prop_carry4_CI_CO[3])
                                                      0.114     3.843 r  bd_0_i/hls_inst/inst/grp_Gaussian_Filter_Pipeline_VITIS_LOOP_25_1_VITIS_LOOP_27_2_fu_86/icmp_ln25_fu_261_p2_carry__2/CO[3]
                         net (fo=1, routed)           0.000     3.843    bd_0_i/hls_inst/inst/grp_Gaussian_Filter_Pipeline_VITIS_LOOP_25_1_VITIS_LOOP_27_2_fu_86/icmp_ln25_fu_261_p2_carry__2_n_0
    SLICE_X35Y52         CARRY4 (Prop_carry4_CI_CO[3])
                                                      0.114     3.957 r  bd_0_i/hls_inst/inst/grp_Gaussian_Filter_Pipeline_VITIS_LOOP_25_1_VITIS_LOOP_27_2_fu_86/icmp_ln25_fu_261_p2_carry__3/CO[3]
                         net (fo=1, routed)           0.000     3.957    bd_0_i/hls_inst/inst/grp_Gaussian_Filter_Pipeline_VITIS_LOOP_25_1_VITIS_LOOP_27_2_fu_86/icmp_ln25_fu_261_p2_carry__3_n_0
    SLICE_X35Y53         CARRY4 (Prop_carry4_CI_CO[0])
                                                      0.293     4.250 f  bd_0_i/hls_inst/inst/grp_Gaussian_Filter_Pipeline_VITIS_LOOP_25_1_VITIS_LOOP_27_2_fu_86/icmp_ln25_fu_261_p2_carry__4/CO[0]
                         net (fo=5, routed)           0.987     5.236    bd_0_i/hls_inst/inst/grp_Gaussian_Filter_Pipeline_VITIS_LOOP_25_1_VITIS_LOOP_27_2_fu_86/icmp_ln25_fu_261_p2[0]
    SLICE_X40Y57         LUT3 (Prop_lut3_I2_O)        0.402     5.638 r  bd_0_i/hls_inst/inst/grp_Gaussian_Filter_Pipeline_VITIS_LOOP_25_1_VITIS_LOOP_27_2_fu_86/indvar_flatten_fu_126[0]_i_1/O
                         net (fo=62, routed)          1.251     6.889    bd_0_i/hls_inst/inst/grp_Gaussian_Filter_Pipeline_VITIS_LOOP_25_1_VITIS_LOOP_27_2_fu_86/indvar_flatten_fu_126
    SLICE_X34Y43         FDRE                                         r  bd_0_i/hls_inst/inst/grp_Gaussian_Filter_Pipeline_VITIS_LOOP_25_1_VITIS_LOOP_27_2_fu_86/indvar_flatten_fu_126_reg[3]/CE
  -------------------------------------------------------------------    -------------------

                         (clock ap_clk rise edge)    10.000    10.000 r  <hidden>
                                                      0.000    10.000 r  ap_clk
                         net (fo=1360, unset)         0.924    10.924    bd_0_i/hls_inst/inst/grp_Gaussian_Filter_Pipeline_VITIS_LOOP_25_1_VITIS_LOOP_27_2_fu_86/ap_clk
    SLICE_X34Y43         FDRE                                         r  bd_0_i/hls_inst/inst/grp_Gaussian_Filter_Pipeline_VITIS_LOOP_25_1_VITIS_LOOP_27_2_fu_86/indvar_flatten_fu_126_reg[3]/C
                         clock pessimism              0.000    10.924    <hidden>
                         clock uncertainty           -0.035    10.889    <hidden>
    SLICE_X34Y43         FDRE (Setup_fdre_C_CE)      -0.372    10.517    bd_0_i/hls_inst/inst/grp_Gaussian_Filter_Pipeline_VITIS_LOOP_25_1_VITIS_LOOP_27_2_fu_86/indvar_flatten_fu_126_reg[3]
  -------------------------------------------------------------------
                         required time                         10.517    <hidden>
                         arrival time                          -6.889    <hidden>
  -------------------------------------------------------------------
                         slack                                  3.628    <hidden>

Slack (MET) :             3.715ns  (required time - arrival time)
  Source:                 bd_0_i/hls_inst/inst/grp_Gaussian_Filter_Pipeline_VITIS_LOOP_25_1_VITIS_LOOP_27_2_fu_86/indvar_flatten_fu_126_reg[3]/C
                            (rising edge-triggered cell FDRE clocked by ap_clk  {rise@0.000ns fall@5.000ns period=10.000ns})
  Destination:            bd_0_i/hls_inst/inst/grp_Gaussian_Filter_Pipeline_VITIS_LOOP_25_1_VITIS_LOOP_27_2_fu_86/indvar_flatten_fu_126_reg[12]/CE
                            (rising edge-triggered cell FDRE clocked by ap_clk  {rise@0.000ns fall@5.000ns period=10.000ns})
  Path Group:             ap_clk
  Path Type:              Setup (Max at Slow Process Corner)
  Requirement:            10.000ns  (ap_clk rise@10.000ns - ap_clk rise@0.000ns)
  Data Path Delay:        5.829ns  (logic 2.343ns (40.198%)  route 3.486ns (59.802%))
  Logic Levels:           8  (CARRY4=6 LUT3=1 LUT6=1)
  Clock Path Skew:        -0.049ns (DCD - SCD + CPR)
    Destination Clock Delay (DCD):    0.924ns = ( 10.924 - 10.000 ) 
    Source Clock Delay      (SCD):    0.973ns
    Clock Pessimism Removal (CPR):    0.000ns
  Clock Uncertainty:      0.035ns  ((TSJ^2 + TIJ^2)^1/2 + DJ) / 2 + PE
    Total System Jitter     (TSJ):    0.071ns
    Total Input Jitter      (TIJ):    0.000ns
    Discrete Jitter          (DJ):    0.000ns
    Phase Error              (PE):    0.000ns

    Location             Delay type                Incr(ns)  Path(ns)    Netlist Resource(s)
  -------------------------------------------------------------------    -------------------
                         (clock ap_clk rise edge)     0.000     0.000 r  <hidden>
                                                      0.000     0.000 r  ap_clk
                         net (fo=1360, unset)         0.973     0.973    bd_0_i/hls_inst/inst/grp_Gaussian_Filter_Pipeline_VITIS_LOOP_25_1_VITIS_LOOP_27_2_fu_86/ap_clk
    SLICE_X34Y43         FDRE                                         r  bd_0_i/hls_inst/inst/grp_Gaussian_Filter_Pipeline_VITIS_LOOP_25_1_VITIS_LOOP_27_2_fu_86/indvar_flatten_fu_126_reg[3]/C
  -------------------------------------------------------------------    -------------------
    SLICE_X34Y43         FDRE (Prop_fdre_C_Q)         0.518     1.491 r  bd_0_i/hls_inst/inst/grp_Gaussian_Filter_Pipeline_VITIS_LOOP_25_1_VITIS_LOOP_27_2_fu_86/indvar_flatten_fu_126_reg[3]/Q
                         net (fo=2, routed)           1.335     2.826    bd_0_i/hls_inst/inst/grp_Gaussian_Filter_Pipeline_VITIS_LOOP_25_1_VITIS_LOOP_27_2_fu_86/indvar_flatten_fu_126_reg[3]
    SLICE_X35Y48         LUT6 (Prop_lut6_I0_O)        0.124     2.950 r  bd_0_i/hls_inst/inst/grp_Gaussian_Filter_Pipeline_VITIS_LOOP_25_1_VITIS_LOOP_27_2_fu_86/icmp_ln25_fu_261_p2_carry_i_3/O
                         net (fo=1, routed)           0.000     2.950    bd_0_i/hls_inst/inst/grp_Gaussian_Filter_Pipeline_VITIS_LOOP_25_1_VITIS_LOOP_27_2_fu_86/icmp_ln25_fu_261_p2_carry_i_3_n_0
    SLICE_X35Y48         CARRY4 (Prop_carry4_S[1]_CO[3])
                                                      0.550     3.500 r  bd_0_i/hls_inst/inst/grp_Gaussian_Filter_Pipeline_VITIS_LOOP_25_1_VITIS_LOOP_27_2_fu_86/icmp_ln25_fu_261_p2_carry/CO[3]
                         net (fo=1, routed)           0.000     3.500    bd_0_i/hls_inst/inst/grp_Gaussian_Filter_Pipeline_VITIS_LOOP_25_1_VITIS_LOOP_27_2_fu_86/icmp_ln25_fu_261_p2_carry_n_0
    SLICE_X35Y49         CARRY4 (Prop_carry4_CI_CO[3])
                                                      0.114     3.614 r  bd_0_i/hls_inst/inst/grp_Gaussian_Filter_Pipeline_VITIS_LOOP_25_1_VITIS_LOOP_27_2_fu_86/icmp_ln25_fu_261_p2_carry__0/CO[3]
                         net (fo=1, routed)           0.001     3.615    bd_0_i/hls_inst/inst/grp_Gaussian_Filter_Pipeline_VITIS_LOOP_25_1_VITIS_LOOP_27_2_fu_86/icmp_ln25_fu_261_p2_carry__0_n_0
    SLICE_X35Y50         CARRY4 (Prop_carry4_CI_CO[3])
                                                      0.114     3.729 r  bd_0_i/hls_inst/inst/grp_Gaussian_Filter_Pipeline_VITIS_LOOP_25_1_VITIS_LOOP_27_2_fu_86/icmp_ln25_fu_261_p2_carry__1/CO[3]
                         net (fo=1, routed)           0.000     3.729    bd_0_i/hls_inst/inst/grp_Gaussian_Filter_Pipeline_VITIS_LOOP_25_1_VITIS_LOOP_27_2_fu_86/icmp_ln25_fu_261_p2_carry__1_n_0
    SLICE_X35Y51         CARRY4 (Prop_carry4_CI_CO[3])
                                                      0.114     3.843 r  bd_0_i/hls_inst/inst/grp_Gaussian_Filter_Pipeline_VITIS_LOOP_25_1_VITIS_LOOP_27_2_fu_86/icmp_ln25_fu_261_p2_carry__2/CO[3]
                         net (fo=1, routed)           0.000     3.843    bd_0_i/hls_inst/inst/grp_Gaussian_Filter_Pipeline_VITIS_LOOP_25_1_VITIS_LOOP_27_2_fu_86/icmp_ln25_fu_261_p2_carry__2_n_0
    SLICE_X35Y52         CARRY4 (Prop_carry4_CI_CO[3])
                                                      0.114     3.957 r  bd_0_i/hls_inst/inst/grp_Gaussian_Filter_Pipeline_VITIS_LOOP_25_1_VITIS_LOOP_27_2_fu_86/icmp_ln25_fu_261_p2_carry__3/CO[3]
                         net (fo=1, routed)           0.000     3.957    bd_0_i/hls_inst/inst/grp_Gaussian_Filter_Pipeline_VITIS_LOOP_25_1_VITIS_LOOP_27_2_fu_86/icmp_ln25_fu_261_p2_carry__3_n_0
    SLICE_X35Y53         CARRY4 (Prop_carry4_CI_CO[0])
                                                      0.293     4.250 f  bd_0_i/hls_inst/inst/grp_Gaussian_Filter_Pipeline_VITIS_LOOP_25_1_VITIS_LOOP_27_2_fu_86/icmp_ln25_fu_261_p2_carry__4/CO[0]
                         net (fo=5, routed)           0.987     5.236    bd_0_i/hls_inst/inst/grp_Gaussian_Filter_Pipeline_VITIS_LOOP_25_1_VITIS_LOOP_27_2_fu_86/icmp_ln25_fu_261_p2[0]
    SLICE_X40Y57         LUT3 (Prop_lut3_I2_O)        0.402     5.638 r  bd_0_i/hls_inst/inst/grp_Gaussian_Filter_Pipeline_VITIS_LOOP_25_1_VITIS_LOOP_27_2_fu_86/indvar_flatten_fu_126[0]_i_1/O
                         net (fo=62, routed)          1.164     6.802    bd_0_i/hls_inst/inst/grp_Gaussian_Filter_Pipeline_VITIS_LOOP_25_1_VITIS_LOOP_27_2_fu_86/indvar_flatten_fu_126
    SLICE_X34Y46         FDRE                                         r  bd_0_i/hls_inst/inst/grp_Gaussian_Filter_Pipeline_VITIS_LOOP_25_1_VITIS_LOOP_27_2_fu_86/indvar_flatten_fu_126_reg[12]/CE
  -------------------------------------------------------------------    -------------------

                         (clock ap_clk rise edge)    10.000    10.000 r  <hidden>
                                                      0.000    10.000 r  ap_clk
                         net (fo=1360, unset)         0.924    10.924    bd_0_i/hls_inst/inst/grp_Gaussian_Filter_Pipeline_VITIS_LOOP_25_1_VITIS_LOOP_27_2_fu_86/ap_clk
    SLICE_X34Y46         FDRE                                         r  bd_0_i/hls_inst/inst/grp_Gaussian_Filter_Pipeline_VITIS_LOOP_25_1_VITIS_LOOP_27_2_fu_86/indvar_flatten_fu_126_reg[12]/C
                         clock pessimism              0.000    10.924    <hidden>
                         clock uncertainty           -0.035    10.889    <hidden>
    SLICE_X34Y46         FDRE (Setup_fdre_C_CE)      -0.372    10.517    bd_0_i/hls_inst/inst/grp_Gaussian_Filter_Pipeline_VITIS_LOOP_25_1_VITIS_LOOP_27_2_fu_86/indvar_flatten_fu_126_reg[12]
  -------------------------------------------------------------------
                         required time                         10.517    <hidden>
                         arrival time                          -6.802    <hidden>
  -------------------------------------------------------------------
                         slack                                  3.715    <hidden>

Slack (MET) :             3.715ns  (required time - arrival time)
  Source:                 bd_0_i/hls_inst/inst/grp_Gaussian_Filter_Pipeline_VITIS_LOOP_25_1_VITIS_LOOP_27_2_fu_86/indvar_flatten_fu_126_reg[3]/C
                            (rising edge-triggered cell FDRE clocked by ap_clk  {rise@0.000ns fall@5.000ns period=10.000ns})
  Destination:            bd_0_i/hls_inst/inst/grp_Gaussian_Filter_Pipeline_VITIS_LOOP_25_1_VITIS_LOOP_27_2_fu_86/indvar_flatten_fu_126_reg[13]/CE
                            (rising edge-triggered cell FDRE clocked by ap_clk  {rise@0.000ns fall@5.000ns period=10.000ns})
  Path Group:             ap_clk
  Path Type:              Setup (Max at Slow Process Corner)
  Requirement:            10.000ns  (ap_clk rise@10.000ns - ap_clk rise@0.000ns)
  Data Path Delay:        5.829ns  (logic 2.343ns (40.198%)  route 3.486ns (59.802%))
  Logic Levels:           8  (CARRY4=6 LUT3=1 LUT6=1)
  Clock Path Skew:        -0.049ns (DCD - SCD + CPR)
    Destination Clock Delay (DCD):    0.924ns = ( 10.924 - 10.000 ) 
    Source Clock Delay      (SCD):    0.973ns
    Clock Pessimism Removal (CPR):    0.000ns
  Clock Uncertainty:      0.035ns  ((TSJ^2 + TIJ^2)^1/2 + DJ) / 2 + PE
    Total System Jitter     (TSJ):    0.071ns
    Total Input Jitter      (TIJ):    0.000ns
    Discrete Jitter          (DJ):    0.000ns
    Phase Error              (PE):    0.000ns

    Location             Delay type                Incr(ns)  Path(ns)    Netlist Resource(s)
  -------------------------------------------------------------------    -------------------
                         (clock ap_clk rise edge)     0.000     0.000 r  <hidden>
                                                      0.000     0.000 r  ap_clk
                         net (fo=1360, unset)         0.973     0.973    bd_0_i/hls_inst/inst/grp_Gaussian_Filter_Pipeline_VITIS_LOOP_25_1_VITIS_LOOP_27_2_fu_86/ap_clk
    SLICE_X34Y43         FDRE                                         r  bd_0_i/hls_inst/inst/grp_Gaussian_Filter_Pipeline_VITIS_LOOP_25_1_VITIS_LOOP_27_2_fu_86/indvar_flatten_fu_126_reg[3]/C
  -------------------------------------------------------------------    -------------------
    SLICE_X34Y43         FDRE (Prop_fdre_C_Q)         0.518     1.491 r  bd_0_i/hls_inst/inst/grp_Gaussian_Filter_Pipeline_VITIS_LOOP_25_1_VITIS_LOOP_27_2_fu_86/indvar_flatten_fu_126_reg[3]/Q
                         net (fo=2, routed)           1.335     2.826    bd_0_i/hls_inst/inst/grp_Gaussian_Filter_Pipeline_VITIS_LOOP_25_1_VITIS_LOOP_27_2_fu_86/indvar_flatten_fu_126_reg[3]
    SLICE_X35Y48         LUT6 (Prop_lut6_I0_O)        0.124     2.950 r  bd_0_i/hls_inst/inst/grp_Gaussian_Filter_Pipeline_VITIS_LOOP_25_1_VITIS_LOOP_27_2_fu_86/icmp_ln25_fu_261_p2_carry_i_3/O
                         net (fo=1, routed)           0.000     2.950    bd_0_i/hls_inst/inst/grp_Gaussian_Filter_Pipeline_VITIS_LOOP_25_1_VITIS_LOOP_27_2_fu_86/icmp_ln25_fu_261_p2_carry_i_3_n_0
    SLICE_X35Y48         CARRY4 (Prop_carry4_S[1]_CO[3])
                                                      0.550     3.500 r  bd_0_i/hls_inst/inst/grp_Gaussian_Filter_Pipeline_VITIS_LOOP_25_1_VITIS_LOOP_27_2_fu_86/icmp_ln25_fu_261_p2_carry/CO[3]
                         net (fo=1, routed)           0.000     3.500    bd_0_i/hls_inst/inst/grp_Gaussian_Filter_Pipeline_VITIS_LOOP_25_1_VITIS_LOOP_27_2_fu_86/icmp_ln25_fu_261_p2_carry_n_0
    SLICE_X35Y49         CARRY4 (Prop_carry4_CI_CO[3])
                                                      0.114     3.614 r  bd_0_i/hls_inst/inst/grp_Gaussian_Filter_Pipeline_VITIS_LOOP_25_1_VITIS_LOOP_27_2_fu_86/icmp_ln25_fu_261_p2_carry__0/CO[3]
                         net (fo=1, routed)           0.001     3.615    bd_0_i/hls_inst/inst/grp_Gaussian_Filter_Pipeline_VITIS_LOOP_25_1_VITIS_LOOP_27_2_fu_86/icmp_ln25_fu_261_p2_carry__0_n_0
    SLICE_X35Y50         CARRY4 (Prop_carry4_CI_CO[3])
                                                      0.114     3.729 r  bd_0_i/hls_inst/inst/grp_Gaussian_Filter_Pipeline_VITIS_LOOP_25_1_VITIS_LOOP_27_2_fu_86/icmp_ln25_fu_261_p2_carry__1/CO[3]
                         net (fo=1, routed)           0.000     3.729    bd_0_i/hls_inst/inst/grp_Gaussian_Filter_Pipeline_VITIS_LOOP_25_1_VITIS_LOOP_27_2_fu_86/icmp_ln25_fu_261_p2_carry__1_n_0
    SLICE_X35Y51         CARRY4 (Prop_carry4_CI_CO[3])
                                                      0.114     3.843 r  bd_0_i/hls_inst/inst/grp_Gaussian_Filter_Pipeline_VITIS_LOOP_25_1_VITIS_LOOP_27_2_fu_86/icmp_ln25_fu_261_p2_carry__2/CO[3]
                         net (fo=1, routed)           0.000     3.843    bd_0_i/hls_inst/inst/grp_Gaussian_Filter_Pipeline_VITIS_LOOP_25_1_VITIS_LOOP_27_2_fu_86/icmp_ln25_fu_261_p2_carry__2_n_0
    SLICE_X35Y52         CARRY4 (Prop_carry4_CI_CO[3])
                                                      0.114     3.957 r  bd_0_i/hls_inst/inst/grp_Gaussian_Filter_Pipeline_VITIS_LOOP_25_1_VITIS_LOOP_27_2_fu_86/icmp_ln25_fu_261_p2_carry__3/CO[3]
                         net (fo=1, routed)           0.000     3.957    bd_0_i/hls_inst/inst/grp_Gaussian_Filter_Pipeline_VITIS_LOOP_25_1_VITIS_LOOP_27_2_fu_86/icmp_ln25_fu_261_p2_carry__3_n_0
    SLICE_X35Y53         CARRY4 (Prop_carry4_CI_CO[0])
                                                      0.293     4.250 f  bd_0_i/hls_inst/inst/grp_Gaussian_Filter_Pipeline_VITIS_LOOP_25_1_VITIS_LOOP_27_2_fu_86/icmp_ln25_fu_261_p2_carry__4/CO[0]
                         net (fo=5, routed)           0.987     5.236    bd_0_i/hls_inst/inst/grp_Gaussian_Filter_Pipeline_VITIS_LOOP_25_1_VITIS_LOOP_27_2_fu_86/icmp_ln25_fu_261_p2[0]
    SLICE_X40Y57         LUT3 (Prop_lut3_I2_O)        0.402     5.638 r  bd_0_i/hls_inst/inst/grp_Gaussian_Filter_Pipeline_VITIS_LOOP_25_1_VITIS_LOOP_27_2_fu_86/indvar_flatten_fu_126[0]_i_1/O
                         net (fo=62, routed)          1.164     6.802    bd_0_i/hls_inst/inst/grp_Gaussian_Filter_Pipeline_VITIS_LOOP_25_1_VITIS_LOOP_27_2_fu_86/indvar_flatten_fu_126
    SLICE_X34Y46         FDRE                                         r  bd_0_i/hls_inst/inst/grp_Gaussian_Filter_Pipeline_VITIS_LOOP_25_1_VITIS_LOOP_27_2_fu_86/indvar_flatten_fu_126_reg[13]/CE
  -------------------------------------------------------------------    -------------------

                         (clock ap_clk rise edge)    10.000    10.000 r  <hidden>
                                                      0.000    10.000 r  ap_clk
                         net (fo=1360, unset)         0.924    10.924    bd_0_i/hls_inst/inst/grp_Gaussian_Filter_Pipeline_VITIS_LOOP_25_1_VITIS_LOOP_27_2_fu_86/ap_clk
    SLICE_X34Y46         FDRE                                         r  bd_0_i/hls_inst/inst/grp_Gaussian_Filter_Pipeline_VITIS_LOOP_25_1_VITIS_LOOP_27_2_fu_86/indvar_flatten_fu_126_reg[13]/C
                         clock pessimism              0.000    10.924    <hidden>
                         clock uncertainty           -0.035    10.889    <hidden>
    SLICE_X34Y46         FDRE (Setup_fdre_C_CE)      -0.372    10.517    bd_0_i/hls_inst/inst/grp_Gaussian_Filter_Pipeline_VITIS_LOOP_25_1_VITIS_LOOP_27_2_fu_86/indvar_flatten_fu_126_reg[13]
  -------------------------------------------------------------------
                         required time                         10.517    <hidden>
                         arrival time                          -6.802    <hidden>
  -------------------------------------------------------------------
                         slack                                  3.715    <hidden>

Slack (MET) :             3.715ns  (required time - arrival time)
  Source:                 bd_0_i/hls_inst/inst/grp_Gaussian_Filter_Pipeline_VITIS_LOOP_25_1_VITIS_LOOP_27_2_fu_86/indvar_flatten_fu_126_reg[3]/C
                            (rising edge-triggered cell FDRE clocked by ap_clk  {rise@0.000ns fall@5.000ns period=10.000ns})
  Destination:            bd_0_i/hls_inst/inst/grp_Gaussian_Filter_Pipeline_VITIS_LOOP_25_1_VITIS_LOOP_27_2_fu_86/indvar_flatten_fu_126_reg[14]/CE
                            (rising edge-triggered cell FDRE clocked by ap_clk  {rise@0.000ns fall@5.000ns period=10.000ns})
  Path Group:             ap_clk
  Path Type:              Setup (Max at Slow Process Corner)
  Requirement:            10.000ns  (ap_clk rise@10.000ns - ap_clk rise@0.000ns)
  Data Path Delay:        5.829ns  (logic 2.343ns (40.198%)  route 3.486ns (59.802%))
  Logic Levels:           8  (CARRY4=6 LUT3=1 LUT6=1)
  Clock Path Skew:        -0.049ns (DCD - SCD + CPR)
    Destination Clock Delay (DCD):    0.924ns = ( 10.924 - 10.000 ) 
    Source Clock Delay      (SCD):    0.973ns
    Clock Pessimism Removal (CPR):    0.000ns
  Clock Uncertainty:      0.035ns  ((TSJ^2 + TIJ^2)^1/2 + DJ) / 2 + PE
    Total System Jitter     (TSJ):    0.071ns
    Total Input Jitter      (TIJ):    0.000ns
    Discrete Jitter          (DJ):    0.000ns
    Phase Error              (PE):    0.000ns

    Location             Delay type                Incr(ns)  Path(ns)    Netlist Resource(s)
  -------------------------------------------------------------------    -------------------
                         (clock ap_clk rise edge)     0.000     0.000 r  <hidden>
                                                      0.000     0.000 r  ap_clk
                         net (fo=1360, unset)         0.973     0.973    bd_0_i/hls_inst/inst/grp_Gaussian_Filter_Pipeline_VITIS_LOOP_25_1_VITIS_LOOP_27_2_fu_86/ap_clk
    SLICE_X34Y43         FDRE                                         r  bd_0_i/hls_inst/inst/grp_Gaussian_Filter_Pipeline_VITIS_LOOP_25_1_VITIS_LOOP_27_2_fu_86/indvar_flatten_fu_126_reg[3]/C
  -------------------------------------------------------------------    -------------------
    SLICE_X34Y43         FDRE (Prop_fdre_C_Q)         0.518     1.491 r  bd_0_i/hls_inst/inst/grp_Gaussian_Filter_Pipeline_VITIS_LOOP_25_1_VITIS_LOOP_27_2_fu_86/indvar_flatten_fu_126_reg[3]/Q
                         net (fo=2, routed)           1.335     2.826    bd_0_i/hls_inst/inst/grp_Gaussian_Filter_Pipeline_VITIS_LOOP_25_1_VITIS_LOOP_27_2_fu_86/indvar_flatten_fu_126_reg[3]
    SLICE_X35Y48         LUT6 (Prop_lut6_I0_O)        0.124     2.950 r  bd_0_i/hls_inst/inst/grp_Gaussian_Filter_Pipeline_VITIS_LOOP_25_1_VITIS_LOOP_27_2_fu_86/icmp_ln25_fu_261_p2_carry_i_3/O
                         net (fo=1, routed)           0.000     2.950    bd_0_i/hls_inst/inst/grp_Gaussian_Filter_Pipeline_VITIS_LOOP_25_1_VITIS_LOOP_27_2_fu_86/icmp_ln25_fu_261_p2_carry_i_3_n_0
    SLICE_X35Y48         CARRY4 (Prop_carry4_S[1]_CO[3])
                                                      0.550     3.500 r  bd_0_i/hls_inst/inst/grp_Gaussian_Filter_Pipeline_VITIS_LOOP_25_1_VITIS_LOOP_27_2_fu_86/icmp_ln25_fu_261_p2_carry/CO[3]
                         net (fo=1, routed)           0.000     3.500    bd_0_i/hls_inst/inst/grp_Gaussian_Filter_Pipeline_VITIS_LOOP_25_1_VITIS_LOOP_27_2_fu_86/icmp_ln25_fu_261_p2_carry_n_0
    SLICE_X35Y49         CARRY4 (Prop_carry4_CI_CO[3])
                                                      0.114     3.614 r  bd_0_i/hls_inst/inst/grp_Gaussian_Filter_Pipeline_VITIS_LOOP_25_1_VITIS_LOOP_27_2_fu_86/icmp_ln25_fu_261_p2_carry__0/CO[3]
                         net (fo=1, routed)           0.001     3.615    bd_0_i/hls_inst/inst/grp_Gaussian_Filter_Pipeline_VITIS_LOOP_25_1_VITIS_LOOP_27_2_fu_86/icmp_ln25_fu_261_p2_carry__0_n_0
    SLICE_X35Y50         CARRY4 (Prop_carry4_CI_CO[3])
                                                      0.114     3.729 r  bd_0_i/hls_inst/inst/grp_Gaussian_Filter_Pipeline_VITIS_LOOP_25_1_VITIS_LOOP_27_2_fu_86/icmp_ln25_fu_261_p2_carry__1/CO[3]
                         net (fo=1, routed)           0.000     3.729    bd_0_i/hls_inst/inst/grp_Gaussian_Filter_Pipeline_VITIS_LOOP_25_1_VITIS_LOOP_27_2_fu_86/icmp_ln25_fu_261_p2_carry__1_n_0
    SLICE_X35Y51         CARRY4 (Prop_carry4_CI_CO[3])
                                                      0.114     3.843 r  bd_0_i/hls_inst/inst/grp_Gaussian_Filter_Pipeline_VITIS_LOOP_25_1_VITIS_LOOP_27_2_fu_86/icmp_ln25_fu_261_p2_carry__2/CO[3]
                         net (fo=1, routed)           0.000     3.843    bd_0_i/hls_inst/inst/grp_Gaussian_Filter_Pipeline_VITIS_LOOP_25_1_VITIS_LOOP_27_2_fu_86/icmp_ln25_fu_261_p2_carry__2_n_0
    SLICE_X35Y52         CARRY4 (Prop_carry4_CI_CO[3])
                                                      0.114     3.957 r  bd_0_i/hls_inst/inst/grp_Gaussian_Filter_Pipeline_VITIS_LOOP_25_1_VITIS_LOOP_27_2_fu_86/icmp_ln25_fu_261_p2_carry__3/CO[3]
                         net (fo=1, routed)           0.000     3.957    bd_0_i/hls_inst/inst/grp_Gaussian_Filter_Pipeline_VITIS_LOOP_25_1_VITIS_LOOP_27_2_fu_86/icmp_ln25_fu_261_p2_carry__3_n_0
    SLICE_X35Y53         CARRY4 (Prop_carry4_CI_CO[0])
                                                      0.293     4.250 f  bd_0_i/hls_inst/inst/grp_Gaussian_Filter_Pipeline_VITIS_LOOP_25_1_VITIS_LOOP_27_2_fu_86/icmp_ln25_fu_261_p2_carry__4/CO[0]
                         net (fo=5, routed)           0.987     5.236    bd_0_i/hls_inst/inst/grp_Gaussian_Filter_Pipeline_VITIS_LOOP_25_1_VITIS_LOOP_27_2_fu_86/icmp_ln25_fu_261_p2[0]
    SLICE_X40Y57         LUT3 (Prop_lut3_I2_O)        0.402     5.638 r  bd_0_i/hls_inst/inst/grp_Gaussian_Filter_Pipeline_VITIS_LOOP_25_1_VITIS_LOOP_27_2_fu_86/indvar_flatten_fu_126[0]_i_1/O
                         net (fo=62, routed)          1.164     6.802    bd_0_i/hls_inst/inst/grp_Gaussian_Filter_Pipeline_VITIS_LOOP_25_1_VITIS_LOOP_27_2_fu_86/indvar_flatten_fu_126
    SLICE_X34Y46         FDRE                                         r  bd_0_i/hls_inst/inst/grp_Gaussian_Filter_Pipeline_VITIS_LOOP_25_1_VITIS_LOOP_27_2_fu_86/indvar_flatten_fu_126_reg[14]/CE
  -------------------------------------------------------------------    -------------------

                         (clock ap_clk rise edge)    10.000    10.000 r  <hidden>
                                                      0.000    10.000 r  ap_clk
                         net (fo=1360, unset)         0.924    10.924    bd_0_i/hls_inst/inst/grp_Gaussian_Filter_Pipeline_VITIS_LOOP_25_1_VITIS_LOOP_27_2_fu_86/ap_clk
    SLICE_X34Y46         FDRE                                         r  bd_0_i/hls_inst/inst/grp_Gaussian_Filter_Pipeline_VITIS_LOOP_25_1_VITIS_LOOP_27_2_fu_86/indvar_flatten_fu_126_reg[14]/C
                         clock pessimism              0.000    10.924    <hidden>
                         clock uncertainty           -0.035    10.889    <hidden>
    SLICE_X34Y46         FDRE (Setup_fdre_C_CE)      -0.372    10.517    bd_0_i/hls_inst/inst/grp_Gaussian_Filter_Pipeline_VITIS_LOOP_25_1_VITIS_LOOP_27_2_fu_86/indvar_flatten_fu_126_reg[14]
  -------------------------------------------------------------------
                         required time                         10.517    <hidden>
                         arrival time                          -6.802    <hidden>
  -------------------------------------------------------------------
                         slack                                  3.715    <hidden>

Slack (MET) :             3.715ns  (required time - arrival time)
  Source:                 bd_0_i/hls_inst/inst/grp_Gaussian_Filter_Pipeline_VITIS_LOOP_25_1_VITIS_LOOP_27_2_fu_86/indvar_flatten_fu_126_reg[3]/C
                            (rising edge-triggered cell FDRE clocked by ap_clk  {rise@0.000ns fall@5.000ns period=10.000ns})
  Destination:            bd_0_i/hls_inst/inst/grp_Gaussian_Filter_Pipeline_VITIS_LOOP_25_1_VITIS_LOOP_27_2_fu_86/indvar_flatten_fu_126_reg[15]/CE
                            (rising edge-triggered cell FDRE clocked by ap_clk  {rise@0.000ns fall@5.000ns period=10.000ns})
  Path Group:             ap_clk
  Path Type:              Setup (Max at Slow Process Corner)
  Requirement:            10.000ns  (ap_clk rise@10.000ns - ap_clk rise@0.000ns)
  Data Path Delay:        5.829ns  (logic 2.343ns (40.198%)  route 3.486ns (59.802%))
  Logic Levels:           8  (CARRY4=6 LUT3=1 LUT6=1)
  Clock Path Skew:        -0.049ns (DCD - SCD + CPR)
    Destination Clock Delay (DCD):    0.924ns = ( 10.924 - 10.000 ) 
    Source Clock Delay      (SCD):    0.973ns
    Clock Pessimism Removal (CPR):    0.000ns
  Clock Uncertainty:      0.035ns  ((TSJ^2 + TIJ^2)^1/2 + DJ) / 2 + PE
    Total System Jitter     (TSJ):    0.071ns
    Total Input Jitter      (TIJ):    0.000ns
    Discrete Jitter          (DJ):    0.000ns
    Phase Error              (PE):    0.000ns

    Location             Delay type                Incr(ns)  Path(ns)    Netlist Resource(s)
  -------------------------------------------------------------------    -------------------
                         (clock ap_clk rise edge)     0.000     0.000 r  <hidden>
                                                      0.000     0.000 r  ap_clk
                         net (fo=1360, unset)         0.973     0.973    bd_0_i/hls_inst/inst/grp_Gaussian_Filter_Pipeline_VITIS_LOOP_25_1_VITIS_LOOP_27_2_fu_86/ap_clk
    SLICE_X34Y43         FDRE                                         r  bd_0_i/hls_inst/inst/grp_Gaussian_Filter_Pipeline_VITIS_LOOP_25_1_VITIS_LOOP_27_2_fu_86/indvar_flatten_fu_126_reg[3]/C
  -------------------------------------------------------------------    -------------------
    SLICE_X34Y43         FDRE (Prop_fdre_C_Q)         0.518     1.491 r  bd_0_i/hls_inst/inst/grp_Gaussian_Filter_Pipeline_VITIS_LOOP_25_1_VITIS_LOOP_27_2_fu_86/indvar_flatten_fu_126_reg[3]/Q
                         net (fo=2, routed)           1.335     2.826    bd_0_i/hls_inst/inst/grp_Gaussian_Filter_Pipeline_VITIS_LOOP_25_1_VITIS_LOOP_27_2_fu_86/indvar_flatten_fu_126_reg[3]
    SLICE_X35Y48         LUT6 (Prop_lut6_I0_O)        0.124     2.950 r  bd_0_i/hls_inst/inst/grp_Gaussian_Filter_Pipeline_VITIS_LOOP_25_1_VITIS_LOOP_27_2_fu_86/icmp_ln25_fu_261_p2_carry_i_3/O
                         net (fo=1, routed)           0.000     2.950    bd_0_i/hls_inst/inst/grp_Gaussian_Filter_Pipeline_VITIS_LOOP_25_1_VITIS_LOOP_27_2_fu_86/icmp_ln25_fu_261_p2_carry_i_3_n_0
    SLICE_X35Y48         CARRY4 (Prop_carry4_S[1]_CO[3])
                                                      0.550     3.500 r  bd_0_i/hls_inst/inst/grp_Gaussian_Filter_Pipeline_VITIS_LOOP_25_1_VITIS_LOOP_27_2_fu_86/icmp_ln25_fu_261_p2_carry/CO[3]
                         net (fo=1, routed)           0.000     3.500    bd_0_i/hls_inst/inst/grp_Gaussian_Filter_Pipeline_VITIS_LOOP_25_1_VITIS_LOOP_27_2_fu_86/icmp_ln25_fu_261_p2_carry_n_0
    SLICE_X35Y49         CARRY4 (Prop_carry4_CI_CO[3])
                                                      0.114     3.614 r  bd_0_i/hls_inst/inst/grp_Gaussian_Filter_Pipeline_VITIS_LOOP_25_1_VITIS_LOOP_27_2_fu_86/icmp_ln25_fu_261_p2_carry__0/CO[3]
                         net (fo=1, routed)           0.001     3.615    bd_0_i/hls_inst/inst/grp_Gaussian_Filter_Pipeline_VITIS_LOOP_25_1_VITIS_LOOP_27_2_fu_86/icmp_ln25_fu_261_p2_carry__0_n_0
    SLICE_X35Y50         CARRY4 (Prop_carry4_CI_CO[3])
                                                      0.114     3.729 r  bd_0_i/hls_inst/inst/grp_Gaussian_Filter_Pipeline_VITIS_LOOP_25_1_VITIS_LOOP_27_2_fu_86/icmp_ln25_fu_261_p2_carry__1/CO[3]
                         net (fo=1, routed)           0.000     3.729    bd_0_i/hls_inst/inst/grp_Gaussian_Filter_Pipeline_VITIS_LOOP_25_1_VITIS_LOOP_27_2_fu_86/icmp_ln25_fu_261_p2_carry__1_n_0
    SLICE_X35Y51         CARRY4 (Prop_carry4_CI_CO[3])
                                                      0.114     3.843 r  bd_0_i/hls_inst/inst/grp_Gaussian_Filter_Pipeline_VITIS_LOOP_25_1_VITIS_LOOP_27_2_fu_86/icmp_ln25_fu_261_p2_carry__2/CO[3]
                         net (fo=1, routed)           0.000     3.843    bd_0_i/hls_inst/inst/grp_Gaussian_Filter_Pipeline_VITIS_LOOP_25_1_VITIS_LOOP_27_2_fu_86/icmp_ln25_fu_261_p2_carry__2_n_0
    SLICE_X35Y52         CARRY4 (Prop_carry4_CI_CO[3])
                                                      0.114     3.957 r  bd_0_i/hls_inst/inst/grp_Gaussian_Filter_Pipeline_VITIS_LOOP_25_1_VITIS_LOOP_27_2_fu_86/icmp_ln25_fu_261_p2_carry__3/CO[3]
                         net (fo=1, routed)           0.000     3.957    bd_0_i/hls_inst/inst/grp_Gaussian_Filter_Pipeline_VITIS_LOOP_25_1_VITIS_LOOP_27_2_fu_86/icmp_ln25_fu_261_p2_carry__3_n_0
    SLICE_X35Y53         CARRY4 (Prop_carry4_CI_CO[0])
                                                      0.293     4.250 f  bd_0_i/hls_inst/inst/grp_Gaussian_Filter_Pipeline_VITIS_LOOP_25_1_VITIS_LOOP_27_2_fu_86/icmp_ln25_fu_261_p2_carry__4/CO[0]
                         net (fo=5, routed)           0.987     5.236    bd_0_i/hls_inst/inst/grp_Gaussian_Filter_Pipeline_VITIS_LOOP_25_1_VITIS_LOOP_27_2_fu_86/icmp_ln25_fu_261_p2[0]
    SLICE_X40Y57         LUT3 (Prop_lut3_I2_O)        0.402     5.638 r  bd_0_i/hls_inst/inst/grp_Gaussian_Filter_Pipeline_VITIS_LOOP_25_1_VITIS_LOOP_27_2_fu_86/indvar_flatten_fu_126[0]_i_1/O
                         net (fo=62, routed)          1.164     6.802    bd_0_i/hls_inst/inst/grp_Gaussian_Filter_Pipeline_VITIS_LOOP_25_1_VITIS_LOOP_27_2_fu_86/indvar_flatten_fu_126
    SLICE_X34Y46         FDRE                                         r  bd_0_i/hls_inst/inst/grp_Gaussian_Filter_Pipeline_VITIS_LOOP_25_1_VITIS_LOOP_27_2_fu_86/indvar_flatten_fu_126_reg[15]/CE
  -------------------------------------------------------------------    -------------------

                         (clock ap_clk rise edge)    10.000    10.000 r  <hidden>
                                                      0.000    10.000 r  ap_clk
                         net (fo=1360, unset)         0.924    10.924    bd_0_i/hls_inst/inst/grp_Gaussian_Filter_Pipeline_VITIS_LOOP_25_1_VITIS_LOOP_27_2_fu_86/ap_clk
    SLICE_X34Y46         FDRE                                         r  bd_0_i/hls_inst/inst/grp_Gaussian_Filter_Pipeline_VITIS_LOOP_25_1_VITIS_LOOP_27_2_fu_86/indvar_flatten_fu_126_reg[15]/C
                         clock pessimism              0.000    10.924    <hidden>
                         clock uncertainty           -0.035    10.889    <hidden>
    SLICE_X34Y46         FDRE (Setup_fdre_C_CE)      -0.372    10.517    bd_0_i/hls_inst/inst/grp_Gaussian_Filter_Pipeline_VITIS_LOOP_25_1_VITIS_LOOP_27_2_fu_86/indvar_flatten_fu_126_reg[15]
  -------------------------------------------------------------------
                         required time                         10.517    <hidden>
                         arrival time                          -6.802    <hidden>
  -------------------------------------------------------------------
                         slack                                  3.715    <hidden>





Min Delay Paths
--------------------------------------------------------------------------------------
Slack (MET) :             0.098ns  (arrival time - required time)
  Source:                 bd_0_i/hls_inst/inst/grp_Gaussian_Filter_Pipeline_VITIS_LOOP_25_1_VITIS_LOOP_27_2_fu_86/p_0_0_0_0120379_load_reg_694_reg[3]/C
                            (rising edge-triggered cell FDRE clocked by ap_clk  {rise@0.000ns fall@5.000ns period=10.000ns})
  Destination:            bd_0_i/hls_inst/inst/grp_Gaussian_Filter_Pipeline_VITIS_LOOP_25_1_VITIS_LOOP_27_2_fu_86/Sum_fu_110_reg[3]/D
                            (rising edge-triggered cell FDRE clocked by ap_clk  {rise@0.000ns fall@5.000ns period=10.000ns})
  Path Group:             ap_clk
  Path Type:              Hold (Min at Fast Process Corner)
  Requirement:            0.000ns  (ap_clk rise@0.000ns - ap_clk rise@0.000ns)
  Data Path Delay:        0.195ns  (logic 0.141ns (72.269%)  route 0.054ns (27.731%))
  Logic Levels:           0  
  Clock Path Skew:        0.022ns (DCD - SCD - CPR)
    Destination Clock Delay (DCD):    0.432ns
    Source Clock Delay      (SCD):    0.410ns
    Clock Pessimism Removal (CPR):    -0.000ns

    Location             Delay type                Incr(ns)  Path(ns)    Netlist Resource(s)
  -------------------------------------------------------------------    -------------------
                         (clock ap_clk rise edge)     0.000     0.000 r  <hidden>
                                                      0.000     0.000 r  ap_clk
                         net (fo=1360, unset)         0.410     0.410    bd_0_i/hls_inst/inst/grp_Gaussian_Filter_Pipeline_VITIS_LOOP_25_1_VITIS_LOOP_27_2_fu_86/ap_clk
    SLICE_X39Y49         FDRE                                         r  bd_0_i/hls_inst/inst/grp_Gaussian_Filter_Pipeline_VITIS_LOOP_25_1_VITIS_LOOP_27_2_fu_86/p_0_0_0_0120379_load_reg_694_reg[3]/C
  -------------------------------------------------------------------    -------------------
    SLICE_X39Y49         FDRE (Prop_fdre_C_Q)         0.141     0.551 r  bd_0_i/hls_inst/inst/grp_Gaussian_Filter_Pipeline_VITIS_LOOP_25_1_VITIS_LOOP_27_2_fu_86/p_0_0_0_0120379_load_reg_694_reg[3]/Q
                         net (fo=1, routed)           0.054     0.605    bd_0_i/hls_inst/inst/grp_Gaussian_Filter_Pipeline_VITIS_LOOP_25_1_VITIS_LOOP_27_2_fu_86/p_0_0_0_0120379_load_reg_694[3]
    SLICE_X38Y49         FDRE                                         r  bd_0_i/hls_inst/inst/grp_Gaussian_Filter_Pipeline_VITIS_LOOP_25_1_VITIS_LOOP_27_2_fu_86/Sum_fu_110_reg[3]/D
  -------------------------------------------------------------------    -------------------

                         (clock ap_clk rise edge)     0.000     0.000 r  <hidden>
                                                      0.000     0.000 r  ap_clk
                         net (fo=1360, unset)         0.432     0.432    bd_0_i/hls_inst/inst/grp_Gaussian_Filter_Pipeline_VITIS_LOOP_25_1_VITIS_LOOP_27_2_fu_86/ap_clk
    SLICE_X38Y49         FDRE                                         r  bd_0_i/hls_inst/inst/grp_Gaussian_Filter_Pipeline_VITIS_LOOP_25_1_VITIS_LOOP_27_2_fu_86/Sum_fu_110_reg[3]/C
                         clock pessimism              0.000     0.432    <hidden>
    SLICE_X38Y49         FDRE (Hold_fdre_C_D)         0.076     0.508    bd_0_i/hls_inst/inst/grp_Gaussian_Filter_Pipeline_VITIS_LOOP_25_1_VITIS_LOOP_27_2_fu_86/Sum_fu_110_reg[3]
  -------------------------------------------------------------------
                         required time                         -0.508    <hidden>
                         arrival time                           0.605    <hidden>
  -------------------------------------------------------------------
                         slack                                  0.098    <hidden>

Slack (MET) :             0.100ns  (arrival time - required time)
  Source:                 bd_0_i/hls_inst/inst/ap_CS_fsm_reg[1]/C
                            (rising edge-triggered cell FDRE clocked by ap_clk  {rise@0.000ns fall@5.000ns period=10.000ns})
  Destination:            bd_0_i/hls_inst/inst/ap_CS_fsm_reg[2]/D
                            (rising edge-triggered cell FDRE clocked by ap_clk  {rise@0.000ns fall@5.000ns period=10.000ns})
  Path Group:             ap_clk
  Path Type:              Hold (Min at Fast Process Corner)
  Requirement:            0.000ns  (ap_clk rise@0.000ns - ap_clk rise@0.000ns)
  Data Path Delay:        0.197ns  (logic 0.141ns (71.611%)  route 0.056ns (28.389%))
  Logic Levels:           0  
  Clock Path Skew:        0.022ns (DCD - SCD - CPR)
    Destination Clock Delay (DCD):    0.432ns
    Source Clock Delay      (SCD):    0.410ns
    Clock Pessimism Removal (CPR):    -0.000ns

    Location             Delay type                Incr(ns)  Path(ns)    Netlist Resource(s)
  -------------------------------------------------------------------    -------------------
                         (clock ap_clk rise edge)     0.000     0.000 r  <hidden>
                                                      0.000     0.000 r  ap_clk
                         net (fo=1360, unset)         0.410     0.410    bd_0_i/hls_inst/inst/ap_clk
    SLICE_X47Y53         FDRE                                         r  bd_0_i/hls_inst/inst/ap_CS_fsm_reg[1]/C
  -------------------------------------------------------------------    -------------------
    SLICE_X47Y53         FDRE (Prop_fdre_C_Q)         0.141     0.551 r  bd_0_i/hls_inst/inst/ap_CS_fsm_reg[1]/Q
                         net (fo=1, routed)           0.056     0.607    bd_0_i/hls_inst/inst/ap_CS_fsm_reg_n_0_[1]
    SLICE_X47Y53         FDRE                                         r  bd_0_i/hls_inst/inst/ap_CS_fsm_reg[2]/D
  -------------------------------------------------------------------    -------------------

                         (clock ap_clk rise edge)     0.000     0.000 r  <hidden>
                                                      0.000     0.000 r  ap_clk
                         net (fo=1360, unset)         0.432     0.432    bd_0_i/hls_inst/inst/ap_clk
    SLICE_X47Y53         FDRE                                         r  bd_0_i/hls_inst/inst/ap_CS_fsm_reg[2]/C
                         clock pessimism              0.000     0.432    <hidden>
    SLICE_X47Y53         FDRE (Hold_fdre_C_D)         0.075     0.507    bd_0_i/hls_inst/inst/ap_CS_fsm_reg[2]
  -------------------------------------------------------------------
                         required time                         -0.507    <hidden>
                         arrival time                           0.607    <hidden>
  -------------------------------------------------------------------
                         slack                                  0.100    <hidden>

Slack (MET) :             0.121ns  (arrival time - required time)
  Source:                 bd_0_i/hls_inst/inst/regslice_both_Input_r_V_keep_V_U/data_p1_reg[3]/C
                            (rising edge-triggered cell FDRE clocked by ap_clk  {rise@0.000ns fall@5.000ns period=10.000ns})
  Destination:            bd_0_i/hls_inst/inst/grp_Gaussian_Filter_Pipeline_VITIS_LOOP_25_1_VITIS_LOOP_27_2_fu_86/p_1_reg_633_pp0_iter4_reg_reg[3]_srl3/D
                            (rising edge-triggered cell SRL16E clocked by ap_clk  {rise@0.000ns fall@5.000ns period=10.000ns})
  Path Group:             ap_clk
  Path Type:              Hold (Min at Fast Process Corner)
  Requirement:            0.000ns  (ap_clk rise@0.000ns - ap_clk rise@0.000ns)
  Data Path Delay:        0.251ns  (logic 0.141ns (56.174%)  route 0.110ns (43.826%))
  Logic Levels:           0  
  Clock Path Skew:        0.022ns (DCD - SCD - CPR)
    Destination Clock Delay (DCD):    0.432ns
    Source Clock Delay      (SCD):    0.410ns
    Clock Pessimism Removal (CPR):    -0.000ns

    Location             Delay type                Incr(ns)  Path(ns)    Netlist Resource(s)
  -------------------------------------------------------------------    -------------------
                         (clock ap_clk rise edge)     0.000     0.000 r  <hidden>
                                                      0.000     0.000 r  ap_clk
                         net (fo=1360, unset)         0.410     0.410    bd_0_i/hls_inst/inst/regslice_both_Input_r_V_keep_V_U/ap_clk
    SLICE_X39Y66         FDRE                                         r  bd_0_i/hls_inst/inst/regslice_both_Input_r_V_keep_V_U/data_p1_reg[3]/C
  -------------------------------------------------------------------    -------------------
    SLICE_X39Y66         FDRE (Prop_fdre_C_Q)         0.141     0.551 r  bd_0_i/hls_inst/inst/regslice_both_Input_r_V_keep_V_U/data_p1_reg[3]/Q
                         net (fo=1, routed)           0.110     0.661    bd_0_i/hls_inst/inst/grp_Gaussian_Filter_Pipeline_VITIS_LOOP_25_1_VITIS_LOOP_27_2_fu_86/Q[3]
    SLICE_X38Y66         SRL16E                                       r  bd_0_i/hls_inst/inst/grp_Gaussian_Filter_Pipeline_VITIS_LOOP_25_1_VITIS_LOOP_27_2_fu_86/p_1_reg_633_pp0_iter4_reg_reg[3]_srl3/D
  -------------------------------------------------------------------    -------------------

                         (clock ap_clk rise edge)     0.000     0.000 r  <hidden>
                                                      0.000     0.000 r  ap_clk
                         net (fo=1360, unset)         0.432     0.432    bd_0_i/hls_inst/inst/grp_Gaussian_Filter_Pipeline_VITIS_LOOP_25_1_VITIS_LOOP_27_2_fu_86/ap_clk
    SLICE_X38Y66         SRL16E                                       r  bd_0_i/hls_inst/inst/grp_Gaussian_Filter_Pipeline_VITIS_LOOP_25_1_VITIS_LOOP_27_2_fu_86/p_1_reg_633_pp0_iter4_reg_reg[3]_srl3/CLK
                         clock pessimism              0.000     0.432    <hidden>
    SLICE_X38Y66         SRL16E (Hold_srl16e_CLK_D)
                                                      0.108     0.540    bd_0_i/hls_inst/inst/grp_Gaussian_Filter_Pipeline_VITIS_LOOP_25_1_VITIS_LOOP_27_2_fu_86/p_1_reg_633_pp0_iter4_reg_reg[3]_srl3
  -------------------------------------------------------------------
                         required time                         -0.540    <hidden>
                         arrival time                           0.661    <hidden>
  -------------------------------------------------------------------
                         slack                                  0.121    <hidden>

Slack (MET) :             0.124ns  (arrival time - required time)
  Source:                 bd_0_i/hls_inst/inst/regslice_both_Input_r_V_data_V_U/data_p2_reg[9]/C
                            (rising edge-triggered cell FDRE clocked by ap_clk  {rise@0.000ns fall@5.000ns period=10.000ns})
  Destination:            bd_0_i/hls_inst/inst/regslice_both_Input_r_V_data_V_U/data_p1_reg[9]/D
                            (rising edge-triggered cell FDRE clocked by ap_clk  {rise@0.000ns fall@5.000ns period=10.000ns})
  Path Group:             ap_clk
  Path Type:              Hold (Min at Fast Process Corner)
  Requirement:            0.000ns  (ap_clk rise@0.000ns - ap_clk rise@0.000ns)
  Data Path Delay:        0.266ns  (logic 0.186ns (69.897%)  route 0.080ns (30.103%))
  Logic Levels:           1  (LUT4=1)
  Clock Path Skew:        0.022ns (DCD - SCD - CPR)
    Destination Clock Delay (DCD):    0.432ns
    Source Clock Delay      (SCD):    0.410ns
    Clock Pessimism Removal (CPR):    -0.000ns

    Location             Delay type                Incr(ns)  Path(ns)    Netlist Resource(s)
  -------------------------------------------------------------------    -------------------
                         (clock ap_clk rise edge)     0.000     0.000 r  <hidden>
                                                      0.000     0.000 r  ap_clk
                         net (fo=1360, unset)         0.410     0.410    bd_0_i/hls_inst/inst/regslice_both_Input_r_V_data_V_U/ap_clk
    SLICE_X27Y46         FDRE                                         r  bd_0_i/hls_inst/inst/regslice_both_Input_r_V_data_V_U/data_p2_reg[9]/C
  -------------------------------------------------------------------    -------------------
    SLICE_X27Y46         FDRE (Prop_fdre_C_Q)         0.141     0.551 r  bd_0_i/hls_inst/inst/regslice_both_Input_r_V_data_V_U/data_p2_reg[9]/Q
                         net (fo=1, routed)           0.080     0.631    bd_0_i/hls_inst/inst/regslice_both_Input_r_V_data_V_U/data_p2[9]
    SLICE_X26Y46         LUT4 (Prop_lut4_I0_O)        0.045     0.676 r  bd_0_i/hls_inst/inst/regslice_both_Input_r_V_data_V_U/data_p1[9]_i_1__0/O
                         net (fo=1, routed)           0.000     0.676    bd_0_i/hls_inst/inst/regslice_both_Input_r_V_data_V_U/p_0_in[9]
    SLICE_X26Y46         FDRE                                         r  bd_0_i/hls_inst/inst/regslice_both_Input_r_V_data_V_U/data_p1_reg[9]/D
  -------------------------------------------------------------------    -------------------

                         (clock ap_clk rise edge)     0.000     0.000 r  <hidden>
                                                      0.000     0.000 r  ap_clk
                         net (fo=1360, unset)         0.432     0.432    bd_0_i/hls_inst/inst/regslice_both_Input_r_V_data_V_U/ap_clk
    SLICE_X26Y46         FDRE                                         r  bd_0_i/hls_inst/inst/regslice_both_Input_r_V_data_V_U/data_p1_reg[9]/C
                         clock pessimism              0.000     0.432    <hidden>
    SLICE_X26Y46         FDRE (Hold_fdre_C_D)         0.121     0.553    bd_0_i/hls_inst/inst/regslice_both_Input_r_V_data_V_U/data_p1_reg[9]
  -------------------------------------------------------------------
                         required time                         -0.553    <hidden>
                         arrival time                           0.676    <hidden>
  -------------------------------------------------------------------
                         slack                                  0.124    <hidden>

Slack (MET) :             0.131ns  (arrival time - required time)
  Source:                 bd_0_i/hls_inst/inst/control_s_axi_U/FSM_onehot_wstate_reg[1]/C
                            (rising edge-triggered cell FDRE clocked by ap_clk  {rise@0.000ns fall@5.000ns period=10.000ns})
  Destination:            bd_0_i/hls_inst/inst/control_s_axi_U/waddr_reg[2]/D
                            (rising edge-triggered cell FDRE clocked by ap_clk  {rise@0.000ns fall@5.000ns period=10.000ns})
  Path Group:             ap_clk
  Path Type:              Hold (Min at Fast Process Corner)
  Requirement:            0.000ns  (ap_clk rise@0.000ns - ap_clk rise@0.000ns)
  Data Path Delay:        0.273ns  (logic 0.186ns (68.080%)  route 0.087ns (31.920%))
  Logic Levels:           1  (LUT4=1)
  Clock Path Skew:        0.022ns (DCD - SCD - CPR)
    Destination Clock Delay (DCD):    0.432ns
    Source Clock Delay      (SCD):    0.410ns
    Clock Pessimism Removal (CPR):    -0.000ns

    Location             Delay type                Incr(ns)  Path(ns)    Netlist Resource(s)
  -------------------------------------------------------------------    -------------------
                         (clock ap_clk rise edge)     0.000     0.000 r  <hidden>
                                                      0.000     0.000 r  ap_clk
                         net (fo=1360, unset)         0.410     0.410    bd_0_i/hls_inst/inst/control_s_axi_U/ap_clk
    SLICE_X51Y55         FDRE                                         r  bd_0_i/hls_inst/inst/control_s_axi_U/FSM_onehot_wstate_reg[1]/C
  -------------------------------------------------------------------    -------------------
    SLICE_X51Y55         FDRE (Prop_fdre_C_Q)         0.141     0.551 r  bd_0_i/hls_inst/inst/control_s_axi_U/FSM_onehot_wstate_reg[1]/Q
                         net (fo=5, routed)           0.087     0.638    bd_0_i/hls_inst/inst/control_s_axi_U/FSM_onehot_wstate_reg[1]_0
    SLICE_X50Y55         LUT4 (Prop_lut4_I1_O)        0.045     0.683 r  bd_0_i/hls_inst/inst/control_s_axi_U/waddr[2]_i_1/O
                         net (fo=1, routed)           0.000     0.683    bd_0_i/hls_inst/inst/control_s_axi_U/waddr[2]_i_1_n_0
    SLICE_X50Y55         FDRE                                         r  bd_0_i/hls_inst/inst/control_s_axi_U/waddr_reg[2]/D
  -------------------------------------------------------------------    -------------------

                         (clock ap_clk rise edge)     0.000     0.000 r  <hidden>
                                                      0.000     0.000 r  ap_clk
                         net (fo=1360, unset)         0.432     0.432    bd_0_i/hls_inst/inst/control_s_axi_U/ap_clk
    SLICE_X50Y55         FDRE                                         r  bd_0_i/hls_inst/inst/control_s_axi_U/waddr_reg[2]/C
                         clock pessimism              0.000     0.432    <hidden>
    SLICE_X50Y55         FDRE (Hold_fdre_C_D)         0.121     0.553    bd_0_i/hls_inst/inst/control_s_axi_U/waddr_reg[2]
  -------------------------------------------------------------------
                         required time                         -0.553    <hidden>
                         arrival time                           0.683    <hidden>
  -------------------------------------------------------------------
                         slack                                  0.131    <hidden>

Slack (MET) :             0.132ns  (arrival time - required time)
  Source:                 bd_0_i/hls_inst/inst/regslice_both_Input_r_V_data_V_U/data_p2_reg[10]/C
                            (rising edge-triggered cell FDRE clocked by ap_clk  {rise@0.000ns fall@5.000ns period=10.000ns})
  Destination:            bd_0_i/hls_inst/inst/regslice_both_Input_r_V_data_V_U/data_p1_reg[10]/D
                            (rising edge-triggered cell FDRE clocked by ap_clk  {rise@0.000ns fall@5.000ns period=10.000ns})
  Path Group:             ap_clk
  Path Type:              Hold (Min at Fast Process Corner)
  Requirement:            0.000ns  (ap_clk rise@0.000ns - ap_clk rise@0.000ns)
  Data Path Delay:        0.273ns  (logic 0.186ns (68.106%)  route 0.087ns (31.894%))
  Logic Levels:           1  (LUT4=1)
  Clock Path Skew:        0.022ns (DCD - SCD - CPR)
    Destination Clock Delay (DCD):    0.432ns
    Source Clock Delay      (SCD):    0.410ns
    Clock Pessimism Removal (CPR):    -0.000ns

    Location             Delay type                Incr(ns)  Path(ns)    Netlist Resource(s)
  -------------------------------------------------------------------    -------------------
                         (clock ap_clk rise edge)     0.000     0.000 r  <hidden>
                                                      0.000     0.000 r  ap_clk
                         net (fo=1360, unset)         0.410     0.410    bd_0_i/hls_inst/inst/regslice_both_Input_r_V_data_V_U/ap_clk
    SLICE_X27Y46         FDRE                                         r  bd_0_i/hls_inst/inst/regslice_both_Input_r_V_data_V_U/data_p2_reg[10]/C
  -------------------------------------------------------------------    -------------------
    SLICE_X27Y46         FDRE (Prop_fdre_C_Q)         0.141     0.551 r  bd_0_i/hls_inst/inst/regslice_both_Input_r_V_data_V_U/data_p2_reg[10]/Q
                         net (fo=1, routed)           0.087     0.638    bd_0_i/hls_inst/inst/regslice_both_Input_r_V_data_V_U/data_p2[10]
    SLICE_X26Y46         LUT4 (Prop_lut4_I0_O)        0.045     0.683 r  bd_0_i/hls_inst/inst/regslice_both_Input_r_V_data_V_U/data_p1[10]_i_1__0/O
                         net (fo=1, routed)           0.000     0.683    bd_0_i/hls_inst/inst/regslice_both_Input_r_V_data_V_U/p_0_in[10]
    SLICE_X26Y46         FDRE                                         r  bd_0_i/hls_inst/inst/regslice_both_Input_r_V_data_V_U/data_p1_reg[10]/D
  -------------------------------------------------------------------    -------------------

                         (clock ap_clk rise edge)     0.000     0.000 r  <hidden>
                                                      0.000     0.000 r  ap_clk
                         net (fo=1360, unset)         0.432     0.432    bd_0_i/hls_inst/inst/regslice_both_Input_r_V_data_V_U/ap_clk
    SLICE_X26Y46         FDRE                                         r  bd_0_i/hls_inst/inst/regslice_both_Input_r_V_data_V_U/data_p1_reg[10]/C
                         clock pessimism              0.000     0.432    <hidden>
    SLICE_X26Y46         FDRE (Hold_fdre_C_D)         0.120     0.552    bd_0_i/hls_inst/inst/regslice_both_Input_r_V_data_V_U/data_p1_reg[10]
  -------------------------------------------------------------------
                         required time                         -0.552    <hidden>
                         arrival time                           0.683    <hidden>
  -------------------------------------------------------------------
                         slack                                  0.132    <hidden>

Slack (MET) :             0.132ns  (arrival time - required time)
  Source:                 bd_0_i/hls_inst/inst/regslice_both_Input_r_V_data_V_U/data_p2_reg[20]/C
                            (rising edge-triggered cell FDRE clocked by ap_clk  {rise@0.000ns fall@5.000ns period=10.000ns})
  Destination:            bd_0_i/hls_inst/inst/regslice_both_Input_r_V_data_V_U/data_p1_reg[20]/D
                            (rising edge-triggered cell FDRE clocked by ap_clk  {rise@0.000ns fall@5.000ns period=10.000ns})
  Path Group:             ap_clk
  Path Type:              Hold (Min at Fast Process Corner)
  Requirement:            0.000ns  (ap_clk rise@0.000ns - ap_clk rise@0.000ns)
  Data Path Delay:        0.273ns  (logic 0.186ns (68.106%)  route 0.087ns (31.894%))
  Logic Levels:           1  (LUT4=1)
  Clock Path Skew:        0.022ns (DCD - SCD - CPR)
    Destination Clock Delay (DCD):    0.432ns
    Source Clock Delay      (SCD):    0.410ns
    Clock Pessimism Removal (CPR):    -0.000ns

    Location             Delay type                Incr(ns)  Path(ns)    Netlist Resource(s)
  -------------------------------------------------------------------    -------------------
                         (clock ap_clk rise edge)     0.000     0.000 r  <hidden>
                                                      0.000     0.000 r  ap_clk
                         net (fo=1360, unset)         0.410     0.410    bd_0_i/hls_inst/inst/regslice_both_Input_r_V_data_V_U/ap_clk
    SLICE_X27Y57         FDRE                                         r  bd_0_i/hls_inst/inst/regslice_both_Input_r_V_data_V_U/data_p2_reg[20]/C
  -------------------------------------------------------------------    -------------------
    SLICE_X27Y57         FDRE (Prop_fdre_C_Q)         0.141     0.551 r  bd_0_i/hls_inst/inst/regslice_both_Input_r_V_data_V_U/data_p2_reg[20]/Q
                         net (fo=1, routed)           0.087     0.638    bd_0_i/hls_inst/inst/regslice_both_Input_r_V_data_V_U/data_p2[20]
    SLICE_X26Y57         LUT4 (Prop_lut4_I0_O)        0.045     0.683 r  bd_0_i/hls_inst/inst/regslice_both_Input_r_V_data_V_U/data_p1[20]_i_1__0/O
                         net (fo=1, routed)           0.000     0.683    bd_0_i/hls_inst/inst/regslice_both_Input_r_V_data_V_U/p_0_in[20]
    SLICE_X26Y57         FDRE                                         r  bd_0_i/hls_inst/inst/regslice_both_Input_r_V_data_V_U/data_p1_reg[20]/D
  -------------------------------------------------------------------    -------------------

                         (clock ap_clk rise edge)     0.000     0.000 r  <hidden>
                                                      0.000     0.000 r  ap_clk
                         net (fo=1360, unset)         0.432     0.432    bd_0_i/hls_inst/inst/regslice_both_Input_r_V_data_V_U/ap_clk
    SLICE_X26Y57         FDRE                                         r  bd_0_i/hls_inst/inst/regslice_both_Input_r_V_data_V_U/data_p1_reg[20]/C
                         clock pessimism              0.000     0.432    <hidden>
    SLICE_X26Y57         FDRE (Hold_fdre_C_D)         0.120     0.552    bd_0_i/hls_inst/inst/regslice_both_Input_r_V_data_V_U/data_p1_reg[20]
  -------------------------------------------------------------------
                         required time                         -0.552    <hidden>
                         arrival time                           0.683    <hidden>
  -------------------------------------------------------------------
                         slack                                  0.132    <hidden>

Slack (MET) :             0.134ns  (arrival time - required time)
  Source:                 bd_0_i/hls_inst/inst/grp_Gaussian_Filter_Pipeline_VITIS_LOOP_25_1_VITIS_LOOP_27_2_fu_86/p_s_reg_626_pp0_iter4_reg_reg[5]/C
                            (rising edge-triggered cell FDRE clocked by ap_clk  {rise@0.000ns fall@5.000ns period=10.000ns})
  Destination:            bd_0_i/hls_inst/inst/grp_Gaussian_Filter_Pipeline_VITIS_LOOP_25_1_VITIS_LOOP_27_2_fu_86/p_s_reg_626_pp0_iter5_reg_reg[5]/D
                            (rising edge-triggered cell FDRE clocked by ap_clk  {rise@0.000ns fall@5.000ns period=10.000ns})
  Path Group:             ap_clk
  Path Type:              Hold (Min at Fast Process Corner)
  Requirement:            0.000ns  (ap_clk rise@0.000ns - ap_clk rise@0.000ns)
  Data Path Delay:        0.220ns  (logic 0.164ns (74.580%)  route 0.056ns (25.420%))
  Logic Levels:           0  
  Clock Path Skew:        0.022ns (DCD - SCD - CPR)
    Destination Clock Delay (DCD):    0.432ns
    Source Clock Delay      (SCD):    0.410ns
    Clock Pessimism Removal (CPR):    -0.000ns

    Location             Delay type                Incr(ns)  Path(ns)    Netlist Resource(s)
  -------------------------------------------------------------------    -------------------
                         (clock ap_clk rise edge)     0.000     0.000 r  <hidden>
                                                      0.000     0.000 r  ap_clk
                         net (fo=1360, unset)         0.410     0.410    bd_0_i/hls_inst/inst/grp_Gaussian_Filter_Pipeline_VITIS_LOOP_25_1_VITIS_LOOP_27_2_fu_86/ap_clk
    SLICE_X38Y48         FDRE                                         r  bd_0_i/hls_inst/inst/grp_Gaussian_Filter_Pipeline_VITIS_LOOP_25_1_VITIS_LOOP_27_2_fu_86/p_s_reg_626_pp0_iter4_reg_reg[5]/C
  -------------------------------------------------------------------    -------------------
    SLICE_X38Y48         FDRE (Prop_fdre_C_Q)         0.164     0.574 r  bd_0_i/hls_inst/inst/grp_Gaussian_Filter_Pipeline_VITIS_LOOP_25_1_VITIS_LOOP_27_2_fu_86/p_s_reg_626_pp0_iter4_reg_reg[5]/Q
                         net (fo=1, routed)           0.056     0.630    bd_0_i/hls_inst/inst/grp_Gaussian_Filter_Pipeline_VITIS_LOOP_25_1_VITIS_LOOP_27_2_fu_86/p_s_reg_626_pp0_iter4_reg[5]
    SLICE_X38Y48         FDRE                                         r  bd_0_i/hls_inst/inst/grp_Gaussian_Filter_Pipeline_VITIS_LOOP_25_1_VITIS_LOOP_27_2_fu_86/p_s_reg_626_pp0_iter5_reg_reg[5]/D
  -------------------------------------------------------------------    -------------------

                         (clock ap_clk rise edge)     0.000     0.000 r  <hidden>
                                                      0.000     0.000 r  ap_clk
                         net (fo=1360, unset)         0.432     0.432    bd_0_i/hls_inst/inst/grp_Gaussian_Filter_Pipeline_VITIS_LOOP_25_1_VITIS_LOOP_27_2_fu_86/ap_clk
    SLICE_X38Y48         FDRE                                         r  bd_0_i/hls_inst/inst/grp_Gaussian_Filter_Pipeline_VITIS_LOOP_25_1_VITIS_LOOP_27_2_fu_86/p_s_reg_626_pp0_iter5_reg_reg[5]/C
                         clock pessimism              0.000     0.432    <hidden>
    SLICE_X38Y48         FDRE (Hold_fdre_C_D)         0.064     0.496    bd_0_i/hls_inst/inst/grp_Gaussian_Filter_Pipeline_VITIS_LOOP_25_1_VITIS_LOOP_27_2_fu_86/p_s_reg_626_pp0_iter5_reg_reg[5]
  -------------------------------------------------------------------
                         required time                         -0.496    <hidden>
                         arrival time                           0.630    <hidden>
  -------------------------------------------------------------------
                         slack                                  0.134    <hidden>

Slack (MET) :             0.134ns  (arrival time - required time)
  Source:                 bd_0_i/hls_inst/inst/grp_Gaussian_Filter_Pipeline_VITIS_LOOP_25_1_VITIS_LOOP_27_2_fu_86/p_s_reg_626_pp0_iter4_reg_reg[6]/C
                            (rising edge-triggered cell FDRE clocked by ap_clk  {rise@0.000ns fall@5.000ns period=10.000ns})
  Destination:            bd_0_i/hls_inst/inst/grp_Gaussian_Filter_Pipeline_VITIS_LOOP_25_1_VITIS_LOOP_27_2_fu_86/p_s_reg_626_pp0_iter5_reg_reg[6]/D
                            (rising edge-triggered cell FDRE clocked by ap_clk  {rise@0.000ns fall@5.000ns period=10.000ns})
  Path Group:             ap_clk
  Path Type:              Hold (Min at Fast Process Corner)
  Requirement:            0.000ns  (ap_clk rise@0.000ns - ap_clk rise@0.000ns)
  Data Path Delay:        0.220ns  (logic 0.164ns (74.580%)  route 0.056ns (25.420%))
  Logic Levels:           0  
  Clock Path Skew:        0.022ns (DCD - SCD - CPR)
    Destination Clock Delay (DCD):    0.432ns
    Source Clock Delay      (SCD):    0.410ns
    Clock Pessimism Removal (CPR):    -0.000ns

    Location             Delay type                Incr(ns)  Path(ns)    Netlist Resource(s)
  -------------------------------------------------------------------    -------------------
                         (clock ap_clk rise edge)     0.000     0.000 r  <hidden>
                                                      0.000     0.000 r  ap_clk
                         net (fo=1360, unset)         0.410     0.410    bd_0_i/hls_inst/inst/grp_Gaussian_Filter_Pipeline_VITIS_LOOP_25_1_VITIS_LOOP_27_2_fu_86/ap_clk
    SLICE_X38Y48         FDRE                                         r  bd_0_i/hls_inst/inst/grp_Gaussian_Filter_Pipeline_VITIS_LOOP_25_1_VITIS_LOOP_27_2_fu_86/p_s_reg_626_pp0_iter4_reg_reg[6]/C
  -------------------------------------------------------------------    -------------------
    SLICE_X38Y48         FDRE (Prop_fdre_C_Q)         0.164     0.574 r  bd_0_i/hls_inst/inst/grp_Gaussian_Filter_Pipeline_VITIS_LOOP_25_1_VITIS_LOOP_27_2_fu_86/p_s_reg_626_pp0_iter4_reg_reg[6]/Q
                         net (fo=1, routed)           0.056     0.630    bd_0_i/hls_inst/inst/grp_Gaussian_Filter_Pipeline_VITIS_LOOP_25_1_VITIS_LOOP_27_2_fu_86/p_s_reg_626_pp0_iter4_reg[6]
    SLICE_X38Y48         FDRE                                         r  bd_0_i/hls_inst/inst/grp_Gaussian_Filter_Pipeline_VITIS_LOOP_25_1_VITIS_LOOP_27_2_fu_86/p_s_reg_626_pp0_iter5_reg_reg[6]/D
  -------------------------------------------------------------------    -------------------

                         (clock ap_clk rise edge)     0.000     0.000 r  <hidden>
                                                      0.000     0.000 r  ap_clk
                         net (fo=1360, unset)         0.432     0.432    bd_0_i/hls_inst/inst/grp_Gaussian_Filter_Pipeline_VITIS_LOOP_25_1_VITIS_LOOP_27_2_fu_86/ap_clk
    SLICE_X38Y48         FDRE                                         r  bd_0_i/hls_inst/inst/grp_Gaussian_Filter_Pipeline_VITIS_LOOP_25_1_VITIS_LOOP_27_2_fu_86/p_s_reg_626_pp0_iter5_reg_reg[6]/C
                         clock pessimism              0.000     0.432    <hidden>
    SLICE_X38Y48         FDRE (Hold_fdre_C_D)         0.064     0.496    bd_0_i/hls_inst/inst/grp_Gaussian_Filter_Pipeline_VITIS_LOOP_25_1_VITIS_LOOP_27_2_fu_86/p_s_reg_626_pp0_iter5_reg_reg[6]
  -------------------------------------------------------------------
                         required time                         -0.496    <hidden>
                         arrival time                           0.630    <hidden>
  -------------------------------------------------------------------
                         slack                                  0.134    <hidden>

Slack (MET) :             0.134ns  (arrival time - required time)
  Source:                 bd_0_i/hls_inst/inst/Output_r_TUSER_reg_reg[1]/C
                            (rising edge-triggered cell FDRE clocked by ap_clk  {rise@0.000ns fall@5.000ns period=10.000ns})
  Destination:            bd_0_i/hls_inst/inst/regslice_both_Output_r_V_user_V_U/data_p2_reg[1]/D
                            (rising edge-triggered cell FDRE clocked by ap_clk  {rise@0.000ns fall@5.000ns period=10.000ns})
  Path Group:             ap_clk
  Path Type:              Hold (Min at Fast Process Corner)
  Requirement:            0.000ns  (ap_clk rise@0.000ns - ap_clk rise@0.000ns)
  Data Path Delay:        0.248ns  (logic 0.186ns (74.990%)  route 0.062ns (25.010%))
  Logic Levels:           1  (LUT6=1)
  Clock Path Skew:        0.022ns (DCD - SCD - CPR)
    Destination Clock Delay (DCD):    0.432ns
    Source Clock Delay      (SCD):    0.410ns
    Clock Pessimism Removal (CPR):    -0.000ns

    Location             Delay type                Incr(ns)  Path(ns)    Netlist Resource(s)
  -------------------------------------------------------------------    -------------------
                         (clock ap_clk rise edge)     0.000     0.000 r  <hidden>
                                                      0.000     0.000 r  ap_clk
                         net (fo=1360, unset)         0.410     0.410    bd_0_i/hls_inst/inst/ap_clk
    SLICE_X44Y59         FDRE                                         r  bd_0_i/hls_inst/inst/Output_r_TUSER_reg_reg[1]/C
  -------------------------------------------------------------------    -------------------
    SLICE_X44Y59         FDRE (Prop_fdre_C_Q)         0.141     0.551 r  bd_0_i/hls_inst/inst/Output_r_TUSER_reg_reg[1]/Q
                         net (fo=2, routed)           0.062     0.613    bd_0_i/hls_inst/inst/grp_Gaussian_Filter_Pipeline_VITIS_LOOP_25_1_VITIS_LOOP_27_2_fu_86/Output_r_TUSER_reg[1]
    SLICE_X45Y59         LUT6 (Prop_lut6_I2_O)        0.045     0.658 r  bd_0_i/hls_inst/inst/grp_Gaussian_Filter_Pipeline_VITIS_LOOP_25_1_VITIS_LOOP_27_2_fu_86/data_p2[1]_i_1__0/O
                         net (fo=1, routed)           0.000     0.658    bd_0_i/hls_inst/inst/regslice_both_Output_r_V_user_V_U/data_p2_reg[1]_0
    SLICE_X45Y59         FDRE                                         r  bd_0_i/hls_inst/inst/regslice_both_Output_r_V_user_V_U/data_p2_reg[1]/D
  -------------------------------------------------------------------    -------------------

                         (clock ap_clk rise edge)     0.000     0.000 r  <hidden>
                                                      0.000     0.000 r  ap_clk
                         net (fo=1360, unset)         0.432     0.432    bd_0_i/hls_inst/inst/regslice_both_Output_r_V_user_V_U/ap_clk
    SLICE_X45Y59         FDRE                                         r  bd_0_i/hls_inst/inst/regslice_both_Output_r_V_user_V_U/data_p2_reg[1]/C
                         clock pessimism              0.000     0.432    <hidden>
    SLICE_X45Y59         FDRE (Hold_fdre_C_D)         0.092     0.524    bd_0_i/hls_inst/inst/regslice_both_Output_r_V_user_V_U/data_p2_reg[1]
  -------------------------------------------------------------------
                         required time                         -0.524    <hidden>
                         arrival time                           0.658    <hidden>
  -------------------------------------------------------------------
                         slack                                  0.134    <hidden>





Pulse Width Checks
--------------------------------------------------------------------------------------
Clock Name:         ap_clk
Waveform(ns):       { 0.000 5.000 }
Period(ns):         10.000
Sources:            { ap_clk }

Check Type        Corner  Lib Pin             Reference Pin  Required(ns)  Actual(ns)  Slack(ns)  Location      Pin
Min Period        n/a     DSP48E1/CLK         n/a            3.884         10.000      6.116      DSP48_X2Y21   bd_0_i/hls_inst/inst/mul_31ns_31ns_62_2_1_U18/buff0_reg/CLK
Min Period        n/a     DSP48E1/CLK         n/a            3.687         10.000      6.313      DSP48_X2Y23   bd_0_i/hls_inst/inst/mul_31ns_31ns_62_2_1_U18/buff0_reg__0/CLK
Min Period        n/a     RAMB36E1/CLKARDCLK  n/a            2.576         10.000      7.424      RAMB36_X2Y9   bd_0_i/hls_inst/inst/grp_Gaussian_Filter_Pipeline_VITIS_LOOP_25_1_VITIS_LOOP_27_2_fu_86/Line_Buffer_data_1_U/ram_reg_0/CLKARDCLK
Min Period        n/a     RAMB36E1/CLKARDCLK  n/a            2.576         10.000      7.424      RAMB36_X2Y12  bd_0_i/hls_inst/inst/grp_Gaussian_Filter_Pipeline_VITIS_LOOP_25_1_VITIS_LOOP_27_2_fu_86/Line_Buffer_data_1_U/ram_reg_1/CLKARDCLK
Min Period        n/a     RAMB36E1/CLKARDCLK  n/a            2.576         10.000      7.424      RAMB36_X2Y10  bd_0_i/hls_inst/inst/grp_Gaussian_Filter_Pipeline_VITIS_LOOP_25_1_VITIS_LOOP_27_2_fu_86/Line_Buffer_data_U/ram_reg_0/CLKARDCLK
Min Period        n/a     RAMB36E1/CLKARDCLK  n/a            2.576         10.000      7.424      RAMB36_X2Y11  bd_0_i/hls_inst/inst/grp_Gaussian_Filter_Pipeline_VITIS_LOOP_25_1_VITIS_LOOP_27_2_fu_86/Line_Buffer_data_U/ram_reg_1/CLKARDCLK
Min Period        n/a     FDRE/C              n/a            1.000         10.000      9.000      SLICE_X45Y49  bd_0_i/hls_inst/inst/Cols_read_reg_168_reg[0]/C
Min Period        n/a     FDRE/C              n/a            1.000         10.000      9.000      SLICE_X45Y50  bd_0_i/hls_inst/inst/Cols_read_reg_168_reg[10]/C
Min Period        n/a     FDRE/C              n/a            1.000         10.000      9.000      SLICE_X45Y50  bd_0_i/hls_inst/inst/Cols_read_reg_168_reg[11]/C
Min Period        n/a     FDRE/C              n/a            1.000         10.000      9.000      SLICE_X45Y50  bd_0_i/hls_inst/inst/Cols_read_reg_168_reg[12]/C
Low Pulse Width   Slow    SRL16E/CLK          n/a            0.980         5.000       4.020      SLICE_X38Y59  bd_0_i/hls_inst/inst/grp_Gaussian_Filter_Pipeline_VITIS_LOOP_25_1_VITIS_LOOP_27_2_fu_86/ap_loop_exit_ready_pp0_iter4_reg_reg_srl3/CLK
Low Pulse Width   Fast    SRL16E/CLK          n/a            0.980         5.000       4.020      SLICE_X38Y59  bd_0_i/hls_inst/inst/grp_Gaussian_Filter_Pipeline_VITIS_LOOP_25_1_VITIS_LOOP_27_2_fu_86/ap_loop_exit_ready_pp0_iter4_reg_reg_srl3/CLK
Low Pulse Width   Slow    SRL16E/CLK          n/a            0.980         5.000       4.020      SLICE_X46Y64  bd_0_i/hls_inst/inst/grp_Gaussian_Filter_Pipeline_VITIS_LOOP_25_1_VITIS_LOOP_27_2_fu_86/p_0_reg_658_pp0_iter4_reg_reg[0]_srl3/CLK
Low Pulse Width   Fast    SRL16E/CLK          n/a            0.980         5.000       4.020      SLICE_X46Y64  bd_0_i/hls_inst/inst/grp_Gaussian_Filter_Pipeline_VITIS_LOOP_25_1_VITIS_LOOP_27_2_fu_86/p_0_reg_658_pp0_iter4_reg_reg[0]_srl3/CLK
Low Pulse Width   Slow    SRL16E/CLK          n/a            0.980         5.000       4.020      SLICE_X46Y64  bd_0_i/hls_inst/inst/grp_Gaussian_Filter_Pipeline_VITIS_LOOP_25_1_VITIS_LOOP_27_2_fu_86/p_0_reg_658_pp0_iter4_reg_reg[1]_srl3/CLK
Low Pulse Width   Fast    SRL16E/CLK          n/a            0.980         5.000       4.020      SLICE_X46Y64  bd_0_i/hls_inst/inst/grp_Gaussian_Filter_Pipeline_VITIS_LOOP_25_1_VITIS_LOOP_27_2_fu_86/p_0_reg_658_pp0_iter4_reg_reg[1]_srl3/CLK
Low Pulse Width   Slow    SRL16E/CLK          n/a            0.980         5.000       4.020      SLICE_X46Y64  bd_0_i/hls_inst/inst/grp_Gaussian_Filter_Pipeline_VITIS_LOOP_25_1_VITIS_LOOP_27_2_fu_86/p_0_reg_658_pp0_iter4_reg_reg[2]_srl3/CLK
Low Pulse Width   Fast    SRL16E/CLK          n/a            0.980         5.000       4.020      SLICE_X46Y64  bd_0_i/hls_inst/inst/grp_Gaussian_Filter_Pipeline_VITIS_LOOP_25_1_VITIS_LOOP_27_2_fu_86/p_0_reg_658_pp0_iter4_reg_reg[2]_srl3/CLK
Low Pulse Width   Slow    SRL16E/CLK          n/a            0.980         5.000       4.020      SLICE_X46Y64  bd_0_i/hls_inst/inst/grp_Gaussian_Filter_Pipeline_VITIS_LOOP_25_1_VITIS_LOOP_27_2_fu_86/p_0_reg_658_pp0_iter4_reg_reg[3]_srl3/CLK
Low Pulse Width   Fast    SRL16E/CLK          n/a            0.980         5.000       4.020      SLICE_X46Y64  bd_0_i/hls_inst/inst/grp_Gaussian_Filter_Pipeline_VITIS_LOOP_25_1_VITIS_LOOP_27_2_fu_86/p_0_reg_658_pp0_iter4_reg_reg[3]_srl3/CLK
High Pulse Width  Slow    SRL16E/CLK          n/a            0.980         5.000       4.020      SLICE_X38Y59  bd_0_i/hls_inst/inst/grp_Gaussian_Filter_Pipeline_VITIS_LOOP_25_1_VITIS_LOOP_27_2_fu_86/ap_loop_exit_ready_pp0_iter4_reg_reg_srl3/CLK
High Pulse Width  Fast    SRL16E/CLK          n/a            0.980         5.000       4.020      SLICE_X38Y59  bd_0_i/hls_inst/inst/grp_Gaussian_Filter_Pipeline_VITIS_LOOP_25_1_VITIS_LOOP_27_2_fu_86/ap_loop_exit_ready_pp0_iter4_reg_reg_srl3/CLK
High Pulse Width  Slow    SRL16E/CLK          n/a            0.980         5.000       4.020      SLICE_X46Y64  bd_0_i/hls_inst/inst/grp_Gaussian_Filter_Pipeline_VITIS_LOOP_25_1_VITIS_LOOP_27_2_fu_86/p_0_reg_658_pp0_iter4_reg_reg[0]_srl3/CLK
High Pulse Width  Fast    SRL16E/CLK          n/a            0.980         5.000       4.020      SLICE_X46Y64  bd_0_i/hls_inst/inst/grp_Gaussian_Filter_Pipeline_VITIS_LOOP_25_1_VITIS_LOOP_27_2_fu_86/p_0_reg_658_pp0_iter4_reg_reg[0]_srl3/CLK
High Pulse Width  Slow    SRL16E/CLK          n/a            0.980         5.000       4.020      SLICE_X46Y64  bd_0_i/hls_inst/inst/grp_Gaussian_Filter_Pipeline_VITIS_LOOP_25_1_VITIS_LOOP_27_2_fu_86/p_0_reg_658_pp0_iter4_reg_reg[1]_srl3/CLK
High Pulse Width  Fast    SRL16E/CLK          n/a            0.980         5.000       4.020      SLICE_X46Y64  bd_0_i/hls_inst/inst/grp_Gaussian_Filter_Pipeline_VITIS_LOOP_25_1_VITIS_LOOP_27_2_fu_86/p_0_reg_658_pp0_iter4_reg_reg[1]_srl3/CLK
High Pulse Width  Slow    SRL16E/CLK          n/a            0.980         5.000       4.020      SLICE_X46Y64  bd_0_i/hls_inst/inst/grp_Gaussian_Filter_Pipeline_VITIS_LOOP_25_1_VITIS_LOOP_27_2_fu_86/p_0_reg_658_pp0_iter4_reg_reg[2]_srl3/CLK
High Pulse Width  Fast    SRL16E/CLK          n/a            0.980         5.000       4.020      SLICE_X46Y64  bd_0_i/hls_inst/inst/grp_Gaussian_Filter_Pipeline_VITIS_LOOP_25_1_VITIS_LOOP_27_2_fu_86/p_0_reg_658_pp0_iter4_reg_reg[2]_srl3/CLK
High Pulse Width  Slow    SRL16E/CLK          n/a            0.980         5.000       4.020      SLICE_X46Y64  bd_0_i/hls_inst/inst/grp_Gaussian_Filter_Pipeline_VITIS_LOOP_25_1_VITIS_LOOP_27_2_fu_86/p_0_reg_658_pp0_iter4_reg_reg[3]_srl3/CLK
High Pulse Width  Fast    SRL16E/CLK          n/a            0.980         5.000       4.020      SLICE_X46Y64  bd_0_i/hls_inst/inst/grp_Gaussian_Filter_Pipeline_VITIS_LOOP_25_1_VITIS_LOOP_27_2_fu_86/p_0_reg_658_pp0_iter4_reg_reg[3]_srl3/CLK



--------------------------------------------------------------------------------------
Path Group:  (none)
From Clock:  ap_clk
  To Clock:  

Max Delay            95 Endpoints
Min Delay            95 Endpoints
--------------------------------------------------------------------------------------


Max Delay Paths
--------------------------------------------------------------------------------------
Slack:                    inf
  Source:                 bd_0_i/hls_inst/inst/regslice_both_Output_r_V_data_V_U/data_p1_reg[0]/C
                            (rising edge-triggered cell FDRE clocked by ap_clk  {rise@0.000ns fall@5.000ns period=10.000ns})
  Destination:            Output_r_tdata[0]
                            (output port)
  Path Group:             (none)
  Path Type:              Max at Slow Process Corner
  Data Path Delay:        1.491ns  (logic 0.518ns (34.742%)  route 0.973ns (65.258%))
  Logic Levels:           0  
  Clock Uncertainty:      0.025ns  ((TSJ^2 + TIJ^2)^1/2 + DJ) / 2 + PE
    Total System Jitter     (TSJ):    0.050ns
    Total Input Jitter      (TIJ):    0.000ns
    Discrete Jitter          (DJ):    0.000ns
    Phase Error              (PE):    0.000ns

    Location             Delay type                Incr(ns)  Path(ns)    Netlist Resource(s)
  -------------------------------------------------------------------    -------------------
                         (clock ap_clk rise edge)     0.000     0.000 r  <hidden>
                                                      0.000     0.000 r  ap_clk
                         net (fo=1360, unset)         0.973     0.973    bd_0_i/hls_inst/inst/regslice_both_Output_r_V_data_V_U/ap_clk
    SLICE_X42Y58         FDRE                                         r  bd_0_i/hls_inst/inst/regslice_both_Output_r_V_data_V_U/data_p1_reg[0]/C
  -------------------------------------------------------------------    -------------------
    SLICE_X42Y58         FDRE (Prop_fdre_C_Q)         0.518     1.491 r  bd_0_i/hls_inst/inst/regslice_both_Output_r_V_data_V_U/data_p1_reg[0]/Q
                         net (fo=0)                   0.973     2.464    Output_r_tdata[0]
                                                                      r  Output_r_tdata[0]
  -------------------------------------------------------------------    -------------------

Slack:                    inf
  Source:                 bd_0_i/hls_inst/inst/regslice_both_Output_r_V_data_V_U/data_p1_reg[12]/C
                            (rising edge-triggered cell FDRE clocked by ap_clk  {rise@0.000ns fall@5.000ns period=10.000ns})
  Destination:            Output_r_tdata[12]
                            (output port)
  Path Group:             (none)
  Path Type:              Max at Slow Process Corner
  Data Path Delay:        1.491ns  (logic 0.518ns (34.742%)  route 0.973ns (65.258%))
  Logic Levels:           0  
  Clock Uncertainty:      0.025ns  ((TSJ^2 + TIJ^2)^1/2 + DJ) / 2 + PE
    Total System Jitter     (TSJ):    0.050ns
    Total Input Jitter      (TIJ):    0.000ns
    Discrete Jitter          (DJ):    0.000ns
    Phase Error              (PE):    0.000ns

    Location             Delay type                Incr(ns)  Path(ns)    Netlist Resource(s)
  -------------------------------------------------------------------    -------------------
                         (clock ap_clk rise edge)     0.000     0.000 r  <hidden>
                                                      0.000     0.000 r  ap_clk
                         net (fo=1360, unset)         0.973     0.973    bd_0_i/hls_inst/inst/regslice_both_Output_r_V_data_V_U/ap_clk
    SLICE_X42Y58         FDRE                                         r  bd_0_i/hls_inst/inst/regslice_both_Output_r_V_data_V_U/data_p1_reg[12]/C
  -------------------------------------------------------------------    -------------------
    SLICE_X42Y58         FDRE (Prop_fdre_C_Q)         0.518     1.491 r  bd_0_i/hls_inst/inst/regslice_both_Output_r_V_data_V_U/data_p1_reg[12]/Q
                         net (fo=0)                   0.973     2.464    Output_r_tdata[12]
                                                                      r  Output_r_tdata[12]
  -------------------------------------------------------------------    -------------------

Slack:                    inf
  Source:                 bd_0_i/hls_inst/inst/regslice_both_Output_r_V_data_V_U/data_p1_reg[14]/C
                            (rising edge-triggered cell FDRE clocked by ap_clk  {rise@0.000ns fall@5.000ns period=10.000ns})
  Destination:            Output_r_tdata[14]
                            (output port)
  Path Group:             (none)
  Path Type:              Max at Slow Process Corner
  Data Path Delay:        1.491ns  (logic 0.518ns (34.742%)  route 0.973ns (65.258%))
  Logic Levels:           0  
  Clock Uncertainty:      0.025ns  ((TSJ^2 + TIJ^2)^1/2 + DJ) / 2 + PE
    Total System Jitter     (TSJ):    0.050ns
    Total Input Jitter      (TIJ):    0.000ns
    Discrete Jitter          (DJ):    0.000ns
    Phase Error              (PE):    0.000ns

    Location             Delay type                Incr(ns)  Path(ns)    Netlist Resource(s)
  -------------------------------------------------------------------    -------------------
                         (clock ap_clk rise edge)     0.000     0.000 r  <hidden>
                                                      0.000     0.000 r  ap_clk
                         net (fo=1360, unset)         0.973     0.973    bd_0_i/hls_inst/inst/regslice_both_Output_r_V_data_V_U/ap_clk
    SLICE_X42Y58         FDRE                                         r  bd_0_i/hls_inst/inst/regslice_both_Output_r_V_data_V_U/data_p1_reg[14]/C
  -------------------------------------------------------------------    -------------------
    SLICE_X42Y58         FDRE (Prop_fdre_C_Q)         0.518     1.491 r  bd_0_i/hls_inst/inst/regslice_both_Output_r_V_data_V_U/data_p1_reg[14]/Q
                         net (fo=0)                   0.973     2.464    Output_r_tdata[14]
                                                                      r  Output_r_tdata[14]
  -------------------------------------------------------------------    -------------------

Slack:                    inf
  Source:                 bd_0_i/hls_inst/inst/regslice_both_Output_r_V_data_V_U/data_p1_reg[15]/C
                            (rising edge-triggered cell FDRE clocked by ap_clk  {rise@0.000ns fall@5.000ns period=10.000ns})
  Destination:            Output_r_tdata[15]
                            (output port)
  Path Group:             (none)
  Path Type:              Max at Slow Process Corner
  Data Path Delay:        1.491ns  (logic 0.518ns (34.742%)  route 0.973ns (65.258%))
  Logic Levels:           0  
  Clock Uncertainty:      0.025ns  ((TSJ^2 + TIJ^2)^1/2 + DJ) / 2 + PE
    Total System Jitter     (TSJ):    0.050ns
    Total Input Jitter      (TIJ):    0.000ns
    Discrete Jitter          (DJ):    0.000ns
    Phase Error              (PE):    0.000ns

    Location             Delay type                Incr(ns)  Path(ns)    Netlist Resource(s)
  -------------------------------------------------------------------    -------------------
                         (clock ap_clk rise edge)     0.000     0.000 r  <hidden>
                                                      0.000     0.000 r  ap_clk
                         net (fo=1360, unset)         0.973     0.973    bd_0_i/hls_inst/inst/regslice_both_Output_r_V_data_V_U/ap_clk
    SLICE_X42Y58         FDRE                                         r  bd_0_i/hls_inst/inst/regslice_both_Output_r_V_data_V_U/data_p1_reg[15]/C
  -------------------------------------------------------------------    -------------------
    SLICE_X42Y58         FDRE (Prop_fdre_C_Q)         0.518     1.491 r  bd_0_i/hls_inst/inst/regslice_both_Output_r_V_data_V_U/data_p1_reg[15]/Q
                         net (fo=0)                   0.973     2.464    Output_r_tdata[15]
                                                                      r  Output_r_tdata[15]
  -------------------------------------------------------------------    -------------------

Slack:                    inf
  Source:                 bd_0_i/hls_inst/inst/regslice_both_Output_r_V_data_V_U/data_p1_reg[20]/C
                            (rising edge-triggered cell FDRE clocked by ap_clk  {rise@0.000ns fall@5.000ns period=10.000ns})
  Destination:            Output_r_tdata[20]
                            (output port)
  Path Group:             (none)
  Path Type:              Max at Slow Process Corner
  Data Path Delay:        1.491ns  (logic 0.518ns (34.742%)  route 0.973ns (65.258%))
  Logic Levels:           0  
  Clock Uncertainty:      0.025ns  ((TSJ^2 + TIJ^2)^1/2 + DJ) / 2 + PE
    Total System Jitter     (TSJ):    0.050ns
    Total Input Jitter      (TIJ):    0.000ns
    Discrete Jitter          (DJ):    0.000ns
    Phase Error              (PE):    0.000ns

    Location             Delay type                Incr(ns)  Path(ns)    Netlist Resource(s)
  -------------------------------------------------------------------    -------------------
                         (clock ap_clk rise edge)     0.000     0.000 r  <hidden>
                                                      0.000     0.000 r  ap_clk
                         net (fo=1360, unset)         0.973     0.973    bd_0_i/hls_inst/inst/regslice_both_Output_r_V_data_V_U/ap_clk
    SLICE_X38Y60         FDRE                                         r  bd_0_i/hls_inst/inst/regslice_both_Output_r_V_data_V_U/data_p1_reg[20]/C
  -------------------------------------------------------------------    -------------------
    SLICE_X38Y60         FDRE (Prop_fdre_C_Q)         0.518     1.491 r  bd_0_i/hls_inst/inst/regslice_both_Output_r_V_data_V_U/data_p1_reg[20]/Q
                         net (fo=0)                   0.973     2.464    Output_r_tdata[20]
                                                                      r  Output_r_tdata[20]
  -------------------------------------------------------------------    -------------------

Slack:                    inf
  Source:                 bd_0_i/hls_inst/inst/regslice_both_Output_r_V_data_V_U/data_p1_reg[21]/C
                            (rising edge-triggered cell FDRE clocked by ap_clk  {rise@0.000ns fall@5.000ns period=10.000ns})
  Destination:            Output_r_tdata[21]
                            (output port)
  Path Group:             (none)
  Path Type:              Max at Slow Process Corner
  Data Path Delay:        1.491ns  (logic 0.518ns (34.742%)  route 0.973ns (65.258%))
  Logic Levels:           0  
  Clock Uncertainty:      0.025ns  ((TSJ^2 + TIJ^2)^1/2 + DJ) / 2 + PE
    Total System Jitter     (TSJ):    0.050ns
    Total Input Jitter      (TIJ):    0.000ns
    Discrete Jitter          (DJ):    0.000ns
    Phase Error              (PE):    0.000ns

    Location             Delay type                Incr(ns)  Path(ns)    Netlist Resource(s)
  -------------------------------------------------------------------    -------------------
                         (clock ap_clk rise edge)     0.000     0.000 r  <hidden>
                                                      0.000     0.000 r  ap_clk
                         net (fo=1360, unset)         0.973     0.973    bd_0_i/hls_inst/inst/regslice_both_Output_r_V_data_V_U/ap_clk
    SLICE_X38Y60         FDRE                                         r  bd_0_i/hls_inst/inst/regslice_both_Output_r_V_data_V_U/data_p1_reg[21]/C
  -------------------------------------------------------------------    -------------------
    SLICE_X38Y60         FDRE (Prop_fdre_C_Q)         0.518     1.491 r  bd_0_i/hls_inst/inst/regslice_both_Output_r_V_data_V_U/data_p1_reg[21]/Q
                         net (fo=0)                   0.973     2.464    Output_r_tdata[21]
                                                                      r  Output_r_tdata[21]
  -------------------------------------------------------------------    -------------------

Slack:                    inf
  Source:                 bd_0_i/hls_inst/inst/regslice_both_Output_r_V_data_V_U/data_p1_reg[22]/C
                            (rising edge-triggered cell FDRE clocked by ap_clk  {rise@0.000ns fall@5.000ns period=10.000ns})
  Destination:            Output_r_tdata[22]
                            (output port)
  Path Group:             (none)
  Path Type:              Max at Slow Process Corner
  Data Path Delay:        1.491ns  (logic 0.518ns (34.742%)  route 0.973ns (65.258%))
  Logic Levels:           0  
  Clock Uncertainty:      0.025ns  ((TSJ^2 + TIJ^2)^1/2 + DJ) / 2 + PE
    Total System Jitter     (TSJ):    0.050ns
    Total Input Jitter      (TIJ):    0.000ns
    Discrete Jitter          (DJ):    0.000ns
    Phase Error              (PE):    0.000ns

    Location             Delay type                Incr(ns)  Path(ns)    Netlist Resource(s)
  -------------------------------------------------------------------    -------------------
                         (clock ap_clk rise edge)     0.000     0.000 r  <hidden>
                                                      0.000     0.000 r  ap_clk
                         net (fo=1360, unset)         0.973     0.973    bd_0_i/hls_inst/inst/regslice_both_Output_r_V_data_V_U/ap_clk
    SLICE_X38Y60         FDRE                                         r  bd_0_i/hls_inst/inst/regslice_both_Output_r_V_data_V_U/data_p1_reg[22]/C
  -------------------------------------------------------------------    -------------------
    SLICE_X38Y60         FDRE (Prop_fdre_C_Q)         0.518     1.491 r  bd_0_i/hls_inst/inst/regslice_both_Output_r_V_data_V_U/data_p1_reg[22]/Q
                         net (fo=0)                   0.973     2.464    Output_r_tdata[22]
                                                                      r  Output_r_tdata[22]
  -------------------------------------------------------------------    -------------------

Slack:                    inf
  Source:                 bd_0_i/hls_inst/inst/regslice_both_Output_r_V_data_V_U/data_p1_reg[23]/C
                            (rising edge-triggered cell FDRE clocked by ap_clk  {rise@0.000ns fall@5.000ns period=10.000ns})
  Destination:            Output_r_tdata[23]
                            (output port)
  Path Group:             (none)
  Path Type:              Max at Slow Process Corner
  Data Path Delay:        1.491ns  (logic 0.518ns (34.742%)  route 0.973ns (65.258%))
  Logic Levels:           0  
  Clock Uncertainty:      0.025ns  ((TSJ^2 + TIJ^2)^1/2 + DJ) / 2 + PE
    Total System Jitter     (TSJ):    0.050ns
    Total Input Jitter      (TIJ):    0.000ns
    Discrete Jitter          (DJ):    0.000ns
    Phase Error              (PE):    0.000ns

    Location             Delay type                Incr(ns)  Path(ns)    Netlist Resource(s)
  -------------------------------------------------------------------    -------------------
                         (clock ap_clk rise edge)     0.000     0.000 r  <hidden>
                                                      0.000     0.000 r  ap_clk
                         net (fo=1360, unset)         0.973     0.973    bd_0_i/hls_inst/inst/regslice_both_Output_r_V_data_V_U/ap_clk
    SLICE_X38Y60         FDRE                                         r  bd_0_i/hls_inst/inst/regslice_both_Output_r_V_data_V_U/data_p1_reg[23]/C
  -------------------------------------------------------------------    -------------------
    SLICE_X38Y60         FDRE (Prop_fdre_C_Q)         0.518     1.491 r  bd_0_i/hls_inst/inst/regslice_both_Output_r_V_data_V_U/data_p1_reg[23]/Q
                         net (fo=0)                   0.973     2.464    Output_r_tdata[23]
                                                                      r  Output_r_tdata[23]
  -------------------------------------------------------------------    -------------------

Slack:                    inf
  Source:                 bd_0_i/hls_inst/inst/regslice_both_Output_r_V_dest_V_U/data_p1_reg[0]/C
                            (rising edge-triggered cell FDRE clocked by ap_clk  {rise@0.000ns fall@5.000ns period=10.000ns})
  Destination:            Output_r_tdest[0]
                            (output port)
  Path Group:             (none)
  Path Type:              Max at Slow Process Corner
  Data Path Delay:        1.491ns  (logic 0.518ns (34.742%)  route 0.973ns (65.258%))
  Logic Levels:           0  
  Clock Uncertainty:      0.025ns  ((TSJ^2 + TIJ^2)^1/2 + DJ) / 2 + PE
    Total System Jitter     (TSJ):    0.050ns
    Total Input Jitter      (TIJ):    0.000ns
    Discrete Jitter          (DJ):    0.000ns
    Phase Error              (PE):    0.000ns

    Location             Delay type                Incr(ns)  Path(ns)    Netlist Resource(s)
  -------------------------------------------------------------------    -------------------
                         (clock ap_clk rise edge)     0.000     0.000 r  <hidden>
                                                      0.000     0.000 r  ap_clk
                         net (fo=1360, unset)         0.973     0.973    bd_0_i/hls_inst/inst/regslice_both_Output_r_V_dest_V_U/ap_clk
    SLICE_X46Y63         FDRE                                         r  bd_0_i/hls_inst/inst/regslice_both_Output_r_V_dest_V_U/data_p1_reg[0]/C
  -------------------------------------------------------------------    -------------------
    SLICE_X46Y63         FDRE (Prop_fdre_C_Q)         0.518     1.491 r  bd_0_i/hls_inst/inst/regslice_both_Output_r_V_dest_V_U/data_p1_reg[0]/Q
                         net (fo=0)                   0.973     2.464    Output_r_tdest[0]
                                                                      r  Output_r_tdest[0]
  -------------------------------------------------------------------    -------------------

Slack:                    inf
  Source:                 bd_0_i/hls_inst/inst/regslice_both_Output_r_V_dest_V_U/data_p1_reg[1]/C
                            (rising edge-triggered cell FDRE clocked by ap_clk  {rise@0.000ns fall@5.000ns period=10.000ns})
  Destination:            Output_r_tdest[1]
                            (output port)
  Path Group:             (none)
  Path Type:              Max at Slow Process Corner
  Data Path Delay:        1.491ns  (logic 0.518ns (34.742%)  route 0.973ns (65.258%))
  Logic Levels:           0  
  Clock Uncertainty:      0.025ns  ((TSJ^2 + TIJ^2)^1/2 + DJ) / 2 + PE
    Total System Jitter     (TSJ):    0.050ns
    Total Input Jitter      (TIJ):    0.000ns
    Discrete Jitter          (DJ):    0.000ns
    Phase Error              (PE):    0.000ns

    Location             Delay type                Incr(ns)  Path(ns)    Netlist Resource(s)
  -------------------------------------------------------------------    -------------------
                         (clock ap_clk rise edge)     0.000     0.000 r  <hidden>
                                                      0.000     0.000 r  ap_clk
                         net (fo=1360, unset)         0.973     0.973    bd_0_i/hls_inst/inst/regslice_both_Output_r_V_dest_V_U/ap_clk
    SLICE_X46Y65         FDRE                                         r  bd_0_i/hls_inst/inst/regslice_both_Output_r_V_dest_V_U/data_p1_reg[1]/C
  -------------------------------------------------------------------    -------------------
    SLICE_X46Y65         FDRE (Prop_fdre_C_Q)         0.518     1.491 r  bd_0_i/hls_inst/inst/regslice_both_Output_r_V_dest_V_U/data_p1_reg[1]/Q
                         net (fo=0)                   0.973     2.464    Output_r_tdest[1]
                                                                      r  Output_r_tdest[1]
  -------------------------------------------------------------------    -------------------





Min Delay Paths
--------------------------------------------------------------------------------------
Slack:                    inf
  Source:                 bd_0_i/hls_inst/inst/control_s_axi_U/rdata_reg[3]/C
                            (rising edge-triggered cell FDRE clocked by ap_clk  {rise@0.000ns fall@5.000ns period=10.000ns})
  Destination:            s_axi_control_rdata[3]
                            (output port)
  Path Group:             (none)
  Path Type:              Min at Fast Process Corner
  Data Path Delay:        0.538ns  (logic 0.128ns (23.786%)  route 0.410ns (76.214%))
  Logic Levels:           0  
  Clock Uncertainty:      0.025ns  ((TSJ^2 + TIJ^2)^1/2 + DJ) / 2 + PE
    Total System Jitter     (TSJ):    0.050ns
    Total Input Jitter      (TIJ):    0.000ns
    Discrete Jitter          (DJ):    0.000ns
    Phase Error              (PE):    0.000ns

    Location             Delay type                Incr(ns)  Path(ns)    Netlist Resource(s)
  -------------------------------------------------------------------    -------------------
                         (clock ap_clk rise edge)     0.000     0.000 r  <hidden>
                                                      0.000     0.000 r  ap_clk
                         net (fo=1360, unset)         0.410     0.410    bd_0_i/hls_inst/inst/control_s_axi_U/ap_clk
    SLICE_X48Y53         FDRE                                         r  bd_0_i/hls_inst/inst/control_s_axi_U/rdata_reg[3]/C
  -------------------------------------------------------------------    -------------------
    SLICE_X48Y53         FDRE (Prop_fdre_C_Q)         0.128     0.538 r  bd_0_i/hls_inst/inst/control_s_axi_U/rdata_reg[3]/Q
                         net (fo=0)                   0.410     0.948    s_axi_control_rdata[3]
                                                                      r  s_axi_control_rdata[3]
  -------------------------------------------------------------------    -------------------

Slack:                    inf
  Source:                 bd_0_i/hls_inst/inst/control_s_axi_U/rdata_reg[9]/C
                            (rising edge-triggered cell FDRE clocked by ap_clk  {rise@0.000ns fall@5.000ns period=10.000ns})
  Destination:            s_axi_control_rdata[9]
                            (output port)
  Path Group:             (none)
  Path Type:              Min at Fast Process Corner
  Data Path Delay:        0.538ns  (logic 0.128ns (23.786%)  route 0.410ns (76.214%))
  Logic Levels:           0  
  Clock Uncertainty:      0.025ns  ((TSJ^2 + TIJ^2)^1/2 + DJ) / 2 + PE
    Total System Jitter     (TSJ):    0.050ns
    Total Input Jitter      (TIJ):    0.000ns
    Discrete Jitter          (DJ):    0.000ns
    Phase Error              (PE):    0.000ns

    Location             Delay type                Incr(ns)  Path(ns)    Netlist Resource(s)
  -------------------------------------------------------------------    -------------------
                         (clock ap_clk rise edge)     0.000     0.000 r  <hidden>
                                                      0.000     0.000 r  ap_clk
                         net (fo=1360, unset)         0.410     0.410    bd_0_i/hls_inst/inst/control_s_axi_U/ap_clk
    SLICE_X48Y53         FDRE                                         r  bd_0_i/hls_inst/inst/control_s_axi_U/rdata_reg[9]/C
  -------------------------------------------------------------------    -------------------
    SLICE_X48Y53         FDRE (Prop_fdre_C_Q)         0.128     0.538 r  bd_0_i/hls_inst/inst/control_s_axi_U/rdata_reg[9]/Q
                         net (fo=0)                   0.410     0.948    s_axi_control_rdata[9]
                                                                      r  s_axi_control_rdata[9]
  -------------------------------------------------------------------    -------------------

Slack:                    inf
  Source:                 bd_0_i/hls_inst/inst/control_s_axi_U/FSM_onehot_rstate_reg[2]/C
                            (rising edge-triggered cell FDRE clocked by ap_clk  {rise@0.000ns fall@5.000ns period=10.000ns})
  Destination:            s_axi_control_rvalid
                            (output port)
  Path Group:             (none)
  Path Type:              Min at Fast Process Corner
  Data Path Delay:        0.538ns  (logic 0.128ns (23.786%)  route 0.410ns (76.214%))
  Logic Levels:           0  
  Clock Uncertainty:      0.025ns  ((TSJ^2 + TIJ^2)^1/2 + DJ) / 2 + PE
    Total System Jitter     (TSJ):    0.050ns
    Total Input Jitter      (TIJ):    0.000ns
    Discrete Jitter          (DJ):    0.000ns
    Phase Error              (PE):    0.000ns

    Location             Delay type                Incr(ns)  Path(ns)    Netlist Resource(s)
  -------------------------------------------------------------------    -------------------
                         (clock ap_clk rise edge)     0.000     0.000 r  <hidden>
                                                      0.000     0.000 r  ap_clk
                         net (fo=1360, unset)         0.410     0.410    bd_0_i/hls_inst/inst/control_s_axi_U/ap_clk
    SLICE_X47Y53         FDRE                                         r  bd_0_i/hls_inst/inst/control_s_axi_U/FSM_onehot_rstate_reg[2]/C
  -------------------------------------------------------------------    -------------------
    SLICE_X47Y53         FDRE (Prop_fdre_C_Q)         0.128     0.538 r  bd_0_i/hls_inst/inst/control_s_axi_U/FSM_onehot_rstate_reg[2]/Q
                         net (fo=2, unset)            0.410     0.948    s_axi_control_rvalid
                                                                      r  s_axi_control_rvalid
  -------------------------------------------------------------------    -------------------

Slack:                    inf
  Source:                 bd_0_i/hls_inst/inst/regslice_both_Input_r_V_data_V_U/ack_in_t_reg/C
                            (rising edge-triggered cell FDRE clocked by ap_clk  {rise@0.000ns fall@5.000ns period=10.000ns})
  Destination:            Input_r_tready
                            (output port)
  Path Group:             (none)
  Path Type:              Min at Fast Process Corner
  Data Path Delay:        0.551ns  (logic 0.141ns (25.583%)  route 0.410ns (74.417%))
  Logic Levels:           0  
  Clock Uncertainty:      0.025ns  ((TSJ^2 + TIJ^2)^1/2 + DJ) / 2 + PE
    Total System Jitter     (TSJ):    0.050ns
    Total Input Jitter      (TIJ):    0.000ns
    Discrete Jitter          (DJ):    0.000ns
    Phase Error              (PE):    0.000ns

    Location             Delay type                Incr(ns)  Path(ns)    Netlist Resource(s)
  -------------------------------------------------------------------    -------------------
                         (clock ap_clk rise edge)     0.000     0.000 r  <hidden>
                                                      0.000     0.000 r  ap_clk
                         net (fo=1360, unset)         0.410     0.410    bd_0_i/hls_inst/inst/regslice_both_Input_r_V_data_V_U/ap_clk
    SLICE_X33Y63         FDRE                                         r  bd_0_i/hls_inst/inst/regslice_both_Input_r_V_data_V_U/ack_in_t_reg/C
  -------------------------------------------------------------------    -------------------
    SLICE_X33Y63         FDRE (Prop_fdre_C_Q)         0.141     0.551 r  bd_0_i/hls_inst/inst/regslice_both_Input_r_V_data_V_U/ack_in_t_reg/Q
                         net (fo=4, unset)            0.410     0.961    Input_r_tready
                                                                      r  Input_r_tready
  -------------------------------------------------------------------    -------------------

Slack:                    inf
  Source:                 bd_0_i/hls_inst/inst/regslice_both_Output_r_V_data_V_U/data_p1_reg[10]/C
                            (rising edge-triggered cell FDRE clocked by ap_clk  {rise@0.000ns fall@5.000ns period=10.000ns})
  Destination:            Output_r_tdata[10]
                            (output port)
  Path Group:             (none)
  Path Type:              Min at Fast Process Corner
  Data Path Delay:        0.551ns  (logic 0.141ns (25.583%)  route 0.410ns (74.417%))
  Logic Levels:           0  
  Clock Uncertainty:      0.025ns  ((TSJ^2 + TIJ^2)^1/2 + DJ) / 2 + PE
    Total System Jitter     (TSJ):    0.050ns
    Total Input Jitter      (TIJ):    0.000ns
    Discrete Jitter          (DJ):    0.000ns
    Phase Error              (PE):    0.000ns

    Location             Delay type                Incr(ns)  Path(ns)    Netlist Resource(s)
  -------------------------------------------------------------------    -------------------
                         (clock ap_clk rise edge)     0.000     0.000 r  <hidden>
                                                      0.000     0.000 r  ap_clk
                         net (fo=1360, unset)         0.410     0.410    bd_0_i/hls_inst/inst/regslice_both_Output_r_V_data_V_U/ap_clk
    SLICE_X40Y55         FDRE                                         r  bd_0_i/hls_inst/inst/regslice_both_Output_r_V_data_V_U/data_p1_reg[10]/C
  -------------------------------------------------------------------    -------------------
    SLICE_X40Y55         FDRE (Prop_fdre_C_Q)         0.141     0.551 r  bd_0_i/hls_inst/inst/regslice_both_Output_r_V_data_V_U/data_p1_reg[10]/Q
                         net (fo=0)                   0.410     0.961    Output_r_tdata[10]
                                                                      r  Output_r_tdata[10]
  -------------------------------------------------------------------    -------------------

Slack:                    inf
  Source:                 bd_0_i/hls_inst/inst/regslice_both_Output_r_V_data_V_U/data_p1_reg[11]/C
                            (rising edge-triggered cell FDRE clocked by ap_clk  {rise@0.000ns fall@5.000ns period=10.000ns})
  Destination:            Output_r_tdata[11]
                            (output port)
  Path Group:             (none)
  Path Type:              Min at Fast Process Corner
  Data Path Delay:        0.551ns  (logic 0.141ns (25.583%)  route 0.410ns (74.417%))
  Logic Levels:           0  
  Clock Uncertainty:      0.025ns  ((TSJ^2 + TIJ^2)^1/2 + DJ) / 2 + PE
    Total System Jitter     (TSJ):    0.050ns
    Total Input Jitter      (TIJ):    0.000ns
    Discrete Jitter          (DJ):    0.000ns
    Phase Error              (PE):    0.000ns

    Location             Delay type                Incr(ns)  Path(ns)    Netlist Resource(s)
  -------------------------------------------------------------------    -------------------
                         (clock ap_clk rise edge)     0.000     0.000 r  <hidden>
                                                      0.000     0.000 r  ap_clk
                         net (fo=1360, unset)         0.410     0.410    bd_0_i/hls_inst/inst/regslice_both_Output_r_V_data_V_U/ap_clk
    SLICE_X37Y59         FDRE                                         r  bd_0_i/hls_inst/inst/regslice_both_Output_r_V_data_V_U/data_p1_reg[11]/C
  -------------------------------------------------------------------    -------------------
    SLICE_X37Y59         FDRE (Prop_fdre_C_Q)         0.141     0.551 r  bd_0_i/hls_inst/inst/regslice_both_Output_r_V_data_V_U/data_p1_reg[11]/Q
                         net (fo=0)                   0.410     0.961    Output_r_tdata[11]
                                                                      r  Output_r_tdata[11]
  -------------------------------------------------------------------    -------------------

Slack:                    inf
  Source:                 bd_0_i/hls_inst/inst/regslice_both_Output_r_V_data_V_U/data_p1_reg[13]/C
                            (rising edge-triggered cell FDRE clocked by ap_clk  {rise@0.000ns fall@5.000ns period=10.000ns})
  Destination:            Output_r_tdata[13]
                            (output port)
  Path Group:             (none)
  Path Type:              Min at Fast Process Corner
  Data Path Delay:        0.551ns  (logic 0.141ns (25.583%)  route 0.410ns (74.417%))
  Logic Levels:           0  
  Clock Uncertainty:      0.025ns  ((TSJ^2 + TIJ^2)^1/2 + DJ) / 2 + PE
    Total System Jitter     (TSJ):    0.050ns
    Total Input Jitter      (TIJ):    0.000ns
    Discrete Jitter          (DJ):    0.000ns
    Phase Error              (PE):    0.000ns

    Location             Delay type                Incr(ns)  Path(ns)    Netlist Resource(s)
  -------------------------------------------------------------------    -------------------
                         (clock ap_clk rise edge)     0.000     0.000 r  <hidden>
                                                      0.000     0.000 r  ap_clk
                         net (fo=1360, unset)         0.410     0.410    bd_0_i/hls_inst/inst/regslice_both_Output_r_V_data_V_U/ap_clk
    SLICE_X41Y59         FDRE                                         r  bd_0_i/hls_inst/inst/regslice_both_Output_r_V_data_V_U/data_p1_reg[13]/C
  -------------------------------------------------------------------    -------------------
    SLICE_X41Y59         FDRE (Prop_fdre_C_Q)         0.141     0.551 r  bd_0_i/hls_inst/inst/regslice_both_Output_r_V_data_V_U/data_p1_reg[13]/Q
                         net (fo=0)                   0.410     0.961    Output_r_tdata[13]
                                                                      r  Output_r_tdata[13]
  -------------------------------------------------------------------    -------------------

Slack:                    inf
  Source:                 bd_0_i/hls_inst/inst/regslice_both_Output_r_V_data_V_U/data_p1_reg[16]/C
                            (rising edge-triggered cell FDRE clocked by ap_clk  {rise@0.000ns fall@5.000ns period=10.000ns})
  Destination:            Output_r_tdata[16]
                            (output port)
  Path Group:             (none)
  Path Type:              Min at Fast Process Corner
  Data Path Delay:        0.551ns  (logic 0.141ns (25.583%)  route 0.410ns (74.417%))
  Logic Levels:           0  
  Clock Uncertainty:      0.025ns  ((TSJ^2 + TIJ^2)^1/2 + DJ) / 2 + PE
    Total System Jitter     (TSJ):    0.050ns
    Total Input Jitter      (TIJ):    0.000ns
    Discrete Jitter          (DJ):    0.000ns
    Phase Error              (PE):    0.000ns

    Location             Delay type                Incr(ns)  Path(ns)    Netlist Resource(s)
  -------------------------------------------------------------------    -------------------
                         (clock ap_clk rise edge)     0.000     0.000 r  <hidden>
                                                      0.000     0.000 r  ap_clk
                         net (fo=1360, unset)         0.410     0.410    bd_0_i/hls_inst/inst/regslice_both_Output_r_V_data_V_U/ap_clk
    SLICE_X41Y56         FDRE                                         r  bd_0_i/hls_inst/inst/regslice_both_Output_r_V_data_V_U/data_p1_reg[16]/C
  -------------------------------------------------------------------    -------------------
    SLICE_X41Y56         FDRE (Prop_fdre_C_Q)         0.141     0.551 r  bd_0_i/hls_inst/inst/regslice_both_Output_r_V_data_V_U/data_p1_reg[16]/Q
                         net (fo=0)                   0.410     0.961    Output_r_tdata[16]
                                                                      r  Output_r_tdata[16]
  -------------------------------------------------------------------    -------------------

Slack:                    inf
  Source:                 bd_0_i/hls_inst/inst/regslice_both_Output_r_V_data_V_U/data_p1_reg[17]/C
                            (rising edge-triggered cell FDRE clocked by ap_clk  {rise@0.000ns fall@5.000ns period=10.000ns})
  Destination:            Output_r_tdata[17]
                            (output port)
  Path Group:             (none)
  Path Type:              Min at Fast Process Corner
  Data Path Delay:        0.551ns  (logic 0.141ns (25.583%)  route 0.410ns (74.417%))
  Logic Levels:           0  
  Clock Uncertainty:      0.025ns  ((TSJ^2 + TIJ^2)^1/2 + DJ) / 2 + PE
    Total System Jitter     (TSJ):    0.050ns
    Total Input Jitter      (TIJ):    0.000ns
    Discrete Jitter          (DJ):    0.000ns
    Phase Error              (PE):    0.000ns

    Location             Delay type                Incr(ns)  Path(ns)    Netlist Resource(s)
  -------------------------------------------------------------------    -------------------
                         (clock ap_clk rise edge)     0.000     0.000 r  <hidden>
                                                      0.000     0.000 r  ap_clk
                         net (fo=1360, unset)         0.410     0.410    bd_0_i/hls_inst/inst/regslice_both_Output_r_V_data_V_U/ap_clk
    SLICE_X41Y59         FDRE                                         r  bd_0_i/hls_inst/inst/regslice_both_Output_r_V_data_V_U/data_p1_reg[17]/C
  -------------------------------------------------------------------    -------------------
    SLICE_X41Y59         FDRE (Prop_fdre_C_Q)         0.141     0.551 r  bd_0_i/hls_inst/inst/regslice_both_Output_r_V_data_V_U/data_p1_reg[17]/Q
                         net (fo=0)                   0.410     0.961    Output_r_tdata[17]
                                                                      r  Output_r_tdata[17]
  -------------------------------------------------------------------    -------------------

Slack:                    inf
  Source:                 bd_0_i/hls_inst/inst/regslice_both_Output_r_V_data_V_U/data_p1_reg[18]/C
                            (rising edge-triggered cell FDRE clocked by ap_clk  {rise@0.000ns fall@5.000ns period=10.000ns})
  Destination:            Output_r_tdata[18]
                            (output port)
  Path Group:             (none)
  Path Type:              Min at Fast Process Corner
  Data Path Delay:        0.551ns  (logic 0.141ns (25.583%)  route 0.410ns (74.417%))
  Logic Levels:           0  
  Clock Uncertainty:      0.025ns  ((TSJ^2 + TIJ^2)^1/2 + DJ) / 2 + PE
    Total System Jitter     (TSJ):    0.050ns
    Total Input Jitter      (TIJ):    0.000ns
    Discrete Jitter          (DJ):    0.000ns
    Phase Error              (PE):    0.000ns

    Location             Delay type                Incr(ns)  Path(ns)    Netlist Resource(s)
  -------------------------------------------------------------------    -------------------
                         (clock ap_clk rise edge)     0.000     0.000 r  <hidden>
                                                      0.000     0.000 r  ap_clk
                         net (fo=1360, unset)         0.410     0.410    bd_0_i/hls_inst/inst/regslice_both_Output_r_V_data_V_U/ap_clk
    SLICE_X41Y56         FDRE                                         r  bd_0_i/hls_inst/inst/regslice_both_Output_r_V_data_V_U/data_p1_reg[18]/C
  -------------------------------------------------------------------    -------------------
    SLICE_X41Y56         FDRE (Prop_fdre_C_Q)         0.141     0.551 r  bd_0_i/hls_inst/inst/regslice_both_Output_r_V_data_V_U/data_p1_reg[18]/Q
                         net (fo=0)                   0.410     0.961    Output_r_tdata[18]
                                                                      r  Output_r_tdata[18]
  -------------------------------------------------------------------    -------------------





--------------------------------------------------------------------------------------
Path Group:  (none)
From Clock:  
  To Clock:  ap_clk

Max Delay           724 Endpoints
Min Delay           724 Endpoints
--------------------------------------------------------------------------------------


Max Delay Paths
--------------------------------------------------------------------------------------
Slack:                    inf
  Source:                 Input_r_tvalid
                            (input port)
  Destination:            bd_0_i/hls_inst/inst/regslice_both_Input_r_V_data_V_U/data_p2_reg[0]/CE
                            (rising edge-triggered cell FDRE clocked by ap_clk  {rise@0.000ns fall@5.000ns period=10.000ns})
  Path Group:             (none)
  Path Type:              Setup (Max at Slow Process Corner)
  Data Path Delay:        3.921ns  (logic 0.124ns (3.162%)  route 3.797ns (96.838%))
  Logic Levels:           1  (LUT2=1)
  Clock Path Skew:        0.924ns (DCD - SCD + CPR)
    Destination Clock Delay (DCD):    0.924ns
    Source Clock Delay      (SCD):    0.000ns
    Clock Pessimism Removal (CPR):    0.000ns
  Clock Uncertainty:      0.025ns  ((TSJ^2 + TIJ^2)^1/2 + DJ) / 2 + PE
    Total System Jitter     (TSJ):    0.050ns
    Total Input Jitter      (TIJ):    0.000ns
    Discrete Jitter          (DJ):    0.000ns
    Phase Error              (PE):    0.000ns

    Location             Delay type                Incr(ns)  Path(ns)    Netlist Resource(s)
  -------------------------------------------------------------------    -------------------
                                                      0.000     0.000 r  Input_r_tvalid
                         net (fo=38, unset)           0.973     0.973    bd_0_i/hls_inst/inst/regslice_both_Input_r_V_data_V_U/Input_r_TVALID
    SLICE_X36Y66         LUT2 (Prop_lut2_I0_O)        0.124     1.097 r  bd_0_i/hls_inst/inst/regslice_both_Input_r_V_data_V_U/data_p2[31]_i_1/O
                         net (fo=32, routed)          2.824     3.921    bd_0_i/hls_inst/inst/regslice_both_Input_r_V_data_V_U/load_p2
    SLICE_X29Y44         FDRE                                         r  bd_0_i/hls_inst/inst/regslice_both_Input_r_V_data_V_U/data_p2_reg[0]/CE
  -------------------------------------------------------------------    -------------------

                         (clock ap_clk rise edge)     0.000     0.000 r  <hidden>
                                                      0.000     0.000 r  ap_clk
                         net (fo=1360, unset)         0.924     0.924    bd_0_i/hls_inst/inst/regslice_both_Input_r_V_data_V_U/ap_clk
    SLICE_X29Y44         FDRE                                         r  bd_0_i/hls_inst/inst/regslice_both_Input_r_V_data_V_U/data_p2_reg[0]/C

Slack:                    inf
  Source:                 Input_r_tvalid
                            (input port)
  Destination:            bd_0_i/hls_inst/inst/regslice_both_Input_r_V_data_V_U/data_p2_reg[1]/CE
                            (rising edge-triggered cell FDRE clocked by ap_clk  {rise@0.000ns fall@5.000ns period=10.000ns})
  Path Group:             (none)
  Path Type:              Setup (Max at Slow Process Corner)
  Data Path Delay:        3.921ns  (logic 0.124ns (3.162%)  route 3.797ns (96.838%))
  Logic Levels:           1  (LUT2=1)
  Clock Path Skew:        0.924ns (DCD - SCD + CPR)
    Destination Clock Delay (DCD):    0.924ns
    Source Clock Delay      (SCD):    0.000ns
    Clock Pessimism Removal (CPR):    0.000ns
  Clock Uncertainty:      0.025ns  ((TSJ^2 + TIJ^2)^1/2 + DJ) / 2 + PE
    Total System Jitter     (TSJ):    0.050ns
    Total Input Jitter      (TIJ):    0.000ns
    Discrete Jitter          (DJ):    0.000ns
    Phase Error              (PE):    0.000ns

    Location             Delay type                Incr(ns)  Path(ns)    Netlist Resource(s)
  -------------------------------------------------------------------    -------------------
                                                      0.000     0.000 r  Input_r_tvalid
                         net (fo=38, unset)           0.973     0.973    bd_0_i/hls_inst/inst/regslice_both_Input_r_V_data_V_U/Input_r_TVALID
    SLICE_X36Y66         LUT2 (Prop_lut2_I0_O)        0.124     1.097 r  bd_0_i/hls_inst/inst/regslice_both_Input_r_V_data_V_U/data_p2[31]_i_1/O
                         net (fo=32, routed)          2.824     3.921    bd_0_i/hls_inst/inst/regslice_both_Input_r_V_data_V_U/load_p2
    SLICE_X29Y44         FDRE                                         r  bd_0_i/hls_inst/inst/regslice_both_Input_r_V_data_V_U/data_p2_reg[1]/CE
  -------------------------------------------------------------------    -------------------

                         (clock ap_clk rise edge)     0.000     0.000 r  <hidden>
                                                      0.000     0.000 r  ap_clk
                         net (fo=1360, unset)         0.924     0.924    bd_0_i/hls_inst/inst/regslice_both_Input_r_V_data_V_U/ap_clk
    SLICE_X29Y44         FDRE                                         r  bd_0_i/hls_inst/inst/regslice_both_Input_r_V_data_V_U/data_p2_reg[1]/C

Slack:                    inf
  Source:                 Input_r_tvalid
                            (input port)
  Destination:            bd_0_i/hls_inst/inst/regslice_both_Input_r_V_data_V_U/data_p2_reg[4]/CE
                            (rising edge-triggered cell FDRE clocked by ap_clk  {rise@0.000ns fall@5.000ns period=10.000ns})
  Path Group:             (none)
  Path Type:              Setup (Max at Slow Process Corner)
  Data Path Delay:        3.921ns  (logic 0.124ns (3.162%)  route 3.797ns (96.838%))
  Logic Levels:           1  (LUT2=1)
  Clock Path Skew:        0.924ns (DCD - SCD + CPR)
    Destination Clock Delay (DCD):    0.924ns
    Source Clock Delay      (SCD):    0.000ns
    Clock Pessimism Removal (CPR):    0.000ns
  Clock Uncertainty:      0.025ns  ((TSJ^2 + TIJ^2)^1/2 + DJ) / 2 + PE
    Total System Jitter     (TSJ):    0.050ns
    Total Input Jitter      (TIJ):    0.000ns
    Discrete Jitter          (DJ):    0.000ns
    Phase Error              (PE):    0.000ns

    Location             Delay type                Incr(ns)  Path(ns)    Netlist Resource(s)
  -------------------------------------------------------------------    -------------------
                                                      0.000     0.000 r  Input_r_tvalid
                         net (fo=38, unset)           0.973     0.973    bd_0_i/hls_inst/inst/regslice_both_Input_r_V_data_V_U/Input_r_TVALID
    SLICE_X36Y66         LUT2 (Prop_lut2_I0_O)        0.124     1.097 r  bd_0_i/hls_inst/inst/regslice_both_Input_r_V_data_V_U/data_p2[31]_i_1/O
                         net (fo=32, routed)          2.824     3.921    bd_0_i/hls_inst/inst/regslice_both_Input_r_V_data_V_U/load_p2
    SLICE_X29Y44         FDRE                                         r  bd_0_i/hls_inst/inst/regslice_both_Input_r_V_data_V_U/data_p2_reg[4]/CE
  -------------------------------------------------------------------    -------------------

                         (clock ap_clk rise edge)     0.000     0.000 r  <hidden>
                                                      0.000     0.000 r  ap_clk
                         net (fo=1360, unset)         0.924     0.924    bd_0_i/hls_inst/inst/regslice_both_Input_r_V_data_V_U/ap_clk
    SLICE_X29Y44         FDRE                                         r  bd_0_i/hls_inst/inst/regslice_both_Input_r_V_data_V_U/data_p2_reg[4]/C

Slack:                    inf
  Source:                 Input_r_tvalid
                            (input port)
  Destination:            bd_0_i/hls_inst/inst/regslice_both_Input_r_V_data_V_U/data_p2_reg[6]/CE
                            (rising edge-triggered cell FDRE clocked by ap_clk  {rise@0.000ns fall@5.000ns period=10.000ns})
  Path Group:             (none)
  Path Type:              Setup (Max at Slow Process Corner)
  Data Path Delay:        3.921ns  (logic 0.124ns (3.162%)  route 3.797ns (96.838%))
  Logic Levels:           1  (LUT2=1)
  Clock Path Skew:        0.924ns (DCD - SCD + CPR)
    Destination Clock Delay (DCD):    0.924ns
    Source Clock Delay      (SCD):    0.000ns
    Clock Pessimism Removal (CPR):    0.000ns
  Clock Uncertainty:      0.025ns  ((TSJ^2 + TIJ^2)^1/2 + DJ) / 2 + PE
    Total System Jitter     (TSJ):    0.050ns
    Total Input Jitter      (TIJ):    0.000ns
    Discrete Jitter          (DJ):    0.000ns
    Phase Error              (PE):    0.000ns

    Location             Delay type                Incr(ns)  Path(ns)    Netlist Resource(s)
  -------------------------------------------------------------------    -------------------
                                                      0.000     0.000 r  Input_r_tvalid
                         net (fo=38, unset)           0.973     0.973    bd_0_i/hls_inst/inst/regslice_both_Input_r_V_data_V_U/Input_r_TVALID
    SLICE_X36Y66         LUT2 (Prop_lut2_I0_O)        0.124     1.097 r  bd_0_i/hls_inst/inst/regslice_both_Input_r_V_data_V_U/data_p2[31]_i_1/O
                         net (fo=32, routed)          2.824     3.921    bd_0_i/hls_inst/inst/regslice_both_Input_r_V_data_V_U/load_p2
    SLICE_X29Y44         FDRE                                         r  bd_0_i/hls_inst/inst/regslice_both_Input_r_V_data_V_U/data_p2_reg[6]/CE
  -------------------------------------------------------------------    -------------------

                         (clock ap_clk rise edge)     0.000     0.000 r  <hidden>
                                                      0.000     0.000 r  ap_clk
                         net (fo=1360, unset)         0.924     0.924    bd_0_i/hls_inst/inst/regslice_both_Input_r_V_data_V_U/ap_clk
    SLICE_X29Y44         FDRE                                         r  bd_0_i/hls_inst/inst/regslice_both_Input_r_V_data_V_U/data_p2_reg[6]/C

Slack:                    inf
  Source:                 ap_rst_n
                            (input port)
  Destination:            bd_0_i/hls_inst/inst/control_s_axi_U/int_Rows_reg[14]/R
                            (rising edge-triggered cell FDRE clocked by ap_clk  {rise@0.000ns fall@5.000ns period=10.000ns})
  Path Group:             (none)
  Path Type:              Setup (Max at Slow Process Corner)
  Data Path Delay:        3.895ns  (logic 0.124ns (3.183%)  route 3.771ns (96.817%))
  Logic Levels:           1  (LUT1=1)
  Clock Path Skew:        0.924ns (DCD - SCD + CPR)
    Destination Clock Delay (DCD):    0.924ns
    Source Clock Delay      (SCD):    0.000ns
    Clock Pessimism Removal (CPR):    0.000ns
  Clock Uncertainty:      0.025ns  ((TSJ^2 + TIJ^2)^1/2 + DJ) / 2 + PE
    Total System Jitter     (TSJ):    0.050ns
    Total Input Jitter      (TIJ):    0.000ns
    Discrete Jitter          (DJ):    0.000ns
    Phase Error              (PE):    0.000ns

    Location             Delay type                Incr(ns)  Path(ns)    Netlist Resource(s)
  -------------------------------------------------------------------    -------------------
                                                      0.000     0.000 f  ap_rst_n
                         net (fo=3, unset)            0.973     0.973    bd_0_i/hls_inst/inst/control_s_axi_U/ap_rst_n
    SLICE_X50Y61         LUT1 (Prop_lut1_I0_O)        0.124     1.097 r  bd_0_i/hls_inst/inst/control_s_axi_U/ack_in_t_i_1/O
                         net (fo=139, routed)         2.798     3.895    bd_0_i/hls_inst/inst/control_s_axi_U/SR[0]
    SLICE_X41Y53         FDRE                                         r  bd_0_i/hls_inst/inst/control_s_axi_U/int_Rows_reg[14]/R
  -------------------------------------------------------------------    -------------------

                         (clock ap_clk rise edge)     0.000     0.000 r  <hidden>
                                                      0.000     0.000 r  ap_clk
                         net (fo=1360, unset)         0.924     0.924    bd_0_i/hls_inst/inst/control_s_axi_U/ap_clk
    SLICE_X41Y53         FDRE                                         r  bd_0_i/hls_inst/inst/control_s_axi_U/int_Rows_reg[14]/C

Slack:                    inf
  Source:                 ap_rst_n
                            (input port)
  Destination:            bd_0_i/hls_inst/inst/control_s_axi_U/int_Rows_reg[15]/R
                            (rising edge-triggered cell FDRE clocked by ap_clk  {rise@0.000ns fall@5.000ns period=10.000ns})
  Path Group:             (none)
  Path Type:              Setup (Max at Slow Process Corner)
  Data Path Delay:        3.895ns  (logic 0.124ns (3.183%)  route 3.771ns (96.817%))
  Logic Levels:           1  (LUT1=1)
  Clock Path Skew:        0.924ns (DCD - SCD + CPR)
    Destination Clock Delay (DCD):    0.924ns
    Source Clock Delay      (SCD):    0.000ns
    Clock Pessimism Removal (CPR):    0.000ns
  Clock Uncertainty:      0.025ns  ((TSJ^2 + TIJ^2)^1/2 + DJ) / 2 + PE
    Total System Jitter     (TSJ):    0.050ns
    Total Input Jitter      (TIJ):    0.000ns
    Discrete Jitter          (DJ):    0.000ns
    Phase Error              (PE):    0.000ns

    Location             Delay type                Incr(ns)  Path(ns)    Netlist Resource(s)
  -------------------------------------------------------------------    -------------------
                                                      0.000     0.000 f  ap_rst_n
                         net (fo=3, unset)            0.973     0.973    bd_0_i/hls_inst/inst/control_s_axi_U/ap_rst_n
    SLICE_X50Y61         LUT1 (Prop_lut1_I0_O)        0.124     1.097 r  bd_0_i/hls_inst/inst/control_s_axi_U/ack_in_t_i_1/O
                         net (fo=139, routed)         2.798     3.895    bd_0_i/hls_inst/inst/control_s_axi_U/SR[0]
    SLICE_X41Y53         FDRE                                         r  bd_0_i/hls_inst/inst/control_s_axi_U/int_Rows_reg[15]/R
  -------------------------------------------------------------------    -------------------

                         (clock ap_clk rise edge)     0.000     0.000 r  <hidden>
                                                      0.000     0.000 r  ap_clk
                         net (fo=1360, unset)         0.924     0.924    bd_0_i/hls_inst/inst/control_s_axi_U/ap_clk
    SLICE_X41Y53         FDRE                                         r  bd_0_i/hls_inst/inst/control_s_axi_U/int_Rows_reg[15]/C

Slack:                    inf
  Source:                 ap_rst_n
                            (input port)
  Destination:            bd_0_i/hls_inst/inst/control_s_axi_U/int_Rows_reg[2]/R
                            (rising edge-triggered cell FDRE clocked by ap_clk  {rise@0.000ns fall@5.000ns period=10.000ns})
  Path Group:             (none)
  Path Type:              Setup (Max at Slow Process Corner)
  Data Path Delay:        3.895ns  (logic 0.124ns (3.183%)  route 3.771ns (96.817%))
  Logic Levels:           1  (LUT1=1)
  Clock Path Skew:        0.924ns (DCD - SCD + CPR)
    Destination Clock Delay (DCD):    0.924ns
    Source Clock Delay      (SCD):    0.000ns
    Clock Pessimism Removal (CPR):    0.000ns
  Clock Uncertainty:      0.025ns  ((TSJ^2 + TIJ^2)^1/2 + DJ) / 2 + PE
    Total System Jitter     (TSJ):    0.050ns
    Total Input Jitter      (TIJ):    0.000ns
    Discrete Jitter          (DJ):    0.000ns
    Phase Error              (PE):    0.000ns

    Location             Delay type                Incr(ns)  Path(ns)    Netlist Resource(s)
  -------------------------------------------------------------------    -------------------
                                                      0.000     0.000 f  ap_rst_n
                         net (fo=3, unset)            0.973     0.973    bd_0_i/hls_inst/inst/control_s_axi_U/ap_rst_n
    SLICE_X50Y61         LUT1 (Prop_lut1_I0_O)        0.124     1.097 r  bd_0_i/hls_inst/inst/control_s_axi_U/ack_in_t_i_1/O
                         net (fo=139, routed)         2.798     3.895    bd_0_i/hls_inst/inst/control_s_axi_U/SR[0]
    SLICE_X41Y53         FDRE                                         r  bd_0_i/hls_inst/inst/control_s_axi_U/int_Rows_reg[2]/R
  -------------------------------------------------------------------    -------------------

                         (clock ap_clk rise edge)     0.000     0.000 r  <hidden>
                                                      0.000     0.000 r  ap_clk
                         net (fo=1360, unset)         0.924     0.924    bd_0_i/hls_inst/inst/control_s_axi_U/ap_clk
    SLICE_X41Y53         FDRE                                         r  bd_0_i/hls_inst/inst/control_s_axi_U/int_Rows_reg[2]/C

Slack:                    inf
  Source:                 ap_rst_n
                            (input port)
  Destination:            bd_0_i/hls_inst/inst/control_s_axi_U/int_Rows_reg[3]/R
                            (rising edge-triggered cell FDRE clocked by ap_clk  {rise@0.000ns fall@5.000ns period=10.000ns})
  Path Group:             (none)
  Path Type:              Setup (Max at Slow Process Corner)
  Data Path Delay:        3.895ns  (logic 0.124ns (3.183%)  route 3.771ns (96.817%))
  Logic Levels:           1  (LUT1=1)
  Clock Path Skew:        0.924ns (DCD - SCD + CPR)
    Destination Clock Delay (DCD):    0.924ns
    Source Clock Delay      (SCD):    0.000ns
    Clock Pessimism Removal (CPR):    0.000ns
  Clock Uncertainty:      0.025ns  ((TSJ^2 + TIJ^2)^1/2 + DJ) / 2 + PE
    Total System Jitter     (TSJ):    0.050ns
    Total Input Jitter      (TIJ):    0.000ns
    Discrete Jitter          (DJ):    0.000ns
    Phase Error              (PE):    0.000ns

    Location             Delay type                Incr(ns)  Path(ns)    Netlist Resource(s)
  -------------------------------------------------------------------    -------------------
                                                      0.000     0.000 f  ap_rst_n
                         net (fo=3, unset)            0.973     0.973    bd_0_i/hls_inst/inst/control_s_axi_U/ap_rst_n
    SLICE_X50Y61         LUT1 (Prop_lut1_I0_O)        0.124     1.097 r  bd_0_i/hls_inst/inst/control_s_axi_U/ack_in_t_i_1/O
                         net (fo=139, routed)         2.798     3.895    bd_0_i/hls_inst/inst/control_s_axi_U/SR[0]
    SLICE_X41Y53         FDRE                                         r  bd_0_i/hls_inst/inst/control_s_axi_U/int_Rows_reg[3]/R
  -------------------------------------------------------------------    -------------------

                         (clock ap_clk rise edge)     0.000     0.000 r  <hidden>
                                                      0.000     0.000 r  ap_clk
                         net (fo=1360, unset)         0.924     0.924    bd_0_i/hls_inst/inst/control_s_axi_U/ap_clk
    SLICE_X41Y53         FDRE                                         r  bd_0_i/hls_inst/inst/control_s_axi_U/int_Rows_reg[3]/C

Slack:                    inf
  Source:                 Input_r_tvalid
                            (input port)
  Destination:            bd_0_i/hls_inst/inst/regslice_both_Input_r_V_data_V_U/data_p2_reg[12]/CE
                            (rising edge-triggered cell FDRE clocked by ap_clk  {rise@0.000ns fall@5.000ns period=10.000ns})
  Path Group:             (none)
  Path Type:              Setup (Max at Slow Process Corner)
  Data Path Delay:        3.773ns  (logic 0.124ns (3.286%)  route 3.649ns (96.714%))
  Logic Levels:           1  (LUT2=1)
  Clock Path Skew:        0.924ns (DCD - SCD + CPR)
    Destination Clock Delay (DCD):    0.924ns
    Source Clock Delay      (SCD):    0.000ns
    Clock Pessimism Removal (CPR):    0.000ns
  Clock Uncertainty:      0.025ns  ((TSJ^2 + TIJ^2)^1/2 + DJ) / 2 + PE
    Total System Jitter     (TSJ):    0.050ns
    Total Input Jitter      (TIJ):    0.000ns
    Discrete Jitter          (DJ):    0.000ns
    Phase Error              (PE):    0.000ns

    Location             Delay type                Incr(ns)  Path(ns)    Netlist Resource(s)
  -------------------------------------------------------------------    -------------------
                                                      0.000     0.000 r  Input_r_tvalid
                         net (fo=38, unset)           0.973     0.973    bd_0_i/hls_inst/inst/regslice_both_Input_r_V_data_V_U/Input_r_TVALID
    SLICE_X36Y66         LUT2 (Prop_lut2_I0_O)        0.124     1.097 r  bd_0_i/hls_inst/inst/regslice_both_Input_r_V_data_V_U/data_p2[31]_i_1/O
                         net (fo=32, routed)          2.676     3.773    bd_0_i/hls_inst/inst/regslice_both_Input_r_V_data_V_U/load_p2
    SLICE_X25Y44         FDRE                                         r  bd_0_i/hls_inst/inst/regslice_both_Input_r_V_data_V_U/data_p2_reg[12]/CE
  -------------------------------------------------------------------    -------------------

                         (clock ap_clk rise edge)     0.000     0.000 r  <hidden>
                                                      0.000     0.000 r  ap_clk
                         net (fo=1360, unset)         0.924     0.924    bd_0_i/hls_inst/inst/regslice_both_Input_r_V_data_V_U/ap_clk
    SLICE_X25Y44         FDRE                                         r  bd_0_i/hls_inst/inst/regslice_both_Input_r_V_data_V_U/data_p2_reg[12]/C

Slack:                    inf
  Source:                 Input_r_tvalid
                            (input port)
  Destination:            bd_0_i/hls_inst/inst/regslice_both_Input_r_V_data_V_U/data_p2_reg[14]/CE
                            (rising edge-triggered cell FDRE clocked by ap_clk  {rise@0.000ns fall@5.000ns period=10.000ns})
  Path Group:             (none)
  Path Type:              Setup (Max at Slow Process Corner)
  Data Path Delay:        3.773ns  (logic 0.124ns (3.286%)  route 3.649ns (96.714%))
  Logic Levels:           1  (LUT2=1)
  Clock Path Skew:        0.924ns (DCD - SCD + CPR)
    Destination Clock Delay (DCD):    0.924ns
    Source Clock Delay      (SCD):    0.000ns
    Clock Pessimism Removal (CPR):    0.000ns
  Clock Uncertainty:      0.025ns  ((TSJ^2 + TIJ^2)^1/2 + DJ) / 2 + PE
    Total System Jitter     (TSJ):    0.050ns
    Total Input Jitter      (TIJ):    0.000ns
    Discrete Jitter          (DJ):    0.000ns
    Phase Error              (PE):    0.000ns

    Location             Delay type                Incr(ns)  Path(ns)    Netlist Resource(s)
  -------------------------------------------------------------------    -------------------
                                                      0.000     0.000 r  Input_r_tvalid
                         net (fo=38, unset)           0.973     0.973    bd_0_i/hls_inst/inst/regslice_both_Input_r_V_data_V_U/Input_r_TVALID
    SLICE_X36Y66         LUT2 (Prop_lut2_I0_O)        0.124     1.097 r  bd_0_i/hls_inst/inst/regslice_both_Input_r_V_data_V_U/data_p2[31]_i_1/O
                         net (fo=32, routed)          2.676     3.773    bd_0_i/hls_inst/inst/regslice_both_Input_r_V_data_V_U/load_p2
    SLICE_X25Y44         FDRE                                         r  bd_0_i/hls_inst/inst/regslice_both_Input_r_V_data_V_U/data_p2_reg[14]/CE
  -------------------------------------------------------------------    -------------------

                         (clock ap_clk rise edge)     0.000     0.000 r  <hidden>
                                                      0.000     0.000 r  ap_clk
                         net (fo=1360, unset)         0.924     0.924    bd_0_i/hls_inst/inst/regslice_both_Input_r_V_data_V_U/ap_clk
    SLICE_X25Y44         FDRE                                         r  bd_0_i/hls_inst/inst/regslice_both_Input_r_V_data_V_U/data_p2_reg[14]/C





Min Delay Paths
--------------------------------------------------------------------------------------
Slack:                    inf
  Source:                 bd_0_i/hls_inst/inst/mul_31ns_31ns_62_2_1_U18/tmp_product__0/ACOUT[0]
                            (internal pin)
  Destination:            bd_0_i/hls_inst/inst/mul_31ns_31ns_62_2_1_U18/buff0_reg__0/ACIN[0]
                            (rising edge-triggered cell DSP48E1 clocked by ap_clk  {rise@0.000ns fall@5.000ns period=10.000ns})
  Path Group:             (none)
  Path Type:              Hold (Min at Slow Process Corner)
  Data Path Delay:        0.002ns  (logic 0.000ns (0.000%)  route 0.002ns (100.000%))
  Logic Levels:           0  
  Clock Uncertainty:      0.025ns  ((TSJ^2 + TIJ^2)^1/2 + DJ) / 2 + PE
    Total System Jitter     (TSJ):    0.050ns
    Total Input Jitter      (TIJ):    0.000ns
    Discrete Jitter          (DJ):    0.000ns
    Phase Error              (PE):    0.000ns

    Location             Delay type                Incr(ns)  Path(ns)    Netlist Resource(s)
  -------------------------------------------------------------------    -------------------
    DSP48_X2Y22          DSP48E1                      0.000     0.000 r  bd_0_i/hls_inst/inst/mul_31ns_31ns_62_2_1_U18/tmp_product__0/ACOUT[0]
                         net (fo=1, routed)           0.002     0.002    bd_0_i/hls_inst/inst/mul_31ns_31ns_62_2_1_U18/tmp_product__0_n_53
    DSP48_X2Y23          DSP48E1                                      r  bd_0_i/hls_inst/inst/mul_31ns_31ns_62_2_1_U18/buff0_reg__0/ACIN[0]
  -------------------------------------------------------------------    -------------------

                         (clock ap_clk rise edge)     0.000     0.000 r  <hidden>
                                                      0.000     0.000 r  ap_clk
                         net (fo=1360, unset)         0.973     0.973    bd_0_i/hls_inst/inst/mul_31ns_31ns_62_2_1_U18/ap_clk
    DSP48_X2Y23          DSP48E1                                      r  bd_0_i/hls_inst/inst/mul_31ns_31ns_62_2_1_U18/buff0_reg__0/CLK

Slack:                    inf
  Source:                 bd_0_i/hls_inst/inst/mul_31ns_31ns_62_2_1_U18/tmp_product__0/ACOUT[10]
                            (internal pin)
  Destination:            bd_0_i/hls_inst/inst/mul_31ns_31ns_62_2_1_U18/buff0_reg__0/ACIN[10]
                            (rising edge-triggered cell DSP48E1 clocked by ap_clk  {rise@0.000ns fall@5.000ns period=10.000ns})
  Path Group:             (none)
  Path Type:              Hold (Min at Slow Process Corner)
  Data Path Delay:        0.002ns  (logic 0.000ns (0.000%)  route 0.002ns (100.000%))
  Logic Levels:           0  
  Clock Uncertainty:      0.025ns  ((TSJ^2 + TIJ^2)^1/2 + DJ) / 2 + PE
    Total System Jitter     (TSJ):    0.050ns
    Total Input Jitter      (TIJ):    0.000ns
    Discrete Jitter          (DJ):    0.000ns
    Phase Error              (PE):    0.000ns

    Location             Delay type                Incr(ns)  Path(ns)    Netlist Resource(s)
  -------------------------------------------------------------------    -------------------
    DSP48_X2Y22          DSP48E1                      0.000     0.000 r  bd_0_i/hls_inst/inst/mul_31ns_31ns_62_2_1_U18/tmp_product__0/ACOUT[10]
                         net (fo=1, routed)           0.002     0.002    bd_0_i/hls_inst/inst/mul_31ns_31ns_62_2_1_U18/tmp_product__0_n_43
    DSP48_X2Y23          DSP48E1                                      r  bd_0_i/hls_inst/inst/mul_31ns_31ns_62_2_1_U18/buff0_reg__0/ACIN[10]
  -------------------------------------------------------------------    -------------------

                         (clock ap_clk rise edge)     0.000     0.000 r  <hidden>
                                                      0.000     0.000 r  ap_clk
                         net (fo=1360, unset)         0.973     0.973    bd_0_i/hls_inst/inst/mul_31ns_31ns_62_2_1_U18/ap_clk
    DSP48_X2Y23          DSP48E1                                      r  bd_0_i/hls_inst/inst/mul_31ns_31ns_62_2_1_U18/buff0_reg__0/CLK

Slack:                    inf
  Source:                 bd_0_i/hls_inst/inst/mul_31ns_31ns_62_2_1_U18/tmp_product__0/ACOUT[11]
                            (internal pin)
  Destination:            bd_0_i/hls_inst/inst/mul_31ns_31ns_62_2_1_U18/buff0_reg__0/ACIN[11]
                            (rising edge-triggered cell DSP48E1 clocked by ap_clk  {rise@0.000ns fall@5.000ns period=10.000ns})
  Path Group:             (none)
  Path Type:              Hold (Min at Slow Process Corner)
  Data Path Delay:        0.002ns  (logic 0.000ns (0.000%)  route 0.002ns (100.000%))
  Logic Levels:           0  
  Clock Uncertainty:      0.025ns  ((TSJ^2 + TIJ^2)^1/2 + DJ) / 2 + PE
    Total System Jitter     (TSJ):    0.050ns
    Total Input Jitter      (TIJ):    0.000ns
    Discrete Jitter          (DJ):    0.000ns
    Phase Error              (PE):    0.000ns

    Location             Delay type                Incr(ns)  Path(ns)    Netlist Resource(s)
  -------------------------------------------------------------------    -------------------
    DSP48_X2Y22          DSP48E1                      0.000     0.000 r  bd_0_i/hls_inst/inst/mul_31ns_31ns_62_2_1_U18/tmp_product__0/ACOUT[11]
                         net (fo=1, routed)           0.002     0.002    bd_0_i/hls_inst/inst/mul_31ns_31ns_62_2_1_U18/tmp_product__0_n_42
    DSP48_X2Y23          DSP48E1                                      r  bd_0_i/hls_inst/inst/mul_31ns_31ns_62_2_1_U18/buff0_reg__0/ACIN[11]
  -------------------------------------------------------------------    -------------------

                         (clock ap_clk rise edge)     0.000     0.000 r  <hidden>
                                                      0.000     0.000 r  ap_clk
                         net (fo=1360, unset)         0.973     0.973    bd_0_i/hls_inst/inst/mul_31ns_31ns_62_2_1_U18/ap_clk
    DSP48_X2Y23          DSP48E1                                      r  bd_0_i/hls_inst/inst/mul_31ns_31ns_62_2_1_U18/buff0_reg__0/CLK

Slack:                    inf
  Source:                 bd_0_i/hls_inst/inst/mul_31ns_31ns_62_2_1_U18/tmp_product__0/ACOUT[12]
                            (internal pin)
  Destination:            bd_0_i/hls_inst/inst/mul_31ns_31ns_62_2_1_U18/buff0_reg__0/ACIN[12]
                            (rising edge-triggered cell DSP48E1 clocked by ap_clk  {rise@0.000ns fall@5.000ns period=10.000ns})
  Path Group:             (none)
  Path Type:              Hold (Min at Slow Process Corner)
  Data Path Delay:        0.002ns  (logic 0.000ns (0.000%)  route 0.002ns (100.000%))
  Logic Levels:           0  
  Clock Uncertainty:      0.025ns  ((TSJ^2 + TIJ^2)^1/2 + DJ) / 2 + PE
    Total System Jitter     (TSJ):    0.050ns
    Total Input Jitter      (TIJ):    0.000ns
    Discrete Jitter          (DJ):    0.000ns
    Phase Error              (PE):    0.000ns

    Location             Delay type                Incr(ns)  Path(ns)    Netlist Resource(s)
  -------------------------------------------------------------------    -------------------
    DSP48_X2Y22          DSP48E1                      0.000     0.000 r  bd_0_i/hls_inst/inst/mul_31ns_31ns_62_2_1_U18/tmp_product__0/ACOUT[12]
                         net (fo=1, routed)           0.002     0.002    bd_0_i/hls_inst/inst/mul_31ns_31ns_62_2_1_U18/tmp_product__0_n_41
    DSP48_X2Y23          DSP48E1                                      r  bd_0_i/hls_inst/inst/mul_31ns_31ns_62_2_1_U18/buff0_reg__0/ACIN[12]
  -------------------------------------------------------------------    -------------------

                         (clock ap_clk rise edge)     0.000     0.000 r  <hidden>
                                                      0.000     0.000 r  ap_clk
                         net (fo=1360, unset)         0.973     0.973    bd_0_i/hls_inst/inst/mul_31ns_31ns_62_2_1_U18/ap_clk
    DSP48_X2Y23          DSP48E1                                      r  bd_0_i/hls_inst/inst/mul_31ns_31ns_62_2_1_U18/buff0_reg__0/CLK

Slack:                    inf
  Source:                 bd_0_i/hls_inst/inst/mul_31ns_31ns_62_2_1_U18/tmp_product__0/ACOUT[13]
                            (internal pin)
  Destination:            bd_0_i/hls_inst/inst/mul_31ns_31ns_62_2_1_U18/buff0_reg__0/ACIN[13]
                            (rising edge-triggered cell DSP48E1 clocked by ap_clk  {rise@0.000ns fall@5.000ns period=10.000ns})
  Path Group:             (none)
  Path Type:              Hold (Min at Slow Process Corner)
  Data Path Delay:        0.002ns  (logic 0.000ns (0.000%)  route 0.002ns (100.000%))
  Logic Levels:           0  
  Clock Uncertainty:      0.025ns  ((TSJ^2 + TIJ^2)^1/2 + DJ) / 2 + PE
    Total System Jitter     (TSJ):    0.050ns
    Total Input Jitter      (TIJ):    0.000ns
    Discrete Jitter          (DJ):    0.000ns
    Phase Error              (PE):    0.000ns

    Location             Delay type                Incr(ns)  Path(ns)    Netlist Resource(s)
  -------------------------------------------------------------------    -------------------
    DSP48_X2Y22          DSP48E1                      0.000     0.000 r  bd_0_i/hls_inst/inst/mul_31ns_31ns_62_2_1_U18/tmp_product__0/ACOUT[13]
                         net (fo=1, routed)           0.002     0.002    bd_0_i/hls_inst/inst/mul_31ns_31ns_62_2_1_U18/tmp_product__0_n_40
    DSP48_X2Y23          DSP48E1                                      r  bd_0_i/hls_inst/inst/mul_31ns_31ns_62_2_1_U18/buff0_reg__0/ACIN[13]
  -------------------------------------------------------------------    -------------------

                         (clock ap_clk rise edge)     0.000     0.000 r  <hidden>
                                                      0.000     0.000 r  ap_clk
                         net (fo=1360, unset)         0.973     0.973    bd_0_i/hls_inst/inst/mul_31ns_31ns_62_2_1_U18/ap_clk
    DSP48_X2Y23          DSP48E1                                      r  bd_0_i/hls_inst/inst/mul_31ns_31ns_62_2_1_U18/buff0_reg__0/CLK

Slack:                    inf
  Source:                 bd_0_i/hls_inst/inst/mul_31ns_31ns_62_2_1_U18/tmp_product__0/ACOUT[14]
                            (internal pin)
  Destination:            bd_0_i/hls_inst/inst/mul_31ns_31ns_62_2_1_U18/buff0_reg__0/ACIN[14]
                            (rising edge-triggered cell DSP48E1 clocked by ap_clk  {rise@0.000ns fall@5.000ns period=10.000ns})
  Path Group:             (none)
  Path Type:              Hold (Min at Slow Process Corner)
  Data Path Delay:        0.002ns  (logic 0.000ns (0.000%)  route 0.002ns (100.000%))
  Logic Levels:           0  
  Clock Uncertainty:      0.025ns  ((TSJ^2 + TIJ^2)^1/2 + DJ) / 2 + PE
    Total System Jitter     (TSJ):    0.050ns
    Total Input Jitter      (TIJ):    0.000ns
    Discrete Jitter          (DJ):    0.000ns
    Phase Error              (PE):    0.000ns

    Location             Delay type                Incr(ns)  Path(ns)    Netlist Resource(s)
  -------------------------------------------------------------------    -------------------
    DSP48_X2Y22          DSP48E1                      0.000     0.000 r  bd_0_i/hls_inst/inst/mul_31ns_31ns_62_2_1_U18/tmp_product__0/ACOUT[14]
                         net (fo=1, routed)           0.002     0.002    bd_0_i/hls_inst/inst/mul_31ns_31ns_62_2_1_U18/tmp_product__0_n_39
    DSP48_X2Y23          DSP48E1                                      r  bd_0_i/hls_inst/inst/mul_31ns_31ns_62_2_1_U18/buff0_reg__0/ACIN[14]
  -------------------------------------------------------------------    -------------------

                         (clock ap_clk rise edge)     0.000     0.000 r  <hidden>
                                                      0.000     0.000 r  ap_clk
                         net (fo=1360, unset)         0.973     0.973    bd_0_i/hls_inst/inst/mul_31ns_31ns_62_2_1_U18/ap_clk
    DSP48_X2Y23          DSP48E1                                      r  bd_0_i/hls_inst/inst/mul_31ns_31ns_62_2_1_U18/buff0_reg__0/CLK

Slack:                    inf
  Source:                 bd_0_i/hls_inst/inst/mul_31ns_31ns_62_2_1_U18/tmp_product__0/ACOUT[15]
                            (internal pin)
  Destination:            bd_0_i/hls_inst/inst/mul_31ns_31ns_62_2_1_U18/buff0_reg__0/ACIN[15]
                            (rising edge-triggered cell DSP48E1 clocked by ap_clk  {rise@0.000ns fall@5.000ns period=10.000ns})
  Path Group:             (none)
  Path Type:              Hold (Min at Slow Process Corner)
  Data Path Delay:        0.002ns  (logic 0.000ns (0.000%)  route 0.002ns (100.000%))
  Logic Levels:           0  
  Clock Uncertainty:      0.025ns  ((TSJ^2 + TIJ^2)^1/2 + DJ) / 2 + PE
    Total System Jitter     (TSJ):    0.050ns
    Total Input Jitter      (TIJ):    0.000ns
    Discrete Jitter          (DJ):    0.000ns
    Phase Error              (PE):    0.000ns

    Location             Delay type                Incr(ns)  Path(ns)    Netlist Resource(s)
  -------------------------------------------------------------------    -------------------
    DSP48_X2Y22          DSP48E1                      0.000     0.000 r  bd_0_i/hls_inst/inst/mul_31ns_31ns_62_2_1_U18/tmp_product__0/ACOUT[15]
                         net (fo=1, routed)           0.002     0.002    bd_0_i/hls_inst/inst/mul_31ns_31ns_62_2_1_U18/tmp_product__0_n_38
    DSP48_X2Y23          DSP48E1                                      r  bd_0_i/hls_inst/inst/mul_31ns_31ns_62_2_1_U18/buff0_reg__0/ACIN[15]
  -------------------------------------------------------------------    -------------------

                         (clock ap_clk rise edge)     0.000     0.000 r  <hidden>
                                                      0.000     0.000 r  ap_clk
                         net (fo=1360, unset)         0.973     0.973    bd_0_i/hls_inst/inst/mul_31ns_31ns_62_2_1_U18/ap_clk
    DSP48_X2Y23          DSP48E1                                      r  bd_0_i/hls_inst/inst/mul_31ns_31ns_62_2_1_U18/buff0_reg__0/CLK

Slack:                    inf
  Source:                 bd_0_i/hls_inst/inst/mul_31ns_31ns_62_2_1_U18/tmp_product__0/ACOUT[16]
                            (internal pin)
  Destination:            bd_0_i/hls_inst/inst/mul_31ns_31ns_62_2_1_U18/buff0_reg__0/ACIN[16]
                            (rising edge-triggered cell DSP48E1 clocked by ap_clk  {rise@0.000ns fall@5.000ns period=10.000ns})
  Path Group:             (none)
  Path Type:              Hold (Min at Slow Process Corner)
  Data Path Delay:        0.002ns  (logic 0.000ns (0.000%)  route 0.002ns (100.000%))
  Logic Levels:           0  
  Clock Uncertainty:      0.025ns  ((TSJ^2 + TIJ^2)^1/2 + DJ) / 2 + PE
    Total System Jitter     (TSJ):    0.050ns
    Total Input Jitter      (TIJ):    0.000ns
    Discrete Jitter          (DJ):    0.000ns
    Phase Error              (PE):    0.000ns

    Location             Delay type                Incr(ns)  Path(ns)    Netlist Resource(s)
  -------------------------------------------------------------------    -------------------
    DSP48_X2Y22          DSP48E1                      0.000     0.000 r  bd_0_i/hls_inst/inst/mul_31ns_31ns_62_2_1_U18/tmp_product__0/ACOUT[16]
                         net (fo=1, routed)           0.002     0.002    bd_0_i/hls_inst/inst/mul_31ns_31ns_62_2_1_U18/tmp_product__0_n_37
    DSP48_X2Y23          DSP48E1                                      r  bd_0_i/hls_inst/inst/mul_31ns_31ns_62_2_1_U18/buff0_reg__0/ACIN[16]
  -------------------------------------------------------------------    -------------------

                         (clock ap_clk rise edge)     0.000     0.000 r  <hidden>
                                                      0.000     0.000 r  ap_clk
                         net (fo=1360, unset)         0.973     0.973    bd_0_i/hls_inst/inst/mul_31ns_31ns_62_2_1_U18/ap_clk
    DSP48_X2Y23          DSP48E1                                      r  bd_0_i/hls_inst/inst/mul_31ns_31ns_62_2_1_U18/buff0_reg__0/CLK

Slack:                    inf
  Source:                 bd_0_i/hls_inst/inst/mul_31ns_31ns_62_2_1_U18/tmp_product__0/ACOUT[17]
                            (internal pin)
  Destination:            bd_0_i/hls_inst/inst/mul_31ns_31ns_62_2_1_U18/buff0_reg__0/ACIN[17]
                            (rising edge-triggered cell DSP48E1 clocked by ap_clk  {rise@0.000ns fall@5.000ns period=10.000ns})
  Path Group:             (none)
  Path Type:              Hold (Min at Slow Process Corner)
  Data Path Delay:        0.002ns  (logic 0.000ns (0.000%)  route 0.002ns (100.000%))
  Logic Levels:           0  
  Clock Uncertainty:      0.025ns  ((TSJ^2 + TIJ^2)^1/2 + DJ) / 2 + PE
    Total System Jitter     (TSJ):    0.050ns
    Total Input Jitter      (TIJ):    0.000ns
    Discrete Jitter          (DJ):    0.000ns
    Phase Error              (PE):    0.000ns

    Location             Delay type                Incr(ns)  Path(ns)    Netlist Resource(s)
  -------------------------------------------------------------------    -------------------
    DSP48_X2Y22          DSP48E1                      0.000     0.000 r  bd_0_i/hls_inst/inst/mul_31ns_31ns_62_2_1_U18/tmp_product__0/ACOUT[17]
                         net (fo=1, routed)           0.002     0.002    bd_0_i/hls_inst/inst/mul_31ns_31ns_62_2_1_U18/tmp_product__0_n_36
    DSP48_X2Y23          DSP48E1                                      r  bd_0_i/hls_inst/inst/mul_31ns_31ns_62_2_1_U18/buff0_reg__0/ACIN[17]
  -------------------------------------------------------------------    -------------------

                         (clock ap_clk rise edge)     0.000     0.000 r  <hidden>
                                                      0.000     0.000 r  ap_clk
                         net (fo=1360, unset)         0.973     0.973    bd_0_i/hls_inst/inst/mul_31ns_31ns_62_2_1_U18/ap_clk
    DSP48_X2Y23          DSP48E1                                      r  bd_0_i/hls_inst/inst/mul_31ns_31ns_62_2_1_U18/buff0_reg__0/CLK

Slack:                    inf
  Source:                 bd_0_i/hls_inst/inst/mul_31ns_31ns_62_2_1_U18/tmp_product__0/ACOUT[18]
                            (internal pin)
  Destination:            bd_0_i/hls_inst/inst/mul_31ns_31ns_62_2_1_U18/buff0_reg__0/ACIN[18]
                            (rising edge-triggered cell DSP48E1 clocked by ap_clk  {rise@0.000ns fall@5.000ns period=10.000ns})
  Path Group:             (none)
  Path Type:              Hold (Min at Slow Process Corner)
  Data Path Delay:        0.002ns  (logic 0.000ns (0.000%)  route 0.002ns (100.000%))
  Logic Levels:           0  
  Clock Uncertainty:      0.025ns  ((TSJ^2 + TIJ^2)^1/2 + DJ) / 2 + PE
    Total System Jitter     (TSJ):    0.050ns
    Total Input Jitter      (TIJ):    0.000ns
    Discrete Jitter          (DJ):    0.000ns
    Phase Error              (PE):    0.000ns

    Location             Delay type                Incr(ns)  Path(ns)    Netlist Resource(s)
  -------------------------------------------------------------------    -------------------
    DSP48_X2Y22          DSP48E1                      0.000     0.000 r  bd_0_i/hls_inst/inst/mul_31ns_31ns_62_2_1_U18/tmp_product__0/ACOUT[18]
                         net (fo=1, routed)           0.002     0.002    bd_0_i/hls_inst/inst/mul_31ns_31ns_62_2_1_U18/tmp_product__0_n_35
    DSP48_X2Y23          DSP48E1                                      r  bd_0_i/hls_inst/inst/mul_31ns_31ns_62_2_1_U18/buff0_reg__0/ACIN[18]
  -------------------------------------------------------------------    -------------------

                         (clock ap_clk rise edge)     0.000     0.000 r  <hidden>
                                                      0.000     0.000 r  ap_clk
                         net (fo=1360, unset)         0.973     0.973    bd_0_i/hls_inst/inst/mul_31ns_31ns_62_2_1_U18/ap_clk
    DSP48_X2Y23          DSP48E1                                      r  bd_0_i/hls_inst/inst/mul_31ns_31ns_62_2_1_U18/buff0_reg__0/CLK





