Copyright 1986-2022 Xilinx, Inc. All Rights Reserved. Copyright 2022-2026 Advanced Micro Devices, Inc. All Rights Reserved.
------------------------------------------------------------------------------------------------------------------------------------------------------------------------------------------------------------------------------------------------
| Tool Version : Vivado v.2026.1 (win64) Build 6511674 Tue Jun 16 11:02:23 MDT 2026
| Date         : Tue Sep  8 00:08:06 2026
| Host         : DESKTOP-55UAODO running 64-bit major release  (build 9200)
| Command      : report_timing_summary -max_paths 10 -routable_nets -report_unconstrained -file bd_0_wrapper_timing_summary_routed.rpt -pb bd_0_wrapper_timing_summary_routed.pb -rpx bd_0_wrapper_timing_summary_routed.rpx -warn_on_violation
| Design       : bd_0_wrapper
| Device       : 7z020-clg400
| Speed File   : -1  PRODUCTION 1.12 2019-11-22
| Design State : Routed
------------------------------------------------------------------------------------------------------------------------------------------------------------------------------------------------------------------------------------------------

Timing Summary Report

------------------------------------------------------------------------------------------------
| Timer Settings
| --------------
------------------------------------------------------------------------------------------------

  Enable Multi Corner Analysis               :  Yes
  Enable Pessimism Removal                   :  Yes
  Pessimism Removal Resolution               :  Nearest Common Node
  Enable Input Delay Default Clock           :  No
  Enable Preset / Clear Arcs                 :  No
  Disable Flight Delays                      :  No
  Ignore I/O Paths                           :  No
  Timing Early Launch at Borrowing Latches   :  No
  Borrow Time for Max Delay Exceptions       :  Yes
  Merge Timing Exceptions                    :  Yes
  Inter-SLR Compensation                     :  Conservative

  Corner  Analyze    Analyze    
  Name    Max Paths  Min Paths  
  ------  ---------  ---------  
  Slow    Yes        Yes        
  Fast    Yes        Yes        


------------------------------------------------------------------------------------------------
| Report Methodology
| ------------------
------------------------------------------------------------------------------------------------

Rule       Severity  Description                    Violations  
---------  --------  -----------------------------  ----------  
TIMING-18  Warning   Missing input or output delay  425         

Note: This report is based on the most recent report_methodology run and may not be up-to-date. Run report_methodology on the current design for the latest report.



check_timing report

Table of Contents
-----------------
1. checking no_clock (0)
2. checking constant_clock (0)
3. checking pulse_width_clock (0)
4. checking unconstrained_internal_endpoints (0)
5. checking no_input_delay (125)
6. checking no_output_delay (280)
7. checking multiple_clock (0)
8. checking generated_clocks (0)
9. checking loops (0)
10. checking partial_input_delay (0)
11. checking partial_output_delay (0)
12. checking latch_loops (0)

1. checking no_clock (0)
------------------------
 There are 0 register/latch pins with no clock.


2. checking constant_clock (0)
------------------------------
 There are 0 register/latch pins with constant_clock.


3. checking pulse_width_clock (0)
---------------------------------
 There are 0 register/latch pins which need pulse_width check


4. checking unconstrained_internal_endpoints (0)
------------------------------------------------
 There are 0 pins that are not constrained for maximum delay.

 There are 0 pins that are not constrained for maximum delay due to constant clock.


5. checking no_input_delay (125)
--------------------------------
 There are 125 input ports with no input delay specified. (HIGH)

 There are 0 input ports with no input delay but user has a false path constraint.


6. checking no_output_delay (280)
---------------------------------
 There are 280 ports with no output delay specified. (HIGH)

 There are 0 ports with no output delay but user has a false path constraint

 There are 0 ports with no output delay but with a timing clock defined on it or propagating through it


7. checking multiple_clock (0)
------------------------------
 There are 0 register/latch pins with multiple clocks.


8. checking generated_clocks (0)
--------------------------------
 There are 0 generated clocks that are not connected to a clock source.


9. checking loops (0)
---------------------
 There are 0 combinational loops in the design.


10. checking partial_input_delay (0)
------------------------------------
 There are 0 input ports with partial input delay specified.


11. checking partial_output_delay (0)
-------------------------------------
 There are 0 ports with partial output delay specified.


12. checking latch_loops (0)
----------------------------
 There are 0 combinational latch loops in the design through latch input



------------------------------------------------------------------------------------------------
| Design Timing Summary
| ---------------------
------------------------------------------------------------------------------------------------

    WNS(ns)      TNS(ns)  TNS Failing Endpoints  TNS Total Endpoints      WHS(ns)      THS(ns)  THS Failing Endpoints  THS Total Endpoints     WPWS(ns)     TPWS(ns)  TPWS Failing Endpoints  TPWS Total Endpoints  
    -------      -------  ---------------------  -------------------      -------      -------  ---------------------  -------------------     --------     --------  ----------------------  --------------------  
      3.786        0.000                      0                 8120        0.039        0.000                      0                 8120        3.750        0.000                       0                  3947  


All user specified timing constraints are met.


------------------------------------------------------------------------------------------------
| Clock Summary
| -------------
------------------------------------------------------------------------------------------------

Clock   Waveform(ns)       Period(ns)      Frequency(MHz)
-----   ------------       ----------      --------------
ap_clk  {0.000 5.000}      10.000          100.000         


------------------------------------------------------------------------------------------------
| Intra Clock Table
| -----------------
------------------------------------------------------------------------------------------------

Clock             WNS(ns)      TNS(ns)  TNS Failing Endpoints  TNS Total Endpoints      WHS(ns)      THS(ns)  THS Failing Endpoints  THS Total Endpoints     WPWS(ns)     TPWS(ns)  TPWS Failing Endpoints  TPWS Total Endpoints  
-----             -------      -------  ---------------------  -------------------      -------      -------  ---------------------  -------------------     --------     --------  ----------------------  --------------------  
ap_clk              3.786        0.000                      0                 8120        0.039        0.000                      0                 8120        3.750        0.000                       0                  3947  


------------------------------------------------------------------------------------------------
| Inter Clock Table
| -----------------
------------------------------------------------------------------------------------------------

From Clock    To Clock          WNS(ns)      TNS(ns)  TNS Failing Endpoints  TNS Total Endpoints      WHS(ns)      THS(ns)  THS Failing Endpoints  THS Total Endpoints  
----------    --------          -------      -------  ---------------------  -------------------      -------      -------  ---------------------  -------------------  


------------------------------------------------------------------------------------------------
| Other Path Groups Table
| -----------------------
------------------------------------------------------------------------------------------------

Path Group    From Clock    To Clock          WNS(ns)      TNS(ns)  TNS Failing Endpoints  TNS Total Endpoints      WHS(ns)      THS(ns)  THS Failing Endpoints  THS Total Endpoints  
----------    ----------    --------          -------      -------  ---------------------  -------------------      -------      -------  ---------------------  -------------------  


------------------------------------------------------------------------------------------------
| User Ignored Path Table
| -----------------------
------------------------------------------------------------------------------------------------

Path Group    From Clock    To Clock    
----------    ----------    --------    


------------------------------------------------------------------------------------------------
| Unconstrained Path Table
| ------------------------
------------------------------------------------------------------------------------------------

Path Group    From Clock    To Clock    
----------    ----------    --------    
(none)        ap_clk                      
(none)                      ap_clk        


------------------------------------------------------------------------------------------------
| Timing Details
| --------------
------------------------------------------------------------------------------------------------


---------------------------------------------------------------------------------------------------
From Clock:  ap_clk
  To Clock:  ap_clk

Setup :            0  Failing Endpoints,  Worst Slack        3.786ns,  Total Violation        0.000ns
Hold  :            0  Failing Endpoints,  Worst Slack        0.039ns,  Total Violation        0.000ns
PW    :            0  Failing Endpoints,  Worst Slack        3.750ns,  Total Violation        0.000ns
---------------------------------------------------------------------------------------------------


Max Delay Paths
--------------------------------------------------------------------------------------
Slack (MET) :             3.786ns  (required time - arrival time)
  Source:                 bd_0_i/hls_inst/inst/control_s_axi_U/int_ap_start_reg/C
                            (rising edge-triggered cell FDRE clocked by ap_clk  {rise@0.000ns fall@5.000ns period=10.000ns})
  Destination:            bd_0_i/hls_inst/inst/i_fu_112_reg[25]/R
                            (rising edge-triggered cell FDRE clocked by ap_clk  {rise@0.000ns fall@5.000ns period=10.000ns})
  Path Group:             ap_clk
  Path Type:              Setup (Max at Slow Process Corner)
  Requirement:            10.000ns  (ap_clk rise@10.000ns - ap_clk rise@0.000ns)
  Data Path Delay:        5.701ns  (logic 1.634ns (28.664%)  route 4.067ns (71.337%))
  Logic Levels:           6  (CARRY4=4 LUT5=1 LUT6=1)
  Clock Path Skew:        -0.049ns (DCD - SCD + CPR)
    Destination Clock Delay (DCD):    0.924ns = ( 10.924 - 10.000 ) 
    Source Clock Delay      (SCD):    0.973ns
    Clock Pessimism Removal (CPR):    0.000ns
  Clock Uncertainty:      0.035ns  ((TSJ^2 + TIJ^2)^1/2 + DJ) / 2 + PE
    Total System Jitter     (TSJ):    0.071ns
    Total Input Jitter      (TIJ):    0.000ns
    Discrete Jitter          (DJ):    0.000ns
    Phase Error              (PE):    0.000ns

    Location             Delay type                Incr(ns)  Path(ns)    Netlist Resource(s)
  -------------------------------------------------------------------    -------------------
                         (clock ap_clk rise edge)     0.000     0.000 r  <hidden>
                                                      0.000     0.000 r  ap_clk
                         net (fo=3947, unset)         0.973     0.973    bd_0_i/hls_inst/inst/control_s_axi_U/ap_clk
    SLICE_X50Y46         FDRE                                         r  bd_0_i/hls_inst/inst/control_s_axi_U/int_ap_start_reg/C
  -------------------------------------------------------------------    -------------------
    SLICE_X50Y46         FDRE (Prop_fdre_C_Q)         0.518     1.491 r  bd_0_i/hls_inst/inst/control_s_axi_U/int_ap_start_reg/Q
                         net (fo=74, routed)          1.198     2.689    bd_0_i/hls_inst/inst/control_s_axi_U/ap_start
    SLICE_X50Y55         LUT6 (Prop_lut6_I4_O)        0.124     2.813 r  bd_0_i/hls_inst/inst/control_s_axi_U/icmp_ln20_1_reg_348[0]_i_32/O
                         net (fo=1, routed)           0.628     3.441    bd_0_i/hls_inst/inst/control_s_axi_U/icmp_ln20_1_reg_348[0]_i_32_n_0
    SLICE_X48Y54         CARRY4 (Prop_carry4_DI[0]_CO[3])
                                                      0.526     3.967 r  bd_0_i/hls_inst/inst/control_s_axi_U/icmp_ln20_1_reg_348_reg[0]_i_20/CO[3]
                         net (fo=1, routed)           0.000     3.967    bd_0_i/hls_inst/inst/control_s_axi_U/icmp_ln20_1_reg_348_reg[0]_i_20_n_0
    SLICE_X48Y55         CARRY4 (Prop_carry4_CI_CO[3])
                                                      0.114     4.081 r  bd_0_i/hls_inst/inst/control_s_axi_U/icmp_ln20_1_reg_348_reg[0]_i_11/CO[3]
                         net (fo=1, routed)           0.000     4.081    bd_0_i/hls_inst/inst/control_s_axi_U/icmp_ln20_1_reg_348_reg[0]_i_11_n_0
    SLICE_X48Y56         CARRY4 (Prop_carry4_CI_CO[3])
                                                      0.114     4.195 r  bd_0_i/hls_inst/inst/control_s_axi_U/icmp_ln20_1_reg_348_reg[0]_i_2/CO[3]
                         net (fo=1, routed)           0.000     4.195    bd_0_i/hls_inst/inst/control_s_axi_U/icmp_ln20_1_reg_348_reg[0]_i_2_n_0
    SLICE_X48Y57         CARRY4 (Prop_carry4_CI_CO[3])
                                                      0.114     4.309 f  bd_0_i/hls_inst/inst/control_s_axi_U/icmp_ln20_1_reg_348_reg[0]_i_1/CO[3]
                         net (fo=6, routed)           1.358     5.667    bd_0_i/hls_inst/inst/control_s_axi_U/CO[0]
    SLICE_X48Y46         LUT5 (Prop_lut5_I3_O)        0.124     5.791 r  bd_0_i/hls_inst/inst/control_s_axi_U/i_fu_112[30]_i_1/O
                         net (fo=31, routed)          0.883     6.674    bd_0_i/hls_inst/inst/control_s_axi_U_n_0
    SLICE_X49Y56         FDRE                                         r  bd_0_i/hls_inst/inst/i_fu_112_reg[25]/R
  -------------------------------------------------------------------    -------------------

                         (clock ap_clk rise edge)    10.000    10.000 r  <hidden>
                                                      0.000    10.000 r  ap_clk
                         net (fo=3947, unset)         0.924    10.924    bd_0_i/hls_inst/inst/ap_clk
    SLICE_X49Y56         FDRE                                         r  bd_0_i/hls_inst/inst/i_fu_112_reg[25]/C
                         clock pessimism              0.000    10.924    <hidden>
                         clock uncertainty           -0.035    10.889    <hidden>
    SLICE_X49Y56         FDRE (Setup_fdre_C_R)       -0.429    10.460    bd_0_i/hls_inst/inst/i_fu_112_reg[25]
  -------------------------------------------------------------------
                         required time                         10.460    <hidden>
                         arrival time                          -6.674    <hidden>
  -------------------------------------------------------------------
                         slack                                  3.786    <hidden>

Slack (MET) :             3.786ns  (required time - arrival time)
  Source:                 bd_0_i/hls_inst/inst/control_s_axi_U/int_ap_start_reg/C
                            (rising edge-triggered cell FDRE clocked by ap_clk  {rise@0.000ns fall@5.000ns period=10.000ns})
  Destination:            bd_0_i/hls_inst/inst/i_fu_112_reg[26]/R
                            (rising edge-triggered cell FDRE clocked by ap_clk  {rise@0.000ns fall@5.000ns period=10.000ns})
  Path Group:             ap_clk
  Path Type:              Setup (Max at Slow Process Corner)
  Requirement:            10.000ns  (ap_clk rise@10.000ns - ap_clk rise@0.000ns)
  Data Path Delay:        5.701ns  (logic 1.634ns (28.664%)  route 4.067ns (71.337%))
  Logic Levels:           6  (CARRY4=4 LUT5=1 LUT6=1)
  Clock Path Skew:        -0.049ns (DCD - SCD + CPR)
    Destination Clock Delay (DCD):    0.924ns = ( 10.924 - 10.000 ) 
    Source Clock Delay      (SCD):    0.973ns
    Clock Pessimism Removal (CPR):    0.000ns
  Clock Uncertainty:      0.035ns  ((TSJ^2 + TIJ^2)^1/2 + DJ) / 2 + PE
    Total System Jitter     (TSJ):    0.071ns
    Total Input Jitter      (TIJ):    0.000ns
    Discrete Jitter          (DJ):    0.000ns
    Phase Error              (PE):    0.000ns

    Location             Delay type                Incr(ns)  Path(ns)    Netlist Resource(s)
  -------------------------------------------------------------------    -------------------
                         (clock ap_clk rise edge)     0.000     0.000 r  <hidden>
                                                      0.000     0.000 r  ap_clk
                         net (fo=3947, unset)         0.973     0.973    bd_0_i/hls_inst/inst/control_s_axi_U/ap_clk
    SLICE_X50Y46         FDRE                                         r  bd_0_i/hls_inst/inst/control_s_axi_U/int_ap_start_reg/C
  -------------------------------------------------------------------    -------------------
    SLICE_X50Y46         FDRE (Prop_fdre_C_Q)         0.518     1.491 r  bd_0_i/hls_inst/inst/control_s_axi_U/int_ap_start_reg/Q
                         net (fo=74, routed)          1.198     2.689    bd_0_i/hls_inst/inst/control_s_axi_U/ap_start
    SLICE_X50Y55         LUT6 (Prop_lut6_I4_O)        0.124     2.813 r  bd_0_i/hls_inst/inst/control_s_axi_U/icmp_ln20_1_reg_348[0]_i_32/O
                         net (fo=1, routed)           0.628     3.441    bd_0_i/hls_inst/inst/control_s_axi_U/icmp_ln20_1_reg_348[0]_i_32_n_0
    SLICE_X48Y54         CARRY4 (Prop_carry4_DI[0]_CO[3])
                                                      0.526     3.967 r  bd_0_i/hls_inst/inst/control_s_axi_U/icmp_ln20_1_reg_348_reg[0]_i_20/CO[3]
                         net (fo=1, routed)           0.000     3.967    bd_0_i/hls_inst/inst/control_s_axi_U/icmp_ln20_1_reg_348_reg[0]_i_20_n_0
    SLICE_X48Y55         CARRY4 (Prop_carry4_CI_CO[3])
                                                      0.114     4.081 r  bd_0_i/hls_inst/inst/control_s_axi_U/icmp_ln20_1_reg_348_reg[0]_i_11/CO[3]
                         net (fo=1, routed)           0.000     4.081    bd_0_i/hls_inst/inst/control_s_axi_U/icmp_ln20_1_reg_348_reg[0]_i_11_n_0
    SLICE_X48Y56         CARRY4 (Prop_carry4_CI_CO[3])
                                                      0.114     4.195 r  bd_0_i/hls_inst/inst/control_s_axi_U/icmp_ln20_1_reg_348_reg[0]_i_2/CO[3]
                         net (fo=1, routed)           0.000     4.195    bd_0_i/hls_inst/inst/control_s_axi_U/icmp_ln20_1_reg_348_reg[0]_i_2_n_0
    SLICE_X48Y57         CARRY4 (Prop_carry4_CI_CO[3])
                                                      0.114     4.309 f  bd_0_i/hls_inst/inst/control_s_axi_U/icmp_ln20_1_reg_348_reg[0]_i_1/CO[3]
                         net (fo=6, routed)           1.358     5.667    bd_0_i/hls_inst/inst/control_s_axi_U/CO[0]
    SLICE_X48Y46         LUT5 (Prop_lut5_I3_O)        0.124     5.791 r  bd_0_i/hls_inst/inst/control_s_axi_U/i_fu_112[30]_i_1/O
                         net (fo=31, routed)          0.883     6.674    bd_0_i/hls_inst/inst/control_s_axi_U_n_0
    SLICE_X49Y56         FDRE                                         r  bd_0_i/hls_inst/inst/i_fu_112_reg[26]/R
  -------------------------------------------------------------------    -------------------

                         (clock ap_clk rise edge)    10.000    10.000 r  <hidden>
                                                      0.000    10.000 r  ap_clk
                         net (fo=3947, unset)         0.924    10.924    bd_0_i/hls_inst/inst/ap_clk
    SLICE_X49Y56         FDRE                                         r  bd_0_i/hls_inst/inst/i_fu_112_reg[26]/C
                         clock pessimism              0.000    10.924    <hidden>
                         clock uncertainty           -0.035    10.889    <hidden>
    SLICE_X49Y56         FDRE (Setup_fdre_C_R)       -0.429    10.460    bd_0_i/hls_inst/inst/i_fu_112_reg[26]
  -------------------------------------------------------------------
                         required time                         10.460    <hidden>
                         arrival time                          -6.674    <hidden>
  -------------------------------------------------------------------
                         slack                                  3.786    <hidden>

Slack (MET) :             3.786ns  (required time - arrival time)
  Source:                 bd_0_i/hls_inst/inst/control_s_axi_U/int_ap_start_reg/C
                            (rising edge-triggered cell FDRE clocked by ap_clk  {rise@0.000ns fall@5.000ns period=10.000ns})
  Destination:            bd_0_i/hls_inst/inst/i_fu_112_reg[27]/R
                            (rising edge-triggered cell FDRE clocked by ap_clk  {rise@0.000ns fall@5.000ns period=10.000ns})
  Path Group:             ap_clk
  Path Type:              Setup (Max at Slow Process Corner)
  Requirement:            10.000ns  (ap_clk rise@10.000ns - ap_clk rise@0.000ns)
  Data Path Delay:        5.701ns  (logic 1.634ns (28.664%)  route 4.067ns (71.337%))
  Logic Levels:           6  (CARRY4=4 LUT5=1 LUT6=1)
  Clock Path Skew:        -0.049ns (DCD - SCD + CPR)
    Destination Clock Delay (DCD):    0.924ns = ( 10.924 - 10.000 ) 
    Source Clock Delay      (SCD):    0.973ns
    Clock Pessimism Removal (CPR):    0.000ns
  Clock Uncertainty:      0.035ns  ((TSJ^2 + TIJ^2)^1/2 + DJ) / 2 + PE
    Total System Jitter     (TSJ):    0.071ns
    Total Input Jitter      (TIJ):    0.000ns
    Discrete Jitter          (DJ):    0.000ns
    Phase Error              (PE):    0.000ns

    Location             Delay type                Incr(ns)  Path(ns)    Netlist Resource(s)
  -------------------------------------------------------------------    -------------------
                         (clock ap_clk rise edge)     0.000     0.000 r  <hidden>
                                                      0.000     0.000 r  ap_clk
                         net (fo=3947, unset)         0.973     0.973    bd_0_i/hls_inst/inst/control_s_axi_U/ap_clk
    SLICE_X50Y46         FDRE                                         r  bd_0_i/hls_inst/inst/control_s_axi_U/int_ap_start_reg/C
  -------------------------------------------------------------------    -------------------
    SLICE_X50Y46         FDRE (Prop_fdre_C_Q)         0.518     1.491 r  bd_0_i/hls_inst/inst/control_s_axi_U/int_ap_start_reg/Q
                         net (fo=74, routed)          1.198     2.689    bd_0_i/hls_inst/inst/control_s_axi_U/ap_start
    SLICE_X50Y55         LUT6 (Prop_lut6_I4_O)        0.124     2.813 r  bd_0_i/hls_inst/inst/control_s_axi_U/icmp_ln20_1_reg_348[0]_i_32/O
                         net (fo=1, routed)           0.628     3.441    bd_0_i/hls_inst/inst/control_s_axi_U/icmp_ln20_1_reg_348[0]_i_32_n_0
    SLICE_X48Y54         CARRY4 (Prop_carry4_DI[0]_CO[3])
                                                      0.526     3.967 r  bd_0_i/hls_inst/inst/control_s_axi_U/icmp_ln20_1_reg_348_reg[0]_i_20/CO[3]
                         net (fo=1, routed)           0.000     3.967    bd_0_i/hls_inst/inst/control_s_axi_U/icmp_ln20_1_reg_348_reg[0]_i_20_n_0
    SLICE_X48Y55         CARRY4 (Prop_carry4_CI_CO[3])
                                                      0.114     4.081 r  bd_0_i/hls_inst/inst/control_s_axi_U/icmp_ln20_1_reg_348_reg[0]_i_11/CO[3]
                         net (fo=1, routed)           0.000     4.081    bd_0_i/hls_inst/inst/control_s_axi_U/icmp_ln20_1_reg_348_reg[0]_i_11_n_0
    SLICE_X48Y56         CARRY4 (Prop_carry4_CI_CO[3])
                                                      0.114     4.195 r  bd_0_i/hls_inst/inst/control_s_axi_U/icmp_ln20_1_reg_348_reg[0]_i_2/CO[3]
                         net (fo=1, routed)           0.000     4.195    bd_0_i/hls_inst/inst/control_s_axi_U/icmp_ln20_1_reg_348_reg[0]_i_2_n_0
    SLICE_X48Y57         CARRY4 (Prop_carry4_CI_CO[3])
                                                      0.114     4.309 f  bd_0_i/hls_inst/inst/control_s_axi_U/icmp_ln20_1_reg_348_reg[0]_i_1/CO[3]
                         net (fo=6, routed)           1.358     5.667    bd_0_i/hls_inst/inst/control_s_axi_U/CO[0]
    SLICE_X48Y46         LUT5 (Prop_lut5_I3_O)        0.124     5.791 r  bd_0_i/hls_inst/inst/control_s_axi_U/i_fu_112[30]_i_1/O
                         net (fo=31, routed)          0.883     6.674    bd_0_i/hls_inst/inst/control_s_axi_U_n_0
    SLICE_X49Y56         FDRE                                         r  bd_0_i/hls_inst/inst/i_fu_112_reg[27]/R
  -------------------------------------------------------------------    -------------------

                         (clock ap_clk rise edge)    10.000    10.000 r  <hidden>
                                                      0.000    10.000 r  ap_clk
                         net (fo=3947, unset)         0.924    10.924    bd_0_i/hls_inst/inst/ap_clk
    SLICE_X49Y56         FDRE                                         r  bd_0_i/hls_inst/inst/i_fu_112_reg[27]/C
                         clock pessimism              0.000    10.924    <hidden>
                         clock uncertainty           -0.035    10.889    <hidden>
    SLICE_X49Y56         FDRE (Setup_fdre_C_R)       -0.429    10.460    bd_0_i/hls_inst/inst/i_fu_112_reg[27]
  -------------------------------------------------------------------
                         required time                         10.460    <hidden>
                         arrival time                          -6.674    <hidden>
  -------------------------------------------------------------------
                         slack                                  3.786    <hidden>

Slack (MET) :             3.786ns  (required time - arrival time)
  Source:                 bd_0_i/hls_inst/inst/control_s_axi_U/int_ap_start_reg/C
                            (rising edge-triggered cell FDRE clocked by ap_clk  {rise@0.000ns fall@5.000ns period=10.000ns})
  Destination:            bd_0_i/hls_inst/inst/i_fu_112_reg[28]/R
                            (rising edge-triggered cell FDRE clocked by ap_clk  {rise@0.000ns fall@5.000ns period=10.000ns})
  Path Group:             ap_clk
  Path Type:              Setup (Max at Slow Process Corner)
  Requirement:            10.000ns  (ap_clk rise@10.000ns - ap_clk rise@0.000ns)
  Data Path Delay:        5.701ns  (logic 1.634ns (28.664%)  route 4.067ns (71.337%))
  Logic Levels:           6  (CARRY4=4 LUT5=1 LUT6=1)
  Clock Path Skew:        -0.049ns (DCD - SCD + CPR)
    Destination Clock Delay (DCD):    0.924ns = ( 10.924 - 10.000 ) 
    Source Clock Delay      (SCD):    0.973ns
    Clock Pessimism Removal (CPR):    0.000ns
  Clock Uncertainty:      0.035ns  ((TSJ^2 + TIJ^2)^1/2 + DJ) / 2 + PE
    Total System Jitter     (TSJ):    0.071ns
    Total Input Jitter      (TIJ):    0.000ns
    Discrete Jitter          (DJ):    0.000ns
    Phase Error              (PE):    0.000ns

    Location             Delay type                Incr(ns)  Path(ns)    Netlist Resource(s)
  -------------------------------------------------------------------    -------------------
                         (clock ap_clk rise edge)     0.000     0.000 r  <hidden>
                                                      0.000     0.000 r  ap_clk
                         net (fo=3947, unset)         0.973     0.973    bd_0_i/hls_inst/inst/control_s_axi_U/ap_clk
    SLICE_X50Y46         FDRE                                         r  bd_0_i/hls_inst/inst/control_s_axi_U/int_ap_start_reg/C
  -------------------------------------------------------------------    -------------------
    SLICE_X50Y46         FDRE (Prop_fdre_C_Q)         0.518     1.491 r  bd_0_i/hls_inst/inst/control_s_axi_U/int_ap_start_reg/Q
                         net (fo=74, routed)          1.198     2.689    bd_0_i/hls_inst/inst/control_s_axi_U/ap_start
    SLICE_X50Y55         LUT6 (Prop_lut6_I4_O)        0.124     2.813 r  bd_0_i/hls_inst/inst/control_s_axi_U/icmp_ln20_1_reg_348[0]_i_32/O
                         net (fo=1, routed)           0.628     3.441    bd_0_i/hls_inst/inst/control_s_axi_U/icmp_ln20_1_reg_348[0]_i_32_n_0
    SLICE_X48Y54         CARRY4 (Prop_carry4_DI[0]_CO[3])
                                                      0.526     3.967 r  bd_0_i/hls_inst/inst/control_s_axi_U/icmp_ln20_1_reg_348_reg[0]_i_20/CO[3]
                         net (fo=1, routed)           0.000     3.967    bd_0_i/hls_inst/inst/control_s_axi_U/icmp_ln20_1_reg_348_reg[0]_i_20_n_0
    SLICE_X48Y55         CARRY4 (Prop_carry4_CI_CO[3])
                                                      0.114     4.081 r  bd_0_i/hls_inst/inst/control_s_axi_U/icmp_ln20_1_reg_348_reg[0]_i_11/CO[3]
                         net (fo=1, routed)           0.000     4.081    bd_0_i/hls_inst/inst/control_s_axi_U/icmp_ln20_1_reg_348_reg[0]_i_11_n_0
    SLICE_X48Y56         CARRY4 (Prop_carry4_CI_CO[3])
                                                      0.114     4.195 r  bd_0_i/hls_inst/inst/control_s_axi_U/icmp_ln20_1_reg_348_reg[0]_i_2/CO[3]
                         net (fo=1, routed)           0.000     4.195    bd_0_i/hls_inst/inst/control_s_axi_U/icmp_ln20_1_reg_348_reg[0]_i_2_n_0
    SLICE_X48Y57         CARRY4 (Prop_carry4_CI_CO[3])
                                                      0.114     4.309 f  bd_0_i/hls_inst/inst/control_s_axi_U/icmp_ln20_1_reg_348_reg[0]_i_1/CO[3]
                         net (fo=6, routed)           1.358     5.667    bd_0_i/hls_inst/inst/control_s_axi_U/CO[0]
    SLICE_X48Y46         LUT5 (Prop_lut5_I3_O)        0.124     5.791 r  bd_0_i/hls_inst/inst/control_s_axi_U/i_fu_112[30]_i_1/O
                         net (fo=31, routed)          0.883     6.674    bd_0_i/hls_inst/inst/control_s_axi_U_n_0
    SLICE_X49Y56         FDRE                                         r  bd_0_i/hls_inst/inst/i_fu_112_reg[28]/R
  -------------------------------------------------------------------    -------------------

                         (clock ap_clk rise edge)    10.000    10.000 r  <hidden>
                                                      0.000    10.000 r  ap_clk
                         net (fo=3947, unset)         0.924    10.924    bd_0_i/hls_inst/inst/ap_clk
    SLICE_X49Y56         FDRE                                         r  bd_0_i/hls_inst/inst/i_fu_112_reg[28]/C
                         clock pessimism              0.000    10.924    <hidden>
                         clock uncertainty           -0.035    10.889    <hidden>
    SLICE_X49Y56         FDRE (Setup_fdre_C_R)       -0.429    10.460    bd_0_i/hls_inst/inst/i_fu_112_reg[28]
  -------------------------------------------------------------------
                         required time                         10.460    <hidden>
                         arrival time                          -6.674    <hidden>
  -------------------------------------------------------------------
                         slack                                  3.786    <hidden>

Slack (MET) :             3.853ns  (required time - arrival time)
  Source:                 bd_0_i/hls_inst/inst/control_s_axi_U/int_ap_start_reg/C
                            (rising edge-triggered cell FDRE clocked by ap_clk  {rise@0.000ns fall@5.000ns period=10.000ns})
  Destination:            bd_0_i/hls_inst/inst/i_fu_112_reg[29]/R
                            (rising edge-triggered cell FDRE clocked by ap_clk  {rise@0.000ns fall@5.000ns period=10.000ns})
  Path Group:             ap_clk
  Path Type:              Setup (Max at Slow Process Corner)
  Requirement:            10.000ns  (ap_clk rise@10.000ns - ap_clk rise@0.000ns)
  Data Path Delay:        5.634ns  (logic 1.634ns (29.001%)  route 4.000ns (70.999%))
  Logic Levels:           6  (CARRY4=4 LUT5=1 LUT6=1)
  Clock Path Skew:        -0.049ns (DCD - SCD + CPR)
    Destination Clock Delay (DCD):    0.924ns = ( 10.924 - 10.000 ) 
    Source Clock Delay      (SCD):    0.973ns
    Clock Pessimism Removal (CPR):    0.000ns
  Clock Uncertainty:      0.035ns  ((TSJ^2 + TIJ^2)^1/2 + DJ) / 2 + PE
    Total System Jitter     (TSJ):    0.071ns
    Total Input Jitter      (TIJ):    0.000ns
    Discrete Jitter          (DJ):    0.000ns
    Phase Error              (PE):    0.000ns

    Location             Delay type                Incr(ns)  Path(ns)    Netlist Resource(s)
  -------------------------------------------------------------------    -------------------
                         (clock ap_clk rise edge)     0.000     0.000 r  <hidden>
                                                      0.000     0.000 r  ap_clk
                         net (fo=3947, unset)         0.973     0.973    bd_0_i/hls_inst/inst/control_s_axi_U/ap_clk
    SLICE_X50Y46         FDRE                                         r  bd_0_i/hls_inst/inst/control_s_axi_U/int_ap_start_reg/C
  -------------------------------------------------------------------    -------------------
    SLICE_X50Y46         FDRE (Prop_fdre_C_Q)         0.518     1.491 r  bd_0_i/hls_inst/inst/control_s_axi_U/int_ap_start_reg/Q
                         net (fo=74, routed)          1.198     2.689    bd_0_i/hls_inst/inst/control_s_axi_U/ap_start
    SLICE_X50Y55         LUT6 (Prop_lut6_I4_O)        0.124     2.813 r  bd_0_i/hls_inst/inst/control_s_axi_U/icmp_ln20_1_reg_348[0]_i_32/O
                         net (fo=1, routed)           0.628     3.441    bd_0_i/hls_inst/inst/control_s_axi_U/icmp_ln20_1_reg_348[0]_i_32_n_0
    SLICE_X48Y54         CARRY4 (Prop_carry4_DI[0]_CO[3])
                                                      0.526     3.967 r  bd_0_i/hls_inst/inst/control_s_axi_U/icmp_ln20_1_reg_348_reg[0]_i_20/CO[3]
                         net (fo=1, routed)           0.000     3.967    bd_0_i/hls_inst/inst/control_s_axi_U/icmp_ln20_1_reg_348_reg[0]_i_20_n_0
    SLICE_X48Y55         CARRY4 (Prop_carry4_CI_CO[3])
                                                      0.114     4.081 r  bd_0_i/hls_inst/inst/control_s_axi_U/icmp_ln20_1_reg_348_reg[0]_i_11/CO[3]
                         net (fo=1, routed)           0.000     4.081    bd_0_i/hls_inst/inst/control_s_axi_U/icmp_ln20_1_reg_348_reg[0]_i_11_n_0
    SLICE_X48Y56         CARRY4 (Prop_carry4_CI_CO[3])
                                                      0.114     4.195 r  bd_0_i/hls_inst/inst/control_s_axi_U/icmp_ln20_1_reg_348_reg[0]_i_2/CO[3]
                         net (fo=1, routed)           0.000     4.195    bd_0_i/hls_inst/inst/control_s_axi_U/icmp_ln20_1_reg_348_reg[0]_i_2_n_0
    SLICE_X48Y57         CARRY4 (Prop_carry4_CI_CO[3])
                                                      0.114     4.309 f  bd_0_i/hls_inst/inst/control_s_axi_U/icmp_ln20_1_reg_348_reg[0]_i_1/CO[3]
                         net (fo=6, routed)           1.358     5.667    bd_0_i/hls_inst/inst/control_s_axi_U/CO[0]
    SLICE_X48Y46         LUT5 (Prop_lut5_I3_O)        0.124     5.791 r  bd_0_i/hls_inst/inst/control_s_axi_U/i_fu_112[30]_i_1/O
                         net (fo=31, routed)          0.816     6.607    bd_0_i/hls_inst/inst/control_s_axi_U_n_0
    SLICE_X49Y57         FDRE                                         r  bd_0_i/hls_inst/inst/i_fu_112_reg[29]/R
  -------------------------------------------------------------------    -------------------

                         (clock ap_clk rise edge)    10.000    10.000 r  <hidden>
                                                      0.000    10.000 r  ap_clk
                         net (fo=3947, unset)         0.924    10.924    bd_0_i/hls_inst/inst/ap_clk
    SLICE_X49Y57         FDRE                                         r  bd_0_i/hls_inst/inst/i_fu_112_reg[29]/C
                         clock pessimism              0.000    10.924    <hidden>
                         clock uncertainty           -0.035    10.889    <hidden>
    SLICE_X49Y57         FDRE (Setup_fdre_C_R)       -0.429    10.460    bd_0_i/hls_inst/inst/i_fu_112_reg[29]
  -------------------------------------------------------------------
                         required time                         10.460    <hidden>
                         arrival time                          -6.607    <hidden>
  -------------------------------------------------------------------
                         slack                                  3.853    <hidden>

Slack (MET) :             3.853ns  (required time - arrival time)
  Source:                 bd_0_i/hls_inst/inst/control_s_axi_U/int_ap_start_reg/C
                            (rising edge-triggered cell FDRE clocked by ap_clk  {rise@0.000ns fall@5.000ns period=10.000ns})
  Destination:            bd_0_i/hls_inst/inst/i_fu_112_reg[30]/R
                            (rising edge-triggered cell FDRE clocked by ap_clk  {rise@0.000ns fall@5.000ns period=10.000ns})
  Path Group:             ap_clk
  Path Type:              Setup (Max at Slow Process Corner)
  Requirement:            10.000ns  (ap_clk rise@10.000ns - ap_clk rise@0.000ns)
  Data Path Delay:        5.634ns  (logic 1.634ns (29.001%)  route 4.000ns (70.999%))
  Logic Levels:           6  (CARRY4=4 LUT5=1 LUT6=1)
  Clock Path Skew:        -0.049ns (DCD - SCD + CPR)
    Destination Clock Delay (DCD):    0.924ns = ( 10.924 - 10.000 ) 
    Source Clock Delay      (SCD):    0.973ns
    Clock Pessimism Removal (CPR):    0.000ns
  Clock Uncertainty:      0.035ns  ((TSJ^2 + TIJ^2)^1/2 + DJ) / 2 + PE
    Total System Jitter     (TSJ):    0.071ns
    Total Input Jitter      (TIJ):    0.000ns
    Discrete Jitter          (DJ):    0.000ns
    Phase Error              (PE):    0.000ns

    Location             Delay type                Incr(ns)  Path(ns)    Netlist Resource(s)
  -------------------------------------------------------------------    -------------------
                         (clock ap_clk rise edge)     0.000     0.000 r  <hidden>
                                                      0.000     0.000 r  ap_clk
                         net (fo=3947, unset)         0.973     0.973    bd_0_i/hls_inst/inst/control_s_axi_U/ap_clk
    SLICE_X50Y46         FDRE                                         r  bd_0_i/hls_inst/inst/control_s_axi_U/int_ap_start_reg/C
  -------------------------------------------------------------------    -------------------
    SLICE_X50Y46         FDRE (Prop_fdre_C_Q)         0.518     1.491 r  bd_0_i/hls_inst/inst/control_s_axi_U/int_ap_start_reg/Q
                         net (fo=74, routed)          1.198     2.689    bd_0_i/hls_inst/inst/control_s_axi_U/ap_start
    SLICE_X50Y55         LUT6 (Prop_lut6_I4_O)        0.124     2.813 r  bd_0_i/hls_inst/inst/control_s_axi_U/icmp_ln20_1_reg_348[0]_i_32/O
                         net (fo=1, routed)           0.628     3.441    bd_0_i/hls_inst/inst/control_s_axi_U/icmp_ln20_1_reg_348[0]_i_32_n_0
    SLICE_X48Y54         CARRY4 (Prop_carry4_DI[0]_CO[3])
                                                      0.526     3.967 r  bd_0_i/hls_inst/inst/control_s_axi_U/icmp_ln20_1_reg_348_reg[0]_i_20/CO[3]
                         net (fo=1, routed)           0.000     3.967    bd_0_i/hls_inst/inst/control_s_axi_U/icmp_ln20_1_reg_348_reg[0]_i_20_n_0
    SLICE_X48Y55         CARRY4 (Prop_carry4_CI_CO[3])
                                                      0.114     4.081 r  bd_0_i/hls_inst/inst/control_s_axi_U/icmp_ln20_1_reg_348_reg[0]_i_11/CO[3]
                         net (fo=1, routed)           0.000     4.081    bd_0_i/hls_inst/inst/control_s_axi_U/icmp_ln20_1_reg_348_reg[0]_i_11_n_0
    SLICE_X48Y56         CARRY4 (Prop_carry4_CI_CO[3])
                                                      0.114     4.195 r  bd_0_i/hls_inst/inst/control_s_axi_U/icmp_ln20_1_reg_348_reg[0]_i_2/CO[3]
                         net (fo=1, routed)           0.000     4.195    bd_0_i/hls_inst/inst/control_s_axi_U/icmp_ln20_1_reg_348_reg[0]_i_2_n_0
    SLICE_X48Y57         CARRY4 (Prop_carry4_CI_CO[3])
                                                      0.114     4.309 f  bd_0_i/hls_inst/inst/control_s_axi_U/icmp_ln20_1_reg_348_reg[0]_i_1/CO[3]
                         net (fo=6, routed)           1.358     5.667    bd_0_i/hls_inst/inst/control_s_axi_U/CO[0]
    SLICE_X48Y46         LUT5 (Prop_lut5_I3_O)        0.124     5.791 r  bd_0_i/hls_inst/inst/control_s_axi_U/i_fu_112[30]_i_1/O
                         net (fo=31, routed)          0.816     6.607    bd_0_i/hls_inst/inst/control_s_axi_U_n_0
    SLICE_X49Y57         FDRE                                         r  bd_0_i/hls_inst/inst/i_fu_112_reg[30]/R
  -------------------------------------------------------------------    -------------------

                         (clock ap_clk rise edge)    10.000    10.000 r  <hidden>
                                                      0.000    10.000 r  ap_clk
                         net (fo=3947, unset)         0.924    10.924    bd_0_i/hls_inst/inst/ap_clk
    SLICE_X49Y57         FDRE                                         r  bd_0_i/hls_inst/inst/i_fu_112_reg[30]/C
                         clock pessimism              0.000    10.924    <hidden>
                         clock uncertainty           -0.035    10.889    <hidden>
    SLICE_X49Y57         FDRE (Setup_fdre_C_R)       -0.429    10.460    bd_0_i/hls_inst/inst/i_fu_112_reg[30]
  -------------------------------------------------------------------
                         required time                         10.460    <hidden>
                         arrival time                          -6.607    <hidden>
  -------------------------------------------------------------------
                         slack                                  3.853    <hidden>

Slack (MET) :             3.925ns  (required time - arrival time)
  Source:                 bd_0_i/hls_inst/inst/control_s_axi_U/int_ap_start_reg/C
                            (rising edge-triggered cell FDRE clocked by ap_clk  {rise@0.000ns fall@5.000ns period=10.000ns})
  Destination:            bd_0_i/hls_inst/inst/i_fu_112_reg[21]/R
                            (rising edge-triggered cell FDRE clocked by ap_clk  {rise@0.000ns fall@5.000ns period=10.000ns})
  Path Group:             ap_clk
  Path Type:              Setup (Max at Slow Process Corner)
  Requirement:            10.000ns  (ap_clk rise@10.000ns - ap_clk rise@0.000ns)
  Data Path Delay:        5.562ns  (logic 1.634ns (29.377%)  route 3.928ns (70.623%))
  Logic Levels:           6  (CARRY4=4 LUT5=1 LUT6=1)
  Clock Path Skew:        -0.049ns (DCD - SCD + CPR)
    Destination Clock Delay (DCD):    0.924ns = ( 10.924 - 10.000 ) 
    Source Clock Delay      (SCD):    0.973ns
    Clock Pessimism Removal (CPR):    0.000ns
  Clock Uncertainty:      0.035ns  ((TSJ^2 + TIJ^2)^1/2 + DJ) / 2 + PE
    Total System Jitter     (TSJ):    0.071ns
    Total Input Jitter      (TIJ):    0.000ns
    Discrete Jitter          (DJ):    0.000ns
    Phase Error              (PE):    0.000ns

    Location             Delay type                Incr(ns)  Path(ns)    Netlist Resource(s)
  -------------------------------------------------------------------    -------------------
                         (clock ap_clk rise edge)     0.000     0.000 r  <hidden>
                                                      0.000     0.000 r  ap_clk
                         net (fo=3947, unset)         0.973     0.973    bd_0_i/hls_inst/inst/control_s_axi_U/ap_clk
    SLICE_X50Y46         FDRE                                         r  bd_0_i/hls_inst/inst/control_s_axi_U/int_ap_start_reg/C
  -------------------------------------------------------------------    -------------------
    SLICE_X50Y46         FDRE (Prop_fdre_C_Q)         0.518     1.491 r  bd_0_i/hls_inst/inst/control_s_axi_U/int_ap_start_reg/Q
                         net (fo=74, routed)          1.198     2.689    bd_0_i/hls_inst/inst/control_s_axi_U/ap_start
    SLICE_X50Y55         LUT6 (Prop_lut6_I4_O)        0.124     2.813 r  bd_0_i/hls_inst/inst/control_s_axi_U/icmp_ln20_1_reg_348[0]_i_32/O
                         net (fo=1, routed)           0.628     3.441    bd_0_i/hls_inst/inst/control_s_axi_U/icmp_ln20_1_reg_348[0]_i_32_n_0
    SLICE_X48Y54         CARRY4 (Prop_carry4_DI[0]_CO[3])
                                                      0.526     3.967 r  bd_0_i/hls_inst/inst/control_s_axi_U/icmp_ln20_1_reg_348_reg[0]_i_20/CO[3]
                         net (fo=1, routed)           0.000     3.967    bd_0_i/hls_inst/inst/control_s_axi_U/icmp_ln20_1_reg_348_reg[0]_i_20_n_0
    SLICE_X48Y55         CARRY4 (Prop_carry4_CI_CO[3])
                                                      0.114     4.081 r  bd_0_i/hls_inst/inst/control_s_axi_U/icmp_ln20_1_reg_348_reg[0]_i_11/CO[3]
                         net (fo=1, routed)           0.000     4.081    bd_0_i/hls_inst/inst/control_s_axi_U/icmp_ln20_1_reg_348_reg[0]_i_11_n_0
    SLICE_X48Y56         CARRY4 (Prop_carry4_CI_CO[3])
                                                      0.114     4.195 r  bd_0_i/hls_inst/inst/control_s_axi_U/icmp_ln20_1_reg_348_reg[0]_i_2/CO[3]
                         net (fo=1, routed)           0.000     4.195    bd_0_i/hls_inst/inst/control_s_axi_U/icmp_ln20_1_reg_348_reg[0]_i_2_n_0
    SLICE_X48Y57         CARRY4 (Prop_carry4_CI_CO[3])
                                                      0.114     4.309 f  bd_0_i/hls_inst/inst/control_s_axi_U/icmp_ln20_1_reg_348_reg[0]_i_1/CO[3]
                         net (fo=6, routed)           1.358     5.667    bd_0_i/hls_inst/inst/control_s_axi_U/CO[0]
    SLICE_X48Y46         LUT5 (Prop_lut5_I3_O)        0.124     5.791 r  bd_0_i/hls_inst/inst/control_s_axi_U/i_fu_112[30]_i_1/O
                         net (fo=31, routed)          0.744     6.535    bd_0_i/hls_inst/inst/control_s_axi_U_n_0
    SLICE_X49Y55         FDRE                                         r  bd_0_i/hls_inst/inst/i_fu_112_reg[21]/R
  -------------------------------------------------------------------    -------------------

                         (clock ap_clk rise edge)    10.000    10.000 r  <hidden>
                                                      0.000    10.000 r  ap_clk
                         net (fo=3947, unset)         0.924    10.924    bd_0_i/hls_inst/inst/ap_clk
    SLICE_X49Y55         FDRE                                         r  bd_0_i/hls_inst/inst/i_fu_112_reg[21]/C
                         clock pessimism              0.000    10.924    <hidden>
                         clock uncertainty           -0.035    10.889    <hidden>
    SLICE_X49Y55         FDRE (Setup_fdre_C_R)       -0.429    10.460    bd_0_i/hls_inst/inst/i_fu_112_reg[21]
  -------------------------------------------------------------------
                         required time                         10.460    <hidden>
                         arrival time                          -6.535    <hidden>
  -------------------------------------------------------------------
                         slack                                  3.925    <hidden>

Slack (MET) :             3.925ns  (required time - arrival time)
  Source:                 bd_0_i/hls_inst/inst/control_s_axi_U/int_ap_start_reg/C
                            (rising edge-triggered cell FDRE clocked by ap_clk  {rise@0.000ns fall@5.000ns period=10.000ns})
  Destination:            bd_0_i/hls_inst/inst/i_fu_112_reg[22]/R
                            (rising edge-triggered cell FDRE clocked by ap_clk  {rise@0.000ns fall@5.000ns period=10.000ns})
  Path Group:             ap_clk
  Path Type:              Setup (Max at Slow Process Corner)
  Requirement:            10.000ns  (ap_clk rise@10.000ns - ap_clk rise@0.000ns)
  Data Path Delay:        5.562ns  (logic 1.634ns (29.377%)  route 3.928ns (70.623%))
  Logic Levels:           6  (CARRY4=4 LUT5=1 LUT6=1)
  Clock Path Skew:        -0.049ns (DCD - SCD + CPR)
    Destination Clock Delay (DCD):    0.924ns = ( 10.924 - 10.000 ) 
    Source Clock Delay      (SCD):    0.973ns
    Clock Pessimism Removal (CPR):    0.000ns
  Clock Uncertainty:      0.035ns  ((TSJ^2 + TIJ^2)^1/2 + DJ) / 2 + PE
    Total System Jitter     (TSJ):    0.071ns
    Total Input Jitter      (TIJ):    0.000ns
    Discrete Jitter          (DJ):    0.000ns
    Phase Error              (PE):    0.000ns

    Location             Delay type                Incr(ns)  Path(ns)    Netlist Resource(s)
  -------------------------------------------------------------------    -------------------
                         (clock ap_clk rise edge)     0.000     0.000 r  <hidden>
                                                      0.000     0.000 r  ap_clk
                         net (fo=3947, unset)         0.973     0.973    bd_0_i/hls_inst/inst/control_s_axi_U/ap_clk
    SLICE_X50Y46         FDRE                                         r  bd_0_i/hls_inst/inst/control_s_axi_U/int_ap_start_reg/C
  -------------------------------------------------------------------    -------------------
    SLICE_X50Y46         FDRE (Prop_fdre_C_Q)         0.518     1.491 r  bd_0_i/hls_inst/inst/control_s_axi_U/int_ap_start_reg/Q
                         net (fo=74, routed)          1.198     2.689    bd_0_i/hls_inst/inst/control_s_axi_U/ap_start
    SLICE_X50Y55         LUT6 (Prop_lut6_I4_O)        0.124     2.813 r  bd_0_i/hls_inst/inst/control_s_axi_U/icmp_ln20_1_reg_348[0]_i_32/O
                         net (fo=1, routed)           0.628     3.441    bd_0_i/hls_inst/inst/control_s_axi_U/icmp_ln20_1_reg_348[0]_i_32_n_0
    SLICE_X48Y54         CARRY4 (Prop_carry4_DI[0]_CO[3])
                                                      0.526     3.967 r  bd_0_i/hls_inst/inst/control_s_axi_U/icmp_ln20_1_reg_348_reg[0]_i_20/CO[3]
                         net (fo=1, routed)           0.000     3.967    bd_0_i/hls_inst/inst/control_s_axi_U/icmp_ln20_1_reg_348_reg[0]_i_20_n_0
    SLICE_X48Y55         CARRY4 (Prop_carry4_CI_CO[3])
                                                      0.114     4.081 r  bd_0_i/hls_inst/inst/control_s_axi_U/icmp_ln20_1_reg_348_reg[0]_i_11/CO[3]
                         net (fo=1, routed)           0.000     4.081    bd_0_i/hls_inst/inst/control_s_axi_U/icmp_ln20_1_reg_348_reg[0]_i_11_n_0
    SLICE_X48Y56         CARRY4 (Prop_carry4_CI_CO[3])
                                                      0.114     4.195 r  bd_0_i/hls_inst/inst/control_s_axi_U/icmp_ln20_1_reg_348_reg[0]_i_2/CO[3]
                         net (fo=1, routed)           0.000     4.195    bd_0_i/hls_inst/inst/control_s_axi_U/icmp_ln20_1_reg_348_reg[0]_i_2_n_0
    SLICE_X48Y57         CARRY4 (Prop_carry4_CI_CO[3])
                                                      0.114     4.309 f  bd_0_i/hls_inst/inst/control_s_axi_U/icmp_ln20_1_reg_348_reg[0]_i_1/CO[3]
                         net (fo=6, routed)           1.358     5.667    bd_0_i/hls_inst/inst/control_s_axi_U/CO[0]
    SLICE_X48Y46         LUT5 (Prop_lut5_I3_O)        0.124     5.791 r  bd_0_i/hls_inst/inst/control_s_axi_U/i_fu_112[30]_i_1/O
                         net (fo=31, routed)          0.744     6.535    bd_0_i/hls_inst/inst/control_s_axi_U_n_0
    SLICE_X49Y55         FDRE                                         r  bd_0_i/hls_inst/inst/i_fu_112_reg[22]/R
  -------------------------------------------------------------------    -------------------

                         (clock ap_clk rise edge)    10.000    10.000 r  <hidden>
                                                      0.000    10.000 r  ap_clk
                         net (fo=3947, unset)         0.924    10.924    bd_0_i/hls_inst/inst/ap_clk
    SLICE_X49Y55         FDRE                                         r  bd_0_i/hls_inst/inst/i_fu_112_reg[22]/C
                         clock pessimism              0.000    10.924    <hidden>
                         clock uncertainty           -0.035    10.889    <hidden>
    SLICE_X49Y55         FDRE (Setup_fdre_C_R)       -0.429    10.460    bd_0_i/hls_inst/inst/i_fu_112_reg[22]
  -------------------------------------------------------------------
                         required time                         10.460    <hidden>
                         arrival time                          -6.535    <hidden>
  -------------------------------------------------------------------
                         slack                                  3.925    <hidden>

Slack (MET) :             3.925ns  (required time - arrival time)
  Source:                 bd_0_i/hls_inst/inst/control_s_axi_U/int_ap_start_reg/C
                            (rising edge-triggered cell FDRE clocked by ap_clk  {rise@0.000ns fall@5.000ns period=10.000ns})
  Destination:            bd_0_i/hls_inst/inst/i_fu_112_reg[23]/R
                            (rising edge-triggered cell FDRE clocked by ap_clk  {rise@0.000ns fall@5.000ns period=10.000ns})
  Path Group:             ap_clk
  Path Type:              Setup (Max at Slow Process Corner)
  Requirement:            10.000ns  (ap_clk rise@10.000ns - ap_clk rise@0.000ns)
  Data Path Delay:        5.562ns  (logic 1.634ns (29.377%)  route 3.928ns (70.623%))
  Logic Levels:           6  (CARRY4=4 LUT5=1 LUT6=1)
  Clock Path Skew:        -0.049ns (DCD - SCD + CPR)
    Destination Clock Delay (DCD):    0.924ns = ( 10.924 - 10.000 ) 
    Source Clock Delay      (SCD):    0.973ns
    Clock Pessimism Removal (CPR):    0.000ns
  Clock Uncertainty:      0.035ns  ((TSJ^2 + TIJ^2)^1/2 + DJ) / 2 + PE
    Total System Jitter     (TSJ):    0.071ns
    Total Input Jitter      (TIJ):    0.000ns
    Discrete Jitter          (DJ):    0.000ns
    Phase Error              (PE):    0.000ns

    Location             Delay type                Incr(ns)  Path(ns)    Netlist Resource(s)
  -------------------------------------------------------------------    -------------------
                         (clock ap_clk rise edge)     0.000     0.000 r  <hidden>
                                                      0.000     0.000 r  ap_clk
                         net (fo=3947, unset)         0.973     0.973    bd_0_i/hls_inst/inst/control_s_axi_U/ap_clk
    SLICE_X50Y46         FDRE                                         r  bd_0_i/hls_inst/inst/control_s_axi_U/int_ap_start_reg/C
  -------------------------------------------------------------------    -------------------
    SLICE_X50Y46         FDRE (Prop_fdre_C_Q)         0.518     1.491 r  bd_0_i/hls_inst/inst/control_s_axi_U/int_ap_start_reg/Q
                         net (fo=74, routed)          1.198     2.689    bd_0_i/hls_inst/inst/control_s_axi_U/ap_start
    SLICE_X50Y55         LUT6 (Prop_lut6_I4_O)        0.124     2.813 r  bd_0_i/hls_inst/inst/control_s_axi_U/icmp_ln20_1_reg_348[0]_i_32/O
                         net (fo=1, routed)           0.628     3.441    bd_0_i/hls_inst/inst/control_s_axi_U/icmp_ln20_1_reg_348[0]_i_32_n_0
    SLICE_X48Y54         CARRY4 (Prop_carry4_DI[0]_CO[3])
                                                      0.526     3.967 r  bd_0_i/hls_inst/inst/control_s_axi_U/icmp_ln20_1_reg_348_reg[0]_i_20/CO[3]
                         net (fo=1, routed)           0.000     3.967    bd_0_i/hls_inst/inst/control_s_axi_U/icmp_ln20_1_reg_348_reg[0]_i_20_n_0
    SLICE_X48Y55         CARRY4 (Prop_carry4_CI_CO[3])
                                                      0.114     4.081 r  bd_0_i/hls_inst/inst/control_s_axi_U/icmp_ln20_1_reg_348_reg[0]_i_11/CO[3]
                         net (fo=1, routed)           0.000     4.081    bd_0_i/hls_inst/inst/control_s_axi_U/icmp_ln20_1_reg_348_reg[0]_i_11_n_0
    SLICE_X48Y56         CARRY4 (Prop_carry4_CI_CO[3])
                                                      0.114     4.195 r  bd_0_i/hls_inst/inst/control_s_axi_U/icmp_ln20_1_reg_348_reg[0]_i_2/CO[3]
                         net (fo=1, routed)           0.000     4.195    bd_0_i/hls_inst/inst/control_s_axi_U/icmp_ln20_1_reg_348_reg[0]_i_2_n_0
    SLICE_X48Y57         CARRY4 (Prop_carry4_CI_CO[3])
                                                      0.114     4.309 f  bd_0_i/hls_inst/inst/control_s_axi_U/icmp_ln20_1_reg_348_reg[0]_i_1/CO[3]
                         net (fo=6, routed)           1.358     5.667    bd_0_i/hls_inst/inst/control_s_axi_U/CO[0]
    SLICE_X48Y46         LUT5 (Prop_lut5_I3_O)        0.124     5.791 r  bd_0_i/hls_inst/inst/control_s_axi_U/i_fu_112[30]_i_1/O
                         net (fo=31, routed)          0.744     6.535    bd_0_i/hls_inst/inst/control_s_axi_U_n_0
    SLICE_X49Y55         FDRE                                         r  bd_0_i/hls_inst/inst/i_fu_112_reg[23]/R
  -------------------------------------------------------------------    -------------------

                         (clock ap_clk rise edge)    10.000    10.000 r  <hidden>
                                                      0.000    10.000 r  ap_clk
                         net (fo=3947, unset)         0.924    10.924    bd_0_i/hls_inst/inst/ap_clk
    SLICE_X49Y55         FDRE                                         r  bd_0_i/hls_inst/inst/i_fu_112_reg[23]/C
                         clock pessimism              0.000    10.924    <hidden>
                         clock uncertainty           -0.035    10.889    <hidden>
    SLICE_X49Y55         FDRE (Setup_fdre_C_R)       -0.429    10.460    bd_0_i/hls_inst/inst/i_fu_112_reg[23]
  -------------------------------------------------------------------
                         required time                         10.460    <hidden>
                         arrival time                          -6.535    <hidden>
  -------------------------------------------------------------------
                         slack                                  3.925    <hidden>

Slack (MET) :             3.925ns  (required time - arrival time)
  Source:                 bd_0_i/hls_inst/inst/control_s_axi_U/int_ap_start_reg/C
                            (rising edge-triggered cell FDRE clocked by ap_clk  {rise@0.000ns fall@5.000ns period=10.000ns})
  Destination:            bd_0_i/hls_inst/inst/i_fu_112_reg[24]/R
                            (rising edge-triggered cell FDRE clocked by ap_clk  {rise@0.000ns fall@5.000ns period=10.000ns})
  Path Group:             ap_clk
  Path Type:              Setup (Max at Slow Process Corner)
  Requirement:            10.000ns  (ap_clk rise@10.000ns - ap_clk rise@0.000ns)
  Data Path Delay:        5.562ns  (logic 1.634ns (29.377%)  route 3.928ns (70.623%))
  Logic Levels:           6  (CARRY4=4 LUT5=1 LUT6=1)
  Clock Path Skew:        -0.049ns (DCD - SCD + CPR)
    Destination Clock Delay (DCD):    0.924ns = ( 10.924 - 10.000 ) 
    Source Clock Delay      (SCD):    0.973ns
    Clock Pessimism Removal (CPR):    0.000ns
  Clock Uncertainty:      0.035ns  ((TSJ^2 + TIJ^2)^1/2 + DJ) / 2 + PE
    Total System Jitter     (TSJ):    0.071ns
    Total Input Jitter      (TIJ):    0.000ns
    Discrete Jitter          (DJ):    0.000ns
    Phase Error              (PE):    0.000ns

    Location             Delay type                Incr(ns)  Path(ns)    Netlist Resource(s)
  -------------------------------------------------------------------    -------------------
                         (clock ap_clk rise edge)     0.000     0.000 r  <hidden>
                                                      0.000     0.000 r  ap_clk
                         net (fo=3947, unset)         0.973     0.973    bd_0_i/hls_inst/inst/control_s_axi_U/ap_clk
    SLICE_X50Y46         FDRE                                         r  bd_0_i/hls_inst/inst/control_s_axi_U/int_ap_start_reg/C
  -------------------------------------------------------------------    -------------------
    SLICE_X50Y46         FDRE (Prop_fdre_C_Q)         0.518     1.491 r  bd_0_i/hls_inst/inst/control_s_axi_U/int_ap_start_reg/Q
                         net (fo=74, routed)          1.198     2.689    bd_0_i/hls_inst/inst/control_s_axi_U/ap_start
    SLICE_X50Y55         LUT6 (Prop_lut6_I4_O)        0.124     2.813 r  bd_0_i/hls_inst/inst/control_s_axi_U/icmp_ln20_1_reg_348[0]_i_32/O
                         net (fo=1, routed)           0.628     3.441    bd_0_i/hls_inst/inst/control_s_axi_U/icmp_ln20_1_reg_348[0]_i_32_n_0
    SLICE_X48Y54         CARRY4 (Prop_carry4_DI[0]_CO[3])
                                                      0.526     3.967 r  bd_0_i/hls_inst/inst/control_s_axi_U/icmp_ln20_1_reg_348_reg[0]_i_20/CO[3]
                         net (fo=1, routed)           0.000     3.967    bd_0_i/hls_inst/inst/control_s_axi_U/icmp_ln20_1_reg_348_reg[0]_i_20_n_0
    SLICE_X48Y55         CARRY4 (Prop_carry4_CI_CO[3])
                                                      0.114     4.081 r  bd_0_i/hls_inst/inst/control_s_axi_U/icmp_ln20_1_reg_348_reg[0]_i_11/CO[3]
                         net (fo=1, routed)           0.000     4.081    bd_0_i/hls_inst/inst/control_s_axi_U/icmp_ln20_1_reg_348_reg[0]_i_11_n_0
    SLICE_X48Y56         CARRY4 (Prop_carry4_CI_CO[3])
                                                      0.114     4.195 r  bd_0_i/hls_inst/inst/control_s_axi_U/icmp_ln20_1_reg_348_reg[0]_i_2/CO[3]
                         net (fo=1, routed)           0.000     4.195    bd_0_i/hls_inst/inst/control_s_axi_U/icmp_ln20_1_reg_348_reg[0]_i_2_n_0
    SLICE_X48Y57         CARRY4 (Prop_carry4_CI_CO[3])
                                                      0.114     4.309 f  bd_0_i/hls_inst/inst/control_s_axi_U/icmp_ln20_1_reg_348_reg[0]_i_1/CO[3]
                         net (fo=6, routed)           1.358     5.667    bd_0_i/hls_inst/inst/control_s_axi_U/CO[0]
    SLICE_X48Y46         LUT5 (Prop_lut5_I3_O)        0.124     5.791 r  bd_0_i/hls_inst/inst/control_s_axi_U/i_fu_112[30]_i_1/O
                         net (fo=31, routed)          0.744     6.535    bd_0_i/hls_inst/inst/control_s_axi_U_n_0
    SLICE_X49Y55         FDRE                                         r  bd_0_i/hls_inst/inst/i_fu_112_reg[24]/R
  -------------------------------------------------------------------    -------------------

                         (clock ap_clk rise edge)    10.000    10.000 r  <hidden>
                                                      0.000    10.000 r  ap_clk
                         net (fo=3947, unset)         0.924    10.924    bd_0_i/hls_inst/inst/ap_clk
    SLICE_X49Y55         FDRE                                         r  bd_0_i/hls_inst/inst/i_fu_112_reg[24]/C
                         clock pessimism              0.000    10.924    <hidden>
                         clock uncertainty           -0.035    10.889    <hidden>
    SLICE_X49Y55         FDRE (Setup_fdre_C_R)       -0.429    10.460    bd_0_i/hls_inst/inst/i_fu_112_reg[24]
  -------------------------------------------------------------------
                         required time                         10.460    <hidden>
                         arrival time                          -6.535    <hidden>
  -------------------------------------------------------------------
                         slack                                  3.925    <hidden>





Min Delay Paths
--------------------------------------------------------------------------------------
Slack (MET) :             0.039ns  (arrival time - required time)
  Source:                 bd_0_i/hls_inst/inst/B_read_reg_326_reg[57]/C
                            (rising edge-triggered cell FDRE clocked by ap_clk  {rise@0.000ns fall@5.000ns period=10.000ns})
  Destination:            bd_0_i/hls_inst/inst/gmem_B_m_axi_U/load_unit_0/fifo_rreq/U_fifo_srl/mem_reg[5][55]_srl6/D
                            (rising edge-triggered cell SRL16E clocked by ap_clk  {rise@0.000ns fall@5.000ns period=10.000ns})
  Path Group:             ap_clk
  Path Type:              Hold (Min at Fast Process Corner)
  Requirement:            0.000ns  (ap_clk rise@0.000ns - ap_clk rise@0.000ns)
  Data Path Delay:        0.244ns  (logic 0.141ns (57.770%)  route 0.103ns (42.230%))
  Logic Levels:           0  
  Clock Path Skew:        0.022ns (DCD - SCD - CPR)
    Destination Clock Delay (DCD):    0.432ns
    Source Clock Delay      (SCD):    0.410ns
    Clock Pessimism Removal (CPR):    -0.000ns

    Location             Delay type                Incr(ns)  Path(ns)    Netlist Resource(s)
  -------------------------------------------------------------------    -------------------
                         (clock ap_clk rise edge)     0.000     0.000 r  <hidden>
                                                      0.000     0.000 r  ap_clk
                         net (fo=3947, unset)         0.410     0.410    bd_0_i/hls_inst/inst/ap_clk
    SLICE_X44Y62         FDRE                                         r  bd_0_i/hls_inst/inst/B_read_reg_326_reg[57]/C
  -------------------------------------------------------------------    -------------------
    SLICE_X44Y62         FDRE (Prop_fdre_C_Q)         0.141     0.551 r  bd_0_i/hls_inst/inst/B_read_reg_326_reg[57]/Q
                         net (fo=1, routed)           0.103     0.654    bd_0_i/hls_inst/inst/gmem_B_m_axi_U/load_unit_0/fifo_rreq/U_fifo_srl/in[55]
    SLICE_X46Y63         SRL16E                                       r  bd_0_i/hls_inst/inst/gmem_B_m_axi_U/load_unit_0/fifo_rreq/U_fifo_srl/mem_reg[5][55]_srl6/D
  -------------------------------------------------------------------    -------------------

                         (clock ap_clk rise edge)     0.000     0.000 r  <hidden>
                                                      0.000     0.000 r  ap_clk
                         net (fo=3947, unset)         0.432     0.432    bd_0_i/hls_inst/inst/gmem_B_m_axi_U/load_unit_0/fifo_rreq/U_fifo_srl/ap_clk
    SLICE_X46Y63         SRL16E                                       r  bd_0_i/hls_inst/inst/gmem_B_m_axi_U/load_unit_0/fifo_rreq/U_fifo_srl/mem_reg[5][55]_srl6/CLK
                         clock pessimism              0.000     0.432    <hidden>
    SLICE_X46Y63         SRL16E (Hold_srl16e_CLK_D)
                                                      0.183     0.615    bd_0_i/hls_inst/inst/gmem_B_m_axi_U/load_unit_0/fifo_rreq/U_fifo_srl/mem_reg[5][55]_srl6
  -------------------------------------------------------------------
                         required time                         -0.615    <hidden>
                         arrival time                           0.654    <hidden>
  -------------------------------------------------------------------
                         slack                                  0.039    <hidden>

Slack (MET) :             0.046ns  (arrival time - required time)
  Source:                 bd_0_i/hls_inst/inst/gmem_C_m_axi_U/bus_write/wreq_burst_conv/burst_sequential/could_multi_bursts.burst_addr_base_reg[45]/C
                            (rising edge-triggered cell FDRE clocked by ap_clk  {rise@0.000ns fall@5.000ns period=10.000ns})
  Destination:            bd_0_i/hls_inst/inst/gmem_C_m_axi_U/bus_write/wreq_throttle/fifo_burst_gen[0].fifo_req/U_fifo_srl/mem_reg[14][57]_srl15/D
                            (rising edge-triggered cell SRL16E clocked by ap_clk  {rise@0.000ns fall@5.000ns period=10.000ns})
  Path Group:             ap_clk
  Path Type:              Hold (Min at Fast Process Corner)
  Requirement:            0.000ns  (ap_clk rise@0.000ns - ap_clk rise@0.000ns)
  Data Path Delay:        0.251ns  (logic 0.141ns (56.174%)  route 0.110ns (43.826%))
  Logic Levels:           0  
  Clock Path Skew:        0.022ns (DCD - SCD - CPR)
    Destination Clock Delay (DCD):    0.432ns
    Source Clock Delay      (SCD):    0.410ns
    Clock Pessimism Removal (CPR):    -0.000ns

    Location             Delay type                Incr(ns)  Path(ns)    Netlist Resource(s)
  -------------------------------------------------------------------    -------------------
                         (clock ap_clk rise edge)     0.000     0.000 r  <hidden>
                                                      0.000     0.000 r  ap_clk
                         net (fo=3947, unset)         0.410     0.410    bd_0_i/hls_inst/inst/gmem_C_m_axi_U/bus_write/wreq_burst_conv/burst_sequential/ap_clk
    SLICE_X33Y59         FDRE                                         r  bd_0_i/hls_inst/inst/gmem_C_m_axi_U/bus_write/wreq_burst_conv/burst_sequential/could_multi_bursts.burst_addr_base_reg[45]/C
  -------------------------------------------------------------------    -------------------
    SLICE_X33Y59         FDRE (Prop_fdre_C_Q)         0.141     0.551 r  bd_0_i/hls_inst/inst/gmem_C_m_axi_U/bus_write/wreq_burst_conv/burst_sequential/could_multi_bursts.burst_addr_base_reg[45]/Q
                         net (fo=1, routed)           0.110     0.661    bd_0_i/hls_inst/inst/gmem_C_m_axi_U/bus_write/wreq_throttle/fifo_burst_gen[0].fifo_req/U_fifo_srl/in[55]
    SLICE_X32Y58         SRL16E                                       r  bd_0_i/hls_inst/inst/gmem_C_m_axi_U/bus_write/wreq_throttle/fifo_burst_gen[0].fifo_req/U_fifo_srl/mem_reg[14][57]_srl15/D
  -------------------------------------------------------------------    -------------------

                         (clock ap_clk rise edge)     0.000     0.000 r  <hidden>
                                                      0.000     0.000 r  ap_clk
                         net (fo=3947, unset)         0.432     0.432    bd_0_i/hls_inst/inst/gmem_C_m_axi_U/bus_write/wreq_throttle/fifo_burst_gen[0].fifo_req/U_fifo_srl/ap_clk
    SLICE_X32Y58         SRL16E                                       r  bd_0_i/hls_inst/inst/gmem_C_m_axi_U/bus_write/wreq_throttle/fifo_burst_gen[0].fifo_req/U_fifo_srl/mem_reg[14][57]_srl15/CLK
                         clock pessimism              0.000     0.432    <hidden>
    SLICE_X32Y58         SRL16E (Hold_srl16e_CLK_D)
                                                      0.183     0.615    bd_0_i/hls_inst/inst/gmem_C_m_axi_U/bus_write/wreq_throttle/fifo_burst_gen[0].fifo_req/U_fifo_srl/mem_reg[14][57]_srl15
  -------------------------------------------------------------------
                         required time                         -0.615    <hidden>
                         arrival time                           0.661    <hidden>
  -------------------------------------------------------------------
                         slack                                  0.046    <hidden>

Slack (MET) :             0.061ns  (arrival time - required time)
  Source:                 bd_0_i/hls_inst/inst/empty_reg_336_reg[23]/C
                            (rising edge-triggered cell FDRE clocked by ap_clk  {rise@0.000ns fall@5.000ns period=10.000ns})
  Destination:            bd_0_i/hls_inst/inst/zext_ln20_reg_362_pp0_iter9_reg_reg[23]_srl9/D
                            (rising edge-triggered cell SRL16E clocked by ap_clk  {rise@0.000ns fall@5.000ns period=10.000ns})
  Path Group:             ap_clk
  Path Type:              Hold (Min at Fast Process Corner)
  Requirement:            0.000ns  (ap_clk rise@0.000ns - ap_clk rise@0.000ns)
  Data Path Delay:        0.265ns  (logic 0.141ns (53.167%)  route 0.124ns (46.833%))
  Logic Levels:           0  
  Clock Path Skew:        0.022ns (DCD - SCD - CPR)
    Destination Clock Delay (DCD):    0.432ns
    Source Clock Delay      (SCD):    0.410ns
    Clock Pessimism Removal (CPR):    -0.000ns

    Location             Delay type                Incr(ns)  Path(ns)    Netlist Resource(s)
  -------------------------------------------------------------------    -------------------
                         (clock ap_clk rise edge)     0.000     0.000 r  <hidden>
                                                      0.000     0.000 r  ap_clk
                         net (fo=3947, unset)         0.410     0.410    bd_0_i/hls_inst/inst/ap_clk
    SLICE_X47Y52         FDRE                                         r  bd_0_i/hls_inst/inst/empty_reg_336_reg[23]/C
  -------------------------------------------------------------------    -------------------
    SLICE_X47Y52         FDRE (Prop_fdre_C_Q)         0.141     0.551 r  bd_0_i/hls_inst/inst/empty_reg_336_reg[23]/Q
                         net (fo=3, routed)           0.124     0.675    bd_0_i/hls_inst/inst/empty_reg_336[23]
    SLICE_X46Y53         SRL16E                                       r  bd_0_i/hls_inst/inst/zext_ln20_reg_362_pp0_iter9_reg_reg[23]_srl9/D
  -------------------------------------------------------------------    -------------------

                         (clock ap_clk rise edge)     0.000     0.000 r  <hidden>
                                                      0.000     0.000 r  ap_clk
                         net (fo=3947, unset)         0.432     0.432    bd_0_i/hls_inst/inst/ap_clk
    SLICE_X46Y53         SRL16E                                       r  bd_0_i/hls_inst/inst/zext_ln20_reg_362_pp0_iter9_reg_reg[23]_srl9/CLK
                         clock pessimism              0.000     0.432    <hidden>
    SLICE_X46Y53         SRL16E (Hold_srl16e_CLK_D)
                                                      0.183     0.615    bd_0_i/hls_inst/inst/zext_ln20_reg_362_pp0_iter9_reg_reg[23]_srl9
  -------------------------------------------------------------------
                         required time                         -0.615    <hidden>
                         arrival time                           0.675    <hidden>
  -------------------------------------------------------------------
                         slack                                  0.061    <hidden>

Slack (MET) :             0.062ns  (arrival time - required time)
  Source:                 bd_0_i/hls_inst/inst/empty_reg_336_reg[15]/C
                            (rising edge-triggered cell FDRE clocked by ap_clk  {rise@0.000ns fall@5.000ns period=10.000ns})
  Destination:            bd_0_i/hls_inst/inst/zext_ln20_reg_362_pp0_iter9_reg_reg[15]_srl9/D
                            (rising edge-triggered cell SRL16E clocked by ap_clk  {rise@0.000ns fall@5.000ns period=10.000ns})
  Path Group:             ap_clk
  Path Type:              Hold (Min at Fast Process Corner)
  Requirement:            0.000ns  (ap_clk rise@0.000ns - ap_clk rise@0.000ns)
  Data Path Delay:        0.266ns  (logic 0.141ns (52.967%)  route 0.125ns (47.033%))
  Logic Levels:           0  
  Clock Path Skew:        0.022ns (DCD - SCD - CPR)
    Destination Clock Delay (DCD):    0.432ns
    Source Clock Delay      (SCD):    0.410ns
    Clock Pessimism Removal (CPR):    -0.000ns

    Location             Delay type                Incr(ns)  Path(ns)    Netlist Resource(s)
  -------------------------------------------------------------------    -------------------
                         (clock ap_clk rise edge)     0.000     0.000 r  <hidden>
                                                      0.000     0.000 r  ap_clk
                         net (fo=3947, unset)         0.410     0.410    bd_0_i/hls_inst/inst/ap_clk
    SLICE_X47Y52         FDRE                                         r  bd_0_i/hls_inst/inst/empty_reg_336_reg[15]/C
  -------------------------------------------------------------------    -------------------
    SLICE_X47Y52         FDRE (Prop_fdre_C_Q)         0.141     0.551 r  bd_0_i/hls_inst/inst/empty_reg_336_reg[15]/Q
                         net (fo=3, routed)           0.125     0.676    bd_0_i/hls_inst/inst/empty_reg_336[15]
    SLICE_X46Y51         SRL16E                                       r  bd_0_i/hls_inst/inst/zext_ln20_reg_362_pp0_iter9_reg_reg[15]_srl9/D
  -------------------------------------------------------------------    -------------------

                         (clock ap_clk rise edge)     0.000     0.000 r  <hidden>
                                                      0.000     0.000 r  ap_clk
                         net (fo=3947, unset)         0.432     0.432    bd_0_i/hls_inst/inst/ap_clk
    SLICE_X46Y51         SRL16E                                       r  bd_0_i/hls_inst/inst/zext_ln20_reg_362_pp0_iter9_reg_reg[15]_srl9/CLK
                         clock pessimism              0.000     0.432    <hidden>
    SLICE_X46Y51         SRL16E (Hold_srl16e_CLK_D)
                                                      0.183     0.615    bd_0_i/hls_inst/inst/zext_ln20_reg_362_pp0_iter9_reg_reg[15]_srl9
  -------------------------------------------------------------------
                         required time                         -0.615    <hidden>
                         arrival time                           0.676    <hidden>
  -------------------------------------------------------------------
                         slack                                  0.062    <hidden>

Slack (MET) :             0.071ns  (arrival time - required time)
  Source:                 bd_0_i/hls_inst/inst/empty_reg_336_reg[20]/C
                            (rising edge-triggered cell FDRE clocked by ap_clk  {rise@0.000ns fall@5.000ns period=10.000ns})
  Destination:            bd_0_i/hls_inst/inst/zext_ln20_reg_362_pp0_iter9_reg_reg[20]_srl9/D
                            (rising edge-triggered cell SRL16E clocked by ap_clk  {rise@0.000ns fall@5.000ns period=10.000ns})
  Path Group:             ap_clk
  Path Type:              Hold (Min at Fast Process Corner)
  Requirement:            0.000ns  (ap_clk rise@0.000ns - ap_clk rise@0.000ns)
  Data Path Delay:        0.209ns  (logic 0.141ns (67.433%)  route 0.068ns (32.567%))
  Logic Levels:           0  
  Clock Path Skew:        0.022ns (DCD - SCD - CPR)
    Destination Clock Delay (DCD):    0.432ns
    Source Clock Delay      (SCD):    0.410ns
    Clock Pessimism Removal (CPR):    -0.000ns

    Location             Delay type                Incr(ns)  Path(ns)    Netlist Resource(s)
  -------------------------------------------------------------------    -------------------
                         (clock ap_clk rise edge)     0.000     0.000 r  <hidden>
                                                      0.000     0.000 r  ap_clk
                         net (fo=3947, unset)         0.410     0.410    bd_0_i/hls_inst/inst/ap_clk
    SLICE_X47Y53         FDRE                                         r  bd_0_i/hls_inst/inst/empty_reg_336_reg[20]/C
  -------------------------------------------------------------------    -------------------
    SLICE_X47Y53         FDRE (Prop_fdre_C_Q)         0.141     0.551 r  bd_0_i/hls_inst/inst/empty_reg_336_reg[20]/Q
                         net (fo=3, routed)           0.068     0.619    bd_0_i/hls_inst/inst/empty_reg_336[20]
    SLICE_X46Y53         SRL16E                                       r  bd_0_i/hls_inst/inst/zext_ln20_reg_362_pp0_iter9_reg_reg[20]_srl9/D
  -------------------------------------------------------------------    -------------------

                         (clock ap_clk rise edge)     0.000     0.000 r  <hidden>
                                                      0.000     0.000 r  ap_clk
                         net (fo=3947, unset)         0.432     0.432    bd_0_i/hls_inst/inst/ap_clk
    SLICE_X46Y53         SRL16E                                       r  bd_0_i/hls_inst/inst/zext_ln20_reg_362_pp0_iter9_reg_reg[20]_srl9/CLK
                         clock pessimism              0.000     0.432    <hidden>
    SLICE_X46Y53         SRL16E (Hold_srl16e_CLK_D)
                                                      0.117     0.549    bd_0_i/hls_inst/inst/zext_ln20_reg_362_pp0_iter9_reg_reg[20]_srl9
  -------------------------------------------------------------------
                         required time                         -0.549    <hidden>
                         arrival time                           0.619    <hidden>
  -------------------------------------------------------------------
                         slack                                  0.071    <hidden>

Slack (MET) :             0.071ns  (arrival time - required time)
  Source:                 bd_0_i/hls_inst/inst/gmem_C_m_axi_U/store_unit_0/fifo_wrsp/waddr_reg[0]/C
                            (rising edge-triggered cell FDRE clocked by ap_clk  {rise@0.000ns fall@5.000ns period=10.000ns})
  Destination:            bd_0_i/hls_inst/inst/gmem_C_m_axi_U/store_unit_0/fifo_wrsp/U_fifo_mem/mem_reg_0_15_0_0/DP/WADR0
                            (rising edge-triggered cell RAMD32 clocked by ap_clk  {rise@0.000ns fall@5.000ns period=10.000ns})
  Path Group:             ap_clk
  Path Type:              Hold (Min at Fast Process Corner)
  Requirement:            0.000ns  (ap_clk rise@0.000ns - ap_clk rise@0.000ns)
  Data Path Delay:        0.402ns  (logic 0.141ns (35.059%)  route 0.261ns (64.941%))
  Logic Levels:           0  
  Clock Path Skew:        0.022ns (DCD - SCD - CPR)
    Destination Clock Delay (DCD):    0.432ns
    Source Clock Delay      (SCD):    0.410ns
    Clock Pessimism Removal (CPR):    -0.000ns

    Location             Delay type                Incr(ns)  Path(ns)    Netlist Resource(s)
  -------------------------------------------------------------------    -------------------
                         (clock ap_clk rise edge)     0.000     0.000 r  <hidden>
                                                      0.000     0.000 r  ap_clk
                         net (fo=3947, unset)         0.410     0.410    bd_0_i/hls_inst/inst/gmem_C_m_axi_U/store_unit_0/fifo_wrsp/ap_clk
    SLICE_X45Y43         FDRE                                         r  bd_0_i/hls_inst/inst/gmem_C_m_axi_U/store_unit_0/fifo_wrsp/waddr_reg[0]/C
  -------------------------------------------------------------------    -------------------
    SLICE_X45Y43         FDRE (Prop_fdre_C_Q)         0.141     0.551 r  bd_0_i/hls_inst/inst/gmem_C_m_axi_U/store_unit_0/fifo_wrsp/waddr_reg[0]/Q
                         net (fo=7, routed)           0.261     0.812    bd_0_i/hls_inst/inst/gmem_C_m_axi_U/store_unit_0/fifo_wrsp/U_fifo_mem/mem_reg_0_15_0_0/A0
    SLICE_X46Y43         RAMD32                                       r  bd_0_i/hls_inst/inst/gmem_C_m_axi_U/store_unit_0/fifo_wrsp/U_fifo_mem/mem_reg_0_15_0_0/DP/WADR0
  -------------------------------------------------------------------    -------------------

                         (clock ap_clk rise edge)     0.000     0.000 r  <hidden>
                                                      0.000     0.000 r  ap_clk
                         net (fo=3947, unset)         0.432     0.432    bd_0_i/hls_inst/inst/gmem_C_m_axi_U/store_unit_0/fifo_wrsp/U_fifo_mem/mem_reg_0_15_0_0/WCLK
    SLICE_X46Y43         RAMD32                                       r  bd_0_i/hls_inst/inst/gmem_C_m_axi_U/store_unit_0/fifo_wrsp/U_fifo_mem/mem_reg_0_15_0_0/DP/CLK
                         clock pessimism              0.000     0.432    <hidden>
    SLICE_X46Y43         RAMD32 (Hold_ramd32_CLK_WADR0)
                                                      0.310     0.742    bd_0_i/hls_inst/inst/gmem_C_m_axi_U/store_unit_0/fifo_wrsp/U_fifo_mem/mem_reg_0_15_0_0/DP
  -------------------------------------------------------------------
                         required time                         -0.742    <hidden>
                         arrival time                           0.812    <hidden>
  -------------------------------------------------------------------
                         slack                                  0.071    <hidden>

Slack (MET) :             0.071ns  (arrival time - required time)
  Source:                 bd_0_i/hls_inst/inst/gmem_C_m_axi_U/store_unit_0/fifo_wrsp/waddr_reg[2]/C
                            (rising edge-triggered cell FDRE clocked by ap_clk  {rise@0.000ns fall@5.000ns period=10.000ns})
  Destination:            bd_0_i/hls_inst/inst/gmem_C_m_axi_U/store_unit_0/fifo_wrsp/U_fifo_mem/mem_reg_0_15_0_0/DP/WADR2
                            (rising edge-triggered cell RAMD32 clocked by ap_clk  {rise@0.000ns fall@5.000ns period=10.000ns})
  Path Group:             ap_clk
  Path Type:              Hold (Min at Fast Process Corner)
  Requirement:            0.000ns  (ap_clk rise@0.000ns - ap_clk rise@0.000ns)
  Data Path Delay:        0.346ns  (logic 0.141ns (40.731%)  route 0.205ns (59.269%))
  Logic Levels:           0  
  Clock Path Skew:        0.022ns (DCD - SCD - CPR)
    Destination Clock Delay (DCD):    0.432ns
    Source Clock Delay      (SCD):    0.410ns
    Clock Pessimism Removal (CPR):    -0.000ns

    Location             Delay type                Incr(ns)  Path(ns)    Netlist Resource(s)
  -------------------------------------------------------------------    -------------------
                         (clock ap_clk rise edge)     0.000     0.000 r  <hidden>
                                                      0.000     0.000 r  ap_clk
                         net (fo=3947, unset)         0.410     0.410    bd_0_i/hls_inst/inst/gmem_C_m_axi_U/store_unit_0/fifo_wrsp/ap_clk
    SLICE_X45Y43         FDRE                                         r  bd_0_i/hls_inst/inst/gmem_C_m_axi_U/store_unit_0/fifo_wrsp/waddr_reg[2]/C
  -------------------------------------------------------------------    -------------------
    SLICE_X45Y43         FDRE (Prop_fdre_C_Q)         0.141     0.551 r  bd_0_i/hls_inst/inst/gmem_C_m_axi_U/store_unit_0/fifo_wrsp/waddr_reg[2]/Q
                         net (fo=7, routed)           0.205     0.756    bd_0_i/hls_inst/inst/gmem_C_m_axi_U/store_unit_0/fifo_wrsp/U_fifo_mem/mem_reg_0_15_0_0/A2
    SLICE_X46Y43         RAMD32                                       r  bd_0_i/hls_inst/inst/gmem_C_m_axi_U/store_unit_0/fifo_wrsp/U_fifo_mem/mem_reg_0_15_0_0/DP/WADR2
  -------------------------------------------------------------------    -------------------

                         (clock ap_clk rise edge)     0.000     0.000 r  <hidden>
                                                      0.000     0.000 r  ap_clk
                         net (fo=3947, unset)         0.432     0.432    bd_0_i/hls_inst/inst/gmem_C_m_axi_U/store_unit_0/fifo_wrsp/U_fifo_mem/mem_reg_0_15_0_0/WCLK
    SLICE_X46Y43         RAMD32                                       r  bd_0_i/hls_inst/inst/gmem_C_m_axi_U/store_unit_0/fifo_wrsp/U_fifo_mem/mem_reg_0_15_0_0/DP/CLK
                         clock pessimism              0.000     0.432    <hidden>
    SLICE_X46Y43         RAMD32 (Hold_ramd32_CLK_WADR2)
                                                      0.254     0.686    bd_0_i/hls_inst/inst/gmem_C_m_axi_U/store_unit_0/fifo_wrsp/U_fifo_mem/mem_reg_0_15_0_0/DP
  -------------------------------------------------------------------
                         required time                         -0.686    <hidden>
                         arrival time                           0.756    <hidden>
  -------------------------------------------------------------------
                         slack                                  0.071    <hidden>

Slack (MET) :             0.071ns  (arrival time - required time)
  Source:                 bd_0_i/hls_inst/inst/gmem_C_m_axi_U/store_unit_0/fifo_wrsp/waddr_reg[0]/C
                            (rising edge-triggered cell FDRE clocked by ap_clk  {rise@0.000ns fall@5.000ns period=10.000ns})
  Destination:            bd_0_i/hls_inst/inst/gmem_C_m_axi_U/store_unit_0/fifo_wrsp/U_fifo_mem/mem_reg_0_15_0_0/SP/WADR0
                            (rising edge-triggered cell RAMD32 clocked by ap_clk  {rise@0.000ns fall@5.000ns period=10.000ns})
  Path Group:             ap_clk
  Path Type:              Hold (Min at Fast Process Corner)
  Requirement:            0.000ns  (ap_clk rise@0.000ns - ap_clk rise@0.000ns)
  Data Path Delay:        0.402ns  (logic 0.141ns (35.059%)  route 0.261ns (64.941%))
  Logic Levels:           0  
  Clock Path Skew:        0.022ns (DCD - SCD - CPR)
    Destination Clock Delay (DCD):    0.432ns
    Source Clock Delay      (SCD):    0.410ns
    Clock Pessimism Removal (CPR):    -0.000ns

    Location             Delay type                Incr(ns)  Path(ns)    Netlist Resource(s)
  -------------------------------------------------------------------    -------------------
                         (clock ap_clk rise edge)     0.000     0.000 r  <hidden>
                                                      0.000     0.000 r  ap_clk
                         net (fo=3947, unset)         0.410     0.410    bd_0_i/hls_inst/inst/gmem_C_m_axi_U/store_unit_0/fifo_wrsp/ap_clk
    SLICE_X45Y43         FDRE                                         r  bd_0_i/hls_inst/inst/gmem_C_m_axi_U/store_unit_0/fifo_wrsp/waddr_reg[0]/C
  -------------------------------------------------------------------    -------------------
    SLICE_X45Y43         FDRE (Prop_fdre_C_Q)         0.141     0.551 r  bd_0_i/hls_inst/inst/gmem_C_m_axi_U/store_unit_0/fifo_wrsp/waddr_reg[0]/Q
                         net (fo=7, routed)           0.261     0.812    bd_0_i/hls_inst/inst/gmem_C_m_axi_U/store_unit_0/fifo_wrsp/U_fifo_mem/mem_reg_0_15_0_0/A0
    SLICE_X46Y43         RAMD32                                       r  bd_0_i/hls_inst/inst/gmem_C_m_axi_U/store_unit_0/fifo_wrsp/U_fifo_mem/mem_reg_0_15_0_0/SP/WADR0
  -------------------------------------------------------------------    -------------------

                         (clock ap_clk rise edge)     0.000     0.000 r  <hidden>
                                                      0.000     0.000 r  ap_clk
                         net (fo=3947, unset)         0.432     0.432    bd_0_i/hls_inst/inst/gmem_C_m_axi_U/store_unit_0/fifo_wrsp/U_fifo_mem/mem_reg_0_15_0_0/WCLK
    SLICE_X46Y43         RAMD32                                       r  bd_0_i/hls_inst/inst/gmem_C_m_axi_U/store_unit_0/fifo_wrsp/U_fifo_mem/mem_reg_0_15_0_0/SP/CLK
                         clock pessimism              0.000     0.432    <hidden>
    SLICE_X46Y43         RAMD32 (Hold_ramd32_CLK_WADR0)
                                                      0.310     0.742    bd_0_i/hls_inst/inst/gmem_C_m_axi_U/store_unit_0/fifo_wrsp/U_fifo_mem/mem_reg_0_15_0_0/SP
  -------------------------------------------------------------------
                         required time                         -0.742    <hidden>
                         arrival time                           0.812    <hidden>
  -------------------------------------------------------------------
                         slack                                  0.071    <hidden>

Slack (MET) :             0.071ns  (arrival time - required time)
  Source:                 bd_0_i/hls_inst/inst/gmem_C_m_axi_U/store_unit_0/fifo_wrsp/waddr_reg[2]/C
                            (rising edge-triggered cell FDRE clocked by ap_clk  {rise@0.000ns fall@5.000ns period=10.000ns})
  Destination:            bd_0_i/hls_inst/inst/gmem_C_m_axi_U/store_unit_0/fifo_wrsp/U_fifo_mem/mem_reg_0_15_0_0/SP/WADR2
                            (rising edge-triggered cell RAMD32 clocked by ap_clk  {rise@0.000ns fall@5.000ns period=10.000ns})
  Path Group:             ap_clk
  Path Type:              Hold (Min at Fast Process Corner)
  Requirement:            0.000ns  (ap_clk rise@0.000ns - ap_clk rise@0.000ns)
  Data Path Delay:        0.346ns  (logic 0.141ns (40.731%)  route 0.205ns (59.269%))
  Logic Levels:           0  
  Clock Path Skew:        0.022ns (DCD - SCD - CPR)
    Destination Clock Delay (DCD):    0.432ns
    Source Clock Delay      (SCD):    0.410ns
    Clock Pessimism Removal (CPR):    -0.000ns

    Location             Delay type                Incr(ns)  Path(ns)    Netlist Resource(s)
  -------------------------------------------------------------------    -------------------
                         (clock ap_clk rise edge)     0.000     0.000 r  <hidden>
                                                      0.000     0.000 r  ap_clk
                         net (fo=3947, unset)         0.410     0.410    bd_0_i/hls_inst/inst/gmem_C_m_axi_U/store_unit_0/fifo_wrsp/ap_clk
    SLICE_X45Y43         FDRE                                         r  bd_0_i/hls_inst/inst/gmem_C_m_axi_U/store_unit_0/fifo_wrsp/waddr_reg[2]/C
  -------------------------------------------------------------------    -------------------
    SLICE_X45Y43         FDRE (Prop_fdre_C_Q)         0.141     0.551 r  bd_0_i/hls_inst/inst/gmem_C_m_axi_U/store_unit_0/fifo_wrsp/waddr_reg[2]/Q
                         net (fo=7, routed)           0.205     0.756    bd_0_i/hls_inst/inst/gmem_C_m_axi_U/store_unit_0/fifo_wrsp/U_fifo_mem/mem_reg_0_15_0_0/A2
    SLICE_X46Y43         RAMD32                                       r  bd_0_i/hls_inst/inst/gmem_C_m_axi_U/store_unit_0/fifo_wrsp/U_fifo_mem/mem_reg_0_15_0_0/SP/WADR2
  -------------------------------------------------------------------    -------------------

                         (clock ap_clk rise edge)     0.000     0.000 r  <hidden>
                                                      0.000     0.000 r  ap_clk
                         net (fo=3947, unset)         0.432     0.432    bd_0_i/hls_inst/inst/gmem_C_m_axi_U/store_unit_0/fifo_wrsp/U_fifo_mem/mem_reg_0_15_0_0/WCLK
    SLICE_X46Y43         RAMD32                                       r  bd_0_i/hls_inst/inst/gmem_C_m_axi_U/store_unit_0/fifo_wrsp/U_fifo_mem/mem_reg_0_15_0_0/SP/CLK
                         clock pessimism              0.000     0.432    <hidden>
    SLICE_X46Y43         RAMD32 (Hold_ramd32_CLK_WADR2)
                                                      0.254     0.686    bd_0_i/hls_inst/inst/gmem_C_m_axi_U/store_unit_0/fifo_wrsp/U_fifo_mem/mem_reg_0_15_0_0/SP
  -------------------------------------------------------------------
                         required time                         -0.686    <hidden>
                         arrival time                           0.756    <hidden>
  -------------------------------------------------------------------
                         slack                                  0.071    <hidden>

Slack (MET) :             0.071ns  (arrival time - required time)
  Source:                 bd_0_i/hls_inst/inst/empty_reg_336_reg[7]/C
                            (rising edge-triggered cell FDRE clocked by ap_clk  {rise@0.000ns fall@5.000ns period=10.000ns})
  Destination:            bd_0_i/hls_inst/inst/zext_ln20_reg_362_pp0_iter9_reg_reg[7]_srl9/D
                            (rising edge-triggered cell SRL16E clocked by ap_clk  {rise@0.000ns fall@5.000ns period=10.000ns})
  Path Group:             ap_clk
  Path Type:              Hold (Min at Fast Process Corner)
  Requirement:            0.000ns  (ap_clk rise@0.000ns - ap_clk rise@0.000ns)
  Data Path Delay:        0.276ns  (logic 0.141ns (51.113%)  route 0.135ns (48.887%))
  Logic Levels:           0  
  Clock Path Skew:        0.022ns (DCD - SCD - CPR)
    Destination Clock Delay (DCD):    0.432ns
    Source Clock Delay      (SCD):    0.410ns
    Clock Pessimism Removal (CPR):    -0.000ns

    Location             Delay type                Incr(ns)  Path(ns)    Netlist Resource(s)
  -------------------------------------------------------------------    -------------------
                         (clock ap_clk rise edge)     0.000     0.000 r  <hidden>
                                                      0.000     0.000 r  ap_clk
                         net (fo=3947, unset)         0.410     0.410    bd_0_i/hls_inst/inst/ap_clk
    SLICE_X48Y50         FDRE                                         r  bd_0_i/hls_inst/inst/empty_reg_336_reg[7]/C
  -------------------------------------------------------------------    -------------------
    SLICE_X48Y50         FDRE (Prop_fdre_C_Q)         0.141     0.551 r  bd_0_i/hls_inst/inst/empty_reg_336_reg[7]/Q
                         net (fo=3, routed)           0.135     0.686    bd_0_i/hls_inst/inst/empty_reg_336[7]
    SLICE_X46Y49         SRL16E                                       r  bd_0_i/hls_inst/inst/zext_ln20_reg_362_pp0_iter9_reg_reg[7]_srl9/D
  -------------------------------------------------------------------    -------------------

                         (clock ap_clk rise edge)     0.000     0.000 r  <hidden>
                                                      0.000     0.000 r  ap_clk
                         net (fo=3947, unset)         0.432     0.432    bd_0_i/hls_inst/inst/ap_clk
    SLICE_X46Y49         SRL16E                                       r  bd_0_i/hls_inst/inst/zext_ln20_reg_362_pp0_iter9_reg_reg[7]_srl9/CLK
                         clock pessimism              0.000     0.432    <hidden>
    SLICE_X46Y49         SRL16E (Hold_srl16e_CLK_D)
                                                      0.183     0.615    bd_0_i/hls_inst/inst/zext_ln20_reg_362_pp0_iter9_reg_reg[7]_srl9
  -------------------------------------------------------------------
                         required time                         -0.615    <hidden>
                         arrival time                           0.686    <hidden>
  -------------------------------------------------------------------
                         slack                                  0.071    <hidden>





Pulse Width Checks
--------------------------------------------------------------------------------------
Clock Name:         ap_clk
Waveform(ns):       { 0.000 5.000 }
Period(ns):         10.000
Sources:            { ap_clk }

Check Type        Corner  Lib Pin             Reference Pin  Required(ns)  Actual(ns)  Slack(ns)  Location      Pin
Min Period        n/a     DSP48E1/CLK         n/a            3.884         10.000      6.116      DSP48_X1Y16   bd_0_i/hls_inst/inst/mul_32s_32s_32_2_1_U1/tmp_product/CLK
Min Period        n/a     DSP48E1/CLK         n/a            3.687         10.000      6.313      DSP48_X1Y19   bd_0_i/hls_inst/inst/mul_32s_32s_32_2_1_U1/buff0_reg/CLK
Min Period        n/a     RAMB18E1/CLKARDCLK  n/a            2.944         10.000      7.056      RAMB18_X1Y18  bd_0_i/hls_inst/inst/gmem_A_m_axi_U/load_unit_0/buff_rdata/U_fifo_mem/mem_reg/CLKARDCLK
Min Period        n/a     RAMB18E1/CLKBWRCLK  n/a            2.944         10.000      7.056      RAMB18_X1Y18  bd_0_i/hls_inst/inst/gmem_A_m_axi_U/load_unit_0/buff_rdata/U_fifo_mem/mem_reg/CLKBWRCLK
Min Period        n/a     RAMB18E1/CLKARDCLK  n/a            2.944         10.000      7.056      RAMB18_X1Y16  bd_0_i/hls_inst/inst/gmem_B_m_axi_U/load_unit_0/buff_rdata/U_fifo_mem/mem_reg/CLKARDCLK
Min Period        n/a     RAMB18E1/CLKBWRCLK  n/a            2.944         10.000      7.056      RAMB18_X1Y16  bd_0_i/hls_inst/inst/gmem_B_m_axi_U/load_unit_0/buff_rdata/U_fifo_mem/mem_reg/CLKBWRCLK
Min Period        n/a     FDRE/C              n/a            1.000         10.000      9.000      SLICE_X58Y55  bd_0_i/hls_inst/inst/A_read_reg_331_reg[10]/C
Min Period        n/a     FDRE/C              n/a            1.000         10.000      9.000      SLICE_X58Y55  bd_0_i/hls_inst/inst/A_read_reg_331_reg[11]/C
Min Period        n/a     FDRE/C              n/a            1.000         10.000      9.000      SLICE_X58Y55  bd_0_i/hls_inst/inst/A_read_reg_331_reg[12]/C
Min Period        n/a     FDRE/C              n/a            1.000         10.000      9.000      SLICE_X58Y55  bd_0_i/hls_inst/inst/A_read_reg_331_reg[13]/C
Low Pulse Width   Slow    RAMD32/CLK          n/a            1.250         5.000       3.750      SLICE_X42Y39  bd_0_i/hls_inst/inst/gmem_C_m_axi_U/store_unit_0/conservative_gen.fifo_burst/U_fifo_mem/mem_reg_0_15_0_5/RAMA/CLK
Low Pulse Width   Fast    RAMD32/CLK          n/a            1.250         5.000       3.750      SLICE_X42Y39  bd_0_i/hls_inst/inst/gmem_C_m_axi_U/store_unit_0/conservative_gen.fifo_burst/U_fifo_mem/mem_reg_0_15_0_5/RAMA/CLK
Low Pulse Width   Slow    RAMD32/CLK          n/a            1.250         5.000       3.750      SLICE_X42Y39  bd_0_i/hls_inst/inst/gmem_C_m_axi_U/store_unit_0/conservative_gen.fifo_burst/U_fifo_mem/mem_reg_0_15_0_5/RAMA_D1/CLK
Low Pulse Width   Fast    RAMD32/CLK          n/a            1.250         5.000       3.750      SLICE_X42Y39  bd_0_i/hls_inst/inst/gmem_C_m_axi_U/store_unit_0/conservative_gen.fifo_burst/U_fifo_mem/mem_reg_0_15_0_5/RAMA_D1/CLK
Low Pulse Width   Slow    RAMD32/CLK          n/a            1.250         5.000       3.750      SLICE_X42Y39  bd_0_i/hls_inst/inst/gmem_C_m_axi_U/store_unit_0/conservative_gen.fifo_burst/U_fifo_mem/mem_reg_0_15_0_5/RAMB/CLK
Low Pulse Width   Fast    RAMD32/CLK          n/a            1.250         5.000       3.750      SLICE_X42Y39  bd_0_i/hls_inst/inst/gmem_C_m_axi_U/store_unit_0/conservative_gen.fifo_burst/U_fifo_mem/mem_reg_0_15_0_5/RAMB/CLK
Low Pulse Width   Slow    RAMD32/CLK          n/a            1.250         5.000       3.750      SLICE_X42Y39  bd_0_i/hls_inst/inst/gmem_C_m_axi_U/store_unit_0/conservative_gen.fifo_burst/U_fifo_mem/mem_reg_0_15_0_5/RAMB_D1/CLK
Low Pulse Width   Fast    RAMD32/CLK          n/a            1.250         5.000       3.750      SLICE_X42Y39  bd_0_i/hls_inst/inst/gmem_C_m_axi_U/store_unit_0/conservative_gen.fifo_burst/U_fifo_mem/mem_reg_0_15_0_5/RAMB_D1/CLK
Low Pulse Width   Slow    RAMD32/CLK          n/a            1.250         5.000       3.750      SLICE_X42Y39  bd_0_i/hls_inst/inst/gmem_C_m_axi_U/store_unit_0/conservative_gen.fifo_burst/U_fifo_mem/mem_reg_0_15_0_5/RAMC/CLK
Low Pulse Width   Fast    RAMD32/CLK          n/a            1.250         5.000       3.750      SLICE_X42Y39  bd_0_i/hls_inst/inst/gmem_C_m_axi_U/store_unit_0/conservative_gen.fifo_burst/U_fifo_mem/mem_reg_0_15_0_5/RAMC/CLK
High Pulse Width  Slow    RAMD32/CLK          n/a            1.250         5.000       3.750      SLICE_X42Y39  bd_0_i/hls_inst/inst/gmem_C_m_axi_U/store_unit_0/conservative_gen.fifo_burst/U_fifo_mem/mem_reg_0_15_0_5/RAMA/CLK
High Pulse Width  Fast    RAMD32/CLK          n/a            1.250         5.000       3.750      SLICE_X42Y39  bd_0_i/hls_inst/inst/gmem_C_m_axi_U/store_unit_0/conservative_gen.fifo_burst/U_fifo_mem/mem_reg_0_15_0_5/RAMA/CLK
High Pulse Width  Slow    RAMD32/CLK          n/a            1.250         5.000       3.750      SLICE_X42Y39  bd_0_i/hls_inst/inst/gmem_C_m_axi_U/store_unit_0/conservative_gen.fifo_burst/U_fifo_mem/mem_reg_0_15_0_5/RAMA_D1/CLK
High Pulse Width  Fast    RAMD32/CLK          n/a            1.250         5.000       3.750      SLICE_X42Y39  bd_0_i/hls_inst/inst/gmem_C_m_axi_U/store_unit_0/conservative_gen.fifo_burst/U_fifo_mem/mem_reg_0_15_0_5/RAMA_D1/CLK
High Pulse Width  Slow    RAMD32/CLK          n/a            1.250         5.000       3.750      SLICE_X42Y39  bd_0_i/hls_inst/inst/gmem_C_m_axi_U/store_unit_0/conservative_gen.fifo_burst/U_fifo_mem/mem_reg_0_15_0_5/RAMB/CLK
High Pulse Width  Fast    RAMD32/CLK          n/a            1.250         5.000       3.750      SLICE_X42Y39  bd_0_i/hls_inst/inst/gmem_C_m_axi_U/store_unit_0/conservative_gen.fifo_burst/U_fifo_mem/mem_reg_0_15_0_5/RAMB/CLK
High Pulse Width  Slow    RAMD32/CLK          n/a            1.250         5.000       3.750      SLICE_X42Y39  bd_0_i/hls_inst/inst/gmem_C_m_axi_U/store_unit_0/conservative_gen.fifo_burst/U_fifo_mem/mem_reg_0_15_0_5/RAMB_D1/CLK
High Pulse Width  Fast    RAMD32/CLK          n/a            1.250         5.000       3.750      SLICE_X42Y39  bd_0_i/hls_inst/inst/gmem_C_m_axi_U/store_unit_0/conservative_gen.fifo_burst/U_fifo_mem/mem_reg_0_15_0_5/RAMB_D1/CLK
High Pulse Width  Slow    RAMD32/CLK          n/a            1.250         5.000       3.750      SLICE_X42Y39  bd_0_i/hls_inst/inst/gmem_C_m_axi_U/store_unit_0/conservative_gen.fifo_burst/U_fifo_mem/mem_reg_0_15_0_5/RAMC/CLK
High Pulse Width  Fast    RAMD32/CLK          n/a            1.250         5.000       3.750      SLICE_X42Y39  bd_0_i/hls_inst/inst/gmem_C_m_axi_U/store_unit_0/conservative_gen.fifo_burst/U_fifo_mem/mem_reg_0_15_0_5/RAMC/CLK



--------------------------------------------------------------------------------------
Path Group:  (none)
From Clock:  ap_clk
  To Clock:  

Max Delay           280 Endpoints
Min Delay           280 Endpoints
--------------------------------------------------------------------------------------


Max Delay Paths
--------------------------------------------------------------------------------------
Slack:                    inf
  Source:                 bd_0_i/hls_inst/inst/control_s_axi_U/int_interrupt_reg/C
                            (rising edge-triggered cell FDRE clocked by ap_clk  {rise@0.000ns fall@5.000ns period=10.000ns})
  Destination:            interrupt
                            (output port)
  Path Group:             (none)
  Path Type:              Max at Slow Process Corner
  Data Path Delay:        1.491ns  (logic 0.518ns (34.742%)  route 0.973ns (65.258%))
  Logic Levels:           0  
  Clock Uncertainty:      0.025ns  ((TSJ^2 + TIJ^2)^1/2 + DJ) / 2 + PE
    Total System Jitter     (TSJ):    0.050ns
    Total Input Jitter      (TIJ):    0.000ns
    Discrete Jitter          (DJ):    0.000ns
    Phase Error              (PE):    0.000ns

    Location             Delay type                Incr(ns)  Path(ns)    Netlist Resource(s)
  -------------------------------------------------------------------    -------------------
                         (clock ap_clk rise edge)     0.000     0.000 r  <hidden>
                                                      0.000     0.000 r  ap_clk
                         net (fo=3947, unset)         0.973     0.973    bd_0_i/hls_inst/inst/control_s_axi_U/ap_clk
    SLICE_X50Y47         FDRE                                         r  bd_0_i/hls_inst/inst/control_s_axi_U/int_interrupt_reg/C
  -------------------------------------------------------------------    -------------------
    SLICE_X50Y47         FDRE (Prop_fdre_C_Q)         0.518     1.491 r  bd_0_i/hls_inst/inst/control_s_axi_U/int_interrupt_reg/Q
                         net (fo=1, unset)            0.973     2.464    interrupt
                                                                      r  interrupt
  -------------------------------------------------------------------    -------------------

Slack:                    inf
  Source:                 bd_0_i/hls_inst/inst/gmem_A_m_axi_U/bus_read/rreq_burst_conv/burst_sequential/could_multi_bursts.burst_addr_base_reg[1]/C
                            (rising edge-triggered cell FDRE clocked by ap_clk  {rise@0.000ns fall@5.000ns period=10.000ns})
  Destination:            m_axi_gmem_A_araddr[13]
                            (output port)
  Path Group:             (none)
  Path Type:              Max at Slow Process Corner
  Data Path Delay:        1.491ns  (logic 0.518ns (34.742%)  route 0.973ns (65.258%))
  Logic Levels:           0  
  Clock Uncertainty:      0.025ns  ((TSJ^2 + TIJ^2)^1/2 + DJ) / 2 + PE
    Total System Jitter     (TSJ):    0.050ns
    Total Input Jitter      (TIJ):    0.000ns
    Discrete Jitter          (DJ):    0.000ns
    Phase Error              (PE):    0.000ns

    Location             Delay type                Incr(ns)  Path(ns)    Netlist Resource(s)
  -------------------------------------------------------------------    -------------------
                         (clock ap_clk rise edge)     0.000     0.000 r  <hidden>
                                                      0.000     0.000 r  ap_clk
                         net (fo=3947, unset)         0.973     0.973    bd_0_i/hls_inst/inst/gmem_A_m_axi_U/bus_read/rreq_burst_conv/burst_sequential/ap_clk
    SLICE_X82Y52         FDRE                                         r  bd_0_i/hls_inst/inst/gmem_A_m_axi_U/bus_read/rreq_burst_conv/burst_sequential/could_multi_bursts.burst_addr_base_reg[1]/C
  -------------------------------------------------------------------    -------------------
    SLICE_X82Y52         FDRE (Prop_fdre_C_Q)         0.518     1.491 r  bd_0_i/hls_inst/inst/gmem_A_m_axi_U/bus_read/rreq_burst_conv/burst_sequential/could_multi_bursts.burst_addr_base_reg[1]/Q
                         net (fo=0)                   0.973     2.464    m_axi_gmem_A_araddr[13]
                                                                      r  m_axi_gmem_A_araddr[13]
  -------------------------------------------------------------------    -------------------

Slack:                    inf
  Source:                 bd_0_i/hls_inst/inst/gmem_A_m_axi_U/bus_read/rreq_burst_conv/burst_sequential/could_multi_bursts.burst_addr_base_reg[4]/C
                            (rising edge-triggered cell FDRE clocked by ap_clk  {rise@0.000ns fall@5.000ns period=10.000ns})
  Destination:            m_axi_gmem_A_araddr[16]
                            (output port)
  Path Group:             (none)
  Path Type:              Max at Slow Process Corner
  Data Path Delay:        1.491ns  (logic 0.518ns (34.742%)  route 0.973ns (65.258%))
  Logic Levels:           0  
  Clock Uncertainty:      0.025ns  ((TSJ^2 + TIJ^2)^1/2 + DJ) / 2 + PE
    Total System Jitter     (TSJ):    0.050ns
    Total Input Jitter      (TIJ):    0.000ns
    Discrete Jitter          (DJ):    0.000ns
    Phase Error              (PE):    0.000ns

    Location             Delay type                Incr(ns)  Path(ns)    Netlist Resource(s)
  -------------------------------------------------------------------    -------------------
                         (clock ap_clk rise edge)     0.000     0.000 r  <hidden>
                                                      0.000     0.000 r  ap_clk
                         net (fo=3947, unset)         0.973     0.973    bd_0_i/hls_inst/inst/gmem_A_m_axi_U/bus_read/rreq_burst_conv/burst_sequential/ap_clk
    SLICE_X82Y52         FDRE                                         r  bd_0_i/hls_inst/inst/gmem_A_m_axi_U/bus_read/rreq_burst_conv/burst_sequential/could_multi_bursts.burst_addr_base_reg[4]/C
  -------------------------------------------------------------------    -------------------
    SLICE_X82Y52         FDRE (Prop_fdre_C_Q)         0.518     1.491 r  bd_0_i/hls_inst/inst/gmem_A_m_axi_U/bus_read/rreq_burst_conv/burst_sequential/could_multi_bursts.burst_addr_base_reg[4]/Q
                         net (fo=0)                   0.973     2.464    m_axi_gmem_A_araddr[16]
                                                                      r  m_axi_gmem_A_araddr[16]
  -------------------------------------------------------------------    -------------------

Slack:                    inf
  Source:                 bd_0_i/hls_inst/inst/gmem_A_m_axi_U/bus_read/rreq_burst_conv/burst_sequential/could_multi_bursts.burst_addr_base_reg[7]/C
                            (rising edge-triggered cell FDRE clocked by ap_clk  {rise@0.000ns fall@5.000ns period=10.000ns})
  Destination:            m_axi_gmem_A_araddr[19]
                            (output port)
  Path Group:             (none)
  Path Type:              Max at Slow Process Corner
  Data Path Delay:        1.491ns  (logic 0.518ns (34.742%)  route 0.973ns (65.258%))
  Logic Levels:           0  
  Clock Uncertainty:      0.025ns  ((TSJ^2 + TIJ^2)^1/2 + DJ) / 2 + PE
    Total System Jitter     (TSJ):    0.050ns
    Total Input Jitter      (TIJ):    0.000ns
    Discrete Jitter          (DJ):    0.000ns
    Phase Error              (PE):    0.000ns

    Location             Delay type                Incr(ns)  Path(ns)    Netlist Resource(s)
  -------------------------------------------------------------------    -------------------
                         (clock ap_clk rise edge)     0.000     0.000 r  <hidden>
                                                      0.000     0.000 r  ap_clk
                         net (fo=3947, unset)         0.973     0.973    bd_0_i/hls_inst/inst/gmem_A_m_axi_U/bus_read/rreq_burst_conv/burst_sequential/ap_clk
    SLICE_X66Y54         FDRE                                         r  bd_0_i/hls_inst/inst/gmem_A_m_axi_U/bus_read/rreq_burst_conv/burst_sequential/could_multi_bursts.burst_addr_base_reg[7]/C
  -------------------------------------------------------------------    -------------------
    SLICE_X66Y54         FDRE (Prop_fdre_C_Q)         0.518     1.491 r  bd_0_i/hls_inst/inst/gmem_A_m_axi_U/bus_read/rreq_burst_conv/burst_sequential/could_multi_bursts.burst_addr_base_reg[7]/Q
                         net (fo=0)                   0.973     2.464    m_axi_gmem_A_araddr[19]
                                                                      r  m_axi_gmem_A_araddr[19]
  -------------------------------------------------------------------    -------------------

Slack:                    inf
  Source:                 bd_0_i/hls_inst/inst/gmem_A_m_axi_U/bus_read/rreq_burst_conv/burst_sequential/could_multi_bursts.burst_addr_base_reg[12]/C
                            (rising edge-triggered cell FDRE clocked by ap_clk  {rise@0.000ns fall@5.000ns period=10.000ns})
  Destination:            m_axi_gmem_A_araddr[24]
                            (output port)
  Path Group:             (none)
  Path Type:              Max at Slow Process Corner
  Data Path Delay:        1.491ns  (logic 0.518ns (34.742%)  route 0.973ns (65.258%))
  Logic Levels:           0  
  Clock Uncertainty:      0.025ns  ((TSJ^2 + TIJ^2)^1/2 + DJ) / 2 + PE
    Total System Jitter     (TSJ):    0.050ns
    Total Input Jitter      (TIJ):    0.000ns
    Discrete Jitter          (DJ):    0.000ns
    Phase Error              (PE):    0.000ns

    Location             Delay type                Incr(ns)  Path(ns)    Netlist Resource(s)
  -------------------------------------------------------------------    -------------------
                         (clock ap_clk rise edge)     0.000     0.000 r  <hidden>
                                                      0.000     0.000 r  ap_clk
                         net (fo=3947, unset)         0.973     0.973    bd_0_i/hls_inst/inst/gmem_A_m_axi_U/bus_read/rreq_burst_conv/burst_sequential/ap_clk
    SLICE_X82Y57         FDRE                                         r  bd_0_i/hls_inst/inst/gmem_A_m_axi_U/bus_read/rreq_burst_conv/burst_sequential/could_multi_bursts.burst_addr_base_reg[12]/C
  -------------------------------------------------------------------    -------------------
    SLICE_X82Y57         FDRE (Prop_fdre_C_Q)         0.518     1.491 r  bd_0_i/hls_inst/inst/gmem_A_m_axi_U/bus_read/rreq_burst_conv/burst_sequential/could_multi_bursts.burst_addr_base_reg[12]/Q
                         net (fo=0)                   0.973     2.464    m_axi_gmem_A_araddr[24]
                                                                      r  m_axi_gmem_A_araddr[24]
  -------------------------------------------------------------------    -------------------

Slack:                    inf
  Source:                 bd_0_i/hls_inst/inst/gmem_A_m_axi_U/bus_read/rreq_burst_conv/burst_sequential/could_multi_bursts.burst_addr_base_reg[14]/C
                            (rising edge-triggered cell FDRE clocked by ap_clk  {rise@0.000ns fall@5.000ns period=10.000ns})
  Destination:            m_axi_gmem_A_araddr[26]
                            (output port)
  Path Group:             (none)
  Path Type:              Max at Slow Process Corner
  Data Path Delay:        1.491ns  (logic 0.518ns (34.742%)  route 0.973ns (65.258%))
  Logic Levels:           0  
  Clock Uncertainty:      0.025ns  ((TSJ^2 + TIJ^2)^1/2 + DJ) / 2 + PE
    Total System Jitter     (TSJ):    0.050ns
    Total Input Jitter      (TIJ):    0.000ns
    Discrete Jitter          (DJ):    0.000ns
    Phase Error              (PE):    0.000ns

    Location             Delay type                Incr(ns)  Path(ns)    Netlist Resource(s)
  -------------------------------------------------------------------    -------------------
                         (clock ap_clk rise edge)     0.000     0.000 r  <hidden>
                                                      0.000     0.000 r  ap_clk
                         net (fo=3947, unset)         0.973     0.973    bd_0_i/hls_inst/inst/gmem_A_m_axi_U/bus_read/rreq_burst_conv/burst_sequential/ap_clk
    SLICE_X82Y56         FDRE                                         r  bd_0_i/hls_inst/inst/gmem_A_m_axi_U/bus_read/rreq_burst_conv/burst_sequential/could_multi_bursts.burst_addr_base_reg[14]/C
  -------------------------------------------------------------------    -------------------
    SLICE_X82Y56         FDRE (Prop_fdre_C_Q)         0.518     1.491 r  bd_0_i/hls_inst/inst/gmem_A_m_axi_U/bus_read/rreq_burst_conv/burst_sequential/could_multi_bursts.burst_addr_base_reg[14]/Q
                         net (fo=0)                   0.973     2.464    m_axi_gmem_A_araddr[26]
                                                                      r  m_axi_gmem_A_araddr[26]
  -------------------------------------------------------------------    -------------------

Slack:                    inf
  Source:                 bd_0_i/hls_inst/inst/gmem_A_m_axi_U/bus_read/rreq_burst_conv/burst_sequential/could_multi_bursts.burst_addr_base_reg[16]/C
                            (rising edge-triggered cell FDRE clocked by ap_clk  {rise@0.000ns fall@5.000ns period=10.000ns})
  Destination:            m_axi_gmem_A_araddr[28]
                            (output port)
  Path Group:             (none)
  Path Type:              Max at Slow Process Corner
  Data Path Delay:        1.491ns  (logic 0.518ns (34.742%)  route 0.973ns (65.258%))
  Logic Levels:           0  
  Clock Uncertainty:      0.025ns  ((TSJ^2 + TIJ^2)^1/2 + DJ) / 2 + PE
    Total System Jitter     (TSJ):    0.050ns
    Total Input Jitter      (TIJ):    0.000ns
    Discrete Jitter          (DJ):    0.000ns
    Phase Error              (PE):    0.000ns

    Location             Delay type                Incr(ns)  Path(ns)    Netlist Resource(s)
  -------------------------------------------------------------------    -------------------
                         (clock ap_clk rise edge)     0.000     0.000 r  <hidden>
                                                      0.000     0.000 r  ap_clk
                         net (fo=3947, unset)         0.973     0.973    bd_0_i/hls_inst/inst/gmem_A_m_axi_U/bus_read/rreq_burst_conv/burst_sequential/ap_clk
    SLICE_X82Y58         FDRE                                         r  bd_0_i/hls_inst/inst/gmem_A_m_axi_U/bus_read/rreq_burst_conv/burst_sequential/could_multi_bursts.burst_addr_base_reg[16]/C
  -------------------------------------------------------------------    -------------------
    SLICE_X82Y58         FDRE (Prop_fdre_C_Q)         0.518     1.491 r  bd_0_i/hls_inst/inst/gmem_A_m_axi_U/bus_read/rreq_burst_conv/burst_sequential/could_multi_bursts.burst_addr_base_reg[16]/Q
                         net (fo=0)                   0.973     2.464    m_axi_gmem_A_araddr[28]
                                                                      r  m_axi_gmem_A_araddr[28]
  -------------------------------------------------------------------    -------------------

Slack:                    inf
  Source:                 bd_0_i/hls_inst/inst/gmem_A_m_axi_U/bus_read/rreq_burst_conv/burst_sequential/could_multi_bursts.burst_addr_base_reg[17]/C
                            (rising edge-triggered cell FDRE clocked by ap_clk  {rise@0.000ns fall@5.000ns period=10.000ns})
  Destination:            m_axi_gmem_A_araddr[29]
                            (output port)
  Path Group:             (none)
  Path Type:              Max at Slow Process Corner
  Data Path Delay:        1.491ns  (logic 0.518ns (34.742%)  route 0.973ns (65.258%))
  Logic Levels:           0  
  Clock Uncertainty:      0.025ns  ((TSJ^2 + TIJ^2)^1/2 + DJ) / 2 + PE
    Total System Jitter     (TSJ):    0.050ns
    Total Input Jitter      (TIJ):    0.000ns
    Discrete Jitter          (DJ):    0.000ns
    Phase Error              (PE):    0.000ns

    Location             Delay type                Incr(ns)  Path(ns)    Netlist Resource(s)
  -------------------------------------------------------------------    -------------------
                         (clock ap_clk rise edge)     0.000     0.000 r  <hidden>
                                                      0.000     0.000 r  ap_clk
                         net (fo=3947, unset)         0.973     0.973    bd_0_i/hls_inst/inst/gmem_A_m_axi_U/bus_read/rreq_burst_conv/burst_sequential/ap_clk
    SLICE_X82Y58         FDRE                                         r  bd_0_i/hls_inst/inst/gmem_A_m_axi_U/bus_read/rreq_burst_conv/burst_sequential/could_multi_bursts.burst_addr_base_reg[17]/C
  -------------------------------------------------------------------    -------------------
    SLICE_X82Y58         FDRE (Prop_fdre_C_Q)         0.518     1.491 r  bd_0_i/hls_inst/inst/gmem_A_m_axi_U/bus_read/rreq_burst_conv/burst_sequential/could_multi_bursts.burst_addr_base_reg[17]/Q
                         net (fo=0)                   0.973     2.464    m_axi_gmem_A_araddr[29]
                                                                      r  m_axi_gmem_A_araddr[29]
  -------------------------------------------------------------------    -------------------

Slack:                    inf
  Source:                 bd_0_i/hls_inst/inst/gmem_A_m_axi_U/bus_read/rreq_burst_conv/burst_sequential/could_multi_bursts.burst_addr_base_reg[20]/C
                            (rising edge-triggered cell FDRE clocked by ap_clk  {rise@0.000ns fall@5.000ns period=10.000ns})
  Destination:            m_axi_gmem_A_araddr[32]
                            (output port)
  Path Group:             (none)
  Path Type:              Max at Slow Process Corner
  Data Path Delay:        1.491ns  (logic 0.518ns (34.742%)  route 0.973ns (65.258%))
  Logic Levels:           0  
  Clock Uncertainty:      0.025ns  ((TSJ^2 + TIJ^2)^1/2 + DJ) / 2 + PE
    Total System Jitter     (TSJ):    0.050ns
    Total Input Jitter      (TIJ):    0.000ns
    Discrete Jitter          (DJ):    0.000ns
    Phase Error              (PE):    0.000ns

    Location             Delay type                Incr(ns)  Path(ns)    Netlist Resource(s)
  -------------------------------------------------------------------    -------------------
                         (clock ap_clk rise edge)     0.000     0.000 r  <hidden>
                                                      0.000     0.000 r  ap_clk
                         net (fo=3947, unset)         0.973     0.973    bd_0_i/hls_inst/inst/gmem_A_m_axi_U/bus_read/rreq_burst_conv/burst_sequential/ap_clk
    SLICE_X66Y54         FDRE                                         r  bd_0_i/hls_inst/inst/gmem_A_m_axi_U/bus_read/rreq_burst_conv/burst_sequential/could_multi_bursts.burst_addr_base_reg[20]/C
  -------------------------------------------------------------------    -------------------
    SLICE_X66Y54         FDRE (Prop_fdre_C_Q)         0.518     1.491 r  bd_0_i/hls_inst/inst/gmem_A_m_axi_U/bus_read/rreq_burst_conv/burst_sequential/could_multi_bursts.burst_addr_base_reg[20]/Q
                         net (fo=0)                   0.973     2.464    m_axi_gmem_A_araddr[32]
                                                                      r  m_axi_gmem_A_araddr[32]
  -------------------------------------------------------------------    -------------------

Slack:                    inf
  Source:                 bd_0_i/hls_inst/inst/gmem_A_m_axi_U/bus_read/rreq_burst_conv/burst_sequential/could_multi_bursts.burst_addr_base_reg[21]/C
                            (rising edge-triggered cell FDRE clocked by ap_clk  {rise@0.000ns fall@5.000ns period=10.000ns})
  Destination:            m_axi_gmem_A_araddr[33]
                            (output port)
  Path Group:             (none)
  Path Type:              Max at Slow Process Corner
  Data Path Delay:        1.491ns  (logic 0.518ns (34.742%)  route 0.973ns (65.258%))
  Logic Levels:           0  
  Clock Uncertainty:      0.025ns  ((TSJ^2 + TIJ^2)^1/2 + DJ) / 2 + PE
    Total System Jitter     (TSJ):    0.050ns
    Total Input Jitter      (TIJ):    0.000ns
    Discrete Jitter          (DJ):    0.000ns
    Phase Error              (PE):    0.000ns

    Location             Delay type                Incr(ns)  Path(ns)    Netlist Resource(s)
  -------------------------------------------------------------------    -------------------
                         (clock ap_clk rise edge)     0.000     0.000 r  <hidden>
                                                      0.000     0.000 r  ap_clk
                         net (fo=3947, unset)         0.973     0.973    bd_0_i/hls_inst/inst/gmem_A_m_axi_U/bus_read/rreq_burst_conv/burst_sequential/ap_clk
    SLICE_X66Y54         FDRE                                         r  bd_0_i/hls_inst/inst/gmem_A_m_axi_U/bus_read/rreq_burst_conv/burst_sequential/could_multi_bursts.burst_addr_base_reg[21]/C
  -------------------------------------------------------------------    -------------------
    SLICE_X66Y54         FDRE (Prop_fdre_C_Q)         0.518     1.491 r  bd_0_i/hls_inst/inst/gmem_A_m_axi_U/bus_read/rreq_burst_conv/burst_sequential/could_multi_bursts.burst_addr_base_reg[21]/Q
                         net (fo=0)                   0.973     2.464    m_axi_gmem_A_araddr[33]
                                                                      r  m_axi_gmem_A_araddr[33]
  -------------------------------------------------------------------    -------------------





Min Delay Paths
--------------------------------------------------------------------------------------
Slack:                    inf
  Source:                 bd_0_i/hls_inst/inst/gmem_A_m_axi_U/bus_read/rreq_burst_conv/burst_sequential/could_multi_bursts.burst_addr_base_reg[9]/C
                            (rising edge-triggered cell FDRE clocked by ap_clk  {rise@0.000ns fall@5.000ns period=10.000ns})
  Destination:            m_axi_gmem_A_araddr[21]
                            (output port)
  Path Group:             (none)
  Path Type:              Min at Fast Process Corner
  Data Path Delay:        0.538ns  (logic 0.128ns (23.786%)  route 0.410ns (76.214%))
  Logic Levels:           0  
  Clock Uncertainty:      0.025ns  ((TSJ^2 + TIJ^2)^1/2 + DJ) / 2 + PE
    Total System Jitter     (TSJ):    0.050ns
    Total Input Jitter      (TIJ):    0.000ns
    Discrete Jitter          (DJ):    0.000ns
    Phase Error              (PE):    0.000ns

    Location             Delay type                Incr(ns)  Path(ns)    Netlist Resource(s)
  -------------------------------------------------------------------    -------------------
                         (clock ap_clk rise edge)     0.000     0.000 r  <hidden>
                                                      0.000     0.000 r  ap_clk
                         net (fo=3947, unset)         0.410     0.410    bd_0_i/hls_inst/inst/gmem_A_m_axi_U/bus_read/rreq_burst_conv/burst_sequential/ap_clk
    SLICE_X80Y55         FDRE                                         r  bd_0_i/hls_inst/inst/gmem_A_m_axi_U/bus_read/rreq_burst_conv/burst_sequential/could_multi_bursts.burst_addr_base_reg[9]/C
  -------------------------------------------------------------------    -------------------
    SLICE_X80Y55         FDRE (Prop_fdre_C_Q)         0.128     0.538 r  bd_0_i/hls_inst/inst/gmem_A_m_axi_U/bus_read/rreq_burst_conv/burst_sequential/could_multi_bursts.burst_addr_base_reg[9]/Q
                         net (fo=0)                   0.410     0.948    m_axi_gmem_A_araddr[21]
                                                                      r  m_axi_gmem_A_araddr[21]
  -------------------------------------------------------------------    -------------------

Slack:                    inf
  Source:                 bd_0_i/hls_inst/inst/gmem_A_m_axi_U/bus_read/rreq_burst_conv/burst_sequential/could_multi_bursts.burst_addr_base_reg[35]/C
                            (rising edge-triggered cell FDRE clocked by ap_clk  {rise@0.000ns fall@5.000ns period=10.000ns})
  Destination:            m_axi_gmem_A_araddr[47]
                            (output port)
  Path Group:             (none)
  Path Type:              Min at Fast Process Corner
  Data Path Delay:        0.538ns  (logic 0.128ns (23.786%)  route 0.410ns (76.214%))
  Logic Levels:           0  
  Clock Uncertainty:      0.025ns  ((TSJ^2 + TIJ^2)^1/2 + DJ) / 2 + PE
    Total System Jitter     (TSJ):    0.050ns
    Total Input Jitter      (TIJ):    0.000ns
    Discrete Jitter          (DJ):    0.000ns
    Phase Error              (PE):    0.000ns

    Location             Delay type                Incr(ns)  Path(ns)    Netlist Resource(s)
  -------------------------------------------------------------------    -------------------
                         (clock ap_clk rise edge)     0.000     0.000 r  <hidden>
                                                      0.000     0.000 r  ap_clk
                         net (fo=3947, unset)         0.410     0.410    bd_0_i/hls_inst/inst/gmem_A_m_axi_U/bus_read/rreq_burst_conv/burst_sequential/ap_clk
    SLICE_X63Y58         FDRE                                         r  bd_0_i/hls_inst/inst/gmem_A_m_axi_U/bus_read/rreq_burst_conv/burst_sequential/could_multi_bursts.burst_addr_base_reg[35]/C
  -------------------------------------------------------------------    -------------------
    SLICE_X63Y58         FDRE (Prop_fdre_C_Q)         0.128     0.538 r  bd_0_i/hls_inst/inst/gmem_A_m_axi_U/bus_read/rreq_burst_conv/burst_sequential/could_multi_bursts.burst_addr_base_reg[35]/Q
                         net (fo=0)                   0.410     0.948    m_axi_gmem_A_araddr[47]
                                                                      r  m_axi_gmem_A_araddr[47]
  -------------------------------------------------------------------    -------------------

Slack:                    inf
  Source:                 bd_0_i/hls_inst/inst/gmem_A_m_axi_U/bus_read/rreq_burst_conv/burst_sequential/could_multi_bursts.burst_addr_base_reg[36]/C
                            (rising edge-triggered cell FDRE clocked by ap_clk  {rise@0.000ns fall@5.000ns period=10.000ns})
  Destination:            m_axi_gmem_A_araddr[48]
                            (output port)
  Path Group:             (none)
  Path Type:              Min at Fast Process Corner
  Data Path Delay:        0.538ns  (logic 0.128ns (23.786%)  route 0.410ns (76.214%))
  Logic Levels:           0  
  Clock Uncertainty:      0.025ns  ((TSJ^2 + TIJ^2)^1/2 + DJ) / 2 + PE
    Total System Jitter     (TSJ):    0.050ns
    Total Input Jitter      (TIJ):    0.000ns
    Discrete Jitter          (DJ):    0.000ns
    Phase Error              (PE):    0.000ns

    Location             Delay type                Incr(ns)  Path(ns)    Netlist Resource(s)
  -------------------------------------------------------------------    -------------------
                         (clock ap_clk rise edge)     0.000     0.000 r  <hidden>
                                                      0.000     0.000 r  ap_clk
                         net (fo=3947, unset)         0.410     0.410    bd_0_i/hls_inst/inst/gmem_A_m_axi_U/bus_read/rreq_burst_conv/burst_sequential/ap_clk
    SLICE_X63Y58         FDRE                                         r  bd_0_i/hls_inst/inst/gmem_A_m_axi_U/bus_read/rreq_burst_conv/burst_sequential/could_multi_bursts.burst_addr_base_reg[36]/C
  -------------------------------------------------------------------    -------------------
    SLICE_X63Y58         FDRE (Prop_fdre_C_Q)         0.128     0.538 r  bd_0_i/hls_inst/inst/gmem_A_m_axi_U/bus_read/rreq_burst_conv/burst_sequential/could_multi_bursts.burst_addr_base_reg[36]/Q
                         net (fo=0)                   0.410     0.948    m_axi_gmem_A_araddr[48]
                                                                      r  m_axi_gmem_A_araddr[48]
  -------------------------------------------------------------------    -------------------

Slack:                    inf
  Source:                 bd_0_i/hls_inst/inst/gmem_A_m_axi_U/bus_read/rreq_burst_conv/burst_sequential/could_multi_bursts.burst_addr_base_reg[37]/C
                            (rising edge-triggered cell FDRE clocked by ap_clk  {rise@0.000ns fall@5.000ns period=10.000ns})
  Destination:            m_axi_gmem_A_araddr[49]
                            (output port)
  Path Group:             (none)
  Path Type:              Min at Fast Process Corner
  Data Path Delay:        0.538ns  (logic 0.128ns (23.786%)  route 0.410ns (76.214%))
  Logic Levels:           0  
  Clock Uncertainty:      0.025ns  ((TSJ^2 + TIJ^2)^1/2 + DJ) / 2 + PE
    Total System Jitter     (TSJ):    0.050ns
    Total Input Jitter      (TIJ):    0.000ns
    Discrete Jitter          (DJ):    0.000ns
    Phase Error              (PE):    0.000ns

    Location             Delay type                Incr(ns)  Path(ns)    Netlist Resource(s)
  -------------------------------------------------------------------    -------------------
                         (clock ap_clk rise edge)     0.000     0.000 r  <hidden>
                                                      0.000     0.000 r  ap_clk
                         net (fo=3947, unset)         0.410     0.410    bd_0_i/hls_inst/inst/gmem_A_m_axi_U/bus_read/rreq_burst_conv/burst_sequential/ap_clk
    SLICE_X63Y58         FDRE                                         r  bd_0_i/hls_inst/inst/gmem_A_m_axi_U/bus_read/rreq_burst_conv/burst_sequential/could_multi_bursts.burst_addr_base_reg[37]/C
  -------------------------------------------------------------------    -------------------
    SLICE_X63Y58         FDRE (Prop_fdre_C_Q)         0.128     0.538 r  bd_0_i/hls_inst/inst/gmem_A_m_axi_U/bus_read/rreq_burst_conv/burst_sequential/could_multi_bursts.burst_addr_base_reg[37]/Q
                         net (fo=0)                   0.410     0.948    m_axi_gmem_A_araddr[49]
                                                                      r  m_axi_gmem_A_araddr[49]
  -------------------------------------------------------------------    -------------------

Slack:                    inf
  Source:                 bd_0_i/hls_inst/inst/gmem_A_m_axi_U/bus_read/rreq_burst_conv/burst_sequential/could_multi_bursts.burst_addr_base_reg[41]/C
                            (rising edge-triggered cell FDRE clocked by ap_clk  {rise@0.000ns fall@5.000ns period=10.000ns})
  Destination:            m_axi_gmem_A_araddr[53]
                            (output port)
  Path Group:             (none)
  Path Type:              Min at Fast Process Corner
  Data Path Delay:        0.538ns  (logic 0.128ns (23.786%)  route 0.410ns (76.214%))
  Logic Levels:           0  
  Clock Uncertainty:      0.025ns  ((TSJ^2 + TIJ^2)^1/2 + DJ) / 2 + PE
    Total System Jitter     (TSJ):    0.050ns
    Total Input Jitter      (TIJ):    0.000ns
    Discrete Jitter          (DJ):    0.000ns
    Phase Error              (PE):    0.000ns

    Location             Delay type                Incr(ns)  Path(ns)    Netlist Resource(s)
  -------------------------------------------------------------------    -------------------
                         (clock ap_clk rise edge)     0.000     0.000 r  <hidden>
                                                      0.000     0.000 r  ap_clk
                         net (fo=3947, unset)         0.410     0.410    bd_0_i/hls_inst/inst/gmem_A_m_axi_U/bus_read/rreq_burst_conv/burst_sequential/ap_clk
    SLICE_X67Y60         FDRE                                         r  bd_0_i/hls_inst/inst/gmem_A_m_axi_U/bus_read/rreq_burst_conv/burst_sequential/could_multi_bursts.burst_addr_base_reg[41]/C
  -------------------------------------------------------------------    -------------------
    SLICE_X67Y60         FDRE (Prop_fdre_C_Q)         0.128     0.538 r  bd_0_i/hls_inst/inst/gmem_A_m_axi_U/bus_read/rreq_burst_conv/burst_sequential/could_multi_bursts.burst_addr_base_reg[41]/Q
                         net (fo=0)                   0.410     0.948    m_axi_gmem_A_araddr[53]
                                                                      r  m_axi_gmem_A_araddr[53]
  -------------------------------------------------------------------    -------------------

Slack:                    inf
  Source:                 bd_0_i/hls_inst/inst/gmem_A_m_axi_U/bus_read/rreq_burst_conv/burst_sequential/could_multi_bursts.burst_addr_base_reg[42]/C
                            (rising edge-triggered cell FDRE clocked by ap_clk  {rise@0.000ns fall@5.000ns period=10.000ns})
  Destination:            m_axi_gmem_A_araddr[54]
                            (output port)
  Path Group:             (none)
  Path Type:              Min at Fast Process Corner
  Data Path Delay:        0.538ns  (logic 0.128ns (23.786%)  route 0.410ns (76.214%))
  Logic Levels:           0  
  Clock Uncertainty:      0.025ns  ((TSJ^2 + TIJ^2)^1/2 + DJ) / 2 + PE
    Total System Jitter     (TSJ):    0.050ns
    Total Input Jitter      (TIJ):    0.000ns
    Discrete Jitter          (DJ):    0.000ns
    Phase Error              (PE):    0.000ns

    Location             Delay type                Incr(ns)  Path(ns)    Netlist Resource(s)
  -------------------------------------------------------------------    -------------------
                         (clock ap_clk rise edge)     0.000     0.000 r  <hidden>
                                                      0.000     0.000 r  ap_clk
                         net (fo=3947, unset)         0.410     0.410    bd_0_i/hls_inst/inst/gmem_A_m_axi_U/bus_read/rreq_burst_conv/burst_sequential/ap_clk
    SLICE_X67Y60         FDRE                                         r  bd_0_i/hls_inst/inst/gmem_A_m_axi_U/bus_read/rreq_burst_conv/burst_sequential/could_multi_bursts.burst_addr_base_reg[42]/C
  -------------------------------------------------------------------    -------------------
    SLICE_X67Y60         FDRE (Prop_fdre_C_Q)         0.128     0.538 r  bd_0_i/hls_inst/inst/gmem_A_m_axi_U/bus_read/rreq_burst_conv/burst_sequential/could_multi_bursts.burst_addr_base_reg[42]/Q
                         net (fo=0)                   0.410     0.948    m_axi_gmem_A_araddr[54]
                                                                      r  m_axi_gmem_A_araddr[54]
  -------------------------------------------------------------------    -------------------

Slack:                    inf
  Source:                 bd_0_i/hls_inst/inst/gmem_A_m_axi_U/bus_read/rreq_burst_conv/burst_sequential/could_multi_bursts.burst_addr_base_reg[43]/C
                            (rising edge-triggered cell FDRE clocked by ap_clk  {rise@0.000ns fall@5.000ns period=10.000ns})
  Destination:            m_axi_gmem_A_araddr[55]
                            (output port)
  Path Group:             (none)
  Path Type:              Min at Fast Process Corner
  Data Path Delay:        0.538ns  (logic 0.128ns (23.786%)  route 0.410ns (76.214%))
  Logic Levels:           0  
  Clock Uncertainty:      0.025ns  ((TSJ^2 + TIJ^2)^1/2 + DJ) / 2 + PE
    Total System Jitter     (TSJ):    0.050ns
    Total Input Jitter      (TIJ):    0.000ns
    Discrete Jitter          (DJ):    0.000ns
    Phase Error              (PE):    0.000ns

    Location             Delay type                Incr(ns)  Path(ns)    Netlist Resource(s)
  -------------------------------------------------------------------    -------------------
                         (clock ap_clk rise edge)     0.000     0.000 r  <hidden>
                                                      0.000     0.000 r  ap_clk
                         net (fo=3947, unset)         0.410     0.410    bd_0_i/hls_inst/inst/gmem_A_m_axi_U/bus_read/rreq_burst_conv/burst_sequential/ap_clk
    SLICE_X67Y60         FDRE                                         r  bd_0_i/hls_inst/inst/gmem_A_m_axi_U/bus_read/rreq_burst_conv/burst_sequential/could_multi_bursts.burst_addr_base_reg[43]/C
  -------------------------------------------------------------------    -------------------
    SLICE_X67Y60         FDRE (Prop_fdre_C_Q)         0.128     0.538 r  bd_0_i/hls_inst/inst/gmem_A_m_axi_U/bus_read/rreq_burst_conv/burst_sequential/could_multi_bursts.burst_addr_base_reg[43]/Q
                         net (fo=0)                   0.410     0.948    m_axi_gmem_A_araddr[55]
                                                                      r  m_axi_gmem_A_araddr[55]
  -------------------------------------------------------------------    -------------------

Slack:                    inf
  Source:                 bd_0_i/hls_inst/inst/gmem_A_m_axi_U/bus_read/rreq_burst_conv/burst_sequential/could_multi_bursts.burst_addr_base_reg[51]/C
                            (rising edge-triggered cell FDRE clocked by ap_clk  {rise@0.000ns fall@5.000ns period=10.000ns})
  Destination:            m_axi_gmem_A_araddr[63]
                            (output port)
  Path Group:             (none)
  Path Type:              Min at Fast Process Corner
  Data Path Delay:        0.538ns  (logic 0.128ns (23.786%)  route 0.410ns (76.214%))
  Logic Levels:           0  
  Clock Uncertainty:      0.025ns  ((TSJ^2 + TIJ^2)^1/2 + DJ) / 2 + PE
    Total System Jitter     (TSJ):    0.050ns
    Total Input Jitter      (TIJ):    0.000ns
    Discrete Jitter          (DJ):    0.000ns
    Phase Error              (PE):    0.000ns

    Location             Delay type                Incr(ns)  Path(ns)    Netlist Resource(s)
  -------------------------------------------------------------------    -------------------
                         (clock ap_clk rise edge)     0.000     0.000 r  <hidden>
                                                      0.000     0.000 r  ap_clk
                         net (fo=3947, unset)         0.410     0.410    bd_0_i/hls_inst/inst/gmem_A_m_axi_U/bus_read/rreq_burst_conv/burst_sequential/ap_clk
    SLICE_X65Y63         FDRE                                         r  bd_0_i/hls_inst/inst/gmem_A_m_axi_U/bus_read/rreq_burst_conv/burst_sequential/could_multi_bursts.burst_addr_base_reg[51]/C
  -------------------------------------------------------------------    -------------------
    SLICE_X65Y63         FDRE (Prop_fdre_C_Q)         0.128     0.538 r  bd_0_i/hls_inst/inst/gmem_A_m_axi_U/bus_read/rreq_burst_conv/burst_sequential/could_multi_bursts.burst_addr_base_reg[51]/Q
                         net (fo=0)                   0.410     0.948    m_axi_gmem_A_araddr[63]
                                                                      r  m_axi_gmem_A_araddr[63]
  -------------------------------------------------------------------    -------------------

Slack:                    inf
  Source:                 bd_0_i/hls_inst/inst/gmem_A_m_axi_U/bus_read/rreq_burst_conv/burst_sequential/could_multi_bursts.burst_addr_reg[7]/C
                            (rising edge-triggered cell FDRE clocked by ap_clk  {rise@0.000ns fall@5.000ns period=10.000ns})
  Destination:            m_axi_gmem_A_araddr[7]
                            (output port)
  Path Group:             (none)
  Path Type:              Min at Fast Process Corner
  Data Path Delay:        0.538ns  (logic 0.128ns (23.786%)  route 0.410ns (76.214%))
  Logic Levels:           0  
  Clock Uncertainty:      0.025ns  ((TSJ^2 + TIJ^2)^1/2 + DJ) / 2 + PE
    Total System Jitter     (TSJ):    0.050ns
    Total Input Jitter      (TIJ):    0.000ns
    Discrete Jitter          (DJ):    0.000ns
    Phase Error              (PE):    0.000ns

    Location             Delay type                Incr(ns)  Path(ns)    Netlist Resource(s)
  -------------------------------------------------------------------    -------------------
                         (clock ap_clk rise edge)     0.000     0.000 r  <hidden>
                                                      0.000     0.000 r  ap_clk
                         net (fo=3947, unset)         0.410     0.410    bd_0_i/hls_inst/inst/gmem_A_m_axi_U/bus_read/rreq_burst_conv/burst_sequential/ap_clk
    SLICE_X70Y46         FDRE                                         r  bd_0_i/hls_inst/inst/gmem_A_m_axi_U/bus_read/rreq_burst_conv/burst_sequential/could_multi_bursts.burst_addr_reg[7]/C
  -------------------------------------------------------------------    -------------------
    SLICE_X70Y46         FDRE (Prop_fdre_C_Q)         0.128     0.538 r  bd_0_i/hls_inst/inst/gmem_A_m_axi_U/bus_read/rreq_burst_conv/burst_sequential/could_multi_bursts.burst_addr_reg[7]/Q
                         net (fo=4, unset)            0.410     0.948    m_axi_gmem_A_araddr[7]
                                                                      r  m_axi_gmem_A_araddr[7]
  -------------------------------------------------------------------    -------------------

Slack:                    inf
  Source:                 bd_0_i/hls_inst/inst/gmem_A_m_axi_U/bus_read/rreq_burst_conv/burst_sequential/could_multi_bursts.burst_len_reg[1]/C
                            (rising edge-triggered cell FDRE clocked by ap_clk  {rise@0.000ns fall@5.000ns period=10.000ns})
  Destination:            m_axi_gmem_A_arlen[1]
                            (output port)
  Path Group:             (none)
  Path Type:              Min at Fast Process Corner
  Data Path Delay:        0.538ns  (logic 0.128ns (23.786%)  route 0.410ns (76.214%))
  Logic Levels:           0  
  Clock Uncertainty:      0.025ns  ((TSJ^2 + TIJ^2)^1/2 + DJ) / 2 + PE
    Total System Jitter     (TSJ):    0.050ns
    Total Input Jitter      (TIJ):    0.000ns
    Discrete Jitter          (DJ):    0.000ns
    Phase Error              (PE):    0.000ns

    Location             Delay type                Incr(ns)  Path(ns)    Netlist Resource(s)
  -------------------------------------------------------------------    -------------------
                         (clock ap_clk rise edge)     0.000     0.000 r  <hidden>
                                                      0.000     0.000 r  ap_clk
                         net (fo=3947, unset)         0.410     0.410    bd_0_i/hls_inst/inst/gmem_A_m_axi_U/bus_read/rreq_burst_conv/burst_sequential/ap_clk
    SLICE_X65Y45         FDRE                                         r  bd_0_i/hls_inst/inst/gmem_A_m_axi_U/bus_read/rreq_burst_conv/burst_sequential/could_multi_bursts.burst_len_reg[1]/C
  -------------------------------------------------------------------    -------------------
    SLICE_X65Y45         FDRE (Prop_fdre_C_Q)         0.128     0.538 r  bd_0_i/hls_inst/inst/gmem_A_m_axi_U/bus_read/rreq_burst_conv/burst_sequential/could_multi_bursts.burst_len_reg[1]/Q
                         net (fo=0)                   0.410     0.948    m_axi_gmem_A_arlen[1]
                                                                      r  m_axi_gmem_A_arlen[1]
  -------------------------------------------------------------------    -------------------





--------------------------------------------------------------------------------------
Path Group:  (none)
From Clock:  
  To Clock:  ap_clk

Max Delay          4453 Endpoints
Min Delay          4453 Endpoints
--------------------------------------------------------------------------------------


Max Delay Paths
--------------------------------------------------------------------------------------
Slack:                    inf
  Source:                 ap_rst_n
                            (input port)
  Destination:            bd_0_i/hls_inst/inst/gmem_B_m_axi_U/bus_read/rreq_burst_conv/burst_sequential/could_multi_bursts.burst_addr_base_reg[12]/R
                            (rising edge-triggered cell FDRE clocked by ap_clk  {rise@0.000ns fall@5.000ns period=10.000ns})
  Path Group:             (none)
  Path Type:              Setup (Max at Slow Process Corner)
  Data Path Delay:        9.610ns  (logic 0.124ns (1.290%)  route 9.486ns (98.710%))
  Logic Levels:           1  (LUT1=1)
  Clock Path Skew:        0.924ns (DCD - SCD + CPR)
    Destination Clock Delay (DCD):    0.924ns
    Source Clock Delay      (SCD):    0.000ns
    Clock Pessimism Removal (CPR):    0.000ns
  Clock Uncertainty:      0.025ns  ((TSJ^2 + TIJ^2)^1/2 + DJ) / 2 + PE
    Total System Jitter     (TSJ):    0.050ns
    Total Input Jitter      (TIJ):    0.000ns
    Discrete Jitter          (DJ):    0.000ns
    Phase Error              (PE):    0.000ns

    Location             Delay type                Incr(ns)  Path(ns)    Netlist Resource(s)
  -------------------------------------------------------------------    -------------------
                                                      0.000     0.000 f  ap_rst_n
                         net (fo=15, unset)           0.973     0.973    bd_0_i/hls_inst/inst/gmem_C_m_axi_U/bus_write/wreq_burst_conv/burst_sequential/rs_req/ap_rst_n
    SLICE_X33Y61         LUT1 (Prop_lut1_I0_O)        0.124     1.097 r  bd_0_i/hls_inst/inst/gmem_C_m_axi_U/bus_write/wreq_burst_conv/burst_sequential/rs_req/could_multi_bursts.burst_valid_i_1__1/O
                         net (fo=2184, routed)        8.513     9.610    bd_0_i/hls_inst/inst/gmem_B_m_axi_U/bus_read/rreq_burst_conv/burst_sequential/ap_rst_n_inv
    SLICE_X56Y66         FDRE                                         r  bd_0_i/hls_inst/inst/gmem_B_m_axi_U/bus_read/rreq_burst_conv/burst_sequential/could_multi_bursts.burst_addr_base_reg[12]/R
  -------------------------------------------------------------------    -------------------

                         (clock ap_clk rise edge)     0.000     0.000 r  <hidden>
                                                      0.000     0.000 r  ap_clk
                         net (fo=3947, unset)         0.924     0.924    bd_0_i/hls_inst/inst/gmem_B_m_axi_U/bus_read/rreq_burst_conv/burst_sequential/ap_clk
    SLICE_X56Y66         FDRE                                         r  bd_0_i/hls_inst/inst/gmem_B_m_axi_U/bus_read/rreq_burst_conv/burst_sequential/could_multi_bursts.burst_addr_base_reg[12]/C

Slack:                    inf
  Source:                 ap_rst_n
                            (input port)
  Destination:            bd_0_i/hls_inst/inst/gmem_B_m_axi_U/bus_read/rreq_burst_conv/burst_sequential/could_multi_bursts.burst_addr_base_reg[13]/R
                            (rising edge-triggered cell FDRE clocked by ap_clk  {rise@0.000ns fall@5.000ns period=10.000ns})
  Path Group:             (none)
  Path Type:              Setup (Max at Slow Process Corner)
  Data Path Delay:        9.610ns  (logic 0.124ns (1.290%)  route 9.486ns (98.710%))
  Logic Levels:           1  (LUT1=1)
  Clock Path Skew:        0.924ns (DCD - SCD + CPR)
    Destination Clock Delay (DCD):    0.924ns
    Source Clock Delay      (SCD):    0.000ns
    Clock Pessimism Removal (CPR):    0.000ns
  Clock Uncertainty:      0.025ns  ((TSJ^2 + TIJ^2)^1/2 + DJ) / 2 + PE
    Total System Jitter     (TSJ):    0.050ns
    Total Input Jitter      (TIJ):    0.000ns
    Discrete Jitter          (DJ):    0.000ns
    Phase Error              (PE):    0.000ns

    Location             Delay type                Incr(ns)  Path(ns)    Netlist Resource(s)
  -------------------------------------------------------------------    -------------------
                                                      0.000     0.000 f  ap_rst_n
                         net (fo=15, unset)           0.973     0.973    bd_0_i/hls_inst/inst/gmem_C_m_axi_U/bus_write/wreq_burst_conv/burst_sequential/rs_req/ap_rst_n
    SLICE_X33Y61         LUT1 (Prop_lut1_I0_O)        0.124     1.097 r  bd_0_i/hls_inst/inst/gmem_C_m_axi_U/bus_write/wreq_burst_conv/burst_sequential/rs_req/could_multi_bursts.burst_valid_i_1__1/O
                         net (fo=2184, routed)        8.513     9.610    bd_0_i/hls_inst/inst/gmem_B_m_axi_U/bus_read/rreq_burst_conv/burst_sequential/ap_rst_n_inv
    SLICE_X56Y66         FDRE                                         r  bd_0_i/hls_inst/inst/gmem_B_m_axi_U/bus_read/rreq_burst_conv/burst_sequential/could_multi_bursts.burst_addr_base_reg[13]/R
  -------------------------------------------------------------------    -------------------

                         (clock ap_clk rise edge)     0.000     0.000 r  <hidden>
                                                      0.000     0.000 r  ap_clk
                         net (fo=3947, unset)         0.924     0.924    bd_0_i/hls_inst/inst/gmem_B_m_axi_U/bus_read/rreq_burst_conv/burst_sequential/ap_clk
    SLICE_X56Y66         FDRE                                         r  bd_0_i/hls_inst/inst/gmem_B_m_axi_U/bus_read/rreq_burst_conv/burst_sequential/could_multi_bursts.burst_addr_base_reg[13]/C

Slack:                    inf
  Source:                 ap_rst_n
                            (input port)
  Destination:            bd_0_i/hls_inst/inst/gmem_B_m_axi_U/bus_read/rreq_burst_conv/burst_sequential/could_multi_bursts.burst_addr_base_reg[15]/R
                            (rising edge-triggered cell FDRE clocked by ap_clk  {rise@0.000ns fall@5.000ns period=10.000ns})
  Path Group:             (none)
  Path Type:              Setup (Max at Slow Process Corner)
  Data Path Delay:        9.610ns  (logic 0.124ns (1.290%)  route 9.486ns (98.710%))
  Logic Levels:           1  (LUT1=1)
  Clock Path Skew:        0.924ns (DCD - SCD + CPR)
    Destination Clock Delay (DCD):    0.924ns
    Source Clock Delay      (SCD):    0.000ns
    Clock Pessimism Removal (CPR):    0.000ns
  Clock Uncertainty:      0.025ns  ((TSJ^2 + TIJ^2)^1/2 + DJ) / 2 + PE
    Total System Jitter     (TSJ):    0.050ns
    Total Input Jitter      (TIJ):    0.000ns
    Discrete Jitter          (DJ):    0.000ns
    Phase Error              (PE):    0.000ns

    Location             Delay type                Incr(ns)  Path(ns)    Netlist Resource(s)
  -------------------------------------------------------------------    -------------------
                                                      0.000     0.000 f  ap_rst_n
                         net (fo=15, unset)           0.973     0.973    bd_0_i/hls_inst/inst/gmem_C_m_axi_U/bus_write/wreq_burst_conv/burst_sequential/rs_req/ap_rst_n
    SLICE_X33Y61         LUT1 (Prop_lut1_I0_O)        0.124     1.097 r  bd_0_i/hls_inst/inst/gmem_C_m_axi_U/bus_write/wreq_burst_conv/burst_sequential/rs_req/could_multi_bursts.burst_valid_i_1__1/O
                         net (fo=2184, routed)        8.513     9.610    bd_0_i/hls_inst/inst/gmem_B_m_axi_U/bus_read/rreq_burst_conv/burst_sequential/ap_rst_n_inv
    SLICE_X56Y66         FDRE                                         r  bd_0_i/hls_inst/inst/gmem_B_m_axi_U/bus_read/rreq_burst_conv/burst_sequential/could_multi_bursts.burst_addr_base_reg[15]/R
  -------------------------------------------------------------------    -------------------

                         (clock ap_clk rise edge)     0.000     0.000 r  <hidden>
                                                      0.000     0.000 r  ap_clk
                         net (fo=3947, unset)         0.924     0.924    bd_0_i/hls_inst/inst/gmem_B_m_axi_U/bus_read/rreq_burst_conv/burst_sequential/ap_clk
    SLICE_X56Y66         FDRE                                         r  bd_0_i/hls_inst/inst/gmem_B_m_axi_U/bus_read/rreq_burst_conv/burst_sequential/could_multi_bursts.burst_addr_base_reg[15]/C

Slack:                    inf
  Source:                 ap_rst_n
                            (input port)
  Destination:            bd_0_i/hls_inst/inst/gmem_B_m_axi_U/bus_read/rreq_burst_conv/burst_sequential/could_multi_bursts.burst_addr_base_reg[17]/R
                            (rising edge-triggered cell FDRE clocked by ap_clk  {rise@0.000ns fall@5.000ns period=10.000ns})
  Path Group:             (none)
  Path Type:              Setup (Max at Slow Process Corner)
  Data Path Delay:        9.610ns  (logic 0.124ns (1.290%)  route 9.486ns (98.710%))
  Logic Levels:           1  (LUT1=1)
  Clock Path Skew:        0.924ns (DCD - SCD + CPR)
    Destination Clock Delay (DCD):    0.924ns
    Source Clock Delay      (SCD):    0.000ns
    Clock Pessimism Removal (CPR):    0.000ns
  Clock Uncertainty:      0.025ns  ((TSJ^2 + TIJ^2)^1/2 + DJ) / 2 + PE
    Total System Jitter     (TSJ):    0.050ns
    Total Input Jitter      (TIJ):    0.000ns
    Discrete Jitter          (DJ):    0.000ns
    Phase Error              (PE):    0.000ns

    Location             Delay type                Incr(ns)  Path(ns)    Netlist Resource(s)
  -------------------------------------------------------------------    -------------------
                                                      0.000     0.000 f  ap_rst_n
                         net (fo=15, unset)           0.973     0.973    bd_0_i/hls_inst/inst/gmem_C_m_axi_U/bus_write/wreq_burst_conv/burst_sequential/rs_req/ap_rst_n
    SLICE_X33Y61         LUT1 (Prop_lut1_I0_O)        0.124     1.097 r  bd_0_i/hls_inst/inst/gmem_C_m_axi_U/bus_write/wreq_burst_conv/burst_sequential/rs_req/could_multi_bursts.burst_valid_i_1__1/O
                         net (fo=2184, routed)        8.513     9.610    bd_0_i/hls_inst/inst/gmem_B_m_axi_U/bus_read/rreq_burst_conv/burst_sequential/ap_rst_n_inv
    SLICE_X56Y66         FDRE                                         r  bd_0_i/hls_inst/inst/gmem_B_m_axi_U/bus_read/rreq_burst_conv/burst_sequential/could_multi_bursts.burst_addr_base_reg[17]/R
  -------------------------------------------------------------------    -------------------

                         (clock ap_clk rise edge)     0.000     0.000 r  <hidden>
                                                      0.000     0.000 r  ap_clk
                         net (fo=3947, unset)         0.924     0.924    bd_0_i/hls_inst/inst/gmem_B_m_axi_U/bus_read/rreq_burst_conv/burst_sequential/ap_clk
    SLICE_X56Y66         FDRE                                         r  bd_0_i/hls_inst/inst/gmem_B_m_axi_U/bus_read/rreq_burst_conv/burst_sequential/could_multi_bursts.burst_addr_base_reg[17]/C

Slack:                    inf
  Source:                 ap_rst_n
                            (input port)
  Destination:            bd_0_i/hls_inst/inst/gmem_B_m_axi_U/bus_read/rreq_burst_conv/burst_sequential/sect_addr_buf_reg[24]/R
                            (rising edge-triggered cell FDRE clocked by ap_clk  {rise@0.000ns fall@5.000ns period=10.000ns})
  Path Group:             (none)
  Path Type:              Setup (Max at Slow Process Corner)
  Data Path Delay:        9.472ns  (logic 0.124ns (1.309%)  route 9.348ns (98.691%))
  Logic Levels:           1  (LUT1=1)
  Clock Path Skew:        0.924ns (DCD - SCD + CPR)
    Destination Clock Delay (DCD):    0.924ns
    Source Clock Delay      (SCD):    0.000ns
    Clock Pessimism Removal (CPR):    0.000ns
  Clock Uncertainty:      0.025ns  ((TSJ^2 + TIJ^2)^1/2 + DJ) / 2 + PE
    Total System Jitter     (TSJ):    0.050ns
    Total Input Jitter      (TIJ):    0.000ns
    Discrete Jitter          (DJ):    0.000ns
    Phase Error              (PE):    0.000ns

    Location             Delay type                Incr(ns)  Path(ns)    Netlist Resource(s)
  -------------------------------------------------------------------    -------------------
                                                      0.000     0.000 f  ap_rst_n
                         net (fo=15, unset)           0.973     0.973    bd_0_i/hls_inst/inst/gmem_C_m_axi_U/bus_write/wreq_burst_conv/burst_sequential/rs_req/ap_rst_n
    SLICE_X33Y61         LUT1 (Prop_lut1_I0_O)        0.124     1.097 r  bd_0_i/hls_inst/inst/gmem_C_m_axi_U/bus_write/wreq_burst_conv/burst_sequential/rs_req/could_multi_bursts.burst_valid_i_1__1/O
                         net (fo=2184, routed)        8.375     9.472    bd_0_i/hls_inst/inst/gmem_B_m_axi_U/bus_read/rreq_burst_conv/burst_sequential/ap_rst_n_inv
    SLICE_X56Y65         FDRE                                         r  bd_0_i/hls_inst/inst/gmem_B_m_axi_U/bus_read/rreq_burst_conv/burst_sequential/sect_addr_buf_reg[24]/R
  -------------------------------------------------------------------    -------------------

                         (clock ap_clk rise edge)     0.000     0.000 r  <hidden>
                                                      0.000     0.000 r  ap_clk
                         net (fo=3947, unset)         0.924     0.924    bd_0_i/hls_inst/inst/gmem_B_m_axi_U/bus_read/rreq_burst_conv/burst_sequential/ap_clk
    SLICE_X56Y65         FDRE                                         r  bd_0_i/hls_inst/inst/gmem_B_m_axi_U/bus_read/rreq_burst_conv/burst_sequential/sect_addr_buf_reg[24]/C

Slack:                    inf
  Source:                 ap_rst_n
                            (input port)
  Destination:            bd_0_i/hls_inst/inst/gmem_B_m_axi_U/bus_read/rreq_burst_conv/burst_sequential/sect_addr_buf_reg[25]/R
                            (rising edge-triggered cell FDRE clocked by ap_clk  {rise@0.000ns fall@5.000ns period=10.000ns})
  Path Group:             (none)
  Path Type:              Setup (Max at Slow Process Corner)
  Data Path Delay:        9.472ns  (logic 0.124ns (1.309%)  route 9.348ns (98.691%))
  Logic Levels:           1  (LUT1=1)
  Clock Path Skew:        0.924ns (DCD - SCD + CPR)
    Destination Clock Delay (DCD):    0.924ns
    Source Clock Delay      (SCD):    0.000ns
    Clock Pessimism Removal (CPR):    0.000ns
  Clock Uncertainty:      0.025ns  ((TSJ^2 + TIJ^2)^1/2 + DJ) / 2 + PE
    Total System Jitter     (TSJ):    0.050ns
    Total Input Jitter      (TIJ):    0.000ns
    Discrete Jitter          (DJ):    0.000ns
    Phase Error              (PE):    0.000ns

    Location             Delay type                Incr(ns)  Path(ns)    Netlist Resource(s)
  -------------------------------------------------------------------    -------------------
                                                      0.000     0.000 f  ap_rst_n
                         net (fo=15, unset)           0.973     0.973    bd_0_i/hls_inst/inst/gmem_C_m_axi_U/bus_write/wreq_burst_conv/burst_sequential/rs_req/ap_rst_n
    SLICE_X33Y61         LUT1 (Prop_lut1_I0_O)        0.124     1.097 r  bd_0_i/hls_inst/inst/gmem_C_m_axi_U/bus_write/wreq_burst_conv/burst_sequential/rs_req/could_multi_bursts.burst_valid_i_1__1/O
                         net (fo=2184, routed)        8.375     9.472    bd_0_i/hls_inst/inst/gmem_B_m_axi_U/bus_read/rreq_burst_conv/burst_sequential/ap_rst_n_inv
    SLICE_X56Y65         FDRE                                         r  bd_0_i/hls_inst/inst/gmem_B_m_axi_U/bus_read/rreq_burst_conv/burst_sequential/sect_addr_buf_reg[25]/R
  -------------------------------------------------------------------    -------------------

                         (clock ap_clk rise edge)     0.000     0.000 r  <hidden>
                                                      0.000     0.000 r  ap_clk
                         net (fo=3947, unset)         0.924     0.924    bd_0_i/hls_inst/inst/gmem_B_m_axi_U/bus_read/rreq_burst_conv/burst_sequential/ap_clk
    SLICE_X56Y65         FDRE                                         r  bd_0_i/hls_inst/inst/gmem_B_m_axi_U/bus_read/rreq_burst_conv/burst_sequential/sect_addr_buf_reg[25]/C

Slack:                    inf
  Source:                 ap_rst_n
                            (input port)
  Destination:            bd_0_i/hls_inst/inst/gmem_B_m_axi_U/bus_read/rreq_burst_conv/burst_sequential/sect_addr_buf_reg[27]/R
                            (rising edge-triggered cell FDRE clocked by ap_clk  {rise@0.000ns fall@5.000ns period=10.000ns})
  Path Group:             (none)
  Path Type:              Setup (Max at Slow Process Corner)
  Data Path Delay:        9.472ns  (logic 0.124ns (1.309%)  route 9.348ns (98.691%))
  Logic Levels:           1  (LUT1=1)
  Clock Path Skew:        0.924ns (DCD - SCD + CPR)
    Destination Clock Delay (DCD):    0.924ns
    Source Clock Delay      (SCD):    0.000ns
    Clock Pessimism Removal (CPR):    0.000ns
  Clock Uncertainty:      0.025ns  ((TSJ^2 + TIJ^2)^1/2 + DJ) / 2 + PE
    Total System Jitter     (TSJ):    0.050ns
    Total Input Jitter      (TIJ):    0.000ns
    Discrete Jitter          (DJ):    0.000ns
    Phase Error              (PE):    0.000ns

    Location             Delay type                Incr(ns)  Path(ns)    Netlist Resource(s)
  -------------------------------------------------------------------    -------------------
                                                      0.000     0.000 f  ap_rst_n
                         net (fo=15, unset)           0.973     0.973    bd_0_i/hls_inst/inst/gmem_C_m_axi_U/bus_write/wreq_burst_conv/burst_sequential/rs_req/ap_rst_n
    SLICE_X33Y61         LUT1 (Prop_lut1_I0_O)        0.124     1.097 r  bd_0_i/hls_inst/inst/gmem_C_m_axi_U/bus_write/wreq_burst_conv/burst_sequential/rs_req/could_multi_bursts.burst_valid_i_1__1/O
                         net (fo=2184, routed)        8.375     9.472    bd_0_i/hls_inst/inst/gmem_B_m_axi_U/bus_read/rreq_burst_conv/burst_sequential/ap_rst_n_inv
    SLICE_X56Y65         FDRE                                         r  bd_0_i/hls_inst/inst/gmem_B_m_axi_U/bus_read/rreq_burst_conv/burst_sequential/sect_addr_buf_reg[27]/R
  -------------------------------------------------------------------    -------------------

                         (clock ap_clk rise edge)     0.000     0.000 r  <hidden>
                                                      0.000     0.000 r  ap_clk
                         net (fo=3947, unset)         0.924     0.924    bd_0_i/hls_inst/inst/gmem_B_m_axi_U/bus_read/rreq_burst_conv/burst_sequential/ap_clk
    SLICE_X56Y65         FDRE                                         r  bd_0_i/hls_inst/inst/gmem_B_m_axi_U/bus_read/rreq_burst_conv/burst_sequential/sect_addr_buf_reg[27]/C

Slack:                    inf
  Source:                 ap_rst_n
                            (input port)
  Destination:            bd_0_i/hls_inst/inst/gmem_B_m_axi_U/bus_read/rreq_burst_conv/burst_sequential/sect_addr_buf_reg[29]/R
                            (rising edge-triggered cell FDRE clocked by ap_clk  {rise@0.000ns fall@5.000ns period=10.000ns})
  Path Group:             (none)
  Path Type:              Setup (Max at Slow Process Corner)
  Data Path Delay:        9.472ns  (logic 0.124ns (1.309%)  route 9.348ns (98.691%))
  Logic Levels:           1  (LUT1=1)
  Clock Path Skew:        0.924ns (DCD - SCD + CPR)
    Destination Clock Delay (DCD):    0.924ns
    Source Clock Delay      (SCD):    0.000ns
    Clock Pessimism Removal (CPR):    0.000ns
  Clock Uncertainty:      0.025ns  ((TSJ^2 + TIJ^2)^1/2 + DJ) / 2 + PE
    Total System Jitter     (TSJ):    0.050ns
    Total Input Jitter      (TIJ):    0.000ns
    Discrete Jitter          (DJ):    0.000ns
    Phase Error              (PE):    0.000ns

    Location             Delay type                Incr(ns)  Path(ns)    Netlist Resource(s)
  -------------------------------------------------------------------    -------------------
                                                      0.000     0.000 f  ap_rst_n
                         net (fo=15, unset)           0.973     0.973    bd_0_i/hls_inst/inst/gmem_C_m_axi_U/bus_write/wreq_burst_conv/burst_sequential/rs_req/ap_rst_n
    SLICE_X33Y61         LUT1 (Prop_lut1_I0_O)        0.124     1.097 r  bd_0_i/hls_inst/inst/gmem_C_m_axi_U/bus_write/wreq_burst_conv/burst_sequential/rs_req/could_multi_bursts.burst_valid_i_1__1/O
                         net (fo=2184, routed)        8.375     9.472    bd_0_i/hls_inst/inst/gmem_B_m_axi_U/bus_read/rreq_burst_conv/burst_sequential/ap_rst_n_inv
    SLICE_X56Y65         FDRE                                         r  bd_0_i/hls_inst/inst/gmem_B_m_axi_U/bus_read/rreq_burst_conv/burst_sequential/sect_addr_buf_reg[29]/R
  -------------------------------------------------------------------    -------------------

                         (clock ap_clk rise edge)     0.000     0.000 r  <hidden>
                                                      0.000     0.000 r  ap_clk
                         net (fo=3947, unset)         0.924     0.924    bd_0_i/hls_inst/inst/gmem_B_m_axi_U/bus_read/rreq_burst_conv/burst_sequential/ap_clk
    SLICE_X56Y65         FDRE                                         r  bd_0_i/hls_inst/inst/gmem_B_m_axi_U/bus_read/rreq_burst_conv/burst_sequential/sect_addr_buf_reg[29]/C

Slack:                    inf
  Source:                 ap_rst_n
                            (input port)
  Destination:            bd_0_i/hls_inst/inst/gmem_B_m_axi_U/bus_read/rreq_burst_conv/burst_sequential/start_addr_reg[22]/R
                            (rising edge-triggered cell FDRE clocked by ap_clk  {rise@0.000ns fall@5.000ns period=10.000ns})
  Path Group:             (none)
  Path Type:              Setup (Max at Slow Process Corner)
  Data Path Delay:        9.467ns  (logic 0.124ns (1.310%)  route 9.343ns (98.690%))
  Logic Levels:           1  (LUT1=1)
  Clock Path Skew:        0.924ns (DCD - SCD + CPR)
    Destination Clock Delay (DCD):    0.924ns
    Source Clock Delay      (SCD):    0.000ns
    Clock Pessimism Removal (CPR):    0.000ns
  Clock Uncertainty:      0.025ns  ((TSJ^2 + TIJ^2)^1/2 + DJ) / 2 + PE
    Total System Jitter     (TSJ):    0.050ns
    Total Input Jitter      (TIJ):    0.000ns
    Discrete Jitter          (DJ):    0.000ns
    Phase Error              (PE):    0.000ns

    Location             Delay type                Incr(ns)  Path(ns)    Netlist Resource(s)
  -------------------------------------------------------------------    -------------------
                                                      0.000     0.000 f  ap_rst_n
                         net (fo=15, unset)           0.973     0.973    bd_0_i/hls_inst/inst/gmem_C_m_axi_U/bus_write/wreq_burst_conv/burst_sequential/rs_req/ap_rst_n
    SLICE_X33Y61         LUT1 (Prop_lut1_I0_O)        0.124     1.097 r  bd_0_i/hls_inst/inst/gmem_C_m_axi_U/bus_write/wreq_burst_conv/burst_sequential/rs_req/could_multi_bursts.burst_valid_i_1__1/O
                         net (fo=2184, routed)        8.370     9.467    bd_0_i/hls_inst/inst/gmem_B_m_axi_U/bus_read/rreq_burst_conv/burst_sequential/ap_rst_n_inv
    SLICE_X57Y65         FDRE                                         r  bd_0_i/hls_inst/inst/gmem_B_m_axi_U/bus_read/rreq_burst_conv/burst_sequential/start_addr_reg[22]/R
  -------------------------------------------------------------------    -------------------

                         (clock ap_clk rise edge)     0.000     0.000 r  <hidden>
                                                      0.000     0.000 r  ap_clk
                         net (fo=3947, unset)         0.924     0.924    bd_0_i/hls_inst/inst/gmem_B_m_axi_U/bus_read/rreq_burst_conv/burst_sequential/ap_clk
    SLICE_X57Y65         FDRE                                         r  bd_0_i/hls_inst/inst/gmem_B_m_axi_U/bus_read/rreq_burst_conv/burst_sequential/start_addr_reg[22]/C

Slack:                    inf
  Source:                 ap_rst_n
                            (input port)
  Destination:            bd_0_i/hls_inst/inst/gmem_B_m_axi_U/bus_read/rreq_burst_conv/burst_sequential/start_addr_reg[24]/R
                            (rising edge-triggered cell FDRE clocked by ap_clk  {rise@0.000ns fall@5.000ns period=10.000ns})
  Path Group:             (none)
  Path Type:              Setup (Max at Slow Process Corner)
  Data Path Delay:        9.467ns  (logic 0.124ns (1.310%)  route 9.343ns (98.690%))
  Logic Levels:           1  (LUT1=1)
  Clock Path Skew:        0.924ns (DCD - SCD + CPR)
    Destination Clock Delay (DCD):    0.924ns
    Source Clock Delay      (SCD):    0.000ns
    Clock Pessimism Removal (CPR):    0.000ns
  Clock Uncertainty:      0.025ns  ((TSJ^2 + TIJ^2)^1/2 + DJ) / 2 + PE
    Total System Jitter     (TSJ):    0.050ns
    Total Input Jitter      (TIJ):    0.000ns
    Discrete Jitter          (DJ):    0.000ns
    Phase Error              (PE):    0.000ns

    Location             Delay type                Incr(ns)  Path(ns)    Netlist Resource(s)
  -------------------------------------------------------------------    -------------------
                                                      0.000     0.000 f  ap_rst_n
                         net (fo=15, unset)           0.973     0.973    bd_0_i/hls_inst/inst/gmem_C_m_axi_U/bus_write/wreq_burst_conv/burst_sequential/rs_req/ap_rst_n
    SLICE_X33Y61         LUT1 (Prop_lut1_I0_O)        0.124     1.097 r  bd_0_i/hls_inst/inst/gmem_C_m_axi_U/bus_write/wreq_burst_conv/burst_sequential/rs_req/could_multi_bursts.burst_valid_i_1__1/O
                         net (fo=2184, routed)        8.370     9.467    bd_0_i/hls_inst/inst/gmem_B_m_axi_U/bus_read/rreq_burst_conv/burst_sequential/ap_rst_n_inv
    SLICE_X57Y65         FDRE                                         r  bd_0_i/hls_inst/inst/gmem_B_m_axi_U/bus_read/rreq_burst_conv/burst_sequential/start_addr_reg[24]/R
  -------------------------------------------------------------------    -------------------

                         (clock ap_clk rise edge)     0.000     0.000 r  <hidden>
                                                      0.000     0.000 r  ap_clk
                         net (fo=3947, unset)         0.924     0.924    bd_0_i/hls_inst/inst/gmem_B_m_axi_U/bus_read/rreq_burst_conv/burst_sequential/ap_clk
    SLICE_X57Y65         FDRE                                         r  bd_0_i/hls_inst/inst/gmem_B_m_axi_U/bus_read/rreq_burst_conv/burst_sequential/start_addr_reg[24]/C





Min Delay Paths
--------------------------------------------------------------------------------------
Slack:                    inf
  Source:                 bd_0_i/hls_inst/inst/mul_32s_32s_32_2_1_U1/tmp_product__0/ACOUT[0]
                            (internal pin)
  Destination:            bd_0_i/hls_inst/inst/mul_32s_32s_32_2_1_U1/buff0_reg/ACIN[0]
                            (rising edge-triggered cell DSP48E1 clocked by ap_clk  {rise@0.000ns fall@5.000ns period=10.000ns})
  Path Group:             (none)
  Path Type:              Hold (Min at Slow Process Corner)
  Data Path Delay:        0.002ns  (logic 0.000ns (0.000%)  route 0.002ns (100.000%))
  Logic Levels:           0  
  Clock Uncertainty:      0.025ns  ((TSJ^2 + TIJ^2)^1/2 + DJ) / 2 + PE
    Total System Jitter     (TSJ):    0.050ns
    Total Input Jitter      (TIJ):    0.000ns
    Discrete Jitter          (DJ):    0.000ns
    Phase Error              (PE):    0.000ns

    Location             Delay type                Incr(ns)  Path(ns)    Netlist Resource(s)
  -------------------------------------------------------------------    -------------------
    DSP48_X1Y18          DSP48E1                      0.000     0.000 r  bd_0_i/hls_inst/inst/mul_32s_32s_32_2_1_U1/tmp_product__0/ACOUT[0]
                         net (fo=1, routed)           0.002     0.002    bd_0_i/hls_inst/inst/mul_32s_32s_32_2_1_U1/tmp_product__0_n_53
    DSP48_X1Y19          DSP48E1                                      r  bd_0_i/hls_inst/inst/mul_32s_32s_32_2_1_U1/buff0_reg/ACIN[0]
  -------------------------------------------------------------------    -------------------

                         (clock ap_clk rise edge)     0.000     0.000 r  <hidden>
                                                      0.000     0.000 r  ap_clk
                         net (fo=3947, unset)         0.973     0.973    bd_0_i/hls_inst/inst/mul_32s_32s_32_2_1_U1/ap_clk
    DSP48_X1Y19          DSP48E1                                      r  bd_0_i/hls_inst/inst/mul_32s_32s_32_2_1_U1/buff0_reg/CLK

Slack:                    inf
  Source:                 bd_0_i/hls_inst/inst/mul_32s_32s_32_2_1_U1/tmp_product__0/ACOUT[10]
                            (internal pin)
  Destination:            bd_0_i/hls_inst/inst/mul_32s_32s_32_2_1_U1/buff0_reg/ACIN[10]
                            (rising edge-triggered cell DSP48E1 clocked by ap_clk  {rise@0.000ns fall@5.000ns period=10.000ns})
  Path Group:             (none)
  Path Type:              Hold (Min at Slow Process Corner)
  Data Path Delay:        0.002ns  (logic 0.000ns (0.000%)  route 0.002ns (100.000%))
  Logic Levels:           0  
  Clock Uncertainty:      0.025ns  ((TSJ^2 + TIJ^2)^1/2 + DJ) / 2 + PE
    Total System Jitter     (TSJ):    0.050ns
    Total Input Jitter      (TIJ):    0.000ns
    Discrete Jitter          (DJ):    0.000ns
    Phase Error              (PE):    0.000ns

    Location             Delay type                Incr(ns)  Path(ns)    Netlist Resource(s)
  -------------------------------------------------------------------    -------------------
    DSP48_X1Y18          DSP48E1                      0.000     0.000 r  bd_0_i/hls_inst/inst/mul_32s_32s_32_2_1_U1/tmp_product__0/ACOUT[10]
                         net (fo=1, routed)           0.002     0.002    bd_0_i/hls_inst/inst/mul_32s_32s_32_2_1_U1/tmp_product__0_n_43
    DSP48_X1Y19          DSP48E1                                      r  bd_0_i/hls_inst/inst/mul_32s_32s_32_2_1_U1/buff0_reg/ACIN[10]
  -------------------------------------------------------------------    -------------------

                         (clock ap_clk rise edge)     0.000     0.000 r  <hidden>
                                                      0.000     0.000 r  ap_clk
                         net (fo=3947, unset)         0.973     0.973    bd_0_i/hls_inst/inst/mul_32s_32s_32_2_1_U1/ap_clk
    DSP48_X1Y19          DSP48E1                                      r  bd_0_i/hls_inst/inst/mul_32s_32s_32_2_1_U1/buff0_reg/CLK

Slack:                    inf
  Source:                 bd_0_i/hls_inst/inst/mul_32s_32s_32_2_1_U1/tmp_product__0/ACOUT[11]
                            (internal pin)
  Destination:            bd_0_i/hls_inst/inst/mul_32s_32s_32_2_1_U1/buff0_reg/ACIN[11]
                            (rising edge-triggered cell DSP48E1 clocked by ap_clk  {rise@0.000ns fall@5.000ns period=10.000ns})
  Path Group:             (none)
  Path Type:              Hold (Min at Slow Process Corner)
  Data Path Delay:        0.002ns  (logic 0.000ns (0.000%)  route 0.002ns (100.000%))
  Logic Levels:           0  
  Clock Uncertainty:      0.025ns  ((TSJ^2 + TIJ^2)^1/2 + DJ) / 2 + PE
    Total System Jitter     (TSJ):    0.050ns
    Total Input Jitter      (TIJ):    0.000ns
    Discrete Jitter          (DJ):    0.000ns
    Phase Error              (PE):    0.000ns

    Location             Delay type                Incr(ns)  Path(ns)    Netlist Resource(s)
  -------------------------------------------------------------------    -------------------
    DSP48_X1Y18          DSP48E1                      0.000     0.000 r  bd_0_i/hls_inst/inst/mul_32s_32s_32_2_1_U1/tmp_product__0/ACOUT[11]
                         net (fo=1, routed)           0.002     0.002    bd_0_i/hls_inst/inst/mul_32s_32s_32_2_1_U1/tmp_product__0_n_42
    DSP48_X1Y19          DSP48E1                                      r  bd_0_i/hls_inst/inst/mul_32s_32s_32_2_1_U1/buff0_reg/ACIN[11]
  -------------------------------------------------------------------    -------------------

                         (clock ap_clk rise edge)     0.000     0.000 r  <hidden>
                                                      0.000     0.000 r  ap_clk
                         net (fo=3947, unset)         0.973     0.973    bd_0_i/hls_inst/inst/mul_32s_32s_32_2_1_U1/ap_clk
    DSP48_X1Y19          DSP48E1                                      r  bd_0_i/hls_inst/inst/mul_32s_32s_32_2_1_U1/buff0_reg/CLK

Slack:                    inf
  Source:                 bd_0_i/hls_inst/inst/mul_32s_32s_32_2_1_U1/tmp_product__0/ACOUT[12]
                            (internal pin)
  Destination:            bd_0_i/hls_inst/inst/mul_32s_32s_32_2_1_U1/buff0_reg/ACIN[12]
                            (rising edge-triggered cell DSP48E1 clocked by ap_clk  {rise@0.000ns fall@5.000ns period=10.000ns})
  Path Group:             (none)
  Path Type:              Hold (Min at Slow Process Corner)
  Data Path Delay:        0.002ns  (logic 0.000ns (0.000%)  route 0.002ns (100.000%))
  Logic Levels:           0  
  Clock Uncertainty:      0.025ns  ((TSJ^2 + TIJ^2)^1/2 + DJ) / 2 + PE
    Total System Jitter     (TSJ):    0.050ns
    Total Input Jitter      (TIJ):    0.000ns
    Discrete Jitter          (DJ):    0.000ns
    Phase Error              (PE):    0.000ns

    Location             Delay type                Incr(ns)  Path(ns)    Netlist Resource(s)
  -------------------------------------------------------------------    -------------------
    DSP48_X1Y18          DSP48E1                      0.000     0.000 r  bd_0_i/hls_inst/inst/mul_32s_32s_32_2_1_U1/tmp_product__0/ACOUT[12]
                         net (fo=1, routed)           0.002     0.002    bd_0_i/hls_inst/inst/mul_32s_32s_32_2_1_U1/tmp_product__0_n_41
    DSP48_X1Y19          DSP48E1                                      r  bd_0_i/hls_inst/inst/mul_32s_32s_32_2_1_U1/buff0_reg/ACIN[12]
  -------------------------------------------------------------------    -------------------

                         (clock ap_clk rise edge)     0.000     0.000 r  <hidden>
                                                      0.000     0.000 r  ap_clk
                         net (fo=3947, unset)         0.973     0.973    bd_0_i/hls_inst/inst/mul_32s_32s_32_2_1_U1/ap_clk
    DSP48_X1Y19          DSP48E1                                      r  bd_0_i/hls_inst/inst/mul_32s_32s_32_2_1_U1/buff0_reg/CLK

Slack:                    inf
  Source:                 bd_0_i/hls_inst/inst/mul_32s_32s_32_2_1_U1/tmp_product__0/ACOUT[13]
                            (internal pin)
  Destination:            bd_0_i/hls_inst/inst/mul_32s_32s_32_2_1_U1/buff0_reg/ACIN[13]
                            (rising edge-triggered cell DSP48E1 clocked by ap_clk  {rise@0.000ns fall@5.000ns period=10.000ns})
  Path Group:             (none)
  Path Type:              Hold (Min at Slow Process Corner)
  Data Path Delay:        0.002ns  (logic 0.000ns (0.000%)  route 0.002ns (100.000%))
  Logic Levels:           0  
  Clock Uncertainty:      0.025ns  ((TSJ^2 + TIJ^2)^1/2 + DJ) / 2 + PE
    Total System Jitter     (TSJ):    0.050ns
    Total Input Jitter      (TIJ):    0.000ns
    Discrete Jitter          (DJ):    0.000ns
    Phase Error              (PE):    0.000ns

    Location             Delay type                Incr(ns)  Path(ns)    Netlist Resource(s)
  -------------------------------------------------------------------    -------------------
    DSP48_X1Y18          DSP48E1                      0.000     0.000 r  bd_0_i/hls_inst/inst/mul_32s_32s_32_2_1_U1/tmp_product__0/ACOUT[13]
                         net (fo=1, routed)           0.002     0.002    bd_0_i/hls_inst/inst/mul_32s_32s_32_2_1_U1/tmp_product__0_n_40
    DSP48_X1Y19          DSP48E1                                      r  bd_0_i/hls_inst/inst/mul_32s_32s_32_2_1_U1/buff0_reg/ACIN[13]
  -------------------------------------------------------------------    -------------------

                         (clock ap_clk rise edge)     0.000     0.000 r  <hidden>
                                                      0.000     0.000 r  ap_clk
                         net (fo=3947, unset)         0.973     0.973    bd_0_i/hls_inst/inst/mul_32s_32s_32_2_1_U1/ap_clk
    DSP48_X1Y19          DSP48E1                                      r  bd_0_i/hls_inst/inst/mul_32s_32s_32_2_1_U1/buff0_reg/CLK

Slack:                    inf
  Source:                 bd_0_i/hls_inst/inst/mul_32s_32s_32_2_1_U1/tmp_product__0/ACOUT[14]
                            (internal pin)
  Destination:            bd_0_i/hls_inst/inst/mul_32s_32s_32_2_1_U1/buff0_reg/ACIN[14]
                            (rising edge-triggered cell DSP48E1 clocked by ap_clk  {rise@0.000ns fall@5.000ns period=10.000ns})
  Path Group:             (none)
  Path Type:              Hold (Min at Slow Process Corner)
  Data Path Delay:        0.002ns  (logic 0.000ns (0.000%)  route 0.002ns (100.000%))
  Logic Levels:           0  
  Clock Uncertainty:      0.025ns  ((TSJ^2 + TIJ^2)^1/2 + DJ) / 2 + PE
    Total System Jitter     (TSJ):    0.050ns
    Total Input Jitter      (TIJ):    0.000ns
    Discrete Jitter          (DJ):    0.000ns
    Phase Error              (PE):    0.000ns

    Location             Delay type                Incr(ns)  Path(ns)    Netlist Resource(s)
  -------------------------------------------------------------------    -------------------
    DSP48_X1Y18          DSP48E1                      0.000     0.000 r  bd_0_i/hls_inst/inst/mul_32s_32s_32_2_1_U1/tmp_product__0/ACOUT[14]
                         net (fo=1, routed)           0.002     0.002    bd_0_i/hls_inst/inst/mul_32s_32s_32_2_1_U1/tmp_product__0_n_39
    DSP48_X1Y19          DSP48E1                                      r  bd_0_i/hls_inst/inst/mul_32s_32s_32_2_1_U1/buff0_reg/ACIN[14]
  -------------------------------------------------------------------    -------------------

                         (clock ap_clk rise edge)     0.000     0.000 r  <hidden>
                                                      0.000     0.000 r  ap_clk
                         net (fo=3947, unset)         0.973     0.973    bd_0_i/hls_inst/inst/mul_32s_32s_32_2_1_U1/ap_clk
    DSP48_X1Y19          DSP48E1                                      r  bd_0_i/hls_inst/inst/mul_32s_32s_32_2_1_U1/buff0_reg/CLK

Slack:                    inf
  Source:                 bd_0_i/hls_inst/inst/mul_32s_32s_32_2_1_U1/tmp_product__0/ACOUT[15]
                            (internal pin)
  Destination:            bd_0_i/hls_inst/inst/mul_32s_32s_32_2_1_U1/buff0_reg/ACIN[15]
                            (rising edge-triggered cell DSP48E1 clocked by ap_clk  {rise@0.000ns fall@5.000ns period=10.000ns})
  Path Group:             (none)
  Path Type:              Hold (Min at Slow Process Corner)
  Data Path Delay:        0.002ns  (logic 0.000ns (0.000%)  route 0.002ns (100.000%))
  Logic Levels:           0  
  Clock Uncertainty:      0.025ns  ((TSJ^2 + TIJ^2)^1/2 + DJ) / 2 + PE
    Total System Jitter     (TSJ):    0.050ns
    Total Input Jitter      (TIJ):    0.000ns
    Discrete Jitter          (DJ):    0.000ns
    Phase Error              (PE):    0.000ns

    Location             Delay type                Incr(ns)  Path(ns)    Netlist Resource(s)
  -------------------------------------------------------------------    -------------------
    DSP48_X1Y18          DSP48E1                      0.000     0.000 r  bd_0_i/hls_inst/inst/mul_32s_32s_32_2_1_U1/tmp_product__0/ACOUT[15]
                         net (fo=1, routed)           0.002     0.002    bd_0_i/hls_inst/inst/mul_32s_32s_32_2_1_U1/tmp_product__0_n_38
    DSP48_X1Y19          DSP48E1                                      r  bd_0_i/hls_inst/inst/mul_32s_32s_32_2_1_U1/buff0_reg/ACIN[15]
  -------------------------------------------------------------------    -------------------

                         (clock ap_clk rise edge)     0.000     0.000 r  <hidden>
                                                      0.000     0.000 r  ap_clk
                         net (fo=3947, unset)         0.973     0.973    bd_0_i/hls_inst/inst/mul_32s_32s_32_2_1_U1/ap_clk
    DSP48_X1Y19          DSP48E1                                      r  bd_0_i/hls_inst/inst/mul_32s_32s_32_2_1_U1/buff0_reg/CLK

Slack:                    inf
  Source:                 bd_0_i/hls_inst/inst/mul_32s_32s_32_2_1_U1/tmp_product__0/ACOUT[16]
                            (internal pin)
  Destination:            bd_0_i/hls_inst/inst/mul_32s_32s_32_2_1_U1/buff0_reg/ACIN[16]
                            (rising edge-triggered cell DSP48E1 clocked by ap_clk  {rise@0.000ns fall@5.000ns period=10.000ns})
  Path Group:             (none)
  Path Type:              Hold (Min at Slow Process Corner)
  Data Path Delay:        0.002ns  (logic 0.000ns (0.000%)  route 0.002ns (100.000%))
  Logic Levels:           0  
  Clock Uncertainty:      0.025ns  ((TSJ^2 + TIJ^2)^1/2 + DJ) / 2 + PE
    Total System Jitter     (TSJ):    0.050ns
    Total Input Jitter      (TIJ):    0.000ns
    Discrete Jitter          (DJ):    0.000ns
    Phase Error              (PE):    0.000ns

    Location             Delay type                Incr(ns)  Path(ns)    Netlist Resource(s)
  -------------------------------------------------------------------    -------------------
    DSP48_X1Y18          DSP48E1                      0.000     0.000 r  bd_0_i/hls_inst/inst/mul_32s_32s_32_2_1_U1/tmp_product__0/ACOUT[16]
                         net (fo=1, routed)           0.002     0.002    bd_0_i/hls_inst/inst/mul_32s_32s_32_2_1_U1/tmp_product__0_n_37
    DSP48_X1Y19          DSP48E1                                      r  bd_0_i/hls_inst/inst/mul_32s_32s_32_2_1_U1/buff0_reg/ACIN[16]
  -------------------------------------------------------------------    -------------------

                         (clock ap_clk rise edge)     0.000     0.000 r  <hidden>
                                                      0.000     0.000 r  ap_clk
                         net (fo=3947, unset)         0.973     0.973    bd_0_i/hls_inst/inst/mul_32s_32s_32_2_1_U1/ap_clk
    DSP48_X1Y19          DSP48E1                                      r  bd_0_i/hls_inst/inst/mul_32s_32s_32_2_1_U1/buff0_reg/CLK

Slack:                    inf
  Source:                 bd_0_i/hls_inst/inst/mul_32s_32s_32_2_1_U1/tmp_product__0/ACOUT[17]
                            (internal pin)
  Destination:            bd_0_i/hls_inst/inst/mul_32s_32s_32_2_1_U1/buff0_reg/ACIN[17]
                            (rising edge-triggered cell DSP48E1 clocked by ap_clk  {rise@0.000ns fall@5.000ns period=10.000ns})
  Path Group:             (none)
  Path Type:              Hold (Min at Slow Process Corner)
  Data Path Delay:        0.002ns  (logic 0.000ns (0.000%)  route 0.002ns (100.000%))
  Logic Levels:           0  
  Clock Uncertainty:      0.025ns  ((TSJ^2 + TIJ^2)^1/2 + DJ) / 2 + PE
    Total System Jitter     (TSJ):    0.050ns
    Total Input Jitter      (TIJ):    0.000ns
    Discrete Jitter          (DJ):    0.000ns
    Phase Error              (PE):    0.000ns

    Location             Delay type                Incr(ns)  Path(ns)    Netlist Resource(s)
  -------------------------------------------------------------------    -------------------
    DSP48_X1Y18          DSP48E1                      0.000     0.000 r  bd_0_i/hls_inst/inst/mul_32s_32s_32_2_1_U1/tmp_product__0/ACOUT[17]
                         net (fo=1, routed)           0.002     0.002    bd_0_i/hls_inst/inst/mul_32s_32s_32_2_1_U1/tmp_product__0_n_36
    DSP48_X1Y19          DSP48E1                                      r  bd_0_i/hls_inst/inst/mul_32s_32s_32_2_1_U1/buff0_reg/ACIN[17]
  -------------------------------------------------------------------    -------------------

                         (clock ap_clk rise edge)     0.000     0.000 r  <hidden>
                                                      0.000     0.000 r  ap_clk
                         net (fo=3947, unset)         0.973     0.973    bd_0_i/hls_inst/inst/mul_32s_32s_32_2_1_U1/ap_clk
    DSP48_X1Y19          DSP48E1                                      r  bd_0_i/hls_inst/inst/mul_32s_32s_32_2_1_U1/buff0_reg/CLK

Slack:                    inf
  Source:                 bd_0_i/hls_inst/inst/mul_32s_32s_32_2_1_U1/tmp_product__0/ACOUT[18]
                            (internal pin)
  Destination:            bd_0_i/hls_inst/inst/mul_32s_32s_32_2_1_U1/buff0_reg/ACIN[18]
                            (rising edge-triggered cell DSP48E1 clocked by ap_clk  {rise@0.000ns fall@5.000ns period=10.000ns})
  Path Group:             (none)
  Path Type:              Hold (Min at Slow Process Corner)
  Data Path Delay:        0.002ns  (logic 0.000ns (0.000%)  route 0.002ns (100.000%))
  Logic Levels:           0  
  Clock Uncertainty:      0.025ns  ((TSJ^2 + TIJ^2)^1/2 + DJ) / 2 + PE
    Total System Jitter     (TSJ):    0.050ns
    Total Input Jitter      (TIJ):    0.000ns
    Discrete Jitter          (DJ):    0.000ns
    Phase Error              (PE):    0.000ns

    Location             Delay type                Incr(ns)  Path(ns)    Netlist Resource(s)
  -------------------------------------------------------------------    -------------------
    DSP48_X1Y18          DSP48E1                      0.000     0.000 r  bd_0_i/hls_inst/inst/mul_32s_32s_32_2_1_U1/tmp_product__0/ACOUT[18]
                         net (fo=1, routed)           0.002     0.002    bd_0_i/hls_inst/inst/mul_32s_32s_32_2_1_U1/tmp_product__0_n_35
    DSP48_X1Y19          DSP48E1                                      r  bd_0_i/hls_inst/inst/mul_32s_32s_32_2_1_U1/buff0_reg/ACIN[18]
  -------------------------------------------------------------------    -------------------

                         (clock ap_clk rise edge)     0.000     0.000 r  <hidden>
                                                      0.000     0.000 r  ap_clk
                         net (fo=3947, unset)         0.973     0.973    bd_0_i/hls_inst/inst/mul_32s_32s_32_2_1_U1/ap_clk
    DSP48_X1Y19          DSP48E1                                      r  bd_0_i/hls_inst/inst/mul_32s_32s_32_2_1_U1/buff0_reg/CLK





