Copyright 1986-2022 Xilinx, Inc. All Rights Reserved. Copyright 2022-2026 Advanced Micro Devices, Inc. All Rights Reserved.
------------------------------------------------------------------------------------------------------------------------------------------------------------------------------------------------------------------------------------------------
| Tool Version : Vivado v.2026.1 (win64) Build 6511674 Tue Jun 16 11:02:23 MDT 2026
| Date         : Thu Sep 24 15:05:22 2026
| Host         : DESKTOP-55UAODO running 64-bit major release  (build 9200)
| Command      : report_timing_summary -max_paths 10 -routable_nets -report_unconstrained -file bd_0_wrapper_timing_summary_routed.rpt -pb bd_0_wrapper_timing_summary_routed.pb -rpx bd_0_wrapper_timing_summary_routed.rpx -warn_on_violation
| Design       : bd_0_wrapper
| Device       : 7z020-clg400
| Speed File   : -1  PRODUCTION 1.12 2019-11-22
| Design State : Routed
------------------------------------------------------------------------------------------------------------------------------------------------------------------------------------------------------------------------------------------------

Timing Summary Report

------------------------------------------------------------------------------------------------
| Timer Settings
| --------------
------------------------------------------------------------------------------------------------

  Enable Multi Corner Analysis               :  Yes
  Enable Pessimism Removal                   :  Yes
  Pessimism Removal Resolution               :  Nearest Common Node
  Enable Input Delay Default Clock           :  No
  Enable Preset / Clear Arcs                 :  No
  Disable Flight Delays                      :  No
  Ignore I/O Paths                           :  No
  Timing Early Launch at Borrowing Latches   :  No
  Borrow Time for Max Delay Exceptions       :  Yes
  Merge Timing Exceptions                    :  Yes
  Inter-SLR Compensation                     :  Conservative

  Corner  Analyze    Analyze    
  Name    Max Paths  Min Paths  
  ------  ---------  ---------  
  Slow    Yes        Yes        
  Fast    Yes        Yes        


------------------------------------------------------------------------------------------------
| Report Methodology
| ------------------
------------------------------------------------------------------------------------------------

Rule       Severity  Description                    Violations  
---------  --------  -----------------------------  ----------  
TIMING-18  Warning   Missing input or output delay  172         

Note: This report is based on the most recent report_methodology run and may not be up-to-date. Run report_methodology on the current design for the latest report.



check_timing report

Table of Contents
-----------------
1. checking no_clock (0)
2. checking constant_clock (0)
3. checking pulse_width_clock (0)
4. checking unconstrained_internal_endpoints (0)
5. checking no_input_delay (86)
6. checking no_output_delay (58)
7. checking multiple_clock (0)
8. checking generated_clocks (0)
9. checking loops (0)
10. checking partial_input_delay (0)
11. checking partial_output_delay (0)
12. checking latch_loops (0)

1. checking no_clock (0)
------------------------
 There are 0 register/latch pins with no clock.


2. checking constant_clock (0)
------------------------------
 There are 0 register/latch pins with constant_clock.


3. checking pulse_width_clock (0)
---------------------------------
 There are 0 register/latch pins which need pulse_width check


4. checking unconstrained_internal_endpoints (0)
------------------------------------------------
 There are 0 pins that are not constrained for maximum delay.

 There are 0 pins that are not constrained for maximum delay due to constant clock.


5. checking no_input_delay (86)
-------------------------------
 There are 86 input ports with no input delay specified. (HIGH)

 There are 0 input ports with no input delay but user has a false path constraint.


6. checking no_output_delay (58)
--------------------------------
 There are 58 ports with no output delay specified. (HIGH)

 There are 0 ports with no output delay but user has a false path constraint

 There are 0 ports with no output delay but with a timing clock defined on it or propagating through it


7. checking multiple_clock (0)
------------------------------
 There are 0 register/latch pins with multiple clocks.


8. checking generated_clocks (0)
--------------------------------
 There are 0 generated clocks that are not connected to a clock source.


9. checking loops (0)
---------------------
 There are 0 combinational loops in the design.


10. checking partial_input_delay (0)
------------------------------------
 There are 0 input ports with partial input delay specified.


11. checking partial_output_delay (0)
-------------------------------------
 There are 0 ports with partial output delay specified.


12. checking latch_loops (0)
----------------------------
 There are 0 combinational latch loops in the design through latch input



------------------------------------------------------------------------------------------------
| Design Timing Summary
| ---------------------
------------------------------------------------------------------------------------------------

    WNS(ns)      TNS(ns)  TNS Failing Endpoints  TNS Total Endpoints      WHS(ns)      THS(ns)  THS Failing Endpoints  THS Total Endpoints     WPWS(ns)     TPWS(ns)  TPWS Failing Endpoints  TPWS Total Endpoints  
    -------      -------  ---------------------  -------------------      -------      -------  ---------------------  -------------------     --------     --------  ----------------------  --------------------  
      2.875        0.000                      0                 9583        0.098        0.000                      0                 9583        4.020        0.000                       0                  3965  


All user specified timing constraints are met.


------------------------------------------------------------------------------------------------
| Clock Summary
| -------------
------------------------------------------------------------------------------------------------

Clock   Waveform(ns)       Period(ns)      Frequency(MHz)
-----   ------------       ----------      --------------
ap_clk  {0.000 5.000}      10.000          100.000         


------------------------------------------------------------------------------------------------
| Intra Clock Table
| -----------------
------------------------------------------------------------------------------------------------

Clock             WNS(ns)      TNS(ns)  TNS Failing Endpoints  TNS Total Endpoints      WHS(ns)      THS(ns)  THS Failing Endpoints  THS Total Endpoints     WPWS(ns)     TPWS(ns)  TPWS Failing Endpoints  TPWS Total Endpoints  
-----             -------      -------  ---------------------  -------------------      -------      -------  ---------------------  -------------------     --------     --------  ----------------------  --------------------  
ap_clk              2.875        0.000                      0                 9583        0.098        0.000                      0                 9583        4.020        0.000                       0                  3965  


------------------------------------------------------------------------------------------------
| Inter Clock Table
| -----------------
------------------------------------------------------------------------------------------------

From Clock    To Clock          WNS(ns)      TNS(ns)  TNS Failing Endpoints  TNS Total Endpoints      WHS(ns)      THS(ns)  THS Failing Endpoints  THS Total Endpoints  
----------    --------          -------      -------  ---------------------  -------------------      -------      -------  ---------------------  -------------------  


------------------------------------------------------------------------------------------------
| Other Path Groups Table
| -----------------------
------------------------------------------------------------------------------------------------

Path Group    From Clock    To Clock          WNS(ns)      TNS(ns)  TNS Failing Endpoints  TNS Total Endpoints      WHS(ns)      THS(ns)  THS Failing Endpoints  THS Total Endpoints  
----------    ----------    --------          -------      -------  ---------------------  -------------------      -------      -------  ---------------------  -------------------  


------------------------------------------------------------------------------------------------
| User Ignored Path Table
| -----------------------
------------------------------------------------------------------------------------------------

Path Group    From Clock    To Clock    
----------    ----------    --------    


------------------------------------------------------------------------------------------------
| Unconstrained Path Table
| ------------------------
------------------------------------------------------------------------------------------------

Path Group    From Clock    To Clock    
----------    ----------    --------    
(none)        ap_clk                      
(none)                      ap_clk        


------------------------------------------------------------------------------------------------
| Timing Details
| --------------
------------------------------------------------------------------------------------------------


---------------------------------------------------------------------------------------------------
From Clock:  ap_clk
  To Clock:  ap_clk

Setup :            0  Failing Endpoints,  Worst Slack        2.875ns,  Total Violation        0.000ns
Hold  :            0  Failing Endpoints,  Worst Slack        0.098ns,  Total Violation        0.000ns
PW    :            0  Failing Endpoints,  Worst Slack        4.020ns,  Total Violation        0.000ns
---------------------------------------------------------------------------------------------------


Max Delay Paths
--------------------------------------------------------------------------------------
Slack (MET) :             2.875ns  (required time - arrival time)
  Source:                 bd_0_i/hls_inst/inst/Cols_c_U/addr_reg[0]/C
                            (rising edge-triggered cell FDRE clocked by ap_clk  {rise@0.000ns fall@5.000ns period=10.000ns})
  Destination:            bd_0_i/hls_inst/inst/Hysteresis_Filter_U0/mul_31ns_31ns_62_2_1_U80/buff0_reg/B[4]
                            (rising edge-triggered cell DSP48E1 clocked by ap_clk  {rise@0.000ns fall@5.000ns period=10.000ns})
  Path Group:             ap_clk
  Path Type:              Setup (Max at Slow Process Corner)
  Requirement:            10.000ns  (ap_clk rise@10.000ns - ap_clk rise@0.000ns)
  Data Path Delay:        6.591ns  (logic 1.509ns (22.894%)  route 5.082ns (77.106%))
  Logic Levels:           6  (CARRY4=4 LUT4=1 LUT5=1)
  Clock Path Skew:        -0.049ns (DCD - SCD + CPR)
    Destination Clock Delay (DCD):    0.924ns = ( 10.924 - 10.000 ) 
    Source Clock Delay      (SCD):    0.973ns
    Clock Pessimism Removal (CPR):    0.000ns
  Clock Uncertainty:      0.035ns  ((TSJ^2 + TIJ^2)^1/2 + DJ) / 2 + PE
    Total System Jitter     (TSJ):    0.071ns
    Total Input Jitter      (TIJ):    0.000ns
    Discrete Jitter          (DJ):    0.000ns
    Phase Error              (PE):    0.000ns

    Location             Delay type                Incr(ns)  Path(ns)    Netlist Resource(s)
  -------------------------------------------------------------------    -------------------
                         (clock ap_clk rise edge)     0.000     0.000 r  <hidden>
                                                      0.000     0.000 r  ap_clk
                         net (fo=3972, unset)         0.973     0.973    bd_0_i/hls_inst/inst/Cols_c_U/ap_clk
    SLICE_X38Y18         FDRE                                         r  bd_0_i/hls_inst/inst/Cols_c_U/addr_reg[0]/C
  -------------------------------------------------------------------    -------------------
    SLICE_X38Y18         FDRE (Prop_fdre_C_Q)         0.518     1.491 r  bd_0_i/hls_inst/inst/Cols_c_U/addr_reg[0]/Q
                         net (fo=96, routed)          2.839     4.330    bd_0_i/hls_inst/inst/Cols_c_U/U_Canny_Filter_fifo_w32_d2_S_ShiftReg/tmp_product
    SLICE_X31Y2          LUT5 (Prop_lut5_I2_O)        0.124     4.454 r  bd_0_i/hls_inst/inst/Cols_c_U/U_Canny_Filter_fifo_w32_d2_S_ShiftReg/tmp_product_i_100__1/O
                         net (fo=1, routed)           0.000     4.454    bd_0_i/hls_inst/inst/Cols_c_U/U_Canny_Filter_fifo_w32_d2_S_ShiftReg/tmp_product_i_100__1_n_0
    SLICE_X31Y2          CARRY4 (Prop_carry4_S[3]_CO[3])
                                                      0.401     4.855 r  bd_0_i/hls_inst/inst/Cols_c_U/U_Canny_Filter_fifo_w32_d2_S_ShiftReg/tmp_product_i_79__1/CO[3]
                         net (fo=1, routed)           0.000     4.855    bd_0_i/hls_inst/inst/Cols_c_U/U_Canny_Filter_fifo_w32_d2_S_ShiftReg/tmp_product_i_79__1_n_0
    SLICE_X31Y3          CARRY4 (Prop_carry4_CI_CO[3])
                                                      0.114     4.969 r  bd_0_i/hls_inst/inst/Cols_c_U/U_Canny_Filter_fifo_w32_d2_S_ShiftReg/tmp_product_i_61__1/CO[3]
                         net (fo=1, routed)           0.000     4.969    bd_0_i/hls_inst/inst/Cols_c_U/U_Canny_Filter_fifo_w32_d2_S_ShiftReg/tmp_product_i_61__1_n_0
    SLICE_X31Y4          CARRY4 (Prop_carry4_CI_CO[3])
                                                      0.114     5.083 r  bd_0_i/hls_inst/inst/Cols_c_U/U_Canny_Filter_fifo_w32_d2_S_ShiftReg/tmp_product_i_43__1/CO[3]
                         net (fo=1, routed)           0.000     5.083    bd_0_i/hls_inst/inst/Cols_c_U/U_Canny_Filter_fifo_w32_d2_S_ShiftReg/tmp_product_i_43__1_n_0
    SLICE_X31Y5          CARRY4 (Prop_carry4_CI_CO[3])
                                                      0.114     5.197 r  bd_0_i/hls_inst/inst/Cols_c_U/U_Canny_Filter_fifo_w32_d2_S_ShiftReg/tmp_product_i_33__2/CO[3]
                         net (fo=31, routed)          1.358     6.555    bd_0_i/hls_inst/inst/Cols_c_U/U_Canny_Filter_fifo_w32_d2_S_ShiftReg/tmp_product_i_33__2_n_0
    SLICE_X32Y3          LUT4 (Prop_lut4_I0_O)        0.124     6.679 r  bd_0_i/hls_inst/inst/Cols_c_U/U_Canny_Filter_fifo_w32_d2_S_ShiftReg/buff0_reg_i_10__1/O
                         net (fo=2, routed)           0.885     7.564    bd_0_i/hls_inst/inst/Hysteresis_Filter_U0/mul_31ns_31ns_62_2_1_U80/buff0_reg_0[4]
    DSP48_X2Y5           DSP48E1                                      r  bd_0_i/hls_inst/inst/Hysteresis_Filter_U0/mul_31ns_31ns_62_2_1_U80/buff0_reg/B[4]
  -------------------------------------------------------------------    -------------------

                         (clock ap_clk rise edge)    10.000    10.000 r  <hidden>
                                                      0.000    10.000 r  ap_clk
                         net (fo=3972, unset)         0.924    10.924    bd_0_i/hls_inst/inst/Hysteresis_Filter_U0/mul_31ns_31ns_62_2_1_U80/ap_clk
    DSP48_X2Y5           DSP48E1                                      r  bd_0_i/hls_inst/inst/Hysteresis_Filter_U0/mul_31ns_31ns_62_2_1_U80/buff0_reg/CLK
                         clock pessimism              0.000    10.924    <hidden>
                         clock uncertainty           -0.035    10.889    <hidden>
    DSP48_X2Y5           DSP48E1 (Setup_dsp48e1_CLK_B[4])
                                                     -0.450    10.439    bd_0_i/hls_inst/inst/Hysteresis_Filter_U0/mul_31ns_31ns_62_2_1_U80/buff0_reg
  -------------------------------------------------------------------
                         required time                         10.439    <hidden>
                         arrival time                          -7.564    <hidden>
  -------------------------------------------------------------------
                         slack                                  2.875    <hidden>

Slack (MET) :             2.903ns  (required time - arrival time)
  Source:                 bd_0_i/hls_inst/inst/Cols_c_U/addr_reg[0]/C
                            (rising edge-triggered cell FDRE clocked by ap_clk  {rise@0.000ns fall@5.000ns period=10.000ns})
  Destination:            bd_0_i/hls_inst/inst/Hysteresis_Filter_U0/mul_31ns_31ns_62_2_1_U80/buff0_reg/B[13]
                            (rising edge-triggered cell DSP48E1 clocked by ap_clk  {rise@0.000ns fall@5.000ns period=10.000ns})
  Path Group:             ap_clk
  Path Type:              Setup (Max at Slow Process Corner)
  Requirement:            10.000ns  (ap_clk rise@10.000ns - ap_clk rise@0.000ns)
  Data Path Delay:        6.563ns  (logic 1.509ns (22.994%)  route 5.054ns (77.006%))
  Logic Levels:           6  (CARRY4=4 LUT4=1 LUT5=1)
  Clock Path Skew:        -0.049ns (DCD - SCD + CPR)
    Destination Clock Delay (DCD):    0.924ns = ( 10.924 - 10.000 ) 
    Source Clock Delay      (SCD):    0.973ns
    Clock Pessimism Removal (CPR):    0.000ns
  Clock Uncertainty:      0.035ns  ((TSJ^2 + TIJ^2)^1/2 + DJ) / 2 + PE
    Total System Jitter     (TSJ):    0.071ns
    Total Input Jitter      (TIJ):    0.000ns
    Discrete Jitter          (DJ):    0.000ns
    Phase Error              (PE):    0.000ns

    Location             Delay type                Incr(ns)  Path(ns)    Netlist Resource(s)
  -------------------------------------------------------------------    -------------------
                         (clock ap_clk rise edge)     0.000     0.000 r  <hidden>
                                                      0.000     0.000 r  ap_clk
                         net (fo=3972, unset)         0.973     0.973    bd_0_i/hls_inst/inst/Cols_c_U/ap_clk
    SLICE_X38Y18         FDRE                                         r  bd_0_i/hls_inst/inst/Cols_c_U/addr_reg[0]/C
  -------------------------------------------------------------------    -------------------
    SLICE_X38Y18         FDRE (Prop_fdre_C_Q)         0.518     1.491 r  bd_0_i/hls_inst/inst/Cols_c_U/addr_reg[0]/Q
                         net (fo=96, routed)          2.839     4.330    bd_0_i/hls_inst/inst/Cols_c_U/U_Canny_Filter_fifo_w32_d2_S_ShiftReg/tmp_product
    SLICE_X31Y2          LUT5 (Prop_lut5_I2_O)        0.124     4.454 r  bd_0_i/hls_inst/inst/Cols_c_U/U_Canny_Filter_fifo_w32_d2_S_ShiftReg/tmp_product_i_100__1/O
                         net (fo=1, routed)           0.000     4.454    bd_0_i/hls_inst/inst/Cols_c_U/U_Canny_Filter_fifo_w32_d2_S_ShiftReg/tmp_product_i_100__1_n_0
    SLICE_X31Y2          CARRY4 (Prop_carry4_S[3]_CO[3])
                                                      0.401     4.855 r  bd_0_i/hls_inst/inst/Cols_c_U/U_Canny_Filter_fifo_w32_d2_S_ShiftReg/tmp_product_i_79__1/CO[3]
                         net (fo=1, routed)           0.000     4.855    bd_0_i/hls_inst/inst/Cols_c_U/U_Canny_Filter_fifo_w32_d2_S_ShiftReg/tmp_product_i_79__1_n_0
    SLICE_X31Y3          CARRY4 (Prop_carry4_CI_CO[3])
                                                      0.114     4.969 r  bd_0_i/hls_inst/inst/Cols_c_U/U_Canny_Filter_fifo_w32_d2_S_ShiftReg/tmp_product_i_61__1/CO[3]
                         net (fo=1, routed)           0.000     4.969    bd_0_i/hls_inst/inst/Cols_c_U/U_Canny_Filter_fifo_w32_d2_S_ShiftReg/tmp_product_i_61__1_n_0
    SLICE_X31Y4          CARRY4 (Prop_carry4_CI_CO[3])
                                                      0.114     5.083 r  bd_0_i/hls_inst/inst/Cols_c_U/U_Canny_Filter_fifo_w32_d2_S_ShiftReg/tmp_product_i_43__1/CO[3]
                         net (fo=1, routed)           0.000     5.083    bd_0_i/hls_inst/inst/Cols_c_U/U_Canny_Filter_fifo_w32_d2_S_ShiftReg/tmp_product_i_43__1_n_0
    SLICE_X31Y5          CARRY4 (Prop_carry4_CI_CO[3])
                                                      0.114     5.197 r  bd_0_i/hls_inst/inst/Cols_c_U/U_Canny_Filter_fifo_w32_d2_S_ShiftReg/tmp_product_i_33__2/CO[3]
                         net (fo=31, routed)          1.481     6.678    bd_0_i/hls_inst/inst/Cols_c_U/U_Canny_Filter_fifo_w32_d2_S_ShiftReg/tmp_product_i_33__2_n_0
    SLICE_X35Y7          LUT4 (Prop_lut4_I0_O)        0.124     6.802 r  bd_0_i/hls_inst/inst/Cols_c_U/U_Canny_Filter_fifo_w32_d2_S_ShiftReg/buff0_reg_i_1__1/O
                         net (fo=2, routed)           0.734     7.536    bd_0_i/hls_inst/inst/Hysteresis_Filter_U0/mul_31ns_31ns_62_2_1_U80/buff0_reg_0[13]
    DSP48_X2Y5           DSP48E1                                      r  bd_0_i/hls_inst/inst/Hysteresis_Filter_U0/mul_31ns_31ns_62_2_1_U80/buff0_reg/B[13]
  -------------------------------------------------------------------    -------------------

                         (clock ap_clk rise edge)    10.000    10.000 r  <hidden>
                                                      0.000    10.000 r  ap_clk
                         net (fo=3972, unset)         0.924    10.924    bd_0_i/hls_inst/inst/Hysteresis_Filter_U0/mul_31ns_31ns_62_2_1_U80/ap_clk
    DSP48_X2Y5           DSP48E1                                      r  bd_0_i/hls_inst/inst/Hysteresis_Filter_U0/mul_31ns_31ns_62_2_1_U80/buff0_reg/CLK
                         clock pessimism              0.000    10.924    <hidden>
                         clock uncertainty           -0.035    10.889    <hidden>
    DSP48_X2Y5           DSP48E1 (Setup_dsp48e1_CLK_B[13])
                                                     -0.450    10.439    bd_0_i/hls_inst/inst/Hysteresis_Filter_U0/mul_31ns_31ns_62_2_1_U80/buff0_reg
  -------------------------------------------------------------------
                         required time                         10.439    <hidden>
                         arrival time                          -7.536    <hidden>
  -------------------------------------------------------------------
                         slack                                  2.903    <hidden>

Slack (MET) :             2.916ns  (required time - arrival time)
  Source:                 bd_0_i/hls_inst/inst/Cols_c_U/addr_reg[0]/C
                            (rising edge-triggered cell FDRE clocked by ap_clk  {rise@0.000ns fall@5.000ns period=10.000ns})
  Destination:            bd_0_i/hls_inst/inst/Hysteresis_Filter_U0/mul_31ns_31ns_62_2_1_U80/buff0_reg__0/B[4]
                            (rising edge-triggered cell DSP48E1 clocked by ap_clk  {rise@0.000ns fall@5.000ns period=10.000ns})
  Path Group:             ap_clk
  Path Type:              Setup (Max at Slow Process Corner)
  Requirement:            10.000ns  (ap_clk rise@10.000ns - ap_clk rise@0.000ns)
  Data Path Delay:        6.550ns  (logic 1.509ns (23.039%)  route 5.041ns (76.961%))
  Logic Levels:           6  (CARRY4=4 LUT4=1 LUT5=1)
  Clock Path Skew:        -0.049ns (DCD - SCD + CPR)
    Destination Clock Delay (DCD):    0.924ns = ( 10.924 - 10.000 ) 
    Source Clock Delay      (SCD):    0.973ns
    Clock Pessimism Removal (CPR):    0.000ns
  Clock Uncertainty:      0.035ns  ((TSJ^2 + TIJ^2)^1/2 + DJ) / 2 + PE
    Total System Jitter     (TSJ):    0.071ns
    Total Input Jitter      (TIJ):    0.000ns
    Discrete Jitter          (DJ):    0.000ns
    Phase Error              (PE):    0.000ns

    Location             Delay type                Incr(ns)  Path(ns)    Netlist Resource(s)
  -------------------------------------------------------------------    -------------------
                         (clock ap_clk rise edge)     0.000     0.000 r  <hidden>
                                                      0.000     0.000 r  ap_clk
                         net (fo=3972, unset)         0.973     0.973    bd_0_i/hls_inst/inst/Cols_c_U/ap_clk
    SLICE_X38Y18         FDRE                                         r  bd_0_i/hls_inst/inst/Cols_c_U/addr_reg[0]/C
  -------------------------------------------------------------------    -------------------
    SLICE_X38Y18         FDRE (Prop_fdre_C_Q)         0.518     1.491 r  bd_0_i/hls_inst/inst/Cols_c_U/addr_reg[0]/Q
                         net (fo=96, routed)          2.839     4.330    bd_0_i/hls_inst/inst/Cols_c_U/U_Canny_Filter_fifo_w32_d2_S_ShiftReg/tmp_product
    SLICE_X31Y2          LUT5 (Prop_lut5_I2_O)        0.124     4.454 r  bd_0_i/hls_inst/inst/Cols_c_U/U_Canny_Filter_fifo_w32_d2_S_ShiftReg/tmp_product_i_100__1/O
                         net (fo=1, routed)           0.000     4.454    bd_0_i/hls_inst/inst/Cols_c_U/U_Canny_Filter_fifo_w32_d2_S_ShiftReg/tmp_product_i_100__1_n_0
    SLICE_X31Y2          CARRY4 (Prop_carry4_S[3]_CO[3])
                                                      0.401     4.855 r  bd_0_i/hls_inst/inst/Cols_c_U/U_Canny_Filter_fifo_w32_d2_S_ShiftReg/tmp_product_i_79__1/CO[3]
                         net (fo=1, routed)           0.000     4.855    bd_0_i/hls_inst/inst/Cols_c_U/U_Canny_Filter_fifo_w32_d2_S_ShiftReg/tmp_product_i_79__1_n_0
    SLICE_X31Y3          CARRY4 (Prop_carry4_CI_CO[3])
                                                      0.114     4.969 r  bd_0_i/hls_inst/inst/Cols_c_U/U_Canny_Filter_fifo_w32_d2_S_ShiftReg/tmp_product_i_61__1/CO[3]
                         net (fo=1, routed)           0.000     4.969    bd_0_i/hls_inst/inst/Cols_c_U/U_Canny_Filter_fifo_w32_d2_S_ShiftReg/tmp_product_i_61__1_n_0
    SLICE_X31Y4          CARRY4 (Prop_carry4_CI_CO[3])
                                                      0.114     5.083 r  bd_0_i/hls_inst/inst/Cols_c_U/U_Canny_Filter_fifo_w32_d2_S_ShiftReg/tmp_product_i_43__1/CO[3]
                         net (fo=1, routed)           0.000     5.083    bd_0_i/hls_inst/inst/Cols_c_U/U_Canny_Filter_fifo_w32_d2_S_ShiftReg/tmp_product_i_43__1_n_0
    SLICE_X31Y5          CARRY4 (Prop_carry4_CI_CO[3])
                                                      0.114     5.197 r  bd_0_i/hls_inst/inst/Cols_c_U/U_Canny_Filter_fifo_w32_d2_S_ShiftReg/tmp_product_i_33__2/CO[3]
                         net (fo=31, routed)          1.358     6.555    bd_0_i/hls_inst/inst/Cols_c_U/U_Canny_Filter_fifo_w32_d2_S_ShiftReg/tmp_product_i_33__2_n_0
    SLICE_X32Y3          LUT4 (Prop_lut4_I0_O)        0.124     6.679 r  bd_0_i/hls_inst/inst/Cols_c_U/U_Canny_Filter_fifo_w32_d2_S_ShiftReg/buff0_reg_i_10__1/O
                         net (fo=2, routed)           0.844     7.523    bd_0_i/hls_inst/inst/Hysteresis_Filter_U0/mul_31ns_31ns_62_2_1_U80/buff0_reg_0[4]
    DSP48_X2Y3           DSP48E1                                      r  bd_0_i/hls_inst/inst/Hysteresis_Filter_U0/mul_31ns_31ns_62_2_1_U80/buff0_reg__0/B[4]
  -------------------------------------------------------------------    -------------------

                         (clock ap_clk rise edge)    10.000    10.000 r  <hidden>
                                                      0.000    10.000 r  ap_clk
                         net (fo=3972, unset)         0.924    10.924    bd_0_i/hls_inst/inst/Hysteresis_Filter_U0/mul_31ns_31ns_62_2_1_U80/ap_clk
    DSP48_X2Y3           DSP48E1                                      r  bd_0_i/hls_inst/inst/Hysteresis_Filter_U0/mul_31ns_31ns_62_2_1_U80/buff0_reg__0/CLK
                         clock pessimism              0.000    10.924    <hidden>
                         clock uncertainty           -0.035    10.889    <hidden>
    DSP48_X2Y3           DSP48E1 (Setup_dsp48e1_CLK_B[4])
                                                     -0.450    10.439    bd_0_i/hls_inst/inst/Hysteresis_Filter_U0/mul_31ns_31ns_62_2_1_U80/buff0_reg__0
  -------------------------------------------------------------------
                         required time                         10.439    <hidden>
                         arrival time                          -7.523    <hidden>
  -------------------------------------------------------------------
                         slack                                  2.916    <hidden>

Slack (MET) :             2.930ns  (required time - arrival time)
  Source:                 bd_0_i/hls_inst/inst/Cols_c_U/addr_reg[0]/C
                            (rising edge-triggered cell FDRE clocked by ap_clk  {rise@0.000ns fall@5.000ns period=10.000ns})
  Destination:            bd_0_i/hls_inst/inst/Hysteresis_Filter_U0/mul_31ns_31ns_62_2_1_U80/buff0_reg/B[8]
                            (rising edge-triggered cell DSP48E1 clocked by ap_clk  {rise@0.000ns fall@5.000ns period=10.000ns})
  Path Group:             ap_clk
  Path Type:              Setup (Max at Slow Process Corner)
  Requirement:            10.000ns  (ap_clk rise@10.000ns - ap_clk rise@0.000ns)
  Data Path Delay:        6.536ns  (logic 1.509ns (23.087%)  route 5.027ns (76.913%))
  Logic Levels:           6  (CARRY4=4 LUT4=1 LUT5=1)
  Clock Path Skew:        -0.049ns (DCD - SCD + CPR)
    Destination Clock Delay (DCD):    0.924ns = ( 10.924 - 10.000 ) 
    Source Clock Delay      (SCD):    0.973ns
    Clock Pessimism Removal (CPR):    0.000ns
  Clock Uncertainty:      0.035ns  ((TSJ^2 + TIJ^2)^1/2 + DJ) / 2 + PE
    Total System Jitter     (TSJ):    0.071ns
    Total Input Jitter      (TIJ):    0.000ns
    Discrete Jitter          (DJ):    0.000ns
    Phase Error              (PE):    0.000ns

    Location             Delay type                Incr(ns)  Path(ns)    Netlist Resource(s)
  -------------------------------------------------------------------    -------------------
                         (clock ap_clk rise edge)     0.000     0.000 r  <hidden>
                                                      0.000     0.000 r  ap_clk
                         net (fo=3972, unset)         0.973     0.973    bd_0_i/hls_inst/inst/Cols_c_U/ap_clk
    SLICE_X38Y18         FDRE                                         r  bd_0_i/hls_inst/inst/Cols_c_U/addr_reg[0]/C
  -------------------------------------------------------------------    -------------------
    SLICE_X38Y18         FDRE (Prop_fdre_C_Q)         0.518     1.491 r  bd_0_i/hls_inst/inst/Cols_c_U/addr_reg[0]/Q
                         net (fo=96, routed)          2.839     4.330    bd_0_i/hls_inst/inst/Cols_c_U/U_Canny_Filter_fifo_w32_d2_S_ShiftReg/tmp_product
    SLICE_X31Y2          LUT5 (Prop_lut5_I2_O)        0.124     4.454 r  bd_0_i/hls_inst/inst/Cols_c_U/U_Canny_Filter_fifo_w32_d2_S_ShiftReg/tmp_product_i_100__1/O
                         net (fo=1, routed)           0.000     4.454    bd_0_i/hls_inst/inst/Cols_c_U/U_Canny_Filter_fifo_w32_d2_S_ShiftReg/tmp_product_i_100__1_n_0
    SLICE_X31Y2          CARRY4 (Prop_carry4_S[3]_CO[3])
                                                      0.401     4.855 r  bd_0_i/hls_inst/inst/Cols_c_U/U_Canny_Filter_fifo_w32_d2_S_ShiftReg/tmp_product_i_79__1/CO[3]
                         net (fo=1, routed)           0.000     4.855    bd_0_i/hls_inst/inst/Cols_c_U/U_Canny_Filter_fifo_w32_d2_S_ShiftReg/tmp_product_i_79__1_n_0
    SLICE_X31Y3          CARRY4 (Prop_carry4_CI_CO[3])
                                                      0.114     4.969 r  bd_0_i/hls_inst/inst/Cols_c_U/U_Canny_Filter_fifo_w32_d2_S_ShiftReg/tmp_product_i_61__1/CO[3]
                         net (fo=1, routed)           0.000     4.969    bd_0_i/hls_inst/inst/Cols_c_U/U_Canny_Filter_fifo_w32_d2_S_ShiftReg/tmp_product_i_61__1_n_0
    SLICE_X31Y4          CARRY4 (Prop_carry4_CI_CO[3])
                                                      0.114     5.083 r  bd_0_i/hls_inst/inst/Cols_c_U/U_Canny_Filter_fifo_w32_d2_S_ShiftReg/tmp_product_i_43__1/CO[3]
                         net (fo=1, routed)           0.000     5.083    bd_0_i/hls_inst/inst/Cols_c_U/U_Canny_Filter_fifo_w32_d2_S_ShiftReg/tmp_product_i_43__1_n_0
    SLICE_X31Y5          CARRY4 (Prop_carry4_CI_CO[3])
                                                      0.114     5.197 r  bd_0_i/hls_inst/inst/Cols_c_U/U_Canny_Filter_fifo_w32_d2_S_ShiftReg/tmp_product_i_33__2/CO[3]
                         net (fo=31, routed)          0.981     6.178    bd_0_i/hls_inst/inst/Cols_c_U/U_Canny_Filter_fifo_w32_d2_S_ShiftReg/tmp_product_i_33__2_n_0
    SLICE_X31Y7          LUT4 (Prop_lut4_I0_O)        0.124     6.302 r  bd_0_i/hls_inst/inst/Cols_c_U/U_Canny_Filter_fifo_w32_d2_S_ShiftReg/buff0_reg_i_6__1/O
                         net (fo=2, routed)           1.207     7.509    bd_0_i/hls_inst/inst/Hysteresis_Filter_U0/mul_31ns_31ns_62_2_1_U80/buff0_reg_0[8]
    DSP48_X2Y5           DSP48E1                                      r  bd_0_i/hls_inst/inst/Hysteresis_Filter_U0/mul_31ns_31ns_62_2_1_U80/buff0_reg/B[8]
  -------------------------------------------------------------------    -------------------

                         (clock ap_clk rise edge)    10.000    10.000 r  <hidden>
                                                      0.000    10.000 r  ap_clk
                         net (fo=3972, unset)         0.924    10.924    bd_0_i/hls_inst/inst/Hysteresis_Filter_U0/mul_31ns_31ns_62_2_1_U80/ap_clk
    DSP48_X2Y5           DSP48E1                                      r  bd_0_i/hls_inst/inst/Hysteresis_Filter_U0/mul_31ns_31ns_62_2_1_U80/buff0_reg/CLK
                         clock pessimism              0.000    10.924    <hidden>
                         clock uncertainty           -0.035    10.889    <hidden>
    DSP48_X2Y5           DSP48E1 (Setup_dsp48e1_CLK_B[8])
                                                     -0.450    10.439    bd_0_i/hls_inst/inst/Hysteresis_Filter_U0/mul_31ns_31ns_62_2_1_U80/buff0_reg
  -------------------------------------------------------------------
                         required time                         10.439    <hidden>
                         arrival time                          -7.509    <hidden>
  -------------------------------------------------------------------
                         slack                                  2.930    <hidden>

Slack (MET) :             2.946ns  (required time - arrival time)
  Source:                 bd_0_i/hls_inst/inst/Cols_c_U/addr_reg[0]/C
                            (rising edge-triggered cell FDRE clocked by ap_clk  {rise@0.000ns fall@5.000ns period=10.000ns})
  Destination:            bd_0_i/hls_inst/inst/Hysteresis_Filter_U0/mul_31ns_31ns_62_2_1_U80/buff0_reg/B[12]
                            (rising edge-triggered cell DSP48E1 clocked by ap_clk  {rise@0.000ns fall@5.000ns period=10.000ns})
  Path Group:             ap_clk
  Path Type:              Setup (Max at Slow Process Corner)
  Requirement:            10.000ns  (ap_clk rise@10.000ns - ap_clk rise@0.000ns)
  Data Path Delay:        6.520ns  (logic 1.509ns (23.144%)  route 5.011ns (76.856%))
  Logic Levels:           6  (CARRY4=4 LUT4=1 LUT5=1)
  Clock Path Skew:        -0.049ns (DCD - SCD + CPR)
    Destination Clock Delay (DCD):    0.924ns = ( 10.924 - 10.000 ) 
    Source Clock Delay      (SCD):    0.973ns
    Clock Pessimism Removal (CPR):    0.000ns
  Clock Uncertainty:      0.035ns  ((TSJ^2 + TIJ^2)^1/2 + DJ) / 2 + PE
    Total System Jitter     (TSJ):    0.071ns
    Total Input Jitter      (TIJ):    0.000ns
    Discrete Jitter          (DJ):    0.000ns
    Phase Error              (PE):    0.000ns

    Location             Delay type                Incr(ns)  Path(ns)    Netlist Resource(s)
  -------------------------------------------------------------------    -------------------
                         (clock ap_clk rise edge)     0.000     0.000 r  <hidden>
                                                      0.000     0.000 r  ap_clk
                         net (fo=3972, unset)         0.973     0.973    bd_0_i/hls_inst/inst/Cols_c_U/ap_clk
    SLICE_X38Y18         FDRE                                         r  bd_0_i/hls_inst/inst/Cols_c_U/addr_reg[0]/C
  -------------------------------------------------------------------    -------------------
    SLICE_X38Y18         FDRE (Prop_fdre_C_Q)         0.518     1.491 r  bd_0_i/hls_inst/inst/Cols_c_U/addr_reg[0]/Q
                         net (fo=96, routed)          2.839     4.330    bd_0_i/hls_inst/inst/Cols_c_U/U_Canny_Filter_fifo_w32_d2_S_ShiftReg/tmp_product
    SLICE_X31Y2          LUT5 (Prop_lut5_I2_O)        0.124     4.454 r  bd_0_i/hls_inst/inst/Cols_c_U/U_Canny_Filter_fifo_w32_d2_S_ShiftReg/tmp_product_i_100__1/O
                         net (fo=1, routed)           0.000     4.454    bd_0_i/hls_inst/inst/Cols_c_U/U_Canny_Filter_fifo_w32_d2_S_ShiftReg/tmp_product_i_100__1_n_0
    SLICE_X31Y2          CARRY4 (Prop_carry4_S[3]_CO[3])
                                                      0.401     4.855 r  bd_0_i/hls_inst/inst/Cols_c_U/U_Canny_Filter_fifo_w32_d2_S_ShiftReg/tmp_product_i_79__1/CO[3]
                         net (fo=1, routed)           0.000     4.855    bd_0_i/hls_inst/inst/Cols_c_U/U_Canny_Filter_fifo_w32_d2_S_ShiftReg/tmp_product_i_79__1_n_0
    SLICE_X31Y3          CARRY4 (Prop_carry4_CI_CO[3])
                                                      0.114     4.969 r  bd_0_i/hls_inst/inst/Cols_c_U/U_Canny_Filter_fifo_w32_d2_S_ShiftReg/tmp_product_i_61__1/CO[3]
                         net (fo=1, routed)           0.000     4.969    bd_0_i/hls_inst/inst/Cols_c_U/U_Canny_Filter_fifo_w32_d2_S_ShiftReg/tmp_product_i_61__1_n_0
    SLICE_X31Y4          CARRY4 (Prop_carry4_CI_CO[3])
                                                      0.114     5.083 r  bd_0_i/hls_inst/inst/Cols_c_U/U_Canny_Filter_fifo_w32_d2_S_ShiftReg/tmp_product_i_43__1/CO[3]
                         net (fo=1, routed)           0.000     5.083    bd_0_i/hls_inst/inst/Cols_c_U/U_Canny_Filter_fifo_w32_d2_S_ShiftReg/tmp_product_i_43__1_n_0
    SLICE_X31Y5          CARRY4 (Prop_carry4_CI_CO[3])
                                                      0.114     5.197 r  bd_0_i/hls_inst/inst/Cols_c_U/U_Canny_Filter_fifo_w32_d2_S_ShiftReg/tmp_product_i_33__2/CO[3]
                         net (fo=31, routed)          1.349     6.546    bd_0_i/hls_inst/inst/Cols_c_U/U_Canny_Filter_fifo_w32_d2_S_ShiftReg/tmp_product_i_33__2_n_0
    SLICE_X35Y7          LUT4 (Prop_lut4_I0_O)        0.124     6.670 r  bd_0_i/hls_inst/inst/Cols_c_U/U_Canny_Filter_fifo_w32_d2_S_ShiftReg/buff0_reg_i_2__1/O
                         net (fo=2, routed)           0.823     7.493    bd_0_i/hls_inst/inst/Hysteresis_Filter_U0/mul_31ns_31ns_62_2_1_U80/buff0_reg_0[12]
    DSP48_X2Y5           DSP48E1                                      r  bd_0_i/hls_inst/inst/Hysteresis_Filter_U0/mul_31ns_31ns_62_2_1_U80/buff0_reg/B[12]
  -------------------------------------------------------------------    -------------------

                         (clock ap_clk rise edge)    10.000    10.000 r  <hidden>
                                                      0.000    10.000 r  ap_clk
                         net (fo=3972, unset)         0.924    10.924    bd_0_i/hls_inst/inst/Hysteresis_Filter_U0/mul_31ns_31ns_62_2_1_U80/ap_clk
    DSP48_X2Y5           DSP48E1                                      r  bd_0_i/hls_inst/inst/Hysteresis_Filter_U0/mul_31ns_31ns_62_2_1_U80/buff0_reg/CLK
                         clock pessimism              0.000    10.924    <hidden>
                         clock uncertainty           -0.035    10.889    <hidden>
    DSP48_X2Y5           DSP48E1 (Setup_dsp48e1_CLK_B[12])
                                                     -0.450    10.439    bd_0_i/hls_inst/inst/Hysteresis_Filter_U0/mul_31ns_31ns_62_2_1_U80/buff0_reg
  -------------------------------------------------------------------
                         required time                         10.439    <hidden>
                         arrival time                          -7.493    <hidden>
  -------------------------------------------------------------------
                         slack                                  2.946    <hidden>

Slack (MET) :             2.955ns  (required time - arrival time)
  Source:                 bd_0_i/hls_inst/inst/Cols_c_U/addr_reg[0]/C
                            (rising edge-triggered cell FDRE clocked by ap_clk  {rise@0.000ns fall@5.000ns period=10.000ns})
  Destination:            bd_0_i/hls_inst/inst/Hysteresis_Filter_U0/mul_31ns_31ns_62_2_1_U80/tmp_product/A[9]
                            (rising edge-triggered cell DSP48E1 clocked by ap_clk  {rise@0.000ns fall@5.000ns period=10.000ns})
  Path Group:             ap_clk
  Path Type:              Setup (Max at Slow Process Corner)
  Requirement:            10.000ns  (ap_clk rise@10.000ns - ap_clk rise@0.000ns)
  Data Path Delay:        6.599ns  (logic 1.509ns (22.866%)  route 5.090ns (77.134%))
  Logic Levels:           6  (CARRY4=4 LUT4=1 LUT5=1)
  Clock Path Skew:        -0.049ns (DCD - SCD + CPR)
    Destination Clock Delay (DCD):    0.924ns = ( 10.924 - 10.000 ) 
    Source Clock Delay      (SCD):    0.973ns
    Clock Pessimism Removal (CPR):    0.000ns
  Clock Uncertainty:      0.035ns  ((TSJ^2 + TIJ^2)^1/2 + DJ) / 2 + PE
    Total System Jitter     (TSJ):    0.071ns
    Total Input Jitter      (TIJ):    0.000ns
    Discrete Jitter          (DJ):    0.000ns
    Phase Error              (PE):    0.000ns

    Location             Delay type                Incr(ns)  Path(ns)    Netlist Resource(s)
  -------------------------------------------------------------------    -------------------
                         (clock ap_clk rise edge)     0.000     0.000 r  <hidden>
                                                      0.000     0.000 r  ap_clk
                         net (fo=3972, unset)         0.973     0.973    bd_0_i/hls_inst/inst/Cols_c_U/ap_clk
    SLICE_X38Y18         FDRE                                         r  bd_0_i/hls_inst/inst/Cols_c_U/addr_reg[0]/C
  -------------------------------------------------------------------    -------------------
    SLICE_X38Y18         FDRE (Prop_fdre_C_Q)         0.518     1.491 r  bd_0_i/hls_inst/inst/Cols_c_U/addr_reg[0]/Q
                         net (fo=96, routed)          2.839     4.330    bd_0_i/hls_inst/inst/Cols_c_U/U_Canny_Filter_fifo_w32_d2_S_ShiftReg/tmp_product
    SLICE_X31Y2          LUT5 (Prop_lut5_I2_O)        0.124     4.454 r  bd_0_i/hls_inst/inst/Cols_c_U/U_Canny_Filter_fifo_w32_d2_S_ShiftReg/tmp_product_i_100__1/O
                         net (fo=1, routed)           0.000     4.454    bd_0_i/hls_inst/inst/Cols_c_U/U_Canny_Filter_fifo_w32_d2_S_ShiftReg/tmp_product_i_100__1_n_0
    SLICE_X31Y2          CARRY4 (Prop_carry4_S[3]_CO[3])
                                                      0.401     4.855 r  bd_0_i/hls_inst/inst/Cols_c_U/U_Canny_Filter_fifo_w32_d2_S_ShiftReg/tmp_product_i_79__1/CO[3]
                         net (fo=1, routed)           0.000     4.855    bd_0_i/hls_inst/inst/Cols_c_U/U_Canny_Filter_fifo_w32_d2_S_ShiftReg/tmp_product_i_79__1_n_0
    SLICE_X31Y3          CARRY4 (Prop_carry4_CI_CO[3])
                                                      0.114     4.969 r  bd_0_i/hls_inst/inst/Cols_c_U/U_Canny_Filter_fifo_w32_d2_S_ShiftReg/tmp_product_i_61__1/CO[3]
                         net (fo=1, routed)           0.000     4.969    bd_0_i/hls_inst/inst/Cols_c_U/U_Canny_Filter_fifo_w32_d2_S_ShiftReg/tmp_product_i_61__1_n_0
    SLICE_X31Y4          CARRY4 (Prop_carry4_CI_CO[3])
                                                      0.114     5.083 r  bd_0_i/hls_inst/inst/Cols_c_U/U_Canny_Filter_fifo_w32_d2_S_ShiftReg/tmp_product_i_43__1/CO[3]
                         net (fo=1, routed)           0.000     5.083    bd_0_i/hls_inst/inst/Cols_c_U/U_Canny_Filter_fifo_w32_d2_S_ShiftReg/tmp_product_i_43__1_n_0
    SLICE_X31Y5          CARRY4 (Prop_carry4_CI_CO[3])
                                                      0.114     5.197 r  bd_0_i/hls_inst/inst/Cols_c_U/U_Canny_Filter_fifo_w32_d2_S_ShiftReg/tmp_product_i_33__2/CO[3]
                         net (fo=31, routed)          1.369     6.566    bd_0_i/hls_inst/inst/Cols_c_U/U_Canny_Filter_fifo_w32_d2_S_ShiftReg/tmp_product_i_33__2_n_0
    SLICE_X32Y3          LUT4 (Prop_lut4_I0_O)        0.124     6.690 r  bd_0_i/hls_inst/inst/Cols_c_U/U_Canny_Filter_fifo_w32_d2_S_ShiftReg/tmp_product_i_22__1/O
                         net (fo=2, routed)           0.882     7.572    bd_0_i/hls_inst/inst/Hysteresis_Filter_U0/mul_31ns_31ns_62_2_1_U80/A[9]
    DSP48_X2Y4           DSP48E1                                      r  bd_0_i/hls_inst/inst/Hysteresis_Filter_U0/mul_31ns_31ns_62_2_1_U80/tmp_product/A[9]
  -------------------------------------------------------------------    -------------------

                         (clock ap_clk rise edge)    10.000    10.000 r  <hidden>
                                                      0.000    10.000 r  ap_clk
                         net (fo=3972, unset)         0.924    10.924    bd_0_i/hls_inst/inst/Hysteresis_Filter_U0/mul_31ns_31ns_62_2_1_U80/ap_clk
    DSP48_X2Y4           DSP48E1                                      r  bd_0_i/hls_inst/inst/Hysteresis_Filter_U0/mul_31ns_31ns_62_2_1_U80/tmp_product/CLK
                         clock pessimism              0.000    10.924    <hidden>
                         clock uncertainty           -0.035    10.889    <hidden>
    DSP48_X2Y4           DSP48E1 (Setup_dsp48e1_CLK_A[9])
                                                     -0.362    10.527    bd_0_i/hls_inst/inst/Hysteresis_Filter_U0/mul_31ns_31ns_62_2_1_U80/tmp_product
  -------------------------------------------------------------------
                         required time                         10.527    <hidden>
                         arrival time                          -7.572    <hidden>
  -------------------------------------------------------------------
                         slack                                  2.955    <hidden>

Slack (MET) :             2.982ns  (required time - arrival time)
  Source:                 bd_0_i/hls_inst/inst/Cols_c_U/addr_reg[0]/C
                            (rising edge-triggered cell FDRE clocked by ap_clk  {rise@0.000ns fall@5.000ns period=10.000ns})
  Destination:            bd_0_i/hls_inst/inst/Hysteresis_Filter_U0/mul_31ns_31ns_62_2_1_U80/tmp_product/A[1]
                            (rising edge-triggered cell DSP48E1 clocked by ap_clk  {rise@0.000ns fall@5.000ns period=10.000ns})
  Path Group:             ap_clk
  Path Type:              Setup (Max at Slow Process Corner)
  Requirement:            10.000ns  (ap_clk rise@10.000ns - ap_clk rise@0.000ns)
  Data Path Delay:        6.572ns  (logic 1.509ns (22.961%)  route 5.063ns (77.039%))
  Logic Levels:           6  (CARRY4=4 LUT4=1 LUT5=1)
  Clock Path Skew:        -0.049ns (DCD - SCD + CPR)
    Destination Clock Delay (DCD):    0.924ns = ( 10.924 - 10.000 ) 
    Source Clock Delay      (SCD):    0.973ns
    Clock Pessimism Removal (CPR):    0.000ns
  Clock Uncertainty:      0.035ns  ((TSJ^2 + TIJ^2)^1/2 + DJ) / 2 + PE
    Total System Jitter     (TSJ):    0.071ns
    Total Input Jitter      (TIJ):    0.000ns
    Discrete Jitter          (DJ):    0.000ns
    Phase Error              (PE):    0.000ns

    Location             Delay type                Incr(ns)  Path(ns)    Netlist Resource(s)
  -------------------------------------------------------------------    -------------------
                         (clock ap_clk rise edge)     0.000     0.000 r  <hidden>
                                                      0.000     0.000 r  ap_clk
                         net (fo=3972, unset)         0.973     0.973    bd_0_i/hls_inst/inst/Cols_c_U/ap_clk
    SLICE_X38Y18         FDRE                                         r  bd_0_i/hls_inst/inst/Cols_c_U/addr_reg[0]/C
  -------------------------------------------------------------------    -------------------
    SLICE_X38Y18         FDRE (Prop_fdre_C_Q)         0.518     1.491 r  bd_0_i/hls_inst/inst/Cols_c_U/addr_reg[0]/Q
                         net (fo=96, routed)          2.839     4.330    bd_0_i/hls_inst/inst/Cols_c_U/U_Canny_Filter_fifo_w32_d2_S_ShiftReg/tmp_product
    SLICE_X31Y2          LUT5 (Prop_lut5_I2_O)        0.124     4.454 r  bd_0_i/hls_inst/inst/Cols_c_U/U_Canny_Filter_fifo_w32_d2_S_ShiftReg/tmp_product_i_100__1/O
                         net (fo=1, routed)           0.000     4.454    bd_0_i/hls_inst/inst/Cols_c_U/U_Canny_Filter_fifo_w32_d2_S_ShiftReg/tmp_product_i_100__1_n_0
    SLICE_X31Y2          CARRY4 (Prop_carry4_S[3]_CO[3])
                                                      0.401     4.855 r  bd_0_i/hls_inst/inst/Cols_c_U/U_Canny_Filter_fifo_w32_d2_S_ShiftReg/tmp_product_i_79__1/CO[3]
                         net (fo=1, routed)           0.000     4.855    bd_0_i/hls_inst/inst/Cols_c_U/U_Canny_Filter_fifo_w32_d2_S_ShiftReg/tmp_product_i_79__1_n_0
    SLICE_X31Y3          CARRY4 (Prop_carry4_CI_CO[3])
                                                      0.114     4.969 r  bd_0_i/hls_inst/inst/Cols_c_U/U_Canny_Filter_fifo_w32_d2_S_ShiftReg/tmp_product_i_61__1/CO[3]
                         net (fo=1, routed)           0.000     4.969    bd_0_i/hls_inst/inst/Cols_c_U/U_Canny_Filter_fifo_w32_d2_S_ShiftReg/tmp_product_i_61__1_n_0
    SLICE_X31Y4          CARRY4 (Prop_carry4_CI_CO[3])
                                                      0.114     5.083 r  bd_0_i/hls_inst/inst/Cols_c_U/U_Canny_Filter_fifo_w32_d2_S_ShiftReg/tmp_product_i_43__1/CO[3]
                         net (fo=1, routed)           0.000     5.083    bd_0_i/hls_inst/inst/Cols_c_U/U_Canny_Filter_fifo_w32_d2_S_ShiftReg/tmp_product_i_43__1_n_0
    SLICE_X31Y5          CARRY4 (Prop_carry4_CI_CO[3])
                                                      0.114     5.197 r  bd_0_i/hls_inst/inst/Cols_c_U/U_Canny_Filter_fifo_w32_d2_S_ShiftReg/tmp_product_i_33__2/CO[3]
                         net (fo=31, routed)          1.098     6.295    bd_0_i/hls_inst/inst/Cols_c_U/U_Canny_Filter_fifo_w32_d2_S_ShiftReg/tmp_product_i_33__2_n_0
    SLICE_X32Y2          LUT4 (Prop_lut4_I0_O)        0.124     6.419 r  bd_0_i/hls_inst/inst/Cols_c_U/U_Canny_Filter_fifo_w32_d2_S_ShiftReg/tmp_product_i_30__1/O
                         net (fo=2, routed)           1.126     7.545    bd_0_i/hls_inst/inst/Hysteresis_Filter_U0/mul_31ns_31ns_62_2_1_U80/A[1]
    DSP48_X2Y4           DSP48E1                                      r  bd_0_i/hls_inst/inst/Hysteresis_Filter_U0/mul_31ns_31ns_62_2_1_U80/tmp_product/A[1]
  -------------------------------------------------------------------    -------------------

                         (clock ap_clk rise edge)    10.000    10.000 r  <hidden>
                                                      0.000    10.000 r  ap_clk
                         net (fo=3972, unset)         0.924    10.924    bd_0_i/hls_inst/inst/Hysteresis_Filter_U0/mul_31ns_31ns_62_2_1_U80/ap_clk
    DSP48_X2Y4           DSP48E1                                      r  bd_0_i/hls_inst/inst/Hysteresis_Filter_U0/mul_31ns_31ns_62_2_1_U80/tmp_product/CLK
                         clock pessimism              0.000    10.924    <hidden>
                         clock uncertainty           -0.035    10.889    <hidden>
    DSP48_X2Y4           DSP48E1 (Setup_dsp48e1_CLK_A[1])
                                                     -0.362    10.527    bd_0_i/hls_inst/inst/Hysteresis_Filter_U0/mul_31ns_31ns_62_2_1_U80/tmp_product
  -------------------------------------------------------------------
                         required time                         10.527    <hidden>
                         arrival time                          -7.545    <hidden>
  -------------------------------------------------------------------
                         slack                                  2.982    <hidden>

Slack (MET) :             2.991ns  (required time - arrival time)
  Source:                 bd_0_i/hls_inst/inst/Cols_c_U/addr_reg[0]/C
                            (rising edge-triggered cell FDRE clocked by ap_clk  {rise@0.000ns fall@5.000ns period=10.000ns})
  Destination:            bd_0_i/hls_inst/inst/Hysteresis_Filter_U0/mul_31ns_31ns_62_2_1_U80/buff0_reg/B[11]
                            (rising edge-triggered cell DSP48E1 clocked by ap_clk  {rise@0.000ns fall@5.000ns period=10.000ns})
  Path Group:             ap_clk
  Path Type:              Setup (Max at Slow Process Corner)
  Requirement:            10.000ns  (ap_clk rise@10.000ns - ap_clk rise@0.000ns)
  Data Path Delay:        6.475ns  (logic 1.509ns (23.304%)  route 4.966ns (76.696%))
  Logic Levels:           6  (CARRY4=4 LUT4=1 LUT5=1)
  Clock Path Skew:        -0.049ns (DCD - SCD + CPR)
    Destination Clock Delay (DCD):    0.924ns = ( 10.924 - 10.000 ) 
    Source Clock Delay      (SCD):    0.973ns
    Clock Pessimism Removal (CPR):    0.000ns
  Clock Uncertainty:      0.035ns  ((TSJ^2 + TIJ^2)^1/2 + DJ) / 2 + PE
    Total System Jitter     (TSJ):    0.071ns
    Total Input Jitter      (TIJ):    0.000ns
    Discrete Jitter          (DJ):    0.000ns
    Phase Error              (PE):    0.000ns

    Location             Delay type                Incr(ns)  Path(ns)    Netlist Resource(s)
  -------------------------------------------------------------------    -------------------
                         (clock ap_clk rise edge)     0.000     0.000 r  <hidden>
                                                      0.000     0.000 r  ap_clk
                         net (fo=3972, unset)         0.973     0.973    bd_0_i/hls_inst/inst/Cols_c_U/ap_clk
    SLICE_X38Y18         FDRE                                         r  bd_0_i/hls_inst/inst/Cols_c_U/addr_reg[0]/C
  -------------------------------------------------------------------    -------------------
    SLICE_X38Y18         FDRE (Prop_fdre_C_Q)         0.518     1.491 r  bd_0_i/hls_inst/inst/Cols_c_U/addr_reg[0]/Q
                         net (fo=96, routed)          2.839     4.330    bd_0_i/hls_inst/inst/Cols_c_U/U_Canny_Filter_fifo_w32_d2_S_ShiftReg/tmp_product
    SLICE_X31Y2          LUT5 (Prop_lut5_I2_O)        0.124     4.454 r  bd_0_i/hls_inst/inst/Cols_c_U/U_Canny_Filter_fifo_w32_d2_S_ShiftReg/tmp_product_i_100__1/O
                         net (fo=1, routed)           0.000     4.454    bd_0_i/hls_inst/inst/Cols_c_U/U_Canny_Filter_fifo_w32_d2_S_ShiftReg/tmp_product_i_100__1_n_0
    SLICE_X31Y2          CARRY4 (Prop_carry4_S[3]_CO[3])
                                                      0.401     4.855 r  bd_0_i/hls_inst/inst/Cols_c_U/U_Canny_Filter_fifo_w32_d2_S_ShiftReg/tmp_product_i_79__1/CO[3]
                         net (fo=1, routed)           0.000     4.855    bd_0_i/hls_inst/inst/Cols_c_U/U_Canny_Filter_fifo_w32_d2_S_ShiftReg/tmp_product_i_79__1_n_0
    SLICE_X31Y3          CARRY4 (Prop_carry4_CI_CO[3])
                                                      0.114     4.969 r  bd_0_i/hls_inst/inst/Cols_c_U/U_Canny_Filter_fifo_w32_d2_S_ShiftReg/tmp_product_i_61__1/CO[3]
                         net (fo=1, routed)           0.000     4.969    bd_0_i/hls_inst/inst/Cols_c_U/U_Canny_Filter_fifo_w32_d2_S_ShiftReg/tmp_product_i_61__1_n_0
    SLICE_X31Y4          CARRY4 (Prop_carry4_CI_CO[3])
                                                      0.114     5.083 r  bd_0_i/hls_inst/inst/Cols_c_U/U_Canny_Filter_fifo_w32_d2_S_ShiftReg/tmp_product_i_43__1/CO[3]
                         net (fo=1, routed)           0.000     5.083    bd_0_i/hls_inst/inst/Cols_c_U/U_Canny_Filter_fifo_w32_d2_S_ShiftReg/tmp_product_i_43__1_n_0
    SLICE_X31Y5          CARRY4 (Prop_carry4_CI_CO[3])
                                                      0.114     5.197 r  bd_0_i/hls_inst/inst/Cols_c_U/U_Canny_Filter_fifo_w32_d2_S_ShiftReg/tmp_product_i_33__2/CO[3]
                         net (fo=31, routed)          1.228     6.425    bd_0_i/hls_inst/inst/Cols_c_U/U_Canny_Filter_fifo_w32_d2_S_ShiftReg/tmp_product_i_33__2_n_0
    SLICE_X35Y7          LUT4 (Prop_lut4_I0_O)        0.124     6.549 r  bd_0_i/hls_inst/inst/Cols_c_U/U_Canny_Filter_fifo_w32_d2_S_ShiftReg/buff0_reg_i_3__1/O
                         net (fo=2, routed)           0.900     7.448    bd_0_i/hls_inst/inst/Hysteresis_Filter_U0/mul_31ns_31ns_62_2_1_U80/buff0_reg_0[11]
    DSP48_X2Y5           DSP48E1                                      r  bd_0_i/hls_inst/inst/Hysteresis_Filter_U0/mul_31ns_31ns_62_2_1_U80/buff0_reg/B[11]
  -------------------------------------------------------------------    -------------------

                         (clock ap_clk rise edge)    10.000    10.000 r  <hidden>
                                                      0.000    10.000 r  ap_clk
                         net (fo=3972, unset)         0.924    10.924    bd_0_i/hls_inst/inst/Hysteresis_Filter_U0/mul_31ns_31ns_62_2_1_U80/ap_clk
    DSP48_X2Y5           DSP48E1                                      r  bd_0_i/hls_inst/inst/Hysteresis_Filter_U0/mul_31ns_31ns_62_2_1_U80/buff0_reg/CLK
                         clock pessimism              0.000    10.924    <hidden>
                         clock uncertainty           -0.035    10.889    <hidden>
    DSP48_X2Y5           DSP48E1 (Setup_dsp48e1_CLK_B[11])
                                                     -0.450    10.439    bd_0_i/hls_inst/inst/Hysteresis_Filter_U0/mul_31ns_31ns_62_2_1_U80/buff0_reg
  -------------------------------------------------------------------
                         required time                         10.439    <hidden>
                         arrival time                          -7.448    <hidden>
  -------------------------------------------------------------------
                         slack                                  2.991    <hidden>

Slack (MET) :             3.016ns  (required time - arrival time)
  Source:                 bd_0_i/hls_inst/inst/Cols_c_U/addr_reg[0]/C
                            (rising edge-triggered cell FDRE clocked by ap_clk  {rise@0.000ns fall@5.000ns period=10.000ns})
  Destination:            bd_0_i/hls_inst/inst/Hysteresis_Filter_U0/mul_31ns_31ns_62_2_1_U80/tmp_product/A[12]
                            (rising edge-triggered cell DSP48E1 clocked by ap_clk  {rise@0.000ns fall@5.000ns period=10.000ns})
  Path Group:             ap_clk
  Path Type:              Setup (Max at Slow Process Corner)
  Requirement:            10.000ns  (ap_clk rise@10.000ns - ap_clk rise@0.000ns)
  Data Path Delay:        6.538ns  (logic 1.509ns (23.081%)  route 5.029ns (76.919%))
  Logic Levels:           6  (CARRY4=4 LUT4=1 LUT5=1)
  Clock Path Skew:        -0.049ns (DCD - SCD + CPR)
    Destination Clock Delay (DCD):    0.924ns = ( 10.924 - 10.000 ) 
    Source Clock Delay      (SCD):    0.973ns
    Clock Pessimism Removal (CPR):    0.000ns
  Clock Uncertainty:      0.035ns  ((TSJ^2 + TIJ^2)^1/2 + DJ) / 2 + PE
    Total System Jitter     (TSJ):    0.071ns
    Total Input Jitter      (TIJ):    0.000ns
    Discrete Jitter          (DJ):    0.000ns
    Phase Error              (PE):    0.000ns

    Location             Delay type                Incr(ns)  Path(ns)    Netlist Resource(s)
  -------------------------------------------------------------------    -------------------
                         (clock ap_clk rise edge)     0.000     0.000 r  <hidden>
                                                      0.000     0.000 r  ap_clk
                         net (fo=3972, unset)         0.973     0.973    bd_0_i/hls_inst/inst/Cols_c_U/ap_clk
    SLICE_X38Y18         FDRE                                         r  bd_0_i/hls_inst/inst/Cols_c_U/addr_reg[0]/C
  -------------------------------------------------------------------    -------------------
    SLICE_X38Y18         FDRE (Prop_fdre_C_Q)         0.518     1.491 r  bd_0_i/hls_inst/inst/Cols_c_U/addr_reg[0]/Q
                         net (fo=96, routed)          2.839     4.330    bd_0_i/hls_inst/inst/Cols_c_U/U_Canny_Filter_fifo_w32_d2_S_ShiftReg/tmp_product
    SLICE_X31Y2          LUT5 (Prop_lut5_I2_O)        0.124     4.454 r  bd_0_i/hls_inst/inst/Cols_c_U/U_Canny_Filter_fifo_w32_d2_S_ShiftReg/tmp_product_i_100__1/O
                         net (fo=1, routed)           0.000     4.454    bd_0_i/hls_inst/inst/Cols_c_U/U_Canny_Filter_fifo_w32_d2_S_ShiftReg/tmp_product_i_100__1_n_0
    SLICE_X31Y2          CARRY4 (Prop_carry4_S[3]_CO[3])
                                                      0.401     4.855 r  bd_0_i/hls_inst/inst/Cols_c_U/U_Canny_Filter_fifo_w32_d2_S_ShiftReg/tmp_product_i_79__1/CO[3]
                         net (fo=1, routed)           0.000     4.855    bd_0_i/hls_inst/inst/Cols_c_U/U_Canny_Filter_fifo_w32_d2_S_ShiftReg/tmp_product_i_79__1_n_0
    SLICE_X31Y3          CARRY4 (Prop_carry4_CI_CO[3])
                                                      0.114     4.969 r  bd_0_i/hls_inst/inst/Cols_c_U/U_Canny_Filter_fifo_w32_d2_S_ShiftReg/tmp_product_i_61__1/CO[3]
                         net (fo=1, routed)           0.000     4.969    bd_0_i/hls_inst/inst/Cols_c_U/U_Canny_Filter_fifo_w32_d2_S_ShiftReg/tmp_product_i_61__1_n_0
    SLICE_X31Y4          CARRY4 (Prop_carry4_CI_CO[3])
                                                      0.114     5.083 r  bd_0_i/hls_inst/inst/Cols_c_U/U_Canny_Filter_fifo_w32_d2_S_ShiftReg/tmp_product_i_43__1/CO[3]
                         net (fo=1, routed)           0.000     5.083    bd_0_i/hls_inst/inst/Cols_c_U/U_Canny_Filter_fifo_w32_d2_S_ShiftReg/tmp_product_i_43__1_n_0
    SLICE_X31Y5          CARRY4 (Prop_carry4_CI_CO[3])
                                                      0.114     5.197 r  bd_0_i/hls_inst/inst/Cols_c_U/U_Canny_Filter_fifo_w32_d2_S_ShiftReg/tmp_product_i_33__2/CO[3]
                         net (fo=31, routed)          0.964     6.161    bd_0_i/hls_inst/inst/Cols_c_U/U_Canny_Filter_fifo_w32_d2_S_ShiftReg/tmp_product_i_33__2_n_0
    SLICE_X35Y4          LUT4 (Prop_lut4_I0_O)        0.124     6.285 r  bd_0_i/hls_inst/inst/Cols_c_U/U_Canny_Filter_fifo_w32_d2_S_ShiftReg/tmp_product_i_19__1/O
                         net (fo=2, routed)           1.226     7.511    bd_0_i/hls_inst/inst/Hysteresis_Filter_U0/mul_31ns_31ns_62_2_1_U80/A[12]
    DSP48_X2Y4           DSP48E1                                      r  bd_0_i/hls_inst/inst/Hysteresis_Filter_U0/mul_31ns_31ns_62_2_1_U80/tmp_product/A[12]
  -------------------------------------------------------------------    -------------------

                         (clock ap_clk rise edge)    10.000    10.000 r  <hidden>
                                                      0.000    10.000 r  ap_clk
                         net (fo=3972, unset)         0.924    10.924    bd_0_i/hls_inst/inst/Hysteresis_Filter_U0/mul_31ns_31ns_62_2_1_U80/ap_clk
    DSP48_X2Y4           DSP48E1                                      r  bd_0_i/hls_inst/inst/Hysteresis_Filter_U0/mul_31ns_31ns_62_2_1_U80/tmp_product/CLK
                         clock pessimism              0.000    10.924    <hidden>
                         clock uncertainty           -0.035    10.889    <hidden>
    DSP48_X2Y4           DSP48E1 (Setup_dsp48e1_CLK_A[12])
                                                     -0.362    10.527    bd_0_i/hls_inst/inst/Hysteresis_Filter_U0/mul_31ns_31ns_62_2_1_U80/tmp_product
  -------------------------------------------------------------------
                         required time                         10.527    <hidden>
                         arrival time                          -7.511    <hidden>
  -------------------------------------------------------------------
                         slack                                  3.016    <hidden>

Slack (MET) :             3.060ns  (required time - arrival time)
  Source:                 bd_0_i/hls_inst/inst/Cols_c_U/addr_reg[0]/C
                            (rising edge-triggered cell FDRE clocked by ap_clk  {rise@0.000ns fall@5.000ns period=10.000ns})
  Destination:            bd_0_i/hls_inst/inst/Hysteresis_Filter_U0/mul_31ns_31ns_62_2_1_U80/tmp_product__0/B[9]
                            (rising edge-triggered cell DSP48E1 clocked by ap_clk  {rise@0.000ns fall@5.000ns period=10.000ns})
  Path Group:             ap_clk
  Path Type:              Setup (Max at Slow Process Corner)
  Requirement:            10.000ns  (ap_clk rise@10.000ns - ap_clk rise@0.000ns)
  Data Path Delay:        6.406ns  (logic 1.509ns (23.556%)  route 4.897ns (76.444%))
  Logic Levels:           6  (CARRY4=4 LUT4=1 LUT5=1)
  Clock Path Skew:        -0.049ns (DCD - SCD + CPR)
    Destination Clock Delay (DCD):    0.924ns = ( 10.924 - 10.000 ) 
    Source Clock Delay      (SCD):    0.973ns
    Clock Pessimism Removal (CPR):    0.000ns
  Clock Uncertainty:      0.035ns  ((TSJ^2 + TIJ^2)^1/2 + DJ) / 2 + PE
    Total System Jitter     (TSJ):    0.071ns
    Total Input Jitter      (TIJ):    0.000ns
    Discrete Jitter          (DJ):    0.000ns
    Phase Error              (PE):    0.000ns

    Location             Delay type                Incr(ns)  Path(ns)    Netlist Resource(s)
  -------------------------------------------------------------------    -------------------
                         (clock ap_clk rise edge)     0.000     0.000 r  <hidden>
                                                      0.000     0.000 r  ap_clk
                         net (fo=3972, unset)         0.973     0.973    bd_0_i/hls_inst/inst/Cols_c_U/ap_clk
    SLICE_X38Y18         FDRE                                         r  bd_0_i/hls_inst/inst/Cols_c_U/addr_reg[0]/C
  -------------------------------------------------------------------    -------------------
    SLICE_X38Y18         FDRE (Prop_fdre_C_Q)         0.518     1.491 r  bd_0_i/hls_inst/inst/Cols_c_U/addr_reg[0]/Q
                         net (fo=96, routed)          2.839     4.330    bd_0_i/hls_inst/inst/Cols_c_U/U_Canny_Filter_fifo_w32_d2_S_ShiftReg/tmp_product
    SLICE_X31Y2          LUT5 (Prop_lut5_I2_O)        0.124     4.454 r  bd_0_i/hls_inst/inst/Cols_c_U/U_Canny_Filter_fifo_w32_d2_S_ShiftReg/tmp_product_i_100__1/O
                         net (fo=1, routed)           0.000     4.454    bd_0_i/hls_inst/inst/Cols_c_U/U_Canny_Filter_fifo_w32_d2_S_ShiftReg/tmp_product_i_100__1_n_0
    SLICE_X31Y2          CARRY4 (Prop_carry4_S[3]_CO[3])
                                                      0.401     4.855 r  bd_0_i/hls_inst/inst/Cols_c_U/U_Canny_Filter_fifo_w32_d2_S_ShiftReg/tmp_product_i_79__1/CO[3]
                         net (fo=1, routed)           0.000     4.855    bd_0_i/hls_inst/inst/Cols_c_U/U_Canny_Filter_fifo_w32_d2_S_ShiftReg/tmp_product_i_79__1_n_0
    SLICE_X31Y3          CARRY4 (Prop_carry4_CI_CO[3])
                                                      0.114     4.969 r  bd_0_i/hls_inst/inst/Cols_c_U/U_Canny_Filter_fifo_w32_d2_S_ShiftReg/tmp_product_i_61__1/CO[3]
                         net (fo=1, routed)           0.000     4.969    bd_0_i/hls_inst/inst/Cols_c_U/U_Canny_Filter_fifo_w32_d2_S_ShiftReg/tmp_product_i_61__1_n_0
    SLICE_X31Y4          CARRY4 (Prop_carry4_CI_CO[3])
                                                      0.114     5.083 r  bd_0_i/hls_inst/inst/Cols_c_U/U_Canny_Filter_fifo_w32_d2_S_ShiftReg/tmp_product_i_43__1/CO[3]
                         net (fo=1, routed)           0.000     5.083    bd_0_i/hls_inst/inst/Cols_c_U/U_Canny_Filter_fifo_w32_d2_S_ShiftReg/tmp_product_i_43__1_n_0
    SLICE_X31Y5          CARRY4 (Prop_carry4_CI_CO[3])
                                                      0.114     5.197 r  bd_0_i/hls_inst/inst/Cols_c_U/U_Canny_Filter_fifo_w32_d2_S_ShiftReg/tmp_product_i_33__2/CO[3]
                         net (fo=31, routed)          1.369     6.566    bd_0_i/hls_inst/inst/Cols_c_U/U_Canny_Filter_fifo_w32_d2_S_ShiftReg/tmp_product_i_33__2_n_0
    SLICE_X32Y3          LUT4 (Prop_lut4_I0_O)        0.124     6.690 r  bd_0_i/hls_inst/inst/Cols_c_U/U_Canny_Filter_fifo_w32_d2_S_ShiftReg/tmp_product_i_22__1/O
                         net (fo=2, routed)           0.689     7.379    bd_0_i/hls_inst/inst/Hysteresis_Filter_U0/mul_31ns_31ns_62_2_1_U80/A[9]
    DSP48_X2Y2           DSP48E1                                      r  bd_0_i/hls_inst/inst/Hysteresis_Filter_U0/mul_31ns_31ns_62_2_1_U80/tmp_product__0/B[9]
  -------------------------------------------------------------------    -------------------

                         (clock ap_clk rise edge)    10.000    10.000 r  <hidden>
                                                      0.000    10.000 r  ap_clk
                         net (fo=3972, unset)         0.924    10.924    bd_0_i/hls_inst/inst/Hysteresis_Filter_U0/mul_31ns_31ns_62_2_1_U80/ap_clk
    DSP48_X2Y2           DSP48E1                                      r  bd_0_i/hls_inst/inst/Hysteresis_Filter_U0/mul_31ns_31ns_62_2_1_U80/tmp_product__0/CLK
                         clock pessimism              0.000    10.924    <hidden>
                         clock uncertainty           -0.035    10.889    <hidden>
    DSP48_X2Y2           DSP48E1 (Setup_dsp48e1_CLK_B[9])
                                                     -0.450    10.439    bd_0_i/hls_inst/inst/Hysteresis_Filter_U0/mul_31ns_31ns_62_2_1_U80/tmp_product__0
  -------------------------------------------------------------------
                         required time                         10.439    <hidden>
                         arrival time                          -7.379    <hidden>
  -------------------------------------------------------------------
                         slack                                  3.060    <hidden>





Min Delay Paths
--------------------------------------------------------------------------------------
Slack (MET) :             0.098ns  (arrival time - required time)
  Source:                 bd_0_i/hls_inst/inst/Gaussian_Filter_U0/grp_Gaussian_Filter_Pipeline_VITIS_LOOP_13_1_VITIS_LOOP_15_2_fu_90/p_load18_reg_609_reg[6]/C
                            (rising edge-triggered cell FDRE clocked by ap_clk  {rise@0.000ns fall@5.000ns period=10.000ns})
  Destination:            bd_0_i/hls_inst/inst/Gaussian_Filter_U0/grp_Gaussian_Filter_Pipeline_VITIS_LOOP_13_1_VITIS_LOOP_15_2_fu_90/Sum_fu_98_reg[6]/D
                            (rising edge-triggered cell FDRE clocked by ap_clk  {rise@0.000ns fall@5.000ns period=10.000ns})
  Path Group:             ap_clk
  Path Type:              Hold (Min at Fast Process Corner)
  Requirement:            0.000ns  (ap_clk rise@0.000ns - ap_clk rise@0.000ns)
  Data Path Delay:        0.195ns  (logic 0.141ns (72.269%)  route 0.054ns (27.731%))
  Logic Levels:           0  
  Clock Path Skew:        0.022ns (DCD - SCD - CPR)
    Destination Clock Delay (DCD):    0.432ns
    Source Clock Delay      (SCD):    0.410ns
    Clock Pessimism Removal (CPR):    -0.000ns

    Location             Delay type                Incr(ns)  Path(ns)    Netlist Resource(s)
  -------------------------------------------------------------------    -------------------
                         (clock ap_clk rise edge)     0.000     0.000 r  <hidden>
                                                      0.000     0.000 r  ap_clk
                         net (fo=3972, unset)         0.410     0.410    bd_0_i/hls_inst/inst/Gaussian_Filter_U0/grp_Gaussian_Filter_Pipeline_VITIS_LOOP_13_1_VITIS_LOOP_15_2_fu_90/ap_clk
    SLICE_X21Y28         FDRE                                         r  bd_0_i/hls_inst/inst/Gaussian_Filter_U0/grp_Gaussian_Filter_Pipeline_VITIS_LOOP_13_1_VITIS_LOOP_15_2_fu_90/p_load18_reg_609_reg[6]/C
  -------------------------------------------------------------------    -------------------
    SLICE_X21Y28         FDRE (Prop_fdre_C_Q)         0.141     0.551 r  bd_0_i/hls_inst/inst/Gaussian_Filter_U0/grp_Gaussian_Filter_Pipeline_VITIS_LOOP_13_1_VITIS_LOOP_15_2_fu_90/p_load18_reg_609_reg[6]/Q
                         net (fo=1, routed)           0.054     0.605    bd_0_i/hls_inst/inst/Gaussian_Filter_U0/grp_Gaussian_Filter_Pipeline_VITIS_LOOP_13_1_VITIS_LOOP_15_2_fu_90/p_load18_reg_609[6]
    SLICE_X20Y28         FDRE                                         r  bd_0_i/hls_inst/inst/Gaussian_Filter_U0/grp_Gaussian_Filter_Pipeline_VITIS_LOOP_13_1_VITIS_LOOP_15_2_fu_90/Sum_fu_98_reg[6]/D
  -------------------------------------------------------------------    -------------------

                         (clock ap_clk rise edge)     0.000     0.000 r  <hidden>
                                                      0.000     0.000 r  ap_clk
                         net (fo=3972, unset)         0.432     0.432    bd_0_i/hls_inst/inst/Gaussian_Filter_U0/grp_Gaussian_Filter_Pipeline_VITIS_LOOP_13_1_VITIS_LOOP_15_2_fu_90/ap_clk
    SLICE_X20Y28         FDRE                                         r  bd_0_i/hls_inst/inst/Gaussian_Filter_U0/grp_Gaussian_Filter_Pipeline_VITIS_LOOP_13_1_VITIS_LOOP_15_2_fu_90/Sum_fu_98_reg[6]/C
                         clock pessimism              0.000     0.432    <hidden>
    SLICE_X20Y28         FDRE (Hold_fdre_C_D)         0.076     0.508    bd_0_i/hls_inst/inst/Gaussian_Filter_U0/grp_Gaussian_Filter_Pipeline_VITIS_LOOP_13_1_VITIS_LOOP_15_2_fu_90/Sum_fu_98_reg[6]
  -------------------------------------------------------------------
                         required time                         -0.508    <hidden>
                         arrival time                           0.605    <hidden>
  -------------------------------------------------------------------
                         slack                                  0.098    <hidden>

Slack (MET) :             0.098ns  (arrival time - required time)
  Source:                 bd_0_i/hls_inst/inst/Gaussian_Filter_U0/regslice_both_Input_Stream_V_data_V_U/data_p2_reg[23]/C
                            (rising edge-triggered cell FDRE clocked by ap_clk  {rise@0.000ns fall@5.000ns period=10.000ns})
  Destination:            bd_0_i/hls_inst/inst/Gaussian_Filter_U0/regslice_both_Input_Stream_V_data_V_U/data_p1_reg[23]/D
                            (rising edge-triggered cell FDRE clocked by ap_clk  {rise@0.000ns fall@5.000ns period=10.000ns})
  Path Group:             ap_clk
  Path Type:              Hold (Min at Fast Process Corner)
  Requirement:            0.000ns  (ap_clk rise@0.000ns - ap_clk rise@0.000ns)
  Data Path Delay:        0.240ns  (logic 0.186ns (77.466%)  route 0.054ns (22.534%))
  Logic Levels:           1  (LUT4=1)
  Clock Path Skew:        0.022ns (DCD - SCD - CPR)
    Destination Clock Delay (DCD):    0.432ns
    Source Clock Delay      (SCD):    0.410ns
    Clock Pessimism Removal (CPR):    -0.000ns

    Location             Delay type                Incr(ns)  Path(ns)    Netlist Resource(s)
  -------------------------------------------------------------------    -------------------
                         (clock ap_clk rise edge)     0.000     0.000 r  <hidden>
                                                      0.000     0.000 r  ap_clk
                         net (fo=3972, unset)         0.410     0.410    bd_0_i/hls_inst/inst/Gaussian_Filter_U0/regslice_both_Input_Stream_V_data_V_U/ap_clk
    SLICE_X9Y32          FDRE                                         r  bd_0_i/hls_inst/inst/Gaussian_Filter_U0/regslice_both_Input_Stream_V_data_V_U/data_p2_reg[23]/C
  -------------------------------------------------------------------    -------------------
    SLICE_X9Y32          FDRE (Prop_fdre_C_Q)         0.141     0.551 r  bd_0_i/hls_inst/inst/Gaussian_Filter_U0/regslice_both_Input_Stream_V_data_V_U/data_p2_reg[23]/Q
                         net (fo=1, routed)           0.054     0.605    bd_0_i/hls_inst/inst/Gaussian_Filter_U0/regslice_both_Input_Stream_V_data_V_U/data_p2[23]
    SLICE_X8Y32          LUT4 (Prop_lut4_I0_O)        0.045     0.650 r  bd_0_i/hls_inst/inst/Gaussian_Filter_U0/regslice_both_Input_Stream_V_data_V_U/data_p1[23]_i_1/O
                         net (fo=1, routed)           0.000     0.650    bd_0_i/hls_inst/inst/Gaussian_Filter_U0/regslice_both_Input_Stream_V_data_V_U/p_0_in[23]
    SLICE_X8Y32          FDRE                                         r  bd_0_i/hls_inst/inst/Gaussian_Filter_U0/regslice_both_Input_Stream_V_data_V_U/data_p1_reg[23]/D
  -------------------------------------------------------------------    -------------------

                         (clock ap_clk rise edge)     0.000     0.000 r  <hidden>
                                                      0.000     0.000 r  ap_clk
                         net (fo=3972, unset)         0.432     0.432    bd_0_i/hls_inst/inst/Gaussian_Filter_U0/regslice_both_Input_Stream_V_data_V_U/ap_clk
    SLICE_X8Y32          FDRE                                         r  bd_0_i/hls_inst/inst/Gaussian_Filter_U0/regslice_both_Input_Stream_V_data_V_U/data_p1_reg[23]/C
                         clock pessimism              0.000     0.432    <hidden>
    SLICE_X8Y32          FDRE (Hold_fdre_C_D)         0.121     0.553    bd_0_i/hls_inst/inst/Gaussian_Filter_U0/regslice_both_Input_Stream_V_data_V_U/data_p1_reg[23]
  -------------------------------------------------------------------
                         required time                         -0.553    <hidden>
                         arrival time                           0.650    <hidden>
  -------------------------------------------------------------------
                         slack                                  0.098    <hidden>

Slack (MET) :             0.099ns  (arrival time - required time)
  Source:                 bd_0_i/hls_inst/inst/Sobel_Filter_U0/grp_Sobel_Filter_Pipeline_VITIS_LOOP_14_1_VITIS_LOOP_16_2_fu_68/empty_59_fu_140_reg[8]/C
                            (rising edge-triggered cell FDRE clocked by ap_clk  {rise@0.000ns fall@5.000ns period=10.000ns})
  Destination:            bd_0_i/hls_inst/inst/Sobel_Filter_U0/grp_Sobel_Filter_Pipeline_VITIS_LOOP_14_1_VITIS_LOOP_16_2_fu_68/empty_fu_120_reg[8]/D
                            (rising edge-triggered cell FDRE clocked by ap_clk  {rise@0.000ns fall@5.000ns period=10.000ns})
  Path Group:             ap_clk
  Path Type:              Hold (Min at Fast Process Corner)
  Requirement:            0.000ns  (ap_clk rise@0.000ns - ap_clk rise@0.000ns)
  Data Path Delay:        0.197ns  (logic 0.141ns (71.611%)  route 0.056ns (28.389%))
  Logic Levels:           0  
  Clock Path Skew:        0.022ns (DCD - SCD - CPR)
    Destination Clock Delay (DCD):    0.432ns
    Source Clock Delay      (SCD):    0.410ns
    Clock Pessimism Removal (CPR):    -0.000ns

    Location             Delay type                Incr(ns)  Path(ns)    Netlist Resource(s)
  -------------------------------------------------------------------    -------------------
                         (clock ap_clk rise edge)     0.000     0.000 r  <hidden>
                                                      0.000     0.000 r  ap_clk
                         net (fo=3972, unset)         0.410     0.410    bd_0_i/hls_inst/inst/Sobel_Filter_U0/grp_Sobel_Filter_Pipeline_VITIS_LOOP_14_1_VITIS_LOOP_16_2_fu_68/ap_clk
    SLICE_X25Y31         FDRE                                         r  bd_0_i/hls_inst/inst/Sobel_Filter_U0/grp_Sobel_Filter_Pipeline_VITIS_LOOP_14_1_VITIS_LOOP_16_2_fu_68/empty_59_fu_140_reg[8]/C
  -------------------------------------------------------------------    -------------------
    SLICE_X25Y31         FDRE (Prop_fdre_C_Q)         0.141     0.551 r  bd_0_i/hls_inst/inst/Sobel_Filter_U0/grp_Sobel_Filter_Pipeline_VITIS_LOOP_14_1_VITIS_LOOP_16_2_fu_68/empty_59_fu_140_reg[8]/Q
                         net (fo=1, routed)           0.056     0.607    bd_0_i/hls_inst/inst/Sobel_Filter_U0/grp_Sobel_Filter_Pipeline_VITIS_LOOP_14_1_VITIS_LOOP_16_2_fu_68/empty_59_fu_140[8]
    SLICE_X25Y31         FDRE                                         r  bd_0_i/hls_inst/inst/Sobel_Filter_U0/grp_Sobel_Filter_Pipeline_VITIS_LOOP_14_1_VITIS_LOOP_16_2_fu_68/empty_fu_120_reg[8]/D
  -------------------------------------------------------------------    -------------------

                         (clock ap_clk rise edge)     0.000     0.000 r  <hidden>
                                                      0.000     0.000 r  ap_clk
                         net (fo=3972, unset)         0.432     0.432    bd_0_i/hls_inst/inst/Sobel_Filter_U0/grp_Sobel_Filter_Pipeline_VITIS_LOOP_14_1_VITIS_LOOP_16_2_fu_68/ap_clk
    SLICE_X25Y31         FDRE                                         r  bd_0_i/hls_inst/inst/Sobel_Filter_U0/grp_Sobel_Filter_Pipeline_VITIS_LOOP_14_1_VITIS_LOOP_16_2_fu_68/empty_fu_120_reg[8]/C
                         clock pessimism              0.000     0.432    <hidden>
    SLICE_X25Y31         FDRE (Hold_fdre_C_D)         0.076     0.508    bd_0_i/hls_inst/inst/Sobel_Filter_U0/grp_Sobel_Filter_Pipeline_VITIS_LOOP_14_1_VITIS_LOOP_16_2_fu_68/empty_fu_120_reg[8]
  -------------------------------------------------------------------
                         required time                         -0.508    <hidden>
                         arrival time                           0.607    <hidden>
  -------------------------------------------------------------------
                         slack                                  0.099    <hidden>

Slack (MET) :             0.102ns  (arrival time - required time)
  Source:                 bd_0_i/hls_inst/inst/Sobel_Filter_U0/grp_Sobel_Filter_Pipeline_VITIS_LOOP_14_1_VITIS_LOOP_16_2_fu_68/empty_59_fu_140_reg[6]/C
                            (rising edge-triggered cell FDRE clocked by ap_clk  {rise@0.000ns fall@5.000ns period=10.000ns})
  Destination:            bd_0_i/hls_inst/inst/Sobel_Filter_U0/grp_Sobel_Filter_Pipeline_VITIS_LOOP_14_1_VITIS_LOOP_16_2_fu_68/empty_fu_120_reg[6]/D
                            (rising edge-triggered cell FDRE clocked by ap_clk  {rise@0.000ns fall@5.000ns period=10.000ns})
  Path Group:             ap_clk
  Path Type:              Hold (Min at Fast Process Corner)
  Requirement:            0.000ns  (ap_clk rise@0.000ns - ap_clk rise@0.000ns)
  Data Path Delay:        0.200ns  (logic 0.141ns (70.589%)  route 0.059ns (29.411%))
  Logic Levels:           0  
  Clock Path Skew:        0.022ns (DCD - SCD - CPR)
    Destination Clock Delay (DCD):    0.432ns
    Source Clock Delay      (SCD):    0.410ns
    Clock Pessimism Removal (CPR):    -0.000ns

    Location             Delay type                Incr(ns)  Path(ns)    Netlist Resource(s)
  -------------------------------------------------------------------    -------------------
                         (clock ap_clk rise edge)     0.000     0.000 r  <hidden>
                                                      0.000     0.000 r  ap_clk
                         net (fo=3972, unset)         0.410     0.410    bd_0_i/hls_inst/inst/Sobel_Filter_U0/grp_Sobel_Filter_Pipeline_VITIS_LOOP_14_1_VITIS_LOOP_16_2_fu_68/ap_clk
    SLICE_X24Y34         FDRE                                         r  bd_0_i/hls_inst/inst/Sobel_Filter_U0/grp_Sobel_Filter_Pipeline_VITIS_LOOP_14_1_VITIS_LOOP_16_2_fu_68/empty_59_fu_140_reg[6]/C
  -------------------------------------------------------------------    -------------------
    SLICE_X24Y34         FDRE (Prop_fdre_C_Q)         0.141     0.551 r  bd_0_i/hls_inst/inst/Sobel_Filter_U0/grp_Sobel_Filter_Pipeline_VITIS_LOOP_14_1_VITIS_LOOP_16_2_fu_68/empty_59_fu_140_reg[6]/Q
                         net (fo=1, routed)           0.059     0.610    bd_0_i/hls_inst/inst/Sobel_Filter_U0/grp_Sobel_Filter_Pipeline_VITIS_LOOP_14_1_VITIS_LOOP_16_2_fu_68/empty_59_fu_140[6]
    SLICE_X24Y34         FDRE                                         r  bd_0_i/hls_inst/inst/Sobel_Filter_U0/grp_Sobel_Filter_Pipeline_VITIS_LOOP_14_1_VITIS_LOOP_16_2_fu_68/empty_fu_120_reg[6]/D
  -------------------------------------------------------------------    -------------------

                         (clock ap_clk rise edge)     0.000     0.000 r  <hidden>
                                                      0.000     0.000 r  ap_clk
                         net (fo=3972, unset)         0.432     0.432    bd_0_i/hls_inst/inst/Sobel_Filter_U0/grp_Sobel_Filter_Pipeline_VITIS_LOOP_14_1_VITIS_LOOP_16_2_fu_68/ap_clk
    SLICE_X24Y34         FDRE                                         r  bd_0_i/hls_inst/inst/Sobel_Filter_U0/grp_Sobel_Filter_Pipeline_VITIS_LOOP_14_1_VITIS_LOOP_16_2_fu_68/empty_fu_120_reg[6]/C
                         clock pessimism              0.000     0.432    <hidden>
    SLICE_X24Y34         FDRE (Hold_fdre_C_D)         0.076     0.508    bd_0_i/hls_inst/inst/Sobel_Filter_U0/grp_Sobel_Filter_Pipeline_VITIS_LOOP_14_1_VITIS_LOOP_16_2_fu_68/empty_fu_120_reg[6]
  -------------------------------------------------------------------
                         required time                         -0.508    <hidden>
                         arrival time                           0.610    <hidden>
  -------------------------------------------------------------------
                         slack                                  0.102    <hidden>

Slack (MET) :             0.103ns  (arrival time - required time)
  Source:                 bd_0_i/hls_inst/inst/Sobel_Filter_U0/grp_Sobel_Filter_Pipeline_VITIS_LOOP_14_1_VITIS_LOOP_16_2_fu_68/empty_59_fu_140_reg[16]/C
                            (rising edge-triggered cell FDRE clocked by ap_clk  {rise@0.000ns fall@5.000ns period=10.000ns})
  Destination:            bd_0_i/hls_inst/inst/Sobel_Filter_U0/grp_Sobel_Filter_Pipeline_VITIS_LOOP_14_1_VITIS_LOOP_16_2_fu_68/empty_fu_120_reg[16]/D
                            (rising edge-triggered cell FDRE clocked by ap_clk  {rise@0.000ns fall@5.000ns period=10.000ns})
  Path Group:             ap_clk
  Path Type:              Hold (Min at Fast Process Corner)
  Requirement:            0.000ns  (ap_clk rise@0.000ns - ap_clk rise@0.000ns)
  Data Path Delay:        0.203ns  (logic 0.141ns (69.572%)  route 0.062ns (30.428%))
  Logic Levels:           0  
  Clock Path Skew:        0.022ns (DCD - SCD - CPR)
    Destination Clock Delay (DCD):    0.432ns
    Source Clock Delay      (SCD):    0.410ns
    Clock Pessimism Removal (CPR):    -0.000ns

    Location             Delay type                Incr(ns)  Path(ns)    Netlist Resource(s)
  -------------------------------------------------------------------    -------------------
                         (clock ap_clk rise edge)     0.000     0.000 r  <hidden>
                                                      0.000     0.000 r  ap_clk
                         net (fo=3972, unset)         0.410     0.410    bd_0_i/hls_inst/inst/Sobel_Filter_U0/grp_Sobel_Filter_Pipeline_VITIS_LOOP_14_1_VITIS_LOOP_16_2_fu_68/ap_clk
    SLICE_X24Y35         FDRE                                         r  bd_0_i/hls_inst/inst/Sobel_Filter_U0/grp_Sobel_Filter_Pipeline_VITIS_LOOP_14_1_VITIS_LOOP_16_2_fu_68/empty_59_fu_140_reg[16]/C
  -------------------------------------------------------------------    -------------------
    SLICE_X24Y35         FDRE (Prop_fdre_C_Q)         0.141     0.551 r  bd_0_i/hls_inst/inst/Sobel_Filter_U0/grp_Sobel_Filter_Pipeline_VITIS_LOOP_14_1_VITIS_LOOP_16_2_fu_68/empty_59_fu_140_reg[16]/Q
                         net (fo=1, routed)           0.062     0.613    bd_0_i/hls_inst/inst/Sobel_Filter_U0/grp_Sobel_Filter_Pipeline_VITIS_LOOP_14_1_VITIS_LOOP_16_2_fu_68/empty_59_fu_140[16]
    SLICE_X24Y35         FDRE                                         r  bd_0_i/hls_inst/inst/Sobel_Filter_U0/grp_Sobel_Filter_Pipeline_VITIS_LOOP_14_1_VITIS_LOOP_16_2_fu_68/empty_fu_120_reg[16]/D
  -------------------------------------------------------------------    -------------------

                         (clock ap_clk rise edge)     0.000     0.000 r  <hidden>
                                                      0.000     0.000 r  ap_clk
                         net (fo=3972, unset)         0.432     0.432    bd_0_i/hls_inst/inst/Sobel_Filter_U0/grp_Sobel_Filter_Pipeline_VITIS_LOOP_14_1_VITIS_LOOP_16_2_fu_68/ap_clk
    SLICE_X24Y35         FDRE                                         r  bd_0_i/hls_inst/inst/Sobel_Filter_U0/grp_Sobel_Filter_Pipeline_VITIS_LOOP_14_1_VITIS_LOOP_16_2_fu_68/empty_fu_120_reg[16]/C
                         clock pessimism              0.000     0.432    <hidden>
    SLICE_X24Y35         FDRE (Hold_fdre_C_D)         0.078     0.510    bd_0_i/hls_inst/inst/Sobel_Filter_U0/grp_Sobel_Filter_Pipeline_VITIS_LOOP_14_1_VITIS_LOOP_16_2_fu_68/empty_fu_120_reg[16]
  -------------------------------------------------------------------
                         required time                         -0.510    <hidden>
                         arrival time                           0.613    <hidden>
  -------------------------------------------------------------------
                         slack                                  0.103    <hidden>

Slack (MET) :             0.104ns  (arrival time - required time)
  Source:                 bd_0_i/hls_inst/inst/Gaussian_Filter_U0/regslice_both_Input_Stream_V_data_V_U/data_p1_reg[23]/C
                            (rising edge-triggered cell FDRE clocked by ap_clk  {rise@0.000ns fall@5.000ns period=10.000ns})
  Destination:            bd_0_i/hls_inst/inst/Gaussian_Filter_U0/grp_Gaussian_Filter_Pipeline_VITIS_LOOP_13_1_VITIS_LOOP_15_2_fu_90/Line_Buffer_1_U/ram_reg_1/DIADI[5]
                            (rising edge-triggered cell RAMB36E1 clocked by ap_clk  {rise@0.000ns fall@5.000ns period=10.000ns})
  Path Group:             ap_clk
  Path Type:              Hold (Min at Fast Process Corner)
  Requirement:            0.000ns  (ap_clk rise@0.000ns - ap_clk rise@0.000ns)
  Data Path Delay:        0.280ns  (logic 0.164ns (58.534%)  route 0.116ns (41.466%))
  Logic Levels:           0  
  Clock Path Skew:        0.022ns (DCD - SCD - CPR)
    Destination Clock Delay (DCD):    0.432ns
    Source Clock Delay      (SCD):    0.410ns
    Clock Pessimism Removal (CPR):    -0.000ns

    Location             Delay type                Incr(ns)  Path(ns)    Netlist Resource(s)
  -------------------------------------------------------------------    -------------------
                         (clock ap_clk rise edge)     0.000     0.000 r  <hidden>
                                                      0.000     0.000 r  ap_clk
                         net (fo=3972, unset)         0.410     0.410    bd_0_i/hls_inst/inst/Gaussian_Filter_U0/regslice_both_Input_Stream_V_data_V_U/ap_clk
    SLICE_X8Y32          FDRE                                         r  bd_0_i/hls_inst/inst/Gaussian_Filter_U0/regslice_both_Input_Stream_V_data_V_U/data_p1_reg[23]/C
  -------------------------------------------------------------------    -------------------
    SLICE_X8Y32          FDRE (Prop_fdre_C_Q)         0.164     0.574 r  bd_0_i/hls_inst/inst/Gaussian_Filter_U0/regslice_both_Input_Stream_V_data_V_U/data_p1_reg[23]/Q
                         net (fo=2, routed)           0.116     0.690    bd_0_i/hls_inst/inst/Gaussian_Filter_U0/grp_Gaussian_Filter_Pipeline_VITIS_LOOP_13_1_VITIS_LOOP_15_2_fu_90/Line_Buffer_1_U/ram_reg_1_1[23]
    RAMB36_X0Y6          RAMB36E1                                     r  bd_0_i/hls_inst/inst/Gaussian_Filter_U0/grp_Gaussian_Filter_Pipeline_VITIS_LOOP_13_1_VITIS_LOOP_15_2_fu_90/Line_Buffer_1_U/ram_reg_1/DIADI[5]
  -------------------------------------------------------------------    -------------------

                         (clock ap_clk rise edge)     0.000     0.000 r  <hidden>
                                                      0.000     0.000 r  ap_clk
                         net (fo=3972, unset)         0.432     0.432    bd_0_i/hls_inst/inst/Gaussian_Filter_U0/grp_Gaussian_Filter_Pipeline_VITIS_LOOP_13_1_VITIS_LOOP_15_2_fu_90/Line_Buffer_1_U/ap_clk
    RAMB36_X0Y6          RAMB36E1                                     r  bd_0_i/hls_inst/inst/Gaussian_Filter_U0/grp_Gaussian_Filter_Pipeline_VITIS_LOOP_13_1_VITIS_LOOP_15_2_fu_90/Line_Buffer_1_U/ram_reg_1/CLKARDCLK
                         clock pessimism              0.000     0.432    <hidden>
    RAMB36_X0Y6          RAMB36E1 (Hold_ramb36e1_CLKARDCLK_DIADI[5])
                                                      0.155     0.587    bd_0_i/hls_inst/inst/Gaussian_Filter_U0/grp_Gaussian_Filter_Pipeline_VITIS_LOOP_13_1_VITIS_LOOP_15_2_fu_90/Line_Buffer_1_U/ram_reg_1
  -------------------------------------------------------------------
                         required time                         -0.587    <hidden>
                         arrival time                           0.690    <hidden>
  -------------------------------------------------------------------
                         slack                                  0.104    <hidden>

Slack (MET) :             0.104ns  (arrival time - required time)
  Source:                 bd_0_i/hls_inst/inst/Sobel_Filter_U0/grp_Sobel_Filter_Pipeline_VITIS_LOOP_14_1_VITIS_LOOP_16_2_fu_68/empty_59_fu_140_reg[2]/C
                            (rising edge-triggered cell FDRE clocked by ap_clk  {rise@0.000ns fall@5.000ns period=10.000ns})
  Destination:            bd_0_i/hls_inst/inst/Sobel_Filter_U0/grp_Sobel_Filter_Pipeline_VITIS_LOOP_14_1_VITIS_LOOP_16_2_fu_68/empty_fu_120_reg[2]/D
                            (rising edge-triggered cell FDRE clocked by ap_clk  {rise@0.000ns fall@5.000ns period=10.000ns})
  Path Group:             ap_clk
  Path Type:              Hold (Min at Fast Process Corner)
  Requirement:            0.000ns  (ap_clk rise@0.000ns - ap_clk rise@0.000ns)
  Data Path Delay:        0.197ns  (logic 0.141ns (71.611%)  route 0.056ns (28.389%))
  Logic Levels:           0  
  Clock Path Skew:        0.022ns (DCD - SCD - CPR)
    Destination Clock Delay (DCD):    0.432ns
    Source Clock Delay      (SCD):    0.410ns
    Clock Pessimism Removal (CPR):    -0.000ns

    Location             Delay type                Incr(ns)  Path(ns)    Netlist Resource(s)
  -------------------------------------------------------------------    -------------------
                         (clock ap_clk rise edge)     0.000     0.000 r  <hidden>
                                                      0.000     0.000 r  ap_clk
                         net (fo=3972, unset)         0.410     0.410    bd_0_i/hls_inst/inst/Sobel_Filter_U0/grp_Sobel_Filter_Pipeline_VITIS_LOOP_14_1_VITIS_LOOP_16_2_fu_68/ap_clk
    SLICE_X25Y31         FDRE                                         r  bd_0_i/hls_inst/inst/Sobel_Filter_U0/grp_Sobel_Filter_Pipeline_VITIS_LOOP_14_1_VITIS_LOOP_16_2_fu_68/empty_59_fu_140_reg[2]/C
  -------------------------------------------------------------------    -------------------
    SLICE_X25Y31         FDRE (Prop_fdre_C_Q)         0.141     0.551 r  bd_0_i/hls_inst/inst/Sobel_Filter_U0/grp_Sobel_Filter_Pipeline_VITIS_LOOP_14_1_VITIS_LOOP_16_2_fu_68/empty_59_fu_140_reg[2]/Q
                         net (fo=1, routed)           0.056     0.607    bd_0_i/hls_inst/inst/Sobel_Filter_U0/grp_Sobel_Filter_Pipeline_VITIS_LOOP_14_1_VITIS_LOOP_16_2_fu_68/empty_59_fu_140[2]
    SLICE_X25Y31         FDRE                                         r  bd_0_i/hls_inst/inst/Sobel_Filter_U0/grp_Sobel_Filter_Pipeline_VITIS_LOOP_14_1_VITIS_LOOP_16_2_fu_68/empty_fu_120_reg[2]/D
  -------------------------------------------------------------------    -------------------

                         (clock ap_clk rise edge)     0.000     0.000 r  <hidden>
                                                      0.000     0.000 r  ap_clk
                         net (fo=3972, unset)         0.432     0.432    bd_0_i/hls_inst/inst/Sobel_Filter_U0/grp_Sobel_Filter_Pipeline_VITIS_LOOP_14_1_VITIS_LOOP_16_2_fu_68/ap_clk
    SLICE_X25Y31         FDRE                                         r  bd_0_i/hls_inst/inst/Sobel_Filter_U0/grp_Sobel_Filter_Pipeline_VITIS_LOOP_14_1_VITIS_LOOP_16_2_fu_68/empty_fu_120_reg[2]/C
                         clock pessimism              0.000     0.432    <hidden>
    SLICE_X25Y31         FDRE (Hold_fdre_C_D)         0.071     0.503    bd_0_i/hls_inst/inst/Sobel_Filter_U0/grp_Sobel_Filter_Pipeline_VITIS_LOOP_14_1_VITIS_LOOP_16_2_fu_68/empty_fu_120_reg[2]
  -------------------------------------------------------------------
                         required time                         -0.503    <hidden>
                         arrival time                           0.607    <hidden>
  -------------------------------------------------------------------
                         slack                                  0.104    <hidden>

Slack (MET) :             0.106ns  (arrival time - required time)
  Source:                 bd_0_i/hls_inst/inst/Gaussian_Filter_U0/regslice_both_Input_Stream_V_data_V_U/data_p1_reg[25]/C
                            (rising edge-triggered cell FDRE clocked by ap_clk  {rise@0.000ns fall@5.000ns period=10.000ns})
  Destination:            bd_0_i/hls_inst/inst/Gaussian_Filter_U0/grp_Gaussian_Filter_Pipeline_VITIS_LOOP_13_1_VITIS_LOOP_15_2_fu_90/Line_Buffer_1_U/ram_reg_1/DIADI[7]
                            (rising edge-triggered cell RAMB36E1 clocked by ap_clk  {rise@0.000ns fall@5.000ns period=10.000ns})
  Path Group:             ap_clk
  Path Type:              Hold (Min at Fast Process Corner)
  Requirement:            0.000ns  (ap_clk rise@0.000ns - ap_clk rise@0.000ns)
  Data Path Delay:        0.282ns  (logic 0.164ns (58.119%)  route 0.118ns (41.881%))
  Logic Levels:           0  
  Clock Path Skew:        0.022ns (DCD - SCD - CPR)
    Destination Clock Delay (DCD):    0.432ns
    Source Clock Delay      (SCD):    0.410ns
    Clock Pessimism Removal (CPR):    -0.000ns

    Location             Delay type                Incr(ns)  Path(ns)    Netlist Resource(s)
  -------------------------------------------------------------------    -------------------
                         (clock ap_clk rise edge)     0.000     0.000 r  <hidden>
                                                      0.000     0.000 r  ap_clk
                         net (fo=3972, unset)         0.410     0.410    bd_0_i/hls_inst/inst/Gaussian_Filter_U0/regslice_both_Input_Stream_V_data_V_U/ap_clk
    SLICE_X8Y32          FDRE                                         r  bd_0_i/hls_inst/inst/Gaussian_Filter_U0/regslice_both_Input_Stream_V_data_V_U/data_p1_reg[25]/C
  -------------------------------------------------------------------    -------------------
    SLICE_X8Y32          FDRE (Prop_fdre_C_Q)         0.164     0.574 r  bd_0_i/hls_inst/inst/Gaussian_Filter_U0/regslice_both_Input_Stream_V_data_V_U/data_p1_reg[25]/Q
                         net (fo=2, routed)           0.118     0.692    bd_0_i/hls_inst/inst/Gaussian_Filter_U0/grp_Gaussian_Filter_Pipeline_VITIS_LOOP_13_1_VITIS_LOOP_15_2_fu_90/Line_Buffer_1_U/ram_reg_1_1[25]
    RAMB36_X0Y6          RAMB36E1                                     r  bd_0_i/hls_inst/inst/Gaussian_Filter_U0/grp_Gaussian_Filter_Pipeline_VITIS_LOOP_13_1_VITIS_LOOP_15_2_fu_90/Line_Buffer_1_U/ram_reg_1/DIADI[7]
  -------------------------------------------------------------------    -------------------

                         (clock ap_clk rise edge)     0.000     0.000 r  <hidden>
                                                      0.000     0.000 r  ap_clk
                         net (fo=3972, unset)         0.432     0.432    bd_0_i/hls_inst/inst/Gaussian_Filter_U0/grp_Gaussian_Filter_Pipeline_VITIS_LOOP_13_1_VITIS_LOOP_15_2_fu_90/Line_Buffer_1_U/ap_clk
    RAMB36_X0Y6          RAMB36E1                                     r  bd_0_i/hls_inst/inst/Gaussian_Filter_U0/grp_Gaussian_Filter_Pipeline_VITIS_LOOP_13_1_VITIS_LOOP_15_2_fu_90/Line_Buffer_1_U/ram_reg_1/CLKARDCLK
                         clock pessimism              0.000     0.432    <hidden>
    RAMB36_X0Y6          RAMB36E1 (Hold_ramb36e1_CLKARDCLK_DIADI[7])
                                                      0.155     0.587    bd_0_i/hls_inst/inst/Gaussian_Filter_U0/grp_Gaussian_Filter_Pipeline_VITIS_LOOP_13_1_VITIS_LOOP_15_2_fu_90/Line_Buffer_1_U/ram_reg_1
  -------------------------------------------------------------------
                         required time                         -0.587    <hidden>
                         arrival time                           0.692    <hidden>
  -------------------------------------------------------------------
                         slack                                  0.106    <hidden>

Slack (MET) :             0.106ns  (arrival time - required time)
  Source:                 bd_0_i/hls_inst/inst/Sobel_Filter_U0/grp_Sobel_Filter_Pipeline_VITIS_LOOP_14_1_VITIS_LOOP_16_2_fu_68/empty_59_fu_140_reg[5]/C
                            (rising edge-triggered cell FDRE clocked by ap_clk  {rise@0.000ns fall@5.000ns period=10.000ns})
  Destination:            bd_0_i/hls_inst/inst/Sobel_Filter_U0/grp_Sobel_Filter_Pipeline_VITIS_LOOP_14_1_VITIS_LOOP_16_2_fu_68/empty_fu_120_reg[5]/D
                            (rising edge-triggered cell FDRE clocked by ap_clk  {rise@0.000ns fall@5.000ns period=10.000ns})
  Path Group:             ap_clk
  Path Type:              Hold (Min at Fast Process Corner)
  Requirement:            0.000ns  (ap_clk rise@0.000ns - ap_clk rise@0.000ns)
  Data Path Delay:        0.199ns  (logic 0.141ns (70.953%)  route 0.058ns (29.047%))
  Logic Levels:           0  
  Clock Path Skew:        0.022ns (DCD - SCD - CPR)
    Destination Clock Delay (DCD):    0.432ns
    Source Clock Delay      (SCD):    0.410ns
    Clock Pessimism Removal (CPR):    -0.000ns

    Location             Delay type                Incr(ns)  Path(ns)    Netlist Resource(s)
  -------------------------------------------------------------------    -------------------
                         (clock ap_clk rise edge)     0.000     0.000 r  <hidden>
                                                      0.000     0.000 r  ap_clk
                         net (fo=3972, unset)         0.410     0.410    bd_0_i/hls_inst/inst/Sobel_Filter_U0/grp_Sobel_Filter_Pipeline_VITIS_LOOP_14_1_VITIS_LOOP_16_2_fu_68/ap_clk
    SLICE_X24Y34         FDRE                                         r  bd_0_i/hls_inst/inst/Sobel_Filter_U0/grp_Sobel_Filter_Pipeline_VITIS_LOOP_14_1_VITIS_LOOP_16_2_fu_68/empty_59_fu_140_reg[5]/C
  -------------------------------------------------------------------    -------------------
    SLICE_X24Y34         FDRE (Prop_fdre_C_Q)         0.141     0.551 r  bd_0_i/hls_inst/inst/Sobel_Filter_U0/grp_Sobel_Filter_Pipeline_VITIS_LOOP_14_1_VITIS_LOOP_16_2_fu_68/empty_59_fu_140_reg[5]/Q
                         net (fo=1, routed)           0.058     0.609    bd_0_i/hls_inst/inst/Sobel_Filter_U0/grp_Sobel_Filter_Pipeline_VITIS_LOOP_14_1_VITIS_LOOP_16_2_fu_68/empty_59_fu_140[5]
    SLICE_X24Y34         FDRE                                         r  bd_0_i/hls_inst/inst/Sobel_Filter_U0/grp_Sobel_Filter_Pipeline_VITIS_LOOP_14_1_VITIS_LOOP_16_2_fu_68/empty_fu_120_reg[5]/D
  -------------------------------------------------------------------    -------------------

                         (clock ap_clk rise edge)     0.000     0.000 r  <hidden>
                                                      0.000     0.000 r  ap_clk
                         net (fo=3972, unset)         0.432     0.432    bd_0_i/hls_inst/inst/Sobel_Filter_U0/grp_Sobel_Filter_Pipeline_VITIS_LOOP_14_1_VITIS_LOOP_16_2_fu_68/ap_clk
    SLICE_X24Y34         FDRE                                         r  bd_0_i/hls_inst/inst/Sobel_Filter_U0/grp_Sobel_Filter_Pipeline_VITIS_LOOP_14_1_VITIS_LOOP_16_2_fu_68/empty_fu_120_reg[5]/C
                         clock pessimism              0.000     0.432    <hidden>
    SLICE_X24Y34         FDRE (Hold_fdre_C_D)         0.071     0.503    bd_0_i/hls_inst/inst/Sobel_Filter_U0/grp_Sobel_Filter_Pipeline_VITIS_LOOP_14_1_VITIS_LOOP_16_2_fu_68/empty_fu_120_reg[5]
  -------------------------------------------------------------------
                         required time                         -0.503    <hidden>
                         arrival time                           0.609    <hidden>
  -------------------------------------------------------------------
                         slack                                  0.106    <hidden>

Slack (MET) :             0.112ns  (arrival time - required time)
  Source:                 bd_0_i/hls_inst/inst/Cols_c_U/U_Canny_Filter_fifo_w32_d2_S_ShiftReg/SRL_SIG_reg[0][27]/C
                            (rising edge-triggered cell FDRE clocked by ap_clk  {rise@0.000ns fall@5.000ns period=10.000ns})
  Destination:            bd_0_i/hls_inst/inst/Cols_c_U/U_Canny_Filter_fifo_w32_d2_S_ShiftReg/SRL_SIG_reg[1][27]/D
                            (rising edge-triggered cell FDRE clocked by ap_clk  {rise@0.000ns fall@5.000ns period=10.000ns})
  Path Group:             ap_clk
  Path Type:              Hold (Min at Fast Process Corner)
  Requirement:            0.000ns  (ap_clk rise@0.000ns - ap_clk rise@0.000ns)
  Data Path Delay:        0.209ns  (logic 0.141ns (67.454%)  route 0.068ns (32.546%))
  Logic Levels:           0  
  Clock Path Skew:        0.022ns (DCD - SCD - CPR)
    Destination Clock Delay (DCD):    0.432ns
    Source Clock Delay      (SCD):    0.410ns
    Clock Pessimism Removal (CPR):    -0.000ns

    Location             Delay type                Incr(ns)  Path(ns)    Netlist Resource(s)
  -------------------------------------------------------------------    -------------------
                         (clock ap_clk rise edge)     0.000     0.000 r  <hidden>
                                                      0.000     0.000 r  ap_clk
                         net (fo=3972, unset)         0.410     0.410    bd_0_i/hls_inst/inst/Cols_c_U/U_Canny_Filter_fifo_w32_d2_S_ShiftReg/ap_clk
    SLICE_X35Y6          FDRE                                         r  bd_0_i/hls_inst/inst/Cols_c_U/U_Canny_Filter_fifo_w32_d2_S_ShiftReg/SRL_SIG_reg[0][27]/C
  -------------------------------------------------------------------    -------------------
    SLICE_X35Y6          FDRE (Prop_fdre_C_Q)         0.141     0.551 r  bd_0_i/hls_inst/inst/Cols_c_U/U_Canny_Filter_fifo_w32_d2_S_ShiftReg/SRL_SIG_reg[0][27]/Q
                         net (fo=5, routed)           0.068     0.619    bd_0_i/hls_inst/inst/Cols_c_U/U_Canny_Filter_fifo_w32_d2_S_ShiftReg/SRL_SIG_reg[0]_0[27]
    SLICE_X35Y6          FDRE                                         r  bd_0_i/hls_inst/inst/Cols_c_U/U_Canny_Filter_fifo_w32_d2_S_ShiftReg/SRL_SIG_reg[1][27]/D
  -------------------------------------------------------------------    -------------------

                         (clock ap_clk rise edge)     0.000     0.000 r  <hidden>
                                                      0.000     0.000 r  ap_clk
                         net (fo=3972, unset)         0.432     0.432    bd_0_i/hls_inst/inst/Cols_c_U/U_Canny_Filter_fifo_w32_d2_S_ShiftReg/ap_clk
    SLICE_X35Y6          FDRE                                         r  bd_0_i/hls_inst/inst/Cols_c_U/U_Canny_Filter_fifo_w32_d2_S_ShiftReg/SRL_SIG_reg[1][27]/C
                         clock pessimism              0.000     0.432    <hidden>
    SLICE_X35Y6          FDRE (Hold_fdre_C_D)         0.075     0.507    bd_0_i/hls_inst/inst/Cols_c_U/U_Canny_Filter_fifo_w32_d2_S_ShiftReg/SRL_SIG_reg[1][27]
  -------------------------------------------------------------------
                         required time                         -0.507    <hidden>
                         arrival time                           0.619    <hidden>
  -------------------------------------------------------------------
                         slack                                  0.112    <hidden>





Pulse Width Checks
--------------------------------------------------------------------------------------
Clock Name:         ap_clk
Waveform(ns):       { 0.000 5.000 }
Period(ns):         10.000
Sources:            { ap_clk }

Check Type        Corner  Lib Pin             Reference Pin  Required(ns)  Actual(ns)  Slack(ns)  Location      Pin
Min Period        n/a     DSP48E1/CLK         n/a            3.884         10.000      6.116      DSP48_X0Y7    bd_0_i/hls_inst/inst/Gaussian_Filter_U0/mul_31ns_31ns_62_2_1_U16/buff0_reg/CLK
Min Period        n/a     DSP48E1/CLK         n/a            3.884         10.000      6.116      DSP48_X2Y5    bd_0_i/hls_inst/inst/Hysteresis_Filter_U0/mul_31ns_31ns_62_2_1_U80/buff0_reg/CLK
Min Period        n/a     DSP48E1/CLK         n/a            3.884         10.000      6.116      DSP48_X1Y7    bd_0_i/hls_inst/inst/Sobel_Filter_U0/mul_31ns_31ns_62_2_1_U44/buff0_reg/CLK
Min Period        n/a     DSP48E1/CLK         n/a            3.884         10.000      6.116      DSP48_X2Y7    bd_0_i/hls_inst/inst/Suppression_Filter_U0/mul_31ns_31ns_62_2_1_U57/buff0_reg/CLK
Min Period        n/a     DSP48E1/CLK         n/a            3.687         10.000      6.313      DSP48_X0Y9    bd_0_i/hls_inst/inst/Gaussian_Filter_U0/mul_31ns_31ns_62_2_1_U16/buff0_reg__0/CLK
Min Period        n/a     DSP48E1/CLK         n/a            3.687         10.000      6.313      DSP48_X2Y3    bd_0_i/hls_inst/inst/Hysteresis_Filter_U0/mul_31ns_31ns_62_2_1_U80/buff0_reg__0/CLK
Min Period        n/a     DSP48E1/CLK         n/a            3.687         10.000      6.313      DSP48_X1Y5    bd_0_i/hls_inst/inst/Sobel_Filter_U0/mul_31ns_31ns_62_2_1_U44/buff0_reg__0/CLK
Min Period        n/a     DSP48E1/CLK         n/a            3.687         10.000      6.313      DSP48_X2Y9    bd_0_i/hls_inst/inst/Suppression_Filter_U0/mul_31ns_31ns_62_2_1_U57/buff0_reg__0/CLK
Min Period        n/a     RAMB36E1/CLKARDCLK  n/a            2.944         10.000      7.056      RAMB36_X0Y1   bd_0_i/hls_inst/inst/Hysteresis_Filter_U0/grp_Hysteresis_Filter_Pipeline_VITIS_LOOP_11_1_VITIS_LOOP_13_2_fu_84/Line_Buffer_U/ram_reg_0/CLKARDCLK
Min Period        n/a     RAMB36E1/CLKARDCLK  n/a            2.944         10.000      7.056      RAMB36_X0Y0   bd_0_i/hls_inst/inst/Hysteresis_Filter_U0/grp_Hysteresis_Filter_Pipeline_VITIS_LOOP_11_1_VITIS_LOOP_13_2_fu_84/Line_Buffer_U/ram_reg_1/CLKARDCLK
Low Pulse Width   Slow    SRL16E/CLK          n/a            0.980         5.000       4.020      SLICE_X16Y21  bd_0_i/hls_inst/inst/Gaussian_Filter_U0/grp_Gaussian_Filter_Pipeline_VITIS_LOOP_13_1_VITIS_LOOP_15_2_fu_90/ap_loop_exit_ready_pp0_iter5_reg_reg_srl4/CLK
Low Pulse Width   Fast    SRL16E/CLK          n/a            0.980         5.000       4.020      SLICE_X16Y21  bd_0_i/hls_inst/inst/Gaussian_Filter_U0/grp_Gaussian_Filter_Pipeline_VITIS_LOOP_13_1_VITIS_LOOP_15_2_fu_90/ap_loop_exit_ready_pp0_iter5_reg_reg_srl4/CLK
Low Pulse Width   Slow    SRL16E/CLK          n/a            0.980         5.000       4.020      SLICE_X22Y29  bd_0_i/hls_inst/inst/Gaussian_to_Sobel_U/U_Canny_Filter_fifo_w32_d8_S_ShiftReg/SRL_SIG_reg[7][0]_srl8/CLK
Low Pulse Width   Fast    SRL16E/CLK          n/a            0.980         5.000       4.020      SLICE_X22Y29  bd_0_i/hls_inst/inst/Gaussian_to_Sobel_U/U_Canny_Filter_fifo_w32_d8_S_ShiftReg/SRL_SIG_reg[7][0]_srl8/CLK
Low Pulse Width   Slow    SRL16E/CLK          n/a            0.980         5.000       4.020      SLICE_X22Y31  bd_0_i/hls_inst/inst/Gaussian_to_Sobel_U/U_Canny_Filter_fifo_w32_d8_S_ShiftReg/SRL_SIG_reg[7][10]_srl8/CLK
Low Pulse Width   Fast    SRL16E/CLK          n/a            0.980         5.000       4.020      SLICE_X22Y31  bd_0_i/hls_inst/inst/Gaussian_to_Sobel_U/U_Canny_Filter_fifo_w32_d8_S_ShiftReg/SRL_SIG_reg[7][10]_srl8/CLK
Low Pulse Width   Slow    SRL16E/CLK          n/a            0.980         5.000       4.020      SLICE_X22Y31  bd_0_i/hls_inst/inst/Gaussian_to_Sobel_U/U_Canny_Filter_fifo_w32_d8_S_ShiftReg/SRL_SIG_reg[7][11]_srl8/CLK
Low Pulse Width   Fast    SRL16E/CLK          n/a            0.980         5.000       4.020      SLICE_X22Y31  bd_0_i/hls_inst/inst/Gaussian_to_Sobel_U/U_Canny_Filter_fifo_w32_d8_S_ShiftReg/SRL_SIG_reg[7][11]_srl8/CLK
Low Pulse Width   Slow    SRL16E/CLK          n/a            0.980         5.000       4.020      SLICE_X22Y31  bd_0_i/hls_inst/inst/Gaussian_to_Sobel_U/U_Canny_Filter_fifo_w32_d8_S_ShiftReg/SRL_SIG_reg[7][12]_srl8/CLK
Low Pulse Width   Fast    SRL16E/CLK          n/a            0.980         5.000       4.020      SLICE_X22Y31  bd_0_i/hls_inst/inst/Gaussian_to_Sobel_U/U_Canny_Filter_fifo_w32_d8_S_ShiftReg/SRL_SIG_reg[7][12]_srl8/CLK
High Pulse Width  Slow    SRL16E/CLK          n/a            0.980         5.000       4.020      SLICE_X16Y21  bd_0_i/hls_inst/inst/Gaussian_Filter_U0/grp_Gaussian_Filter_Pipeline_VITIS_LOOP_13_1_VITIS_LOOP_15_2_fu_90/ap_loop_exit_ready_pp0_iter5_reg_reg_srl4/CLK
High Pulse Width  Fast    SRL16E/CLK          n/a            0.980         5.000       4.020      SLICE_X16Y21  bd_0_i/hls_inst/inst/Gaussian_Filter_U0/grp_Gaussian_Filter_Pipeline_VITIS_LOOP_13_1_VITIS_LOOP_15_2_fu_90/ap_loop_exit_ready_pp0_iter5_reg_reg_srl4/CLK
High Pulse Width  Slow    SRL16E/CLK          n/a            0.980         5.000       4.020      SLICE_X22Y29  bd_0_i/hls_inst/inst/Gaussian_to_Sobel_U/U_Canny_Filter_fifo_w32_d8_S_ShiftReg/SRL_SIG_reg[7][0]_srl8/CLK
High Pulse Width  Fast    SRL16E/CLK          n/a            0.980         5.000       4.020      SLICE_X22Y29  bd_0_i/hls_inst/inst/Gaussian_to_Sobel_U/U_Canny_Filter_fifo_w32_d8_S_ShiftReg/SRL_SIG_reg[7][0]_srl8/CLK
High Pulse Width  Slow    SRL16E/CLK          n/a            0.980         5.000       4.020      SLICE_X22Y31  bd_0_i/hls_inst/inst/Gaussian_to_Sobel_U/U_Canny_Filter_fifo_w32_d8_S_ShiftReg/SRL_SIG_reg[7][10]_srl8/CLK
High Pulse Width  Fast    SRL16E/CLK          n/a            0.980         5.000       4.020      SLICE_X22Y31  bd_0_i/hls_inst/inst/Gaussian_to_Sobel_U/U_Canny_Filter_fifo_w32_d8_S_ShiftReg/SRL_SIG_reg[7][10]_srl8/CLK
High Pulse Width  Slow    SRL16E/CLK          n/a            0.980         5.000       4.020      SLICE_X22Y31  bd_0_i/hls_inst/inst/Gaussian_to_Sobel_U/U_Canny_Filter_fifo_w32_d8_S_ShiftReg/SRL_SIG_reg[7][11]_srl8/CLK
High Pulse Width  Fast    SRL16E/CLK          n/a            0.980         5.000       4.020      SLICE_X22Y31  bd_0_i/hls_inst/inst/Gaussian_to_Sobel_U/U_Canny_Filter_fifo_w32_d8_S_ShiftReg/SRL_SIG_reg[7][11]_srl8/CLK
High Pulse Width  Slow    SRL16E/CLK          n/a            0.980         5.000       4.020      SLICE_X22Y31  bd_0_i/hls_inst/inst/Gaussian_to_Sobel_U/U_Canny_Filter_fifo_w32_d8_S_ShiftReg/SRL_SIG_reg[7][12]_srl8/CLK
High Pulse Width  Fast    SRL16E/CLK          n/a            0.980         5.000       4.020      SLICE_X22Y31  bd_0_i/hls_inst/inst/Gaussian_to_Sobel_U/U_Canny_Filter_fifo_w32_d8_S_ShiftReg/SRL_SIG_reg[7][12]_srl8/CLK



--------------------------------------------------------------------------------------
Path Group:  (none)
From Clock:  ap_clk
  To Clock:  

Max Delay            58 Endpoints
Min Delay            58 Endpoints
--------------------------------------------------------------------------------------


Max Delay Paths
--------------------------------------------------------------------------------------
Slack:                    inf
  Source:                 bd_0_i/hls_inst/inst/Gaussian_Filter_U0/regslice_both_Input_Stream_V_data_V_U/ack_in_t_reg/C
                            (rising edge-triggered cell FDRE clocked by ap_clk  {rise@0.000ns fall@5.000ns period=10.000ns})
  Destination:            Input_Stream_tready
                            (output port)
  Path Group:             (none)
  Path Type:              Max at Slow Process Corner
  Data Path Delay:        1.491ns  (logic 0.518ns (34.742%)  route 0.973ns (65.258%))
  Logic Levels:           0  
  Clock Uncertainty:      0.025ns  ((TSJ^2 + TIJ^2)^1/2 + DJ) / 2 + PE
    Total System Jitter     (TSJ):    0.050ns
    Total Input Jitter      (TIJ):    0.000ns
    Discrete Jitter          (DJ):    0.000ns
    Phase Error              (PE):    0.000ns

    Location             Delay type                Incr(ns)  Path(ns)    Netlist Resource(s)
  -------------------------------------------------------------------    -------------------
                         (clock ap_clk rise edge)     0.000     0.000 r  <hidden>
                                                      0.000     0.000 r  ap_clk
                         net (fo=3972, unset)         0.973     0.973    bd_0_i/hls_inst/inst/Gaussian_Filter_U0/regslice_both_Input_Stream_V_data_V_U/ap_clk
    SLICE_X16Y23         FDRE                                         r  bd_0_i/hls_inst/inst/Gaussian_Filter_U0/regslice_both_Input_Stream_V_data_V_U/ack_in_t_reg/C
  -------------------------------------------------------------------    -------------------
    SLICE_X16Y23         FDRE (Prop_fdre_C_Q)         0.518     1.491 r  bd_0_i/hls_inst/inst/Gaussian_Filter_U0/regslice_both_Input_Stream_V_data_V_U/ack_in_t_reg/Q
                         net (fo=4, unset)            0.973     2.464    Input_Stream_tready
                                                                      r  Input_Stream_tready
  -------------------------------------------------------------------    -------------------

Slack:                    inf
  Source:                 bd_0_i/hls_inst/inst/Hysteresis_Filter_U0/regslice_both_Output_Stream_V_data_V_U/data_p1_reg[2]/C
                            (rising edge-triggered cell FDRE clocked by ap_clk  {rise@0.000ns fall@5.000ns period=10.000ns})
  Destination:            Output_Stream_tdata[2]
                            (output port)
  Path Group:             (none)
  Path Type:              Max at Slow Process Corner
  Data Path Delay:        1.491ns  (logic 0.518ns (34.742%)  route 0.973ns (65.258%))
  Logic Levels:           0  
  Clock Uncertainty:      0.025ns  ((TSJ^2 + TIJ^2)^1/2 + DJ) / 2 + PE
    Total System Jitter     (TSJ):    0.050ns
    Total Input Jitter      (TIJ):    0.000ns
    Discrete Jitter          (DJ):    0.000ns
    Phase Error              (PE):    0.000ns

    Location             Delay type                Incr(ns)  Path(ns)    Netlist Resource(s)
  -------------------------------------------------------------------    -------------------
                         (clock ap_clk rise edge)     0.000     0.000 r  <hidden>
                                                      0.000     0.000 r  ap_clk
                         net (fo=3972, unset)         0.973     0.973    bd_0_i/hls_inst/inst/Hysteresis_Filter_U0/regslice_both_Output_Stream_V_data_V_U/ap_clk
    SLICE_X42Y17         FDRE                                         r  bd_0_i/hls_inst/inst/Hysteresis_Filter_U0/regslice_both_Output_Stream_V_data_V_U/data_p1_reg[2]/C
  -------------------------------------------------------------------    -------------------
    SLICE_X42Y17         FDRE (Prop_fdre_C_Q)         0.518     1.491 r  bd_0_i/hls_inst/inst/Hysteresis_Filter_U0/regslice_both_Output_Stream_V_data_V_U/data_p1_reg[2]/Q
                         net (fo=0)                   0.973     2.464    Output_Stream_tdata[2]
                                                                      r  Output_Stream_tdata[2]
  -------------------------------------------------------------------    -------------------

Slack:                    inf
  Source:                 bd_0_i/hls_inst/inst/Hysteresis_Filter_U0/regslice_both_Output_Stream_V_user_V_U/data_p1_reg[0]/C
                            (rising edge-triggered cell FDRE clocked by ap_clk  {rise@0.000ns fall@5.000ns period=10.000ns})
  Destination:            Output_Stream_tuser[0]
                            (output port)
  Path Group:             (none)
  Path Type:              Max at Slow Process Corner
  Data Path Delay:        1.491ns  (logic 0.518ns (34.742%)  route 0.973ns (65.258%))
  Logic Levels:           0  
  Clock Uncertainty:      0.025ns  ((TSJ^2 + TIJ^2)^1/2 + DJ) / 2 + PE
    Total System Jitter     (TSJ):    0.050ns
    Total Input Jitter      (TIJ):    0.000ns
    Discrete Jitter          (DJ):    0.000ns
    Phase Error              (PE):    0.000ns

    Location             Delay type                Incr(ns)  Path(ns)    Netlist Resource(s)
  -------------------------------------------------------------------    -------------------
                         (clock ap_clk rise edge)     0.000     0.000 r  <hidden>
                                                      0.000     0.000 r  ap_clk
                         net (fo=3972, unset)         0.973     0.973    bd_0_i/hls_inst/inst/Hysteresis_Filter_U0/regslice_both_Output_Stream_V_user_V_U/ap_clk
    SLICE_X30Y10         FDRE                                         r  bd_0_i/hls_inst/inst/Hysteresis_Filter_U0/regslice_both_Output_Stream_V_user_V_U/data_p1_reg[0]/C
  -------------------------------------------------------------------    -------------------
    SLICE_X30Y10         FDRE (Prop_fdre_C_Q)         0.518     1.491 r  bd_0_i/hls_inst/inst/Hysteresis_Filter_U0/regslice_both_Output_Stream_V_user_V_U/data_p1_reg[0]/Q
                         net (fo=1, unset)            0.973     2.464    Output_Stream_tuser[0]
                                                                      r  Output_Stream_tuser[0]
  -------------------------------------------------------------------    -------------------

Slack:                    inf
  Source:                 bd_0_i/hls_inst/inst/Hysteresis_Filter_U0/regslice_both_Output_Stream_V_data_V_U/state_reg[0]/C
                            (rising edge-triggered cell FDRE clocked by ap_clk  {rise@0.000ns fall@5.000ns period=10.000ns})
  Destination:            Output_Stream_tvalid
                            (output port)
  Path Group:             (none)
  Path Type:              Max at Slow Process Corner
  Data Path Delay:        1.491ns  (logic 0.518ns (34.742%)  route 0.973ns (65.258%))
  Logic Levels:           0  
  Clock Uncertainty:      0.025ns  ((TSJ^2 + TIJ^2)^1/2 + DJ) / 2 + PE
    Total System Jitter     (TSJ):    0.050ns
    Total Input Jitter      (TIJ):    0.000ns
    Discrete Jitter          (DJ):    0.000ns
    Phase Error              (PE):    0.000ns

    Location             Delay type                Incr(ns)  Path(ns)    Netlist Resource(s)
  -------------------------------------------------------------------    -------------------
                         (clock ap_clk rise edge)     0.000     0.000 r  <hidden>
                                                      0.000     0.000 r  ap_clk
                         net (fo=3972, unset)         0.973     0.973    bd_0_i/hls_inst/inst/Hysteresis_Filter_U0/regslice_both_Output_Stream_V_data_V_U/ap_clk
    SLICE_X38Y15         FDRE                                         r  bd_0_i/hls_inst/inst/Hysteresis_Filter_U0/regslice_both_Output_Stream_V_data_V_U/state_reg[0]/C
  -------------------------------------------------------------------    -------------------
    SLICE_X38Y15         FDRE (Prop_fdre_C_Q)         0.518     1.491 r  bd_0_i/hls_inst/inst/Hysteresis_Filter_U0/regslice_both_Output_Stream_V_data_V_U/state_reg[0]/Q
                         net (fo=2, unset)            0.973     2.464    Output_Stream_tvalid
                                                                      r  Output_Stream_tvalid
  -------------------------------------------------------------------    -------------------

Slack:                    inf
  Source:                 bd_0_i/hls_inst/inst/control_s_axi_U/rdata_reg[11]/C
                            (rising edge-triggered cell FDRE clocked by ap_clk  {rise@0.000ns fall@5.000ns period=10.000ns})
  Destination:            s_axi_control_rdata[11]
                            (output port)
  Path Group:             (none)
  Path Type:              Max at Slow Process Corner
  Data Path Delay:        1.491ns  (logic 0.518ns (34.742%)  route 0.973ns (65.258%))
  Logic Levels:           0  
  Clock Uncertainty:      0.025ns  ((TSJ^2 + TIJ^2)^1/2 + DJ) / 2 + PE
    Total System Jitter     (TSJ):    0.050ns
    Total Input Jitter      (TIJ):    0.000ns
    Discrete Jitter          (DJ):    0.000ns
    Phase Error              (PE):    0.000ns

    Location             Delay type                Incr(ns)  Path(ns)    Netlist Resource(s)
  -------------------------------------------------------------------    -------------------
                         (clock ap_clk rise edge)     0.000     0.000 r  <hidden>
                                                      0.000     0.000 r  ap_clk
                         net (fo=3972, unset)         0.973     0.973    bd_0_i/hls_inst/inst/control_s_axi_U/ap_clk
    SLICE_X12Y9          FDRE                                         r  bd_0_i/hls_inst/inst/control_s_axi_U/rdata_reg[11]/C
  -------------------------------------------------------------------    -------------------
    SLICE_X12Y9          FDRE (Prop_fdre_C_Q)         0.518     1.491 r  bd_0_i/hls_inst/inst/control_s_axi_U/rdata_reg[11]/Q
                         net (fo=0)                   0.973     2.464    s_axi_control_rdata[11]
                                                                      r  s_axi_control_rdata[11]
  -------------------------------------------------------------------    -------------------

Slack:                    inf
  Source:                 bd_0_i/hls_inst/inst/control_s_axi_U/rdata_reg[14]/C
                            (rising edge-triggered cell FDRE clocked by ap_clk  {rise@0.000ns fall@5.000ns period=10.000ns})
  Destination:            s_axi_control_rdata[14]
                            (output port)
  Path Group:             (none)
  Path Type:              Max at Slow Process Corner
  Data Path Delay:        1.491ns  (logic 0.518ns (34.742%)  route 0.973ns (65.258%))
  Logic Levels:           0  
  Clock Uncertainty:      0.025ns  ((TSJ^2 + TIJ^2)^1/2 + DJ) / 2 + PE
    Total System Jitter     (TSJ):    0.050ns
    Total Input Jitter      (TIJ):    0.000ns
    Discrete Jitter          (DJ):    0.000ns
    Phase Error              (PE):    0.000ns

    Location             Delay type                Incr(ns)  Path(ns)    Netlist Resource(s)
  -------------------------------------------------------------------    -------------------
                         (clock ap_clk rise edge)     0.000     0.000 r  <hidden>
                                                      0.000     0.000 r  ap_clk
                         net (fo=3972, unset)         0.973     0.973    bd_0_i/hls_inst/inst/control_s_axi_U/ap_clk
    SLICE_X12Y11         FDRE                                         r  bd_0_i/hls_inst/inst/control_s_axi_U/rdata_reg[14]/C
  -------------------------------------------------------------------    -------------------
    SLICE_X12Y11         FDRE (Prop_fdre_C_Q)         0.518     1.491 r  bd_0_i/hls_inst/inst/control_s_axi_U/rdata_reg[14]/Q
                         net (fo=0)                   0.973     2.464    s_axi_control_rdata[14]
                                                                      r  s_axi_control_rdata[14]
  -------------------------------------------------------------------    -------------------

Slack:                    inf
  Source:                 bd_0_i/hls_inst/inst/control_s_axi_U/rdata_reg[15]/C
                            (rising edge-triggered cell FDRE clocked by ap_clk  {rise@0.000ns fall@5.000ns period=10.000ns})
  Destination:            s_axi_control_rdata[15]
                            (output port)
  Path Group:             (none)
  Path Type:              Max at Slow Process Corner
  Data Path Delay:        1.491ns  (logic 0.518ns (34.742%)  route 0.973ns (65.258%))
  Logic Levels:           0  
  Clock Uncertainty:      0.025ns  ((TSJ^2 + TIJ^2)^1/2 + DJ) / 2 + PE
    Total System Jitter     (TSJ):    0.050ns
    Total Input Jitter      (TIJ):    0.000ns
    Discrete Jitter          (DJ):    0.000ns
    Phase Error              (PE):    0.000ns

    Location             Delay type                Incr(ns)  Path(ns)    Netlist Resource(s)
  -------------------------------------------------------------------    -------------------
                         (clock ap_clk rise edge)     0.000     0.000 r  <hidden>
                                                      0.000     0.000 r  ap_clk
                         net (fo=3972, unset)         0.973     0.973    bd_0_i/hls_inst/inst/control_s_axi_U/ap_clk
    SLICE_X10Y11         FDRE                                         r  bd_0_i/hls_inst/inst/control_s_axi_U/rdata_reg[15]/C
  -------------------------------------------------------------------    -------------------
    SLICE_X10Y11         FDRE (Prop_fdre_C_Q)         0.518     1.491 r  bd_0_i/hls_inst/inst/control_s_axi_U/rdata_reg[15]/Q
                         net (fo=0)                   0.973     2.464    s_axi_control_rdata[15]
                                                                      r  s_axi_control_rdata[15]
  -------------------------------------------------------------------    -------------------

Slack:                    inf
  Source:                 bd_0_i/hls_inst/inst/control_s_axi_U/rdata_reg[17]/C
                            (rising edge-triggered cell FDRE clocked by ap_clk  {rise@0.000ns fall@5.000ns period=10.000ns})
  Destination:            s_axi_control_rdata[17]
                            (output port)
  Path Group:             (none)
  Path Type:              Max at Slow Process Corner
  Data Path Delay:        1.491ns  (logic 0.518ns (34.742%)  route 0.973ns (65.258%))
  Logic Levels:           0  
  Clock Uncertainty:      0.025ns  ((TSJ^2 + TIJ^2)^1/2 + DJ) / 2 + PE
    Total System Jitter     (TSJ):    0.050ns
    Total Input Jitter      (TIJ):    0.000ns
    Discrete Jitter          (DJ):    0.000ns
    Phase Error              (PE):    0.000ns

    Location             Delay type                Incr(ns)  Path(ns)    Netlist Resource(s)
  -------------------------------------------------------------------    -------------------
                         (clock ap_clk rise edge)     0.000     0.000 r  <hidden>
                                                      0.000     0.000 r  ap_clk
                         net (fo=3972, unset)         0.973     0.973    bd_0_i/hls_inst/inst/control_s_axi_U/ap_clk
    SLICE_X8Y12          FDRE                                         r  bd_0_i/hls_inst/inst/control_s_axi_U/rdata_reg[17]/C
  -------------------------------------------------------------------    -------------------
    SLICE_X8Y12          FDRE (Prop_fdre_C_Q)         0.518     1.491 r  bd_0_i/hls_inst/inst/control_s_axi_U/rdata_reg[17]/Q
                         net (fo=0)                   0.973     2.464    s_axi_control_rdata[17]
                                                                      r  s_axi_control_rdata[17]
  -------------------------------------------------------------------    -------------------

Slack:                    inf
  Source:                 bd_0_i/hls_inst/inst/control_s_axi_U/rdata_reg[22]/C
                            (rising edge-triggered cell FDRE clocked by ap_clk  {rise@0.000ns fall@5.000ns period=10.000ns})
  Destination:            s_axi_control_rdata[22]
                            (output port)
  Path Group:             (none)
  Path Type:              Max at Slow Process Corner
  Data Path Delay:        1.491ns  (logic 0.518ns (34.742%)  route 0.973ns (65.258%))
  Logic Levels:           0  
  Clock Uncertainty:      0.025ns  ((TSJ^2 + TIJ^2)^1/2 + DJ) / 2 + PE
    Total System Jitter     (TSJ):    0.050ns
    Total Input Jitter      (TIJ):    0.000ns
    Discrete Jitter          (DJ):    0.000ns
    Phase Error              (PE):    0.000ns

    Location             Delay type                Incr(ns)  Path(ns)    Netlist Resource(s)
  -------------------------------------------------------------------    -------------------
                         (clock ap_clk rise edge)     0.000     0.000 r  <hidden>
                                                      0.000     0.000 r  ap_clk
                         net (fo=3972, unset)         0.973     0.973    bd_0_i/hls_inst/inst/control_s_axi_U/ap_clk
    SLICE_X8Y12          FDRE                                         r  bd_0_i/hls_inst/inst/control_s_axi_U/rdata_reg[22]/C
  -------------------------------------------------------------------    -------------------
    SLICE_X8Y12          FDRE (Prop_fdre_C_Q)         0.518     1.491 r  bd_0_i/hls_inst/inst/control_s_axi_U/rdata_reg[22]/Q
                         net (fo=0)                   0.973     2.464    s_axi_control_rdata[22]
                                                                      r  s_axi_control_rdata[22]
  -------------------------------------------------------------------    -------------------

Slack:                    inf
  Source:                 bd_0_i/hls_inst/inst/control_s_axi_U/rdata_reg[23]/C
                            (rising edge-triggered cell FDRE clocked by ap_clk  {rise@0.000ns fall@5.000ns period=10.000ns})
  Destination:            s_axi_control_rdata[23]
                            (output port)
  Path Group:             (none)
  Path Type:              Max at Slow Process Corner
  Data Path Delay:        1.491ns  (logic 0.518ns (34.742%)  route 0.973ns (65.258%))
  Logic Levels:           0  
  Clock Uncertainty:      0.025ns  ((TSJ^2 + TIJ^2)^1/2 + DJ) / 2 + PE
    Total System Jitter     (TSJ):    0.050ns
    Total Input Jitter      (TIJ):    0.000ns
    Discrete Jitter          (DJ):    0.000ns
    Phase Error              (PE):    0.000ns

    Location             Delay type                Incr(ns)  Path(ns)    Netlist Resource(s)
  -------------------------------------------------------------------    -------------------
                         (clock ap_clk rise edge)     0.000     0.000 r  <hidden>
                                                      0.000     0.000 r  ap_clk
                         net (fo=3972, unset)         0.973     0.973    bd_0_i/hls_inst/inst/control_s_axi_U/ap_clk
    SLICE_X8Y12          FDRE                                         r  bd_0_i/hls_inst/inst/control_s_axi_U/rdata_reg[23]/C
  -------------------------------------------------------------------    -------------------
    SLICE_X8Y12          FDRE (Prop_fdre_C_Q)         0.518     1.491 r  bd_0_i/hls_inst/inst/control_s_axi_U/rdata_reg[23]/Q
                         net (fo=0)                   0.973     2.464    s_axi_control_rdata[23]
                                                                      r  s_axi_control_rdata[23]
  -------------------------------------------------------------------    -------------------





Min Delay Paths
--------------------------------------------------------------------------------------
Slack:                    inf
  Source:                 bd_0_i/hls_inst/inst/control_s_axi_U/FSM_onehot_rstate_reg[2]/C
                            (rising edge-triggered cell FDRE clocked by ap_clk  {rise@0.000ns fall@5.000ns period=10.000ns})
  Destination:            s_axi_control_rvalid
                            (output port)
  Path Group:             (none)
  Path Type:              Min at Fast Process Corner
  Data Path Delay:        0.538ns  (logic 0.128ns (23.786%)  route 0.410ns (76.214%))
  Logic Levels:           0  
  Clock Uncertainty:      0.025ns  ((TSJ^2 + TIJ^2)^1/2 + DJ) / 2 + PE
    Total System Jitter     (TSJ):    0.050ns
    Total Input Jitter      (TIJ):    0.000ns
    Discrete Jitter          (DJ):    0.000ns
    Phase Error              (PE):    0.000ns

    Location             Delay type                Incr(ns)  Path(ns)    Netlist Resource(s)
  -------------------------------------------------------------------    -------------------
                         (clock ap_clk rise edge)     0.000     0.000 r  <hidden>
                                                      0.000     0.000 r  ap_clk
                         net (fo=3972, unset)         0.410     0.410    bd_0_i/hls_inst/inst/control_s_axi_U/ap_clk
    SLICE_X15Y9          FDRE                                         r  bd_0_i/hls_inst/inst/control_s_axi_U/FSM_onehot_rstate_reg[2]/C
  -------------------------------------------------------------------    -------------------
    SLICE_X15Y9          FDRE (Prop_fdre_C_Q)         0.128     0.538 r  bd_0_i/hls_inst/inst/control_s_axi_U/FSM_onehot_rstate_reg[2]/Q
                         net (fo=2, unset)            0.410     0.948    s_axi_control_rvalid
                                                                      r  s_axi_control_rvalid
  -------------------------------------------------------------------    -------------------

Slack:                    inf
  Source:                 bd_0_i/hls_inst/inst/Hysteresis_Filter_U0/regslice_both_Output_Stream_V_data_V_U/data_p1_reg[0]/C
                            (rising edge-triggered cell FDRE clocked by ap_clk  {rise@0.000ns fall@5.000ns period=10.000ns})
  Destination:            Output_Stream_tdata[0]
                            (output port)
  Path Group:             (none)
  Path Type:              Min at Fast Process Corner
  Data Path Delay:        0.551ns  (logic 0.141ns (25.583%)  route 0.410ns (74.417%))
  Logic Levels:           0  
  Clock Uncertainty:      0.025ns  ((TSJ^2 + TIJ^2)^1/2 + DJ) / 2 + PE
    Total System Jitter     (TSJ):    0.050ns
    Total Input Jitter      (TIJ):    0.000ns
    Discrete Jitter          (DJ):    0.000ns
    Phase Error              (PE):    0.000ns

    Location             Delay type                Incr(ns)  Path(ns)    Netlist Resource(s)
  -------------------------------------------------------------------    -------------------
                         (clock ap_clk rise edge)     0.000     0.000 r  <hidden>
                                                      0.000     0.000 r  ap_clk
                         net (fo=3972, unset)         0.410     0.410    bd_0_i/hls_inst/inst/Hysteresis_Filter_U0/regslice_both_Output_Stream_V_data_V_U/ap_clk
    SLICE_X41Y16         FDRE                                         r  bd_0_i/hls_inst/inst/Hysteresis_Filter_U0/regslice_both_Output_Stream_V_data_V_U/data_p1_reg[0]/C
  -------------------------------------------------------------------    -------------------
    SLICE_X41Y16         FDRE (Prop_fdre_C_Q)         0.141     0.551 r  bd_0_i/hls_inst/inst/Hysteresis_Filter_U0/regslice_both_Output_Stream_V_data_V_U/data_p1_reg[0]/Q
                         net (fo=0)                   0.410     0.961    Output_Stream_tdata[0]
                                                                      r  Output_Stream_tdata[0]
  -------------------------------------------------------------------    -------------------

Slack:                    inf
  Source:                 bd_0_i/hls_inst/inst/Hysteresis_Filter_U0/regslice_both_Output_Stream_V_data_V_U/data_p1_reg[1]/C
                            (rising edge-triggered cell FDRE clocked by ap_clk  {rise@0.000ns fall@5.000ns period=10.000ns})
  Destination:            Output_Stream_tdata[1]
                            (output port)
  Path Group:             (none)
  Path Type:              Min at Fast Process Corner
  Data Path Delay:        0.551ns  (logic 0.141ns (25.583%)  route 0.410ns (74.417%))
  Logic Levels:           0  
  Clock Uncertainty:      0.025ns  ((TSJ^2 + TIJ^2)^1/2 + DJ) / 2 + PE
    Total System Jitter     (TSJ):    0.050ns
    Total Input Jitter      (TIJ):    0.000ns
    Discrete Jitter          (DJ):    0.000ns
    Phase Error              (PE):    0.000ns

    Location             Delay type                Incr(ns)  Path(ns)    Netlist Resource(s)
  -------------------------------------------------------------------    -------------------
                         (clock ap_clk rise edge)     0.000     0.000 r  <hidden>
                                                      0.000     0.000 r  ap_clk
                         net (fo=3972, unset)         0.410     0.410    bd_0_i/hls_inst/inst/Hysteresis_Filter_U0/regslice_both_Output_Stream_V_data_V_U/ap_clk
    SLICE_X41Y17         FDRE                                         r  bd_0_i/hls_inst/inst/Hysteresis_Filter_U0/regslice_both_Output_Stream_V_data_V_U/data_p1_reg[1]/C
  -------------------------------------------------------------------    -------------------
    SLICE_X41Y17         FDRE (Prop_fdre_C_Q)         0.141     0.551 r  bd_0_i/hls_inst/inst/Hysteresis_Filter_U0/regslice_both_Output_Stream_V_data_V_U/data_p1_reg[1]/Q
                         net (fo=0)                   0.410     0.961    Output_Stream_tdata[1]
                                                                      r  Output_Stream_tdata[1]
  -------------------------------------------------------------------    -------------------

Slack:                    inf
  Source:                 bd_0_i/hls_inst/inst/Hysteresis_Filter_U0/regslice_both_Output_Stream_V_data_V_U/data_p1_reg[3]/C
                            (rising edge-triggered cell FDRE clocked by ap_clk  {rise@0.000ns fall@5.000ns period=10.000ns})
  Destination:            Output_Stream_tdata[3]
                            (output port)
  Path Group:             (none)
  Path Type:              Min at Fast Process Corner
  Data Path Delay:        0.551ns  (logic 0.141ns (25.583%)  route 0.410ns (74.417%))
  Logic Levels:           0  
  Clock Uncertainty:      0.025ns  ((TSJ^2 + TIJ^2)^1/2 + DJ) / 2 + PE
    Total System Jitter     (TSJ):    0.050ns
    Total Input Jitter      (TIJ):    0.000ns
    Discrete Jitter          (DJ):    0.000ns
    Phase Error              (PE):    0.000ns

    Location             Delay type                Incr(ns)  Path(ns)    Netlist Resource(s)
  -------------------------------------------------------------------    -------------------
                         (clock ap_clk rise edge)     0.000     0.000 r  <hidden>
                                                      0.000     0.000 r  ap_clk
                         net (fo=3972, unset)         0.410     0.410    bd_0_i/hls_inst/inst/Hysteresis_Filter_U0/regslice_both_Output_Stream_V_data_V_U/ap_clk
    SLICE_X41Y17         FDRE                                         r  bd_0_i/hls_inst/inst/Hysteresis_Filter_U0/regslice_both_Output_Stream_V_data_V_U/data_p1_reg[3]/C
  -------------------------------------------------------------------    -------------------
    SLICE_X41Y17         FDRE (Prop_fdre_C_Q)         0.141     0.551 r  bd_0_i/hls_inst/inst/Hysteresis_Filter_U0/regslice_both_Output_Stream_V_data_V_U/data_p1_reg[3]/Q
                         net (fo=0)                   0.410     0.961    Output_Stream_tdata[3]
                                                                      r  Output_Stream_tdata[3]
  -------------------------------------------------------------------    -------------------

Slack:                    inf
  Source:                 bd_0_i/hls_inst/inst/Hysteresis_Filter_U0/regslice_both_Output_Stream_V_data_V_U/data_p1_reg[4]/C
                            (rising edge-triggered cell FDRE clocked by ap_clk  {rise@0.000ns fall@5.000ns period=10.000ns})
  Destination:            Output_Stream_tdata[4]
                            (output port)
  Path Group:             (none)
  Path Type:              Min at Fast Process Corner
  Data Path Delay:        0.551ns  (logic 0.141ns (25.583%)  route 0.410ns (74.417%))
  Logic Levels:           0  
  Clock Uncertainty:      0.025ns  ((TSJ^2 + TIJ^2)^1/2 + DJ) / 2 + PE
    Total System Jitter     (TSJ):    0.050ns
    Total Input Jitter      (TIJ):    0.000ns
    Discrete Jitter          (DJ):    0.000ns
    Phase Error              (PE):    0.000ns

    Location             Delay type                Incr(ns)  Path(ns)    Netlist Resource(s)
  -------------------------------------------------------------------    -------------------
                         (clock ap_clk rise edge)     0.000     0.000 r  <hidden>
                                                      0.000     0.000 r  ap_clk
                         net (fo=3972, unset)         0.410     0.410    bd_0_i/hls_inst/inst/Hysteresis_Filter_U0/regslice_both_Output_Stream_V_data_V_U/ap_clk
    SLICE_X41Y17         FDRE                                         r  bd_0_i/hls_inst/inst/Hysteresis_Filter_U0/regslice_both_Output_Stream_V_data_V_U/data_p1_reg[4]/C
  -------------------------------------------------------------------    -------------------
    SLICE_X41Y17         FDRE (Prop_fdre_C_Q)         0.141     0.551 r  bd_0_i/hls_inst/inst/Hysteresis_Filter_U0/regslice_both_Output_Stream_V_data_V_U/data_p1_reg[4]/Q
                         net (fo=0)                   0.410     0.961    Output_Stream_tdata[4]
                                                                      r  Output_Stream_tdata[4]
  -------------------------------------------------------------------    -------------------

Slack:                    inf
  Source:                 bd_0_i/hls_inst/inst/Hysteresis_Filter_U0/regslice_both_Output_Stream_V_data_V_U/data_p1_reg[5]/C
                            (rising edge-triggered cell FDRE clocked by ap_clk  {rise@0.000ns fall@5.000ns period=10.000ns})
  Destination:            Output_Stream_tdata[5]
                            (output port)
  Path Group:             (none)
  Path Type:              Min at Fast Process Corner
  Data Path Delay:        0.551ns  (logic 0.141ns (25.583%)  route 0.410ns (74.417%))
  Logic Levels:           0  
  Clock Uncertainty:      0.025ns  ((TSJ^2 + TIJ^2)^1/2 + DJ) / 2 + PE
    Total System Jitter     (TSJ):    0.050ns
    Total Input Jitter      (TIJ):    0.000ns
    Discrete Jitter          (DJ):    0.000ns
    Phase Error              (PE):    0.000ns

    Location             Delay type                Incr(ns)  Path(ns)    Netlist Resource(s)
  -------------------------------------------------------------------    -------------------
                         (clock ap_clk rise edge)     0.000     0.000 r  <hidden>
                                                      0.000     0.000 r  ap_clk
                         net (fo=3972, unset)         0.410     0.410    bd_0_i/hls_inst/inst/Hysteresis_Filter_U0/regslice_both_Output_Stream_V_data_V_U/ap_clk
    SLICE_X41Y16         FDRE                                         r  bd_0_i/hls_inst/inst/Hysteresis_Filter_U0/regslice_both_Output_Stream_V_data_V_U/data_p1_reg[5]/C
  -------------------------------------------------------------------    -------------------
    SLICE_X41Y16         FDRE (Prop_fdre_C_Q)         0.141     0.551 r  bd_0_i/hls_inst/inst/Hysteresis_Filter_U0/regslice_both_Output_Stream_V_data_V_U/data_p1_reg[5]/Q
                         net (fo=0)                   0.410     0.961    Output_Stream_tdata[5]
                                                                      r  Output_Stream_tdata[5]
  -------------------------------------------------------------------    -------------------

Slack:                    inf
  Source:                 bd_0_i/hls_inst/inst/Hysteresis_Filter_U0/regslice_both_Output_Stream_V_data_V_U/data_p1_reg[6]/C
                            (rising edge-triggered cell FDRE clocked by ap_clk  {rise@0.000ns fall@5.000ns period=10.000ns})
  Destination:            Output_Stream_tdata[6]
                            (output port)
  Path Group:             (none)
  Path Type:              Min at Fast Process Corner
  Data Path Delay:        0.551ns  (logic 0.141ns (25.583%)  route 0.410ns (74.417%))
  Logic Levels:           0  
  Clock Uncertainty:      0.025ns  ((TSJ^2 + TIJ^2)^1/2 + DJ) / 2 + PE
    Total System Jitter     (TSJ):    0.050ns
    Total Input Jitter      (TIJ):    0.000ns
    Discrete Jitter          (DJ):    0.000ns
    Phase Error              (PE):    0.000ns

    Location             Delay type                Incr(ns)  Path(ns)    Netlist Resource(s)
  -------------------------------------------------------------------    -------------------
                         (clock ap_clk rise edge)     0.000     0.000 r  <hidden>
                                                      0.000     0.000 r  ap_clk
                         net (fo=3972, unset)         0.410     0.410    bd_0_i/hls_inst/inst/Hysteresis_Filter_U0/regslice_both_Output_Stream_V_data_V_U/ap_clk
    SLICE_X41Y16         FDRE                                         r  bd_0_i/hls_inst/inst/Hysteresis_Filter_U0/regslice_both_Output_Stream_V_data_V_U/data_p1_reg[6]/C
  -------------------------------------------------------------------    -------------------
    SLICE_X41Y16         FDRE (Prop_fdre_C_Q)         0.141     0.551 r  bd_0_i/hls_inst/inst/Hysteresis_Filter_U0/regslice_both_Output_Stream_V_data_V_U/data_p1_reg[6]/Q
                         net (fo=0)                   0.410     0.961    Output_Stream_tdata[6]
                                                                      r  Output_Stream_tdata[6]
  -------------------------------------------------------------------    -------------------

Slack:                    inf
  Source:                 bd_0_i/hls_inst/inst/Hysteresis_Filter_U0/regslice_both_Output_Stream_V_data_V_U/data_p1_reg[7]/C
                            (rising edge-triggered cell FDRE clocked by ap_clk  {rise@0.000ns fall@5.000ns period=10.000ns})
  Destination:            Output_Stream_tdata[7]
                            (output port)
  Path Group:             (none)
  Path Type:              Min at Fast Process Corner
  Data Path Delay:        0.551ns  (logic 0.141ns (25.583%)  route 0.410ns (74.417%))
  Logic Levels:           0  
  Clock Uncertainty:      0.025ns  ((TSJ^2 + TIJ^2)^1/2 + DJ) / 2 + PE
    Total System Jitter     (TSJ):    0.050ns
    Total Input Jitter      (TIJ):    0.000ns
    Discrete Jitter          (DJ):    0.000ns
    Phase Error              (PE):    0.000ns

    Location             Delay type                Incr(ns)  Path(ns)    Netlist Resource(s)
  -------------------------------------------------------------------    -------------------
                         (clock ap_clk rise edge)     0.000     0.000 r  <hidden>
                                                      0.000     0.000 r  ap_clk
                         net (fo=3972, unset)         0.410     0.410    bd_0_i/hls_inst/inst/Hysteresis_Filter_U0/regslice_both_Output_Stream_V_data_V_U/ap_clk
    SLICE_X41Y17         FDRE                                         r  bd_0_i/hls_inst/inst/Hysteresis_Filter_U0/regslice_both_Output_Stream_V_data_V_U/data_p1_reg[7]/C
  -------------------------------------------------------------------    -------------------
    SLICE_X41Y17         FDRE (Prop_fdre_C_Q)         0.141     0.551 r  bd_0_i/hls_inst/inst/Hysteresis_Filter_U0/regslice_both_Output_Stream_V_data_V_U/data_p1_reg[7]/Q
                         net (fo=0)                   0.410     0.961    Output_Stream_tdata[7]
                                                                      r  Output_Stream_tdata[7]
  -------------------------------------------------------------------    -------------------

Slack:                    inf
  Source:                 bd_0_i/hls_inst/inst/Hysteresis_Filter_U0/regslice_both_Output_Stream_V_keep_V_U/data_p1_reg[3]/C
                            (rising edge-triggered cell FDRE clocked by ap_clk  {rise@0.000ns fall@5.000ns period=10.000ns})
  Destination:            Output_Stream_tkeep[0]
                            (output port)
  Path Group:             (none)
  Path Type:              Min at Fast Process Corner
  Data Path Delay:        0.551ns  (logic 0.141ns (25.583%)  route 0.410ns (74.417%))
  Logic Levels:           0  
  Clock Uncertainty:      0.025ns  ((TSJ^2 + TIJ^2)^1/2 + DJ) / 2 + PE
    Total System Jitter     (TSJ):    0.050ns
    Total Input Jitter      (TIJ):    0.000ns
    Discrete Jitter          (DJ):    0.000ns
    Phase Error              (PE):    0.000ns

    Location             Delay type                Incr(ns)  Path(ns)    Netlist Resource(s)
  -------------------------------------------------------------------    -------------------
                         (clock ap_clk rise edge)     0.000     0.000 r  <hidden>
                                                      0.000     0.000 r  ap_clk
                         net (fo=3972, unset)         0.410     0.410    bd_0_i/hls_inst/inst/Hysteresis_Filter_U0/regslice_both_Output_Stream_V_keep_V_U/ap_clk
    SLICE_X40Y19         FDRE                                         r  bd_0_i/hls_inst/inst/Hysteresis_Filter_U0/regslice_both_Output_Stream_V_keep_V_U/data_p1_reg[3]/C
  -------------------------------------------------------------------    -------------------
    SLICE_X40Y19         FDRE (Prop_fdre_C_Q)         0.141     0.551 r  bd_0_i/hls_inst/inst/Hysteresis_Filter_U0/regslice_both_Output_Stream_V_keep_V_U/data_p1_reg[3]/Q
                         net (fo=0)                   0.410     0.961    Output_Stream_tkeep[0]
                                                                      r  Output_Stream_tkeep[0]
  -------------------------------------------------------------------    -------------------

Slack:                    inf
  Source:                 bd_0_i/hls_inst/inst/Hysteresis_Filter_U0/regslice_both_Output_Stream_V_keep_V_U/data_p1_reg[3]/C
                            (rising edge-triggered cell FDRE clocked by ap_clk  {rise@0.000ns fall@5.000ns period=10.000ns})
  Destination:            Output_Stream_tkeep[1]
                            (output port)
  Path Group:             (none)
  Path Type:              Min at Fast Process Corner
  Data Path Delay:        0.551ns  (logic 0.141ns (25.583%)  route 0.410ns (74.417%))
  Logic Levels:           0  
  Clock Uncertainty:      0.025ns  ((TSJ^2 + TIJ^2)^1/2 + DJ) / 2 + PE
    Total System Jitter     (TSJ):    0.050ns
    Total Input Jitter      (TIJ):    0.000ns
    Discrete Jitter          (DJ):    0.000ns
    Phase Error              (PE):    0.000ns

    Location             Delay type                Incr(ns)  Path(ns)    Netlist Resource(s)
  -------------------------------------------------------------------    -------------------
                         (clock ap_clk rise edge)     0.000     0.000 r  <hidden>
                                                      0.000     0.000 r  ap_clk
                         net (fo=3972, unset)         0.410     0.410    bd_0_i/hls_inst/inst/Hysteresis_Filter_U0/regslice_both_Output_Stream_V_keep_V_U/ap_clk
    SLICE_X40Y19         FDRE                                         r  bd_0_i/hls_inst/inst/Hysteresis_Filter_U0/regslice_both_Output_Stream_V_keep_V_U/data_p1_reg[3]/C
  -------------------------------------------------------------------    -------------------
    SLICE_X40Y19         FDRE (Prop_fdre_C_Q)         0.141     0.551 r  bd_0_i/hls_inst/inst/Hysteresis_Filter_U0/regslice_both_Output_Stream_V_keep_V_U/data_p1_reg[3]/Q
                         net (fo=0)                   0.410     0.961    Output_Stream_tkeep[1]
                                                                      r  Output_Stream_tkeep[1]
  -------------------------------------------------------------------    -------------------





--------------------------------------------------------------------------------------
Path Group:  (none)
From Clock:  
  To Clock:  ap_clk

Max Delay           977 Endpoints
Min Delay           977 Endpoints
--------------------------------------------------------------------------------------


Max Delay Paths
--------------------------------------------------------------------------------------
Slack:                    inf
  Source:                 ap_rst_n
                            (input port)
  Destination:            bd_0_i/hls_inst/inst/Low_Threshold_c_U/mOutPtr_reg[0]/R
                            (rising edge-triggered cell FDRE clocked by ap_clk  {rise@0.000ns fall@5.000ns period=10.000ns})
  Path Group:             (none)
  Path Type:              Setup (Max at Slow Process Corner)
  Data Path Delay:        5.892ns  (logic 0.124ns (2.105%)  route 5.768ns (97.895%))
  Logic Levels:           1  (LUT1=1)
  Clock Path Skew:        0.924ns (DCD - SCD + CPR)
    Destination Clock Delay (DCD):    0.924ns
    Source Clock Delay      (SCD):    0.000ns
    Clock Pessimism Removal (CPR):    0.000ns
  Clock Uncertainty:      0.025ns  ((TSJ^2 + TIJ^2)^1/2 + DJ) / 2 + PE
    Total System Jitter     (TSJ):    0.050ns
    Total Input Jitter      (TIJ):    0.000ns
    Discrete Jitter          (DJ):    0.000ns
    Phase Error              (PE):    0.000ns

    Location             Delay type                Incr(ns)  Path(ns)    Netlist Resource(s)
  -------------------------------------------------------------------    -------------------
                                                      0.000     0.000 f  ap_rst_n
                         net (fo=14, unset)           0.973     0.973    bd_0_i/hls_inst/inst/control_s_axi_U/ap_rst_n
    SLICE_X29Y26         LUT1 (Prop_lut1_I0_O)        0.124     1.097 r  bd_0_i/hls_inst/inst/control_s_axi_U/FSM_onehot_wstate[1]_i_1/O
                         net (fo=304, routed)         4.795     5.892    bd_0_i/hls_inst/inst/Low_Threshold_c_U/SR[0]
    SLICE_X5Y17          FDRE                                         r  bd_0_i/hls_inst/inst/Low_Threshold_c_U/mOutPtr_reg[0]/R
  -------------------------------------------------------------------    -------------------

                         (clock ap_clk rise edge)     0.000     0.000 r  <hidden>
                                                      0.000     0.000 r  ap_clk
                         net (fo=3972, unset)         0.924     0.924    bd_0_i/hls_inst/inst/Low_Threshold_c_U/ap_clk
    SLICE_X5Y17          FDRE                                         r  bd_0_i/hls_inst/inst/Low_Threshold_c_U/mOutPtr_reg[0]/C

Slack:                    inf
  Source:                 ap_rst_n
                            (input port)
  Destination:            bd_0_i/hls_inst/inst/Low_Threshold_c_U/addr_reg[1]/R
                            (rising edge-triggered cell FDRE clocked by ap_clk  {rise@0.000ns fall@5.000ns period=10.000ns})
  Path Group:             (none)
  Path Type:              Setup (Max at Slow Process Corner)
  Data Path Delay:        5.767ns  (logic 0.124ns (2.150%)  route 5.643ns (97.850%))
  Logic Levels:           1  (LUT1=1)
  Clock Path Skew:        0.924ns (DCD - SCD + CPR)
    Destination Clock Delay (DCD):    0.924ns
    Source Clock Delay      (SCD):    0.000ns
    Clock Pessimism Removal (CPR):    0.000ns
  Clock Uncertainty:      0.025ns  ((TSJ^2 + TIJ^2)^1/2 + DJ) / 2 + PE
    Total System Jitter     (TSJ):    0.050ns
    Total Input Jitter      (TIJ):    0.000ns
    Discrete Jitter          (DJ):    0.000ns
    Phase Error              (PE):    0.000ns

    Location             Delay type                Incr(ns)  Path(ns)    Netlist Resource(s)
  -------------------------------------------------------------------    -------------------
                                                      0.000     0.000 f  ap_rst_n
                         net (fo=14, unset)           0.973     0.973    bd_0_i/hls_inst/inst/control_s_axi_U/ap_rst_n
    SLICE_X29Y26         LUT1 (Prop_lut1_I0_O)        0.124     1.097 r  bd_0_i/hls_inst/inst/control_s_axi_U/FSM_onehot_wstate[1]_i_1/O
                         net (fo=304, routed)         4.670     5.767    bd_0_i/hls_inst/inst/Low_Threshold_c_U/SR[0]
    SLICE_X7Y17          FDRE                                         r  bd_0_i/hls_inst/inst/Low_Threshold_c_U/addr_reg[1]/R
  -------------------------------------------------------------------    -------------------

                         (clock ap_clk rise edge)     0.000     0.000 r  <hidden>
                                                      0.000     0.000 r  ap_clk
                         net (fo=3972, unset)         0.924     0.924    bd_0_i/hls_inst/inst/Low_Threshold_c_U/ap_clk
    SLICE_X7Y17          FDRE                                         r  bd_0_i/hls_inst/inst/Low_Threshold_c_U/addr_reg[1]/C

Slack:                    inf
  Source:                 ap_rst_n
                            (input port)
  Destination:            bd_0_i/hls_inst/inst/Low_Threshold_c_U/empty_n_reg/R
                            (rising edge-triggered cell FDRE clocked by ap_clk  {rise@0.000ns fall@5.000ns period=10.000ns})
  Path Group:             (none)
  Path Type:              Setup (Max at Slow Process Corner)
  Data Path Delay:        5.767ns  (logic 0.124ns (2.150%)  route 5.643ns (97.850%))
  Logic Levels:           1  (LUT1=1)
  Clock Path Skew:        0.924ns (DCD - SCD + CPR)
    Destination Clock Delay (DCD):    0.924ns
    Source Clock Delay      (SCD):    0.000ns
    Clock Pessimism Removal (CPR):    0.000ns
  Clock Uncertainty:      0.025ns  ((TSJ^2 + TIJ^2)^1/2 + DJ) / 2 + PE
    Total System Jitter     (TSJ):    0.050ns
    Total Input Jitter      (TIJ):    0.000ns
    Discrete Jitter          (DJ):    0.000ns
    Phase Error              (PE):    0.000ns

    Location             Delay type                Incr(ns)  Path(ns)    Netlist Resource(s)
  -------------------------------------------------------------------    -------------------
                                                      0.000     0.000 f  ap_rst_n
                         net (fo=14, unset)           0.973     0.973    bd_0_i/hls_inst/inst/control_s_axi_U/ap_rst_n
    SLICE_X29Y26         LUT1 (Prop_lut1_I0_O)        0.124     1.097 r  bd_0_i/hls_inst/inst/control_s_axi_U/FSM_onehot_wstate[1]_i_1/O
                         net (fo=304, routed)         4.670     5.767    bd_0_i/hls_inst/inst/Low_Threshold_c_U/SR[0]
    SLICE_X7Y17          FDRE                                         r  bd_0_i/hls_inst/inst/Low_Threshold_c_U/empty_n_reg/R
  -------------------------------------------------------------------    -------------------

                         (clock ap_clk rise edge)     0.000     0.000 r  <hidden>
                                                      0.000     0.000 r  ap_clk
                         net (fo=3972, unset)         0.924     0.924    bd_0_i/hls_inst/inst/Low_Threshold_c_U/ap_clk
    SLICE_X7Y17          FDRE                                         r  bd_0_i/hls_inst/inst/Low_Threshold_c_U/empty_n_reg/C

Slack:                    inf
  Source:                 ap_rst_n
                            (input port)
  Destination:            bd_0_i/hls_inst/inst/Low_Threshold_c_U/full_n_reg/S
                            (rising edge-triggered cell FDSE clocked by ap_clk  {rise@0.000ns fall@5.000ns period=10.000ns})
  Path Group:             (none)
  Path Type:              Setup (Max at Slow Process Corner)
  Data Path Delay:        5.767ns  (logic 0.124ns (2.150%)  route 5.643ns (97.850%))
  Logic Levels:           1  (LUT1=1)
  Clock Path Skew:        0.924ns (DCD - SCD + CPR)
    Destination Clock Delay (DCD):    0.924ns
    Source Clock Delay      (SCD):    0.000ns
    Clock Pessimism Removal (CPR):    0.000ns
  Clock Uncertainty:      0.025ns  ((TSJ^2 + TIJ^2)^1/2 + DJ) / 2 + PE
    Total System Jitter     (TSJ):    0.050ns
    Total Input Jitter      (TIJ):    0.000ns
    Discrete Jitter          (DJ):    0.000ns
    Phase Error              (PE):    0.000ns

    Location             Delay type                Incr(ns)  Path(ns)    Netlist Resource(s)
  -------------------------------------------------------------------    -------------------
                                                      0.000     0.000 f  ap_rst_n
                         net (fo=14, unset)           0.973     0.973    bd_0_i/hls_inst/inst/control_s_axi_U/ap_rst_n
    SLICE_X29Y26         LUT1 (Prop_lut1_I0_O)        0.124     1.097 r  bd_0_i/hls_inst/inst/control_s_axi_U/FSM_onehot_wstate[1]_i_1/O
                         net (fo=304, routed)         4.670     5.767    bd_0_i/hls_inst/inst/Low_Threshold_c_U/SR[0]
    SLICE_X7Y17          FDSE                                         r  bd_0_i/hls_inst/inst/Low_Threshold_c_U/full_n_reg/S
  -------------------------------------------------------------------    -------------------

                         (clock ap_clk rise edge)     0.000     0.000 r  <hidden>
                                                      0.000     0.000 r  ap_clk
                         net (fo=3972, unset)         0.924     0.924    bd_0_i/hls_inst/inst/Low_Threshold_c_U/ap_clk
    SLICE_X7Y17          FDSE                                         r  bd_0_i/hls_inst/inst/Low_Threshold_c_U/full_n_reg/C

Slack:                    inf
  Source:                 ap_rst_n
                            (input port)
  Destination:            bd_0_i/hls_inst/inst/Low_Threshold_c_U/mOutPtr_reg[1]/R
                            (rising edge-triggered cell FDRE clocked by ap_clk  {rise@0.000ns fall@5.000ns period=10.000ns})
  Path Group:             (none)
  Path Type:              Setup (Max at Slow Process Corner)
  Data Path Delay:        5.767ns  (logic 0.124ns (2.150%)  route 5.643ns (97.850%))
  Logic Levels:           1  (LUT1=1)
  Clock Path Skew:        0.924ns (DCD - SCD + CPR)
    Destination Clock Delay (DCD):    0.924ns
    Source Clock Delay      (SCD):    0.000ns
    Clock Pessimism Removal (CPR):    0.000ns
  Clock Uncertainty:      0.025ns  ((TSJ^2 + TIJ^2)^1/2 + DJ) / 2 + PE
    Total System Jitter     (TSJ):    0.050ns
    Total Input Jitter      (TIJ):    0.000ns
    Discrete Jitter          (DJ):    0.000ns
    Phase Error              (PE):    0.000ns

    Location             Delay type                Incr(ns)  Path(ns)    Netlist Resource(s)
  -------------------------------------------------------------------    -------------------
                                                      0.000     0.000 f  ap_rst_n
                         net (fo=14, unset)           0.973     0.973    bd_0_i/hls_inst/inst/control_s_axi_U/ap_rst_n
    SLICE_X29Y26         LUT1 (Prop_lut1_I0_O)        0.124     1.097 r  bd_0_i/hls_inst/inst/control_s_axi_U/FSM_onehot_wstate[1]_i_1/O
                         net (fo=304, routed)         4.670     5.767    bd_0_i/hls_inst/inst/Low_Threshold_c_U/SR[0]
    SLICE_X6Y17          FDRE                                         r  bd_0_i/hls_inst/inst/Low_Threshold_c_U/mOutPtr_reg[1]/R
  -------------------------------------------------------------------    -------------------

                         (clock ap_clk rise edge)     0.000     0.000 r  <hidden>
                                                      0.000     0.000 r  ap_clk
                         net (fo=3972, unset)         0.924     0.924    bd_0_i/hls_inst/inst/Low_Threshold_c_U/ap_clk
    SLICE_X6Y17          FDRE                                         r  bd_0_i/hls_inst/inst/Low_Threshold_c_U/mOutPtr_reg[1]/C

Slack:                    inf
  Source:                 ap_rst_n
                            (input port)
  Destination:            bd_0_i/hls_inst/inst/Low_Threshold_c_U/mOutPtr_reg[2]/R
                            (rising edge-triggered cell FDRE clocked by ap_clk  {rise@0.000ns fall@5.000ns period=10.000ns})
  Path Group:             (none)
  Path Type:              Setup (Max at Slow Process Corner)
  Data Path Delay:        5.767ns  (logic 0.124ns (2.150%)  route 5.643ns (97.850%))
  Logic Levels:           1  (LUT1=1)
  Clock Path Skew:        0.924ns (DCD - SCD + CPR)
    Destination Clock Delay (DCD):    0.924ns
    Source Clock Delay      (SCD):    0.000ns
    Clock Pessimism Removal (CPR):    0.000ns
  Clock Uncertainty:      0.025ns  ((TSJ^2 + TIJ^2)^1/2 + DJ) / 2 + PE
    Total System Jitter     (TSJ):    0.050ns
    Total Input Jitter      (TIJ):    0.000ns
    Discrete Jitter          (DJ):    0.000ns
    Phase Error              (PE):    0.000ns

    Location             Delay type                Incr(ns)  Path(ns)    Netlist Resource(s)
  -------------------------------------------------------------------    -------------------
                                                      0.000     0.000 f  ap_rst_n
                         net (fo=14, unset)           0.973     0.973    bd_0_i/hls_inst/inst/control_s_axi_U/ap_rst_n
    SLICE_X29Y26         LUT1 (Prop_lut1_I0_O)        0.124     1.097 r  bd_0_i/hls_inst/inst/control_s_axi_U/FSM_onehot_wstate[1]_i_1/O
                         net (fo=304, routed)         4.670     5.767    bd_0_i/hls_inst/inst/Low_Threshold_c_U/SR[0]
    SLICE_X6Y17          FDRE                                         r  bd_0_i/hls_inst/inst/Low_Threshold_c_U/mOutPtr_reg[2]/R
  -------------------------------------------------------------------    -------------------

                         (clock ap_clk rise edge)     0.000     0.000 r  <hidden>
                                                      0.000     0.000 r  ap_clk
                         net (fo=3972, unset)         0.924     0.924    bd_0_i/hls_inst/inst/Low_Threshold_c_U/ap_clk
    SLICE_X6Y17          FDRE                                         r  bd_0_i/hls_inst/inst/Low_Threshold_c_U/mOutPtr_reg[2]/C

Slack:                    inf
  Source:                 ap_rst_n
                            (input port)
  Destination:            bd_0_i/hls_inst/inst/Low_Threshold_c_U/mOutPtr_reg[3]/R
                            (rising edge-triggered cell FDRE clocked by ap_clk  {rise@0.000ns fall@5.000ns period=10.000ns})
  Path Group:             (none)
  Path Type:              Setup (Max at Slow Process Corner)
  Data Path Delay:        5.767ns  (logic 0.124ns (2.150%)  route 5.643ns (97.850%))
  Logic Levels:           1  (LUT1=1)
  Clock Path Skew:        0.924ns (DCD - SCD + CPR)
    Destination Clock Delay (DCD):    0.924ns
    Source Clock Delay      (SCD):    0.000ns
    Clock Pessimism Removal (CPR):    0.000ns
  Clock Uncertainty:      0.025ns  ((TSJ^2 + TIJ^2)^1/2 + DJ) / 2 + PE
    Total System Jitter     (TSJ):    0.050ns
    Total Input Jitter      (TIJ):    0.000ns
    Discrete Jitter          (DJ):    0.000ns
    Phase Error              (PE):    0.000ns

    Location             Delay type                Incr(ns)  Path(ns)    Netlist Resource(s)
  -------------------------------------------------------------------    -------------------
                                                      0.000     0.000 f  ap_rst_n
                         net (fo=14, unset)           0.973     0.973    bd_0_i/hls_inst/inst/control_s_axi_U/ap_rst_n
    SLICE_X29Y26         LUT1 (Prop_lut1_I0_O)        0.124     1.097 r  bd_0_i/hls_inst/inst/control_s_axi_U/FSM_onehot_wstate[1]_i_1/O
                         net (fo=304, routed)         4.670     5.767    bd_0_i/hls_inst/inst/Low_Threshold_c_U/SR[0]
    SLICE_X6Y17          FDRE                                         r  bd_0_i/hls_inst/inst/Low_Threshold_c_U/mOutPtr_reg[3]/R
  -------------------------------------------------------------------    -------------------

                         (clock ap_clk rise edge)     0.000     0.000 r  <hidden>
                                                      0.000     0.000 r  ap_clk
                         net (fo=3972, unset)         0.924     0.924    bd_0_i/hls_inst/inst/Low_Threshold_c_U/ap_clk
    SLICE_X6Y17          FDRE                                         r  bd_0_i/hls_inst/inst/Low_Threshold_c_U/mOutPtr_reg[3]/C

Slack:                    inf
  Source:                 ap_rst_n
                            (input port)
  Destination:            bd_0_i/hls_inst/inst/Low_Threshold_c_U/addr_reg[0]/R
                            (rising edge-triggered cell FDRE clocked by ap_clk  {rise@0.000ns fall@5.000ns period=10.000ns})
  Path Group:             (none)
  Path Type:              Setup (Max at Slow Process Corner)
  Data Path Delay:        5.614ns  (logic 0.124ns (2.209%)  route 5.490ns (97.791%))
  Logic Levels:           1  (LUT1=1)
  Clock Path Skew:        0.924ns (DCD - SCD + CPR)
    Destination Clock Delay (DCD):    0.924ns
    Source Clock Delay      (SCD):    0.000ns
    Clock Pessimism Removal (CPR):    0.000ns
  Clock Uncertainty:      0.025ns  ((TSJ^2 + TIJ^2)^1/2 + DJ) / 2 + PE
    Total System Jitter     (TSJ):    0.050ns
    Total Input Jitter      (TIJ):    0.000ns
    Discrete Jitter          (DJ):    0.000ns
    Phase Error              (PE):    0.000ns

    Location             Delay type                Incr(ns)  Path(ns)    Netlist Resource(s)
  -------------------------------------------------------------------    -------------------
                                                      0.000     0.000 f  ap_rst_n
                         net (fo=14, unset)           0.973     0.973    bd_0_i/hls_inst/inst/control_s_axi_U/ap_rst_n
    SLICE_X29Y26         LUT1 (Prop_lut1_I0_O)        0.124     1.097 r  bd_0_i/hls_inst/inst/control_s_axi_U/FSM_onehot_wstate[1]_i_1/O
                         net (fo=304, routed)         4.517     5.614    bd_0_i/hls_inst/inst/Low_Threshold_c_U/SR[0]
    SLICE_X8Y17          FDRE                                         r  bd_0_i/hls_inst/inst/Low_Threshold_c_U/addr_reg[0]/R
  -------------------------------------------------------------------    -------------------

                         (clock ap_clk rise edge)     0.000     0.000 r  <hidden>
                                                      0.000     0.000 r  ap_clk
                         net (fo=3972, unset)         0.924     0.924    bd_0_i/hls_inst/inst/Low_Threshold_c_U/ap_clk
    SLICE_X8Y17          FDRE                                         r  bd_0_i/hls_inst/inst/Low_Threshold_c_U/addr_reg[0]/C

Slack:                    inf
  Source:                 ap_rst_n
                            (input port)
  Destination:            bd_0_i/hls_inst/inst/Low_Threshold_c_U/addr_reg[2]/R
                            (rising edge-triggered cell FDRE clocked by ap_clk  {rise@0.000ns fall@5.000ns period=10.000ns})
  Path Group:             (none)
  Path Type:              Setup (Max at Slow Process Corner)
  Data Path Delay:        5.614ns  (logic 0.124ns (2.209%)  route 5.490ns (97.791%))
  Logic Levels:           1  (LUT1=1)
  Clock Path Skew:        0.924ns (DCD - SCD + CPR)
    Destination Clock Delay (DCD):    0.924ns
    Source Clock Delay      (SCD):    0.000ns
    Clock Pessimism Removal (CPR):    0.000ns
  Clock Uncertainty:      0.025ns  ((TSJ^2 + TIJ^2)^1/2 + DJ) / 2 + PE
    Total System Jitter     (TSJ):    0.050ns
    Total Input Jitter      (TIJ):    0.000ns
    Discrete Jitter          (DJ):    0.000ns
    Phase Error              (PE):    0.000ns

    Location             Delay type                Incr(ns)  Path(ns)    Netlist Resource(s)
  -------------------------------------------------------------------    -------------------
                                                      0.000     0.000 f  ap_rst_n
                         net (fo=14, unset)           0.973     0.973    bd_0_i/hls_inst/inst/control_s_axi_U/ap_rst_n
    SLICE_X29Y26         LUT1 (Prop_lut1_I0_O)        0.124     1.097 r  bd_0_i/hls_inst/inst/control_s_axi_U/FSM_onehot_wstate[1]_i_1/O
                         net (fo=304, routed)         4.517     5.614    bd_0_i/hls_inst/inst/Low_Threshold_c_U/SR[0]
    SLICE_X8Y17          FDRE                                         r  bd_0_i/hls_inst/inst/Low_Threshold_c_U/addr_reg[2]/R
  -------------------------------------------------------------------    -------------------

                         (clock ap_clk rise edge)     0.000     0.000 r  <hidden>
                                                      0.000     0.000 r  ap_clk
                         net (fo=3972, unset)         0.924     0.924    bd_0_i/hls_inst/inst/Low_Threshold_c_U/ap_clk
    SLICE_X8Y17          FDRE                                         r  bd_0_i/hls_inst/inst/Low_Threshold_c_U/addr_reg[2]/C

Slack:                    inf
  Source:                 ap_rst_n
                            (input port)
  Destination:            bd_0_i/hls_inst/inst/control_s_axi_U/int_Low_Threshold_reg[16]/R
                            (rising edge-triggered cell FDRE clocked by ap_clk  {rise@0.000ns fall@5.000ns period=10.000ns})
  Path Group:             (none)
  Path Type:              Setup (Max at Slow Process Corner)
  Data Path Delay:        5.462ns  (logic 0.124ns (2.270%)  route 5.338ns (97.730%))
  Logic Levels:           1  (LUT1=1)
  Clock Path Skew:        0.924ns (DCD - SCD + CPR)
    Destination Clock Delay (DCD):    0.924ns
    Source Clock Delay      (SCD):    0.000ns
    Clock Pessimism Removal (CPR):    0.000ns
  Clock Uncertainty:      0.025ns  ((TSJ^2 + TIJ^2)^1/2 + DJ) / 2 + PE
    Total System Jitter     (TSJ):    0.050ns
    Total Input Jitter      (TIJ):    0.000ns
    Discrete Jitter          (DJ):    0.000ns
    Phase Error              (PE):    0.000ns

    Location             Delay type                Incr(ns)  Path(ns)    Netlist Resource(s)
  -------------------------------------------------------------------    -------------------
                                                      0.000     0.000 f  ap_rst_n
                         net (fo=14, unset)           0.973     0.973    bd_0_i/hls_inst/inst/control_s_axi_U/ap_rst_n
    SLICE_X29Y26         LUT1 (Prop_lut1_I0_O)        0.124     1.097 r  bd_0_i/hls_inst/inst/control_s_axi_U/FSM_onehot_wstate[1]_i_1/O
                         net (fo=304, routed)         4.365     5.462    bd_0_i/hls_inst/inst/control_s_axi_U/SR[0]
    SLICE_X5Y9           FDRE                                         r  bd_0_i/hls_inst/inst/control_s_axi_U/int_Low_Threshold_reg[16]/R
  -------------------------------------------------------------------    -------------------

                         (clock ap_clk rise edge)     0.000     0.000 r  <hidden>
                                                      0.000     0.000 r  ap_clk
                         net (fo=3972, unset)         0.924     0.924    bd_0_i/hls_inst/inst/control_s_axi_U/ap_clk
    SLICE_X5Y9           FDRE                                         r  bd_0_i/hls_inst/inst/control_s_axi_U/int_Low_Threshold_reg[16]/C





Min Delay Paths
--------------------------------------------------------------------------------------
Slack:                    inf
  Source:                 bd_0_i/hls_inst/inst/Gaussian_Filter_U0/mul_31ns_31ns_62_2_1_U16/tmp_product__0/ACOUT[0]
                            (internal pin)
  Destination:            bd_0_i/hls_inst/inst/Gaussian_Filter_U0/mul_31ns_31ns_62_2_1_U16/buff0_reg__0/ACIN[0]
                            (rising edge-triggered cell DSP48E1 clocked by ap_clk  {rise@0.000ns fall@5.000ns period=10.000ns})
  Path Group:             (none)
  Path Type:              Hold (Min at Slow Process Corner)
  Data Path Delay:        0.002ns  (logic 0.000ns (0.000%)  route 0.002ns (100.000%))
  Logic Levels:           0  
  Clock Uncertainty:      0.025ns  ((TSJ^2 + TIJ^2)^1/2 + DJ) / 2 + PE
    Total System Jitter     (TSJ):    0.050ns
    Total Input Jitter      (TIJ):    0.000ns
    Discrete Jitter          (DJ):    0.000ns
    Phase Error              (PE):    0.000ns

    Location             Delay type                Incr(ns)  Path(ns)    Netlist Resource(s)
  -------------------------------------------------------------------    -------------------
    DSP48_X0Y8           DSP48E1                      0.000     0.000 r  bd_0_i/hls_inst/inst/Gaussian_Filter_U0/mul_31ns_31ns_62_2_1_U16/tmp_product__0/ACOUT[0]
                         net (fo=1, routed)           0.002     0.002    bd_0_i/hls_inst/inst/Gaussian_Filter_U0/mul_31ns_31ns_62_2_1_U16/tmp_product__0_n_53
    DSP48_X0Y9           DSP48E1                                      r  bd_0_i/hls_inst/inst/Gaussian_Filter_U0/mul_31ns_31ns_62_2_1_U16/buff0_reg__0/ACIN[0]
  -------------------------------------------------------------------    -------------------

                         (clock ap_clk rise edge)     0.000     0.000 r  <hidden>
                                                      0.000     0.000 r  ap_clk
                         net (fo=3972, unset)         0.973     0.973    bd_0_i/hls_inst/inst/Gaussian_Filter_U0/mul_31ns_31ns_62_2_1_U16/ap_clk
    DSP48_X0Y9           DSP48E1                                      r  bd_0_i/hls_inst/inst/Gaussian_Filter_U0/mul_31ns_31ns_62_2_1_U16/buff0_reg__0/CLK

Slack:                    inf
  Source:                 bd_0_i/hls_inst/inst/Gaussian_Filter_U0/mul_31ns_31ns_62_2_1_U16/tmp_product__0/ACOUT[10]
                            (internal pin)
  Destination:            bd_0_i/hls_inst/inst/Gaussian_Filter_U0/mul_31ns_31ns_62_2_1_U16/buff0_reg__0/ACIN[10]
                            (rising edge-triggered cell DSP48E1 clocked by ap_clk  {rise@0.000ns fall@5.000ns period=10.000ns})
  Path Group:             (none)
  Path Type:              Hold (Min at Slow Process Corner)
  Data Path Delay:        0.002ns  (logic 0.000ns (0.000%)  route 0.002ns (100.000%))
  Logic Levels:           0  
  Clock Uncertainty:      0.025ns  ((TSJ^2 + TIJ^2)^1/2 + DJ) / 2 + PE
    Total System Jitter     (TSJ):    0.050ns
    Total Input Jitter      (TIJ):    0.000ns
    Discrete Jitter          (DJ):    0.000ns
    Phase Error              (PE):    0.000ns

    Location             Delay type                Incr(ns)  Path(ns)    Netlist Resource(s)
  -------------------------------------------------------------------    -------------------
    DSP48_X0Y8           DSP48E1                      0.000     0.000 r  bd_0_i/hls_inst/inst/Gaussian_Filter_U0/mul_31ns_31ns_62_2_1_U16/tmp_product__0/ACOUT[10]
                         net (fo=1, routed)           0.002     0.002    bd_0_i/hls_inst/inst/Gaussian_Filter_U0/mul_31ns_31ns_62_2_1_U16/tmp_product__0_n_43
    DSP48_X0Y9           DSP48E1                                      r  bd_0_i/hls_inst/inst/Gaussian_Filter_U0/mul_31ns_31ns_62_2_1_U16/buff0_reg__0/ACIN[10]
  -------------------------------------------------------------------    -------------------

                         (clock ap_clk rise edge)     0.000     0.000 r  <hidden>
                                                      0.000     0.000 r  ap_clk
                         net (fo=3972, unset)         0.973     0.973    bd_0_i/hls_inst/inst/Gaussian_Filter_U0/mul_31ns_31ns_62_2_1_U16/ap_clk
    DSP48_X0Y9           DSP48E1                                      r  bd_0_i/hls_inst/inst/Gaussian_Filter_U0/mul_31ns_31ns_62_2_1_U16/buff0_reg__0/CLK

Slack:                    inf
  Source:                 bd_0_i/hls_inst/inst/Gaussian_Filter_U0/mul_31ns_31ns_62_2_1_U16/tmp_product__0/ACOUT[11]
                            (internal pin)
  Destination:            bd_0_i/hls_inst/inst/Gaussian_Filter_U0/mul_31ns_31ns_62_2_1_U16/buff0_reg__0/ACIN[11]
                            (rising edge-triggered cell DSP48E1 clocked by ap_clk  {rise@0.000ns fall@5.000ns period=10.000ns})
  Path Group:             (none)
  Path Type:              Hold (Min at Slow Process Corner)
  Data Path Delay:        0.002ns  (logic 0.000ns (0.000%)  route 0.002ns (100.000%))
  Logic Levels:           0  
  Clock Uncertainty:      0.025ns  ((TSJ^2 + TIJ^2)^1/2 + DJ) / 2 + PE
    Total System Jitter     (TSJ):    0.050ns
    Total Input Jitter      (TIJ):    0.000ns
    Discrete Jitter          (DJ):    0.000ns
    Phase Error              (PE):    0.000ns

    Location             Delay type                Incr(ns)  Path(ns)    Netlist Resource(s)
  -------------------------------------------------------------------    -------------------
    DSP48_X0Y8           DSP48E1                      0.000     0.000 r  bd_0_i/hls_inst/inst/Gaussian_Filter_U0/mul_31ns_31ns_62_2_1_U16/tmp_product__0/ACOUT[11]
                         net (fo=1, routed)           0.002     0.002    bd_0_i/hls_inst/inst/Gaussian_Filter_U0/mul_31ns_31ns_62_2_1_U16/tmp_product__0_n_42
    DSP48_X0Y9           DSP48E1                                      r  bd_0_i/hls_inst/inst/Gaussian_Filter_U0/mul_31ns_31ns_62_2_1_U16/buff0_reg__0/ACIN[11]
  -------------------------------------------------------------------    -------------------

                         (clock ap_clk rise edge)     0.000     0.000 r  <hidden>
                                                      0.000     0.000 r  ap_clk
                         net (fo=3972, unset)         0.973     0.973    bd_0_i/hls_inst/inst/Gaussian_Filter_U0/mul_31ns_31ns_62_2_1_U16/ap_clk
    DSP48_X0Y9           DSP48E1                                      r  bd_0_i/hls_inst/inst/Gaussian_Filter_U0/mul_31ns_31ns_62_2_1_U16/buff0_reg__0/CLK

Slack:                    inf
  Source:                 bd_0_i/hls_inst/inst/Gaussian_Filter_U0/mul_31ns_31ns_62_2_1_U16/tmp_product__0/ACOUT[12]
                            (internal pin)
  Destination:            bd_0_i/hls_inst/inst/Gaussian_Filter_U0/mul_31ns_31ns_62_2_1_U16/buff0_reg__0/ACIN[12]
                            (rising edge-triggered cell DSP48E1 clocked by ap_clk  {rise@0.000ns fall@5.000ns period=10.000ns})
  Path Group:             (none)
  Path Type:              Hold (Min at Slow Process Corner)
  Data Path Delay:        0.002ns  (logic 0.000ns (0.000%)  route 0.002ns (100.000%))
  Logic Levels:           0  
  Clock Uncertainty:      0.025ns  ((TSJ^2 + TIJ^2)^1/2 + DJ) / 2 + PE
    Total System Jitter     (TSJ):    0.050ns
    Total Input Jitter      (TIJ):    0.000ns
    Discrete Jitter          (DJ):    0.000ns
    Phase Error              (PE):    0.000ns

    Location             Delay type                Incr(ns)  Path(ns)    Netlist Resource(s)
  -------------------------------------------------------------------    -------------------
    DSP48_X0Y8           DSP48E1                      0.000     0.000 r  bd_0_i/hls_inst/inst/Gaussian_Filter_U0/mul_31ns_31ns_62_2_1_U16/tmp_product__0/ACOUT[12]
                         net (fo=1, routed)           0.002     0.002    bd_0_i/hls_inst/inst/Gaussian_Filter_U0/mul_31ns_31ns_62_2_1_U16/tmp_product__0_n_41
    DSP48_X0Y9           DSP48E1                                      r  bd_0_i/hls_inst/inst/Gaussian_Filter_U0/mul_31ns_31ns_62_2_1_U16/buff0_reg__0/ACIN[12]
  -------------------------------------------------------------------    -------------------

                         (clock ap_clk rise edge)     0.000     0.000 r  <hidden>
                                                      0.000     0.000 r  ap_clk
                         net (fo=3972, unset)         0.973     0.973    bd_0_i/hls_inst/inst/Gaussian_Filter_U0/mul_31ns_31ns_62_2_1_U16/ap_clk
    DSP48_X0Y9           DSP48E1                                      r  bd_0_i/hls_inst/inst/Gaussian_Filter_U0/mul_31ns_31ns_62_2_1_U16/buff0_reg__0/CLK

Slack:                    inf
  Source:                 bd_0_i/hls_inst/inst/Gaussian_Filter_U0/mul_31ns_31ns_62_2_1_U16/tmp_product__0/ACOUT[13]
                            (internal pin)
  Destination:            bd_0_i/hls_inst/inst/Gaussian_Filter_U0/mul_31ns_31ns_62_2_1_U16/buff0_reg__0/ACIN[13]
                            (rising edge-triggered cell DSP48E1 clocked by ap_clk  {rise@0.000ns fall@5.000ns period=10.000ns})
  Path Group:             (none)
  Path Type:              Hold (Min at Slow Process Corner)
  Data Path Delay:        0.002ns  (logic 0.000ns (0.000%)  route 0.002ns (100.000%))
  Logic Levels:           0  
  Clock Uncertainty:      0.025ns  ((TSJ^2 + TIJ^2)^1/2 + DJ) / 2 + PE
    Total System Jitter     (TSJ):    0.050ns
    Total Input Jitter      (TIJ):    0.000ns
    Discrete Jitter          (DJ):    0.000ns
    Phase Error              (PE):    0.000ns

    Location             Delay type                Incr(ns)  Path(ns)    Netlist Resource(s)
  -------------------------------------------------------------------    -------------------
    DSP48_X0Y8           DSP48E1                      0.000     0.000 r  bd_0_i/hls_inst/inst/Gaussian_Filter_U0/mul_31ns_31ns_62_2_1_U16/tmp_product__0/ACOUT[13]
                         net (fo=1, routed)           0.002     0.002    bd_0_i/hls_inst/inst/Gaussian_Filter_U0/mul_31ns_31ns_62_2_1_U16/tmp_product__0_n_40
    DSP48_X0Y9           DSP48E1                                      r  bd_0_i/hls_inst/inst/Gaussian_Filter_U0/mul_31ns_31ns_62_2_1_U16/buff0_reg__0/ACIN[13]
  -------------------------------------------------------------------    -------------------

                         (clock ap_clk rise edge)     0.000     0.000 r  <hidden>
                                                      0.000     0.000 r  ap_clk
                         net (fo=3972, unset)         0.973     0.973    bd_0_i/hls_inst/inst/Gaussian_Filter_U0/mul_31ns_31ns_62_2_1_U16/ap_clk
    DSP48_X0Y9           DSP48E1                                      r  bd_0_i/hls_inst/inst/Gaussian_Filter_U0/mul_31ns_31ns_62_2_1_U16/buff0_reg__0/CLK

Slack:                    inf
  Source:                 bd_0_i/hls_inst/inst/Gaussian_Filter_U0/mul_31ns_31ns_62_2_1_U16/tmp_product__0/ACOUT[14]
                            (internal pin)
  Destination:            bd_0_i/hls_inst/inst/Gaussian_Filter_U0/mul_31ns_31ns_62_2_1_U16/buff0_reg__0/ACIN[14]
                            (rising edge-triggered cell DSP48E1 clocked by ap_clk  {rise@0.000ns fall@5.000ns period=10.000ns})
  Path Group:             (none)
  Path Type:              Hold (Min at Slow Process Corner)
  Data Path Delay:        0.002ns  (logic 0.000ns (0.000%)  route 0.002ns (100.000%))
  Logic Levels:           0  
  Clock Uncertainty:      0.025ns  ((TSJ^2 + TIJ^2)^1/2 + DJ) / 2 + PE
    Total System Jitter     (TSJ):    0.050ns
    Total Input Jitter      (TIJ):    0.000ns
    Discrete Jitter          (DJ):    0.000ns
    Phase Error              (PE):    0.000ns

    Location             Delay type                Incr(ns)  Path(ns)    Netlist Resource(s)
  -------------------------------------------------------------------    -------------------
    DSP48_X0Y8           DSP48E1                      0.000     0.000 r  bd_0_i/hls_inst/inst/Gaussian_Filter_U0/mul_31ns_31ns_62_2_1_U16/tmp_product__0/ACOUT[14]
                         net (fo=1, routed)           0.002     0.002    bd_0_i/hls_inst/inst/Gaussian_Filter_U0/mul_31ns_31ns_62_2_1_U16/tmp_product__0_n_39
    DSP48_X0Y9           DSP48E1                                      r  bd_0_i/hls_inst/inst/Gaussian_Filter_U0/mul_31ns_31ns_62_2_1_U16/buff0_reg__0/ACIN[14]
  -------------------------------------------------------------------    -------------------

                         (clock ap_clk rise edge)     0.000     0.000 r  <hidden>
                                                      0.000     0.000 r  ap_clk
                         net (fo=3972, unset)         0.973     0.973    bd_0_i/hls_inst/inst/Gaussian_Filter_U0/mul_31ns_31ns_62_2_1_U16/ap_clk
    DSP48_X0Y9           DSP48E1                                      r  bd_0_i/hls_inst/inst/Gaussian_Filter_U0/mul_31ns_31ns_62_2_1_U16/buff0_reg__0/CLK

Slack:                    inf
  Source:                 bd_0_i/hls_inst/inst/Gaussian_Filter_U0/mul_31ns_31ns_62_2_1_U16/tmp_product__0/ACOUT[15]
                            (internal pin)
  Destination:            bd_0_i/hls_inst/inst/Gaussian_Filter_U0/mul_31ns_31ns_62_2_1_U16/buff0_reg__0/ACIN[15]
                            (rising edge-triggered cell DSP48E1 clocked by ap_clk  {rise@0.000ns fall@5.000ns period=10.000ns})
  Path Group:             (none)
  Path Type:              Hold (Min at Slow Process Corner)
  Data Path Delay:        0.002ns  (logic 0.000ns (0.000%)  route 0.002ns (100.000%))
  Logic Levels:           0  
  Clock Uncertainty:      0.025ns  ((TSJ^2 + TIJ^2)^1/2 + DJ) / 2 + PE
    Total System Jitter     (TSJ):    0.050ns
    Total Input Jitter      (TIJ):    0.000ns
    Discrete Jitter          (DJ):    0.000ns
    Phase Error              (PE):    0.000ns

    Location             Delay type                Incr(ns)  Path(ns)    Netlist Resource(s)
  -------------------------------------------------------------------    -------------------
    DSP48_X0Y8           DSP48E1                      0.000     0.000 r  bd_0_i/hls_inst/inst/Gaussian_Filter_U0/mul_31ns_31ns_62_2_1_U16/tmp_product__0/ACOUT[15]
                         net (fo=1, routed)           0.002     0.002    bd_0_i/hls_inst/inst/Gaussian_Filter_U0/mul_31ns_31ns_62_2_1_U16/tmp_product__0_n_38
    DSP48_X0Y9           DSP48E1                                      r  bd_0_i/hls_inst/inst/Gaussian_Filter_U0/mul_31ns_31ns_62_2_1_U16/buff0_reg__0/ACIN[15]
  -------------------------------------------------------------------    -------------------

                         (clock ap_clk rise edge)     0.000     0.000 r  <hidden>
                                                      0.000     0.000 r  ap_clk
                         net (fo=3972, unset)         0.973     0.973    bd_0_i/hls_inst/inst/Gaussian_Filter_U0/mul_31ns_31ns_62_2_1_U16/ap_clk
    DSP48_X0Y9           DSP48E1                                      r  bd_0_i/hls_inst/inst/Gaussian_Filter_U0/mul_31ns_31ns_62_2_1_U16/buff0_reg__0/CLK

Slack:                    inf
  Source:                 bd_0_i/hls_inst/inst/Gaussian_Filter_U0/mul_31ns_31ns_62_2_1_U16/tmp_product__0/ACOUT[16]
                            (internal pin)
  Destination:            bd_0_i/hls_inst/inst/Gaussian_Filter_U0/mul_31ns_31ns_62_2_1_U16/buff0_reg__0/ACIN[16]
                            (rising edge-triggered cell DSP48E1 clocked by ap_clk  {rise@0.000ns fall@5.000ns period=10.000ns})
  Path Group:             (none)
  Path Type:              Hold (Min at Slow Process Corner)
  Data Path Delay:        0.002ns  (logic 0.000ns (0.000%)  route 0.002ns (100.000%))
  Logic Levels:           0  
  Clock Uncertainty:      0.025ns  ((TSJ^2 + TIJ^2)^1/2 + DJ) / 2 + PE
    Total System Jitter     (TSJ):    0.050ns
    Total Input Jitter      (TIJ):    0.000ns
    Discrete Jitter          (DJ):    0.000ns
    Phase Error              (PE):    0.000ns

    Location             Delay type                Incr(ns)  Path(ns)    Netlist Resource(s)
  -------------------------------------------------------------------    -------------------
    DSP48_X0Y8           DSP48E1                      0.000     0.000 r  bd_0_i/hls_inst/inst/Gaussian_Filter_U0/mul_31ns_31ns_62_2_1_U16/tmp_product__0/ACOUT[16]
                         net (fo=1, routed)           0.002     0.002    bd_0_i/hls_inst/inst/Gaussian_Filter_U0/mul_31ns_31ns_62_2_1_U16/tmp_product__0_n_37
    DSP48_X0Y9           DSP48E1                                      r  bd_0_i/hls_inst/inst/Gaussian_Filter_U0/mul_31ns_31ns_62_2_1_U16/buff0_reg__0/ACIN[16]
  -------------------------------------------------------------------    -------------------

                         (clock ap_clk rise edge)     0.000     0.000 r  <hidden>
                                                      0.000     0.000 r  ap_clk
                         net (fo=3972, unset)         0.973     0.973    bd_0_i/hls_inst/inst/Gaussian_Filter_U0/mul_31ns_31ns_62_2_1_U16/ap_clk
    DSP48_X0Y9           DSP48E1                                      r  bd_0_i/hls_inst/inst/Gaussian_Filter_U0/mul_31ns_31ns_62_2_1_U16/buff0_reg__0/CLK

Slack:                    inf
  Source:                 bd_0_i/hls_inst/inst/Gaussian_Filter_U0/mul_31ns_31ns_62_2_1_U16/tmp_product__0/ACOUT[17]
                            (internal pin)
  Destination:            bd_0_i/hls_inst/inst/Gaussian_Filter_U0/mul_31ns_31ns_62_2_1_U16/buff0_reg__0/ACIN[17]
                            (rising edge-triggered cell DSP48E1 clocked by ap_clk  {rise@0.000ns fall@5.000ns period=10.000ns})
  Path Group:             (none)
  Path Type:              Hold (Min at Slow Process Corner)
  Data Path Delay:        0.002ns  (logic 0.000ns (0.000%)  route 0.002ns (100.000%))
  Logic Levels:           0  
  Clock Uncertainty:      0.025ns  ((TSJ^2 + TIJ^2)^1/2 + DJ) / 2 + PE
    Total System Jitter     (TSJ):    0.050ns
    Total Input Jitter      (TIJ):    0.000ns
    Discrete Jitter          (DJ):    0.000ns
    Phase Error              (PE):    0.000ns

    Location             Delay type                Incr(ns)  Path(ns)    Netlist Resource(s)
  -------------------------------------------------------------------    -------------------
    DSP48_X0Y8           DSP48E1                      0.000     0.000 r  bd_0_i/hls_inst/inst/Gaussian_Filter_U0/mul_31ns_31ns_62_2_1_U16/tmp_product__0/ACOUT[17]
                         net (fo=1, routed)           0.002     0.002    bd_0_i/hls_inst/inst/Gaussian_Filter_U0/mul_31ns_31ns_62_2_1_U16/tmp_product__0_n_36
    DSP48_X0Y9           DSP48E1                                      r  bd_0_i/hls_inst/inst/Gaussian_Filter_U0/mul_31ns_31ns_62_2_1_U16/buff0_reg__0/ACIN[17]
  -------------------------------------------------------------------    -------------------

                         (clock ap_clk rise edge)     0.000     0.000 r  <hidden>
                                                      0.000     0.000 r  ap_clk
                         net (fo=3972, unset)         0.973     0.973    bd_0_i/hls_inst/inst/Gaussian_Filter_U0/mul_31ns_31ns_62_2_1_U16/ap_clk
    DSP48_X0Y9           DSP48E1                                      r  bd_0_i/hls_inst/inst/Gaussian_Filter_U0/mul_31ns_31ns_62_2_1_U16/buff0_reg__0/CLK

Slack:                    inf
  Source:                 bd_0_i/hls_inst/inst/Gaussian_Filter_U0/mul_31ns_31ns_62_2_1_U16/tmp_product__0/ACOUT[18]
                            (internal pin)
  Destination:            bd_0_i/hls_inst/inst/Gaussian_Filter_U0/mul_31ns_31ns_62_2_1_U16/buff0_reg__0/ACIN[18]
                            (rising edge-triggered cell DSP48E1 clocked by ap_clk  {rise@0.000ns fall@5.000ns period=10.000ns})
  Path Group:             (none)
  Path Type:              Hold (Min at Slow Process Corner)
  Data Path Delay:        0.002ns  (logic 0.000ns (0.000%)  route 0.002ns (100.000%))
  Logic Levels:           0  
  Clock Uncertainty:      0.025ns  ((TSJ^2 + TIJ^2)^1/2 + DJ) / 2 + PE
    Total System Jitter     (TSJ):    0.050ns
    Total Input Jitter      (TIJ):    0.000ns
    Discrete Jitter          (DJ):    0.000ns
    Phase Error              (PE):    0.000ns

    Location             Delay type                Incr(ns)  Path(ns)    Netlist Resource(s)
  -------------------------------------------------------------------    -------------------
    DSP48_X0Y8           DSP48E1                      0.000     0.000 r  bd_0_i/hls_inst/inst/Gaussian_Filter_U0/mul_31ns_31ns_62_2_1_U16/tmp_product__0/ACOUT[18]
                         net (fo=1, routed)           0.002     0.002    bd_0_i/hls_inst/inst/Gaussian_Filter_U0/mul_31ns_31ns_62_2_1_U16/tmp_product__0_n_35
    DSP48_X0Y9           DSP48E1                                      r  bd_0_i/hls_inst/inst/Gaussian_Filter_U0/mul_31ns_31ns_62_2_1_U16/buff0_reg__0/ACIN[18]
  -------------------------------------------------------------------    -------------------

                         (clock ap_clk rise edge)     0.000     0.000 r  <hidden>
                                                      0.000     0.000 r  ap_clk
                         net (fo=3972, unset)         0.973     0.973    bd_0_i/hls_inst/inst/Gaussian_Filter_U0/mul_31ns_31ns_62_2_1_U16/ap_clk
    DSP48_X0Y9           DSP48E1                                      r  bd_0_i/hls_inst/inst/Gaussian_Filter_U0/mul_31ns_31ns_62_2_1_U16/buff0_reg__0/CLK





