Copyright 1986-2022 Xilinx, Inc. All Rights Reserved. Copyright 2022-2026 Advanced Micro Devices, Inc. All Rights Reserved.
------------------------------------------------------------------------------------------------------------------------------------------------------------------------------------------------------------------------------------------------
| Tool Version : Vivado v.2026.1 (win64) Build 6511674 Tue Jun 16 11:02:23 MDT 2026
| Date         : Tue Sep 22 20:14:20 2026
| Host         : DESKTOP-55UAODO running 64-bit major release  (build 9200)
| Command      : report_timing_summary -max_paths 10 -routable_nets -report_unconstrained -file bd_0_wrapper_timing_summary_routed.rpt -pb bd_0_wrapper_timing_summary_routed.pb -rpx bd_0_wrapper_timing_summary_routed.rpx -warn_on_violation
| Design       : bd_0_wrapper
| Device       : 7z020-clg400
| Speed File   : -1  PRODUCTION 1.12 2019-11-22
| Design State : Routed
------------------------------------------------------------------------------------------------------------------------------------------------------------------------------------------------------------------------------------------------

Timing Summary Report

------------------------------------------------------------------------------------------------
| Timer Settings
| --------------
------------------------------------------------------------------------------------------------

  Enable Multi Corner Analysis               :  Yes
  Enable Pessimism Removal                   :  Yes
  Pessimism Removal Resolution               :  Nearest Common Node
  Enable Input Delay Default Clock           :  No
  Enable Preset / Clear Arcs                 :  No
  Disable Flight Delays                      :  No
  Ignore I/O Paths                           :  No
  Timing Early Launch at Borrowing Latches   :  No
  Borrow Time for Max Delay Exceptions       :  Yes
  Merge Timing Exceptions                    :  Yes
  Inter-SLR Compensation                     :  Conservative

  Corner  Analyze    Analyze    
  Name    Max Paths  Min Paths  
  ------  ---------  ---------  
  Slow    Yes        Yes        
  Fast    Yes        Yes        


------------------------------------------------------------------------------------------------
| Report Methodology
| ------------------
------------------------------------------------------------------------------------------------

Rule       Severity  Description                    Violations  
---------  --------  -----------------------------  ----------  
TIMING-18  Warning   Missing input or output delay  204         

Note: This report is based on the most recent report_methodology run and may not be up-to-date. Run report_methodology on the current design for the latest report.



check_timing report

Table of Contents
-----------------
1. checking no_clock (0)
2. checking constant_clock (0)
3. checking pulse_width_clock (0)
4. checking unconstrained_internal_endpoints (0)
5. checking no_input_delay (107)
6. checking no_output_delay (95)
7. checking multiple_clock (0)
8. checking generated_clocks (0)
9. checking loops (0)
10. checking partial_input_delay (0)
11. checking partial_output_delay (0)
12. checking latch_loops (0)

1. checking no_clock (0)
------------------------
 There are 0 register/latch pins with no clock.


2. checking constant_clock (0)
------------------------------
 There are 0 register/latch pins with constant_clock.


3. checking pulse_width_clock (0)
---------------------------------
 There are 0 register/latch pins which need pulse_width check


4. checking unconstrained_internal_endpoints (0)
------------------------------------------------
 There are 0 pins that are not constrained for maximum delay.

 There are 0 pins that are not constrained for maximum delay due to constant clock.


5. checking no_input_delay (107)
--------------------------------
 There are 107 input ports with no input delay specified. (HIGH)

 There are 0 input ports with no input delay but user has a false path constraint.


6. checking no_output_delay (95)
--------------------------------
 There are 95 ports with no output delay specified. (HIGH)

 There are 0 ports with no output delay but user has a false path constraint

 There are 0 ports with no output delay but with a timing clock defined on it or propagating through it


7. checking multiple_clock (0)
------------------------------
 There are 0 register/latch pins with multiple clocks.


8. checking generated_clocks (0)
--------------------------------
 There are 0 generated clocks that are not connected to a clock source.


9. checking loops (0)
---------------------
 There are 0 combinational loops in the design.


10. checking partial_input_delay (0)
------------------------------------
 There are 0 input ports with partial input delay specified.


11. checking partial_output_delay (0)
-------------------------------------
 There are 0 ports with partial output delay specified.


12. checking latch_loops (0)
----------------------------
 There are 0 combinational latch loops in the design through latch input



------------------------------------------------------------------------------------------------
| Design Timing Summary
| ---------------------
------------------------------------------------------------------------------------------------

    WNS(ns)      TNS(ns)  TNS Failing Endpoints  TNS Total Endpoints      WHS(ns)      THS(ns)  THS Failing Endpoints  THS Total Endpoints     WPWS(ns)     TPWS(ns)  TPWS Failing Endpoints  TPWS Total Endpoints  
    -------      -------  ---------------------  -------------------      -------      -------  ---------------------  -------------------     --------     --------  ----------------------  --------------------  
      1.234        0.000                      0                 2989        0.069        0.000                      0                 2989        4.020        0.000                       0                  1307  


All user specified timing constraints are met.


------------------------------------------------------------------------------------------------
| Clock Summary
| -------------
------------------------------------------------------------------------------------------------

Clock   Waveform(ns)       Period(ns)      Frequency(MHz)
-----   ------------       ----------      --------------
ap_clk  {0.000 5.000}      10.000          100.000         


------------------------------------------------------------------------------------------------
| Intra Clock Table
| -----------------
------------------------------------------------------------------------------------------------

Clock             WNS(ns)      TNS(ns)  TNS Failing Endpoints  TNS Total Endpoints      WHS(ns)      THS(ns)  THS Failing Endpoints  THS Total Endpoints     WPWS(ns)     TPWS(ns)  TPWS Failing Endpoints  TPWS Total Endpoints  
-----             -------      -------  ---------------------  -------------------      -------      -------  ---------------------  -------------------     --------     --------  ----------------------  --------------------  
ap_clk              1.234        0.000                      0                 2989        0.069        0.000                      0                 2989        4.020        0.000                       0                  1307  


------------------------------------------------------------------------------------------------
| Inter Clock Table
| -----------------
------------------------------------------------------------------------------------------------

From Clock    To Clock          WNS(ns)      TNS(ns)  TNS Failing Endpoints  TNS Total Endpoints      WHS(ns)      THS(ns)  THS Failing Endpoints  THS Total Endpoints  
----------    --------          -------      -------  ---------------------  -------------------      -------      -------  ---------------------  -------------------  


------------------------------------------------------------------------------------------------
| Other Path Groups Table
| -----------------------
------------------------------------------------------------------------------------------------

Path Group    From Clock    To Clock          WNS(ns)      TNS(ns)  TNS Failing Endpoints  TNS Total Endpoints      WHS(ns)      THS(ns)  THS Failing Endpoints  THS Total Endpoints  
----------    ----------    --------          -------      -------  ---------------------  -------------------      -------      -------  ---------------------  -------------------  


------------------------------------------------------------------------------------------------
| User Ignored Path Table
| -----------------------
------------------------------------------------------------------------------------------------

Path Group    From Clock    To Clock    
----------    ----------    --------    


------------------------------------------------------------------------------------------------
| Unconstrained Path Table
| ------------------------
------------------------------------------------------------------------------------------------

Path Group    From Clock    To Clock    
----------    ----------    --------    
(none)        ap_clk                      
(none)                      ap_clk        


------------------------------------------------------------------------------------------------
| Timing Details
| --------------
------------------------------------------------------------------------------------------------


---------------------------------------------------------------------------------------------------
From Clock:  ap_clk
  To Clock:  ap_clk

Setup :            0  Failing Endpoints,  Worst Slack        1.234ns,  Total Violation        0.000ns
Hold  :            0  Failing Endpoints,  Worst Slack        0.069ns,  Total Violation        0.000ns
PW    :            0  Failing Endpoints,  Worst Slack        4.020ns,  Total Violation        0.000ns
---------------------------------------------------------------------------------------------------


Max Delay Paths
--------------------------------------------------------------------------------------
Slack (MET) :             1.234ns  (required time - arrival time)
  Source:                 bd_0_i/hls_inst/inst/grp_Sobel_Filter_Pipeline_VITIS_LOOP_26_1_VITIS_LOOP_28_2_fu_86/Gx_Value_reg_777_reg[31]/C
                            (rising edge-triggered cell FDRE clocked by ap_clk  {rise@0.000ns fall@5.000ns period=10.000ns})
  Destination:            bd_0_i/hls_inst/inst/Output_r_TDATA_reg_reg[12]/R
                            (rising edge-triggered cell FDRE clocked by ap_clk  {rise@0.000ns fall@5.000ns period=10.000ns})
  Path Group:             ap_clk
  Path Type:              Setup (Max at Slow Process Corner)
  Requirement:            10.000ns  (ap_clk rise@10.000ns - ap_clk rise@0.000ns)
  Data Path Delay:        8.049ns  (logic 3.122ns (38.788%)  route 4.927ns (61.212%))
  Logic Levels:           10  (CARRY4=7 LUT2=2 LUT3=1)
  Clock Path Skew:        -0.049ns (DCD - SCD + CPR)
    Destination Clock Delay (DCD):    0.924ns = ( 10.924 - 10.000 ) 
    Source Clock Delay      (SCD):    0.973ns
    Clock Pessimism Removal (CPR):    0.000ns
  Clock Uncertainty:      0.035ns  ((TSJ^2 + TIJ^2)^1/2 + DJ) / 2 + PE
    Total System Jitter     (TSJ):    0.071ns
    Total Input Jitter      (TIJ):    0.000ns
    Discrete Jitter          (DJ):    0.000ns
    Phase Error              (PE):    0.000ns

    Location             Delay type                Incr(ns)  Path(ns)    Netlist Resource(s)
  -------------------------------------------------------------------    -------------------
                         (clock ap_clk rise edge)     0.000     0.000 r  <hidden>
                                                      0.000     0.000 r  ap_clk
                         net (fo=1308, unset)         0.973     0.973    bd_0_i/hls_inst/inst/grp_Sobel_Filter_Pipeline_VITIS_LOOP_26_1_VITIS_LOOP_28_2_fu_86/ap_clk
    SLICE_X33Y45         FDRE                                         r  bd_0_i/hls_inst/inst/grp_Sobel_Filter_Pipeline_VITIS_LOOP_26_1_VITIS_LOOP_28_2_fu_86/Gx_Value_reg_777_reg[31]/C
  -------------------------------------------------------------------    -------------------
    SLICE_X33Y45         FDRE (Prop_fdre_C_Q)         0.419     1.392 r  bd_0_i/hls_inst/inst/grp_Sobel_Filter_Pipeline_VITIS_LOOP_26_1_VITIS_LOOP_28_2_fu_86/Gx_Value_reg_777_reg[31]/Q
                         net (fo=63, routed)          1.239     2.631    bd_0_i/hls_inst/inst/grp_Sobel_Filter_Pipeline_VITIS_LOOP_26_1_VITIS_LOOP_28_2_fu_86/Gx_Value_reg_777[31]
    SLICE_X34Y37         LUT3 (Prop_lut3_I1_O)        0.326     2.957 r  bd_0_i/hls_inst/inst/grp_Sobel_Filter_Pipeline_VITIS_LOOP_26_1_VITIS_LOOP_28_2_fu_86/Magnitude_fu_574_p2_carry__0_i_3/O
                         net (fo=1, routed)           0.638     3.595    bd_0_i/hls_inst/inst/grp_Sobel_Filter_Pipeline_VITIS_LOOP_26_1_VITIS_LOOP_28_2_fu_86/Gx_Value_Abs_fu_555_p3[5]
    SLICE_X35Y39         CARRY4 (Prop_carry4_DI[1]_CO[3])
                                                      0.714     4.309 r  bd_0_i/hls_inst/inst/grp_Sobel_Filter_Pipeline_VITIS_LOOP_26_1_VITIS_LOOP_28_2_fu_86/Magnitude_fu_574_p2_carry__0/CO[3]
                         net (fo=1, routed)           0.000     4.309    bd_0_i/hls_inst/inst/grp_Sobel_Filter_Pipeline_VITIS_LOOP_26_1_VITIS_LOOP_28_2_fu_86/Magnitude_fu_574_p2_carry__0_n_0
    SLICE_X35Y40         CARRY4 (Prop_carry4_CI_CO[3])
                                                      0.114     4.423 r  bd_0_i/hls_inst/inst/grp_Sobel_Filter_Pipeline_VITIS_LOOP_26_1_VITIS_LOOP_28_2_fu_86/Magnitude_fu_574_p2_carry__1/CO[3]
                         net (fo=1, routed)           0.000     4.423    bd_0_i/hls_inst/inst/grp_Sobel_Filter_Pipeline_VITIS_LOOP_26_1_VITIS_LOOP_28_2_fu_86/Magnitude_fu_574_p2_carry__1_n_0
    SLICE_X35Y41         CARRY4 (Prop_carry4_CI_CO[3])
                                                      0.114     4.537 r  bd_0_i/hls_inst/inst/grp_Sobel_Filter_Pipeline_VITIS_LOOP_26_1_VITIS_LOOP_28_2_fu_86/Magnitude_fu_574_p2_carry__2/CO[3]
                         net (fo=1, routed)           0.000     4.537    bd_0_i/hls_inst/inst/grp_Sobel_Filter_Pipeline_VITIS_LOOP_26_1_VITIS_LOOP_28_2_fu_86/Magnitude_fu_574_p2_carry__2_n_0
    SLICE_X35Y42         CARRY4 (Prop_carry4_CI_CO[3])
                                                      0.114     4.651 r  bd_0_i/hls_inst/inst/grp_Sobel_Filter_Pipeline_VITIS_LOOP_26_1_VITIS_LOOP_28_2_fu_86/Magnitude_fu_574_p2_carry__3/CO[3]
                         net (fo=1, routed)           0.000     4.651    bd_0_i/hls_inst/inst/grp_Sobel_Filter_Pipeline_VITIS_LOOP_26_1_VITIS_LOOP_28_2_fu_86/Magnitude_fu_574_p2_carry__3_n_0
    SLICE_X35Y43         CARRY4 (Prop_carry4_CI_CO[3])
                                                      0.114     4.765 r  bd_0_i/hls_inst/inst/grp_Sobel_Filter_Pipeline_VITIS_LOOP_26_1_VITIS_LOOP_28_2_fu_86/Magnitude_fu_574_p2_carry__4/CO[3]
                         net (fo=1, routed)           0.000     4.765    bd_0_i/hls_inst/inst/grp_Sobel_Filter_Pipeline_VITIS_LOOP_26_1_VITIS_LOOP_28_2_fu_86/Magnitude_fu_574_p2_carry__4_n_0
    SLICE_X35Y44         CARRY4 (Prop_carry4_CI_O[2])
                                                      0.256     5.021 f  bd_0_i/hls_inst/inst/grp_Sobel_Filter_Pipeline_VITIS_LOOP_26_1_VITIS_LOOP_28_2_fu_86/Magnitude_fu_574_p2_carry__5/O[2]
                         net (fo=5, routed)           0.848     5.870    bd_0_i/hls_inst/inst/grp_Sobel_Filter_Pipeline_VITIS_LOOP_26_1_VITIS_LOOP_28_2_fu_86/tmp_2_fu_580_p4[18]
    SLICE_X36Y43         LUT2 (Prop_lut2_I0_O)        0.302     6.172 r  bd_0_i/hls_inst/inst/grp_Sobel_Filter_Pipeline_VITIS_LOOP_26_1_VITIS_LOOP_28_2_fu_86/icmp_ln68_fu_590_p2_carry__1_i_7/O
                         net (fo=1, routed)           0.000     6.172    bd_0_i/hls_inst/inst/grp_Sobel_Filter_Pipeline_VITIS_LOOP_26_1_VITIS_LOOP_28_2_fu_86/icmp_ln68_fu_590_p2_carry__1_i_7_n_0
    SLICE_X36Y43         CARRY4 (Prop_carry4_S[1]_CO[3])
                                                      0.533     6.705 r  bd_0_i/hls_inst/inst/grp_Sobel_Filter_Pipeline_VITIS_LOOP_26_1_VITIS_LOOP_28_2_fu_86/icmp_ln68_fu_590_p2_carry__1/CO[3]
                         net (fo=65, routed)          1.341     8.045    bd_0_i/hls_inst/inst/grp_Sobel_Filter_Pipeline_VITIS_LOOP_26_1_VITIS_LOOP_28_2_fu_86/icmp_ln68_fu_590_p2_carry__1_n_0
    SLICE_X38Y38         LUT2 (Prop_lut2_I0_O)        0.116     8.161 r  bd_0_i/hls_inst/inst/grp_Sobel_Filter_Pipeline_VITIS_LOOP_26_1_VITIS_LOOP_28_2_fu_86/Output_r_TDATA_reg[31]_i_1/O
                         net (fo=32, routed)          0.861     9.022    bd_0_i/hls_inst/inst/grp_Sobel_Filter_Pipeline_VITIS_LOOP_26_1_VITIS_LOOP_28_2_fu_86_n_60
    SLICE_X35Y41         FDRE                                         r  bd_0_i/hls_inst/inst/Output_r_TDATA_reg_reg[12]/R
  -------------------------------------------------------------------    -------------------

                         (clock ap_clk rise edge)    10.000    10.000 r  <hidden>
                                                      0.000    10.000 r  ap_clk
                         net (fo=1308, unset)         0.924    10.924    bd_0_i/hls_inst/inst/ap_clk
    SLICE_X35Y41         FDRE                                         r  bd_0_i/hls_inst/inst/Output_r_TDATA_reg_reg[12]/C
                         clock pessimism              0.000    10.924    <hidden>
                         clock uncertainty           -0.035    10.889    <hidden>
    SLICE_X35Y41         FDRE (Setup_fdre_C_R)       -0.633    10.256    bd_0_i/hls_inst/inst/Output_r_TDATA_reg_reg[12]
  -------------------------------------------------------------------
                         required time                         10.256    <hidden>
                         arrival time                          -9.022    <hidden>
  -------------------------------------------------------------------
                         slack                                  1.234    <hidden>

Slack (MET) :             1.234ns  (required time - arrival time)
  Source:                 bd_0_i/hls_inst/inst/grp_Sobel_Filter_Pipeline_VITIS_LOOP_26_1_VITIS_LOOP_28_2_fu_86/Gx_Value_reg_777_reg[31]/C
                            (rising edge-triggered cell FDRE clocked by ap_clk  {rise@0.000ns fall@5.000ns period=10.000ns})
  Destination:            bd_0_i/hls_inst/inst/Output_r_TDATA_reg_reg[13]/R
                            (rising edge-triggered cell FDRE clocked by ap_clk  {rise@0.000ns fall@5.000ns period=10.000ns})
  Path Group:             ap_clk
  Path Type:              Setup (Max at Slow Process Corner)
  Requirement:            10.000ns  (ap_clk rise@10.000ns - ap_clk rise@0.000ns)
  Data Path Delay:        8.049ns  (logic 3.122ns (38.788%)  route 4.927ns (61.212%))
  Logic Levels:           10  (CARRY4=7 LUT2=2 LUT3=1)
  Clock Path Skew:        -0.049ns (DCD - SCD + CPR)
    Destination Clock Delay (DCD):    0.924ns = ( 10.924 - 10.000 ) 
    Source Clock Delay      (SCD):    0.973ns
    Clock Pessimism Removal (CPR):    0.000ns
  Clock Uncertainty:      0.035ns  ((TSJ^2 + TIJ^2)^1/2 + DJ) / 2 + PE
    Total System Jitter     (TSJ):    0.071ns
    Total Input Jitter      (TIJ):    0.000ns
    Discrete Jitter          (DJ):    0.000ns
    Phase Error              (PE):    0.000ns

    Location             Delay type                Incr(ns)  Path(ns)    Netlist Resource(s)
  -------------------------------------------------------------------    -------------------
                         (clock ap_clk rise edge)     0.000     0.000 r  <hidden>
                                                      0.000     0.000 r  ap_clk
                         net (fo=1308, unset)         0.973     0.973    bd_0_i/hls_inst/inst/grp_Sobel_Filter_Pipeline_VITIS_LOOP_26_1_VITIS_LOOP_28_2_fu_86/ap_clk
    SLICE_X33Y45         FDRE                                         r  bd_0_i/hls_inst/inst/grp_Sobel_Filter_Pipeline_VITIS_LOOP_26_1_VITIS_LOOP_28_2_fu_86/Gx_Value_reg_777_reg[31]/C
  -------------------------------------------------------------------    -------------------
    SLICE_X33Y45         FDRE (Prop_fdre_C_Q)         0.419     1.392 r  bd_0_i/hls_inst/inst/grp_Sobel_Filter_Pipeline_VITIS_LOOP_26_1_VITIS_LOOP_28_2_fu_86/Gx_Value_reg_777_reg[31]/Q
                         net (fo=63, routed)          1.239     2.631    bd_0_i/hls_inst/inst/grp_Sobel_Filter_Pipeline_VITIS_LOOP_26_1_VITIS_LOOP_28_2_fu_86/Gx_Value_reg_777[31]
    SLICE_X34Y37         LUT3 (Prop_lut3_I1_O)        0.326     2.957 r  bd_0_i/hls_inst/inst/grp_Sobel_Filter_Pipeline_VITIS_LOOP_26_1_VITIS_LOOP_28_2_fu_86/Magnitude_fu_574_p2_carry__0_i_3/O
                         net (fo=1, routed)           0.638     3.595    bd_0_i/hls_inst/inst/grp_Sobel_Filter_Pipeline_VITIS_LOOP_26_1_VITIS_LOOP_28_2_fu_86/Gx_Value_Abs_fu_555_p3[5]
    SLICE_X35Y39         CARRY4 (Prop_carry4_DI[1]_CO[3])
                                                      0.714     4.309 r  bd_0_i/hls_inst/inst/grp_Sobel_Filter_Pipeline_VITIS_LOOP_26_1_VITIS_LOOP_28_2_fu_86/Magnitude_fu_574_p2_carry__0/CO[3]
                         net (fo=1, routed)           0.000     4.309    bd_0_i/hls_inst/inst/grp_Sobel_Filter_Pipeline_VITIS_LOOP_26_1_VITIS_LOOP_28_2_fu_86/Magnitude_fu_574_p2_carry__0_n_0
    SLICE_X35Y40         CARRY4 (Prop_carry4_CI_CO[3])
                                                      0.114     4.423 r  bd_0_i/hls_inst/inst/grp_Sobel_Filter_Pipeline_VITIS_LOOP_26_1_VITIS_LOOP_28_2_fu_86/Magnitude_fu_574_p2_carry__1/CO[3]
                         net (fo=1, routed)           0.000     4.423    bd_0_i/hls_inst/inst/grp_Sobel_Filter_Pipeline_VITIS_LOOP_26_1_VITIS_LOOP_28_2_fu_86/Magnitude_fu_574_p2_carry__1_n_0
    SLICE_X35Y41         CARRY4 (Prop_carry4_CI_CO[3])
                                                      0.114     4.537 r  bd_0_i/hls_inst/inst/grp_Sobel_Filter_Pipeline_VITIS_LOOP_26_1_VITIS_LOOP_28_2_fu_86/Magnitude_fu_574_p2_carry__2/CO[3]
                         net (fo=1, routed)           0.000     4.537    bd_0_i/hls_inst/inst/grp_Sobel_Filter_Pipeline_VITIS_LOOP_26_1_VITIS_LOOP_28_2_fu_86/Magnitude_fu_574_p2_carry__2_n_0
    SLICE_X35Y42         CARRY4 (Prop_carry4_CI_CO[3])
                                                      0.114     4.651 r  bd_0_i/hls_inst/inst/grp_Sobel_Filter_Pipeline_VITIS_LOOP_26_1_VITIS_LOOP_28_2_fu_86/Magnitude_fu_574_p2_carry__3/CO[3]
                         net (fo=1, routed)           0.000     4.651    bd_0_i/hls_inst/inst/grp_Sobel_Filter_Pipeline_VITIS_LOOP_26_1_VITIS_LOOP_28_2_fu_86/Magnitude_fu_574_p2_carry__3_n_0
    SLICE_X35Y43         CARRY4 (Prop_carry4_CI_CO[3])
                                                      0.114     4.765 r  bd_0_i/hls_inst/inst/grp_Sobel_Filter_Pipeline_VITIS_LOOP_26_1_VITIS_LOOP_28_2_fu_86/Magnitude_fu_574_p2_carry__4/CO[3]
                         net (fo=1, routed)           0.000     4.765    bd_0_i/hls_inst/inst/grp_Sobel_Filter_Pipeline_VITIS_LOOP_26_1_VITIS_LOOP_28_2_fu_86/Magnitude_fu_574_p2_carry__4_n_0
    SLICE_X35Y44         CARRY4 (Prop_carry4_CI_O[2])
                                                      0.256     5.021 f  bd_0_i/hls_inst/inst/grp_Sobel_Filter_Pipeline_VITIS_LOOP_26_1_VITIS_LOOP_28_2_fu_86/Magnitude_fu_574_p2_carry__5/O[2]
                         net (fo=5, routed)           0.848     5.870    bd_0_i/hls_inst/inst/grp_Sobel_Filter_Pipeline_VITIS_LOOP_26_1_VITIS_LOOP_28_2_fu_86/tmp_2_fu_580_p4[18]
    SLICE_X36Y43         LUT2 (Prop_lut2_I0_O)        0.302     6.172 r  bd_0_i/hls_inst/inst/grp_Sobel_Filter_Pipeline_VITIS_LOOP_26_1_VITIS_LOOP_28_2_fu_86/icmp_ln68_fu_590_p2_carry__1_i_7/O
                         net (fo=1, routed)           0.000     6.172    bd_0_i/hls_inst/inst/grp_Sobel_Filter_Pipeline_VITIS_LOOP_26_1_VITIS_LOOP_28_2_fu_86/icmp_ln68_fu_590_p2_carry__1_i_7_n_0
    SLICE_X36Y43         CARRY4 (Prop_carry4_S[1]_CO[3])
                                                      0.533     6.705 r  bd_0_i/hls_inst/inst/grp_Sobel_Filter_Pipeline_VITIS_LOOP_26_1_VITIS_LOOP_28_2_fu_86/icmp_ln68_fu_590_p2_carry__1/CO[3]
                         net (fo=65, routed)          1.341     8.045    bd_0_i/hls_inst/inst/grp_Sobel_Filter_Pipeline_VITIS_LOOP_26_1_VITIS_LOOP_28_2_fu_86/icmp_ln68_fu_590_p2_carry__1_n_0
    SLICE_X38Y38         LUT2 (Prop_lut2_I0_O)        0.116     8.161 r  bd_0_i/hls_inst/inst/grp_Sobel_Filter_Pipeline_VITIS_LOOP_26_1_VITIS_LOOP_28_2_fu_86/Output_r_TDATA_reg[31]_i_1/O
                         net (fo=32, routed)          0.861     9.022    bd_0_i/hls_inst/inst/grp_Sobel_Filter_Pipeline_VITIS_LOOP_26_1_VITIS_LOOP_28_2_fu_86_n_60
    SLICE_X35Y41         FDRE                                         r  bd_0_i/hls_inst/inst/Output_r_TDATA_reg_reg[13]/R
  -------------------------------------------------------------------    -------------------

                         (clock ap_clk rise edge)    10.000    10.000 r  <hidden>
                                                      0.000    10.000 r  ap_clk
                         net (fo=1308, unset)         0.924    10.924    bd_0_i/hls_inst/inst/ap_clk
    SLICE_X35Y41         FDRE                                         r  bd_0_i/hls_inst/inst/Output_r_TDATA_reg_reg[13]/C
                         clock pessimism              0.000    10.924    <hidden>
                         clock uncertainty           -0.035    10.889    <hidden>
    SLICE_X35Y41         FDRE (Setup_fdre_C_R)       -0.633    10.256    bd_0_i/hls_inst/inst/Output_r_TDATA_reg_reg[13]
  -------------------------------------------------------------------
                         required time                         10.256    <hidden>
                         arrival time                          -9.022    <hidden>
  -------------------------------------------------------------------
                         slack                                  1.234    <hidden>

Slack (MET) :             1.234ns  (required time - arrival time)
  Source:                 bd_0_i/hls_inst/inst/grp_Sobel_Filter_Pipeline_VITIS_LOOP_26_1_VITIS_LOOP_28_2_fu_86/Gx_Value_reg_777_reg[31]/C
                            (rising edge-triggered cell FDRE clocked by ap_clk  {rise@0.000ns fall@5.000ns period=10.000ns})
  Destination:            bd_0_i/hls_inst/inst/Output_r_TDATA_reg_reg[14]/R
                            (rising edge-triggered cell FDRE clocked by ap_clk  {rise@0.000ns fall@5.000ns period=10.000ns})
  Path Group:             ap_clk
  Path Type:              Setup (Max at Slow Process Corner)
  Requirement:            10.000ns  (ap_clk rise@10.000ns - ap_clk rise@0.000ns)
  Data Path Delay:        8.049ns  (logic 3.122ns (38.788%)  route 4.927ns (61.212%))
  Logic Levels:           10  (CARRY4=7 LUT2=2 LUT3=1)
  Clock Path Skew:        -0.049ns (DCD - SCD + CPR)
    Destination Clock Delay (DCD):    0.924ns = ( 10.924 - 10.000 ) 
    Source Clock Delay      (SCD):    0.973ns
    Clock Pessimism Removal (CPR):    0.000ns
  Clock Uncertainty:      0.035ns  ((TSJ^2 + TIJ^2)^1/2 + DJ) / 2 + PE
    Total System Jitter     (TSJ):    0.071ns
    Total Input Jitter      (TIJ):    0.000ns
    Discrete Jitter          (DJ):    0.000ns
    Phase Error              (PE):    0.000ns

    Location             Delay type                Incr(ns)  Path(ns)    Netlist Resource(s)
  -------------------------------------------------------------------    -------------------
                         (clock ap_clk rise edge)     0.000     0.000 r  <hidden>
                                                      0.000     0.000 r  ap_clk
                         net (fo=1308, unset)         0.973     0.973    bd_0_i/hls_inst/inst/grp_Sobel_Filter_Pipeline_VITIS_LOOP_26_1_VITIS_LOOP_28_2_fu_86/ap_clk
    SLICE_X33Y45         FDRE                                         r  bd_0_i/hls_inst/inst/grp_Sobel_Filter_Pipeline_VITIS_LOOP_26_1_VITIS_LOOP_28_2_fu_86/Gx_Value_reg_777_reg[31]/C
  -------------------------------------------------------------------    -------------------
    SLICE_X33Y45         FDRE (Prop_fdre_C_Q)         0.419     1.392 r  bd_0_i/hls_inst/inst/grp_Sobel_Filter_Pipeline_VITIS_LOOP_26_1_VITIS_LOOP_28_2_fu_86/Gx_Value_reg_777_reg[31]/Q
                         net (fo=63, routed)          1.239     2.631    bd_0_i/hls_inst/inst/grp_Sobel_Filter_Pipeline_VITIS_LOOP_26_1_VITIS_LOOP_28_2_fu_86/Gx_Value_reg_777[31]
    SLICE_X34Y37         LUT3 (Prop_lut3_I1_O)        0.326     2.957 r  bd_0_i/hls_inst/inst/grp_Sobel_Filter_Pipeline_VITIS_LOOP_26_1_VITIS_LOOP_28_2_fu_86/Magnitude_fu_574_p2_carry__0_i_3/O
                         net (fo=1, routed)           0.638     3.595    bd_0_i/hls_inst/inst/grp_Sobel_Filter_Pipeline_VITIS_LOOP_26_1_VITIS_LOOP_28_2_fu_86/Gx_Value_Abs_fu_555_p3[5]
    SLICE_X35Y39         CARRY4 (Prop_carry4_DI[1]_CO[3])
                                                      0.714     4.309 r  bd_0_i/hls_inst/inst/grp_Sobel_Filter_Pipeline_VITIS_LOOP_26_1_VITIS_LOOP_28_2_fu_86/Magnitude_fu_574_p2_carry__0/CO[3]
                         net (fo=1, routed)           0.000     4.309    bd_0_i/hls_inst/inst/grp_Sobel_Filter_Pipeline_VITIS_LOOP_26_1_VITIS_LOOP_28_2_fu_86/Magnitude_fu_574_p2_carry__0_n_0
    SLICE_X35Y40         CARRY4 (Prop_carry4_CI_CO[3])
                                                      0.114     4.423 r  bd_0_i/hls_inst/inst/grp_Sobel_Filter_Pipeline_VITIS_LOOP_26_1_VITIS_LOOP_28_2_fu_86/Magnitude_fu_574_p2_carry__1/CO[3]
                         net (fo=1, routed)           0.000     4.423    bd_0_i/hls_inst/inst/grp_Sobel_Filter_Pipeline_VITIS_LOOP_26_1_VITIS_LOOP_28_2_fu_86/Magnitude_fu_574_p2_carry__1_n_0
    SLICE_X35Y41         CARRY4 (Prop_carry4_CI_CO[3])
                                                      0.114     4.537 r  bd_0_i/hls_inst/inst/grp_Sobel_Filter_Pipeline_VITIS_LOOP_26_1_VITIS_LOOP_28_2_fu_86/Magnitude_fu_574_p2_carry__2/CO[3]
                         net (fo=1, routed)           0.000     4.537    bd_0_i/hls_inst/inst/grp_Sobel_Filter_Pipeline_VITIS_LOOP_26_1_VITIS_LOOP_28_2_fu_86/Magnitude_fu_574_p2_carry__2_n_0
    SLICE_X35Y42         CARRY4 (Prop_carry4_CI_CO[3])
                                                      0.114     4.651 r  bd_0_i/hls_inst/inst/grp_Sobel_Filter_Pipeline_VITIS_LOOP_26_1_VITIS_LOOP_28_2_fu_86/Magnitude_fu_574_p2_carry__3/CO[3]
                         net (fo=1, routed)           0.000     4.651    bd_0_i/hls_inst/inst/grp_Sobel_Filter_Pipeline_VITIS_LOOP_26_1_VITIS_LOOP_28_2_fu_86/Magnitude_fu_574_p2_carry__3_n_0
    SLICE_X35Y43         CARRY4 (Prop_carry4_CI_CO[3])
                                                      0.114     4.765 r  bd_0_i/hls_inst/inst/grp_Sobel_Filter_Pipeline_VITIS_LOOP_26_1_VITIS_LOOP_28_2_fu_86/Magnitude_fu_574_p2_carry__4/CO[3]
                         net (fo=1, routed)           0.000     4.765    bd_0_i/hls_inst/inst/grp_Sobel_Filter_Pipeline_VITIS_LOOP_26_1_VITIS_LOOP_28_2_fu_86/Magnitude_fu_574_p2_carry__4_n_0
    SLICE_X35Y44         CARRY4 (Prop_carry4_CI_O[2])
                                                      0.256     5.021 f  bd_0_i/hls_inst/inst/grp_Sobel_Filter_Pipeline_VITIS_LOOP_26_1_VITIS_LOOP_28_2_fu_86/Magnitude_fu_574_p2_carry__5/O[2]
                         net (fo=5, routed)           0.848     5.870    bd_0_i/hls_inst/inst/grp_Sobel_Filter_Pipeline_VITIS_LOOP_26_1_VITIS_LOOP_28_2_fu_86/tmp_2_fu_580_p4[18]
    SLICE_X36Y43         LUT2 (Prop_lut2_I0_O)        0.302     6.172 r  bd_0_i/hls_inst/inst/grp_Sobel_Filter_Pipeline_VITIS_LOOP_26_1_VITIS_LOOP_28_2_fu_86/icmp_ln68_fu_590_p2_carry__1_i_7/O
                         net (fo=1, routed)           0.000     6.172    bd_0_i/hls_inst/inst/grp_Sobel_Filter_Pipeline_VITIS_LOOP_26_1_VITIS_LOOP_28_2_fu_86/icmp_ln68_fu_590_p2_carry__1_i_7_n_0
    SLICE_X36Y43         CARRY4 (Prop_carry4_S[1]_CO[3])
                                                      0.533     6.705 r  bd_0_i/hls_inst/inst/grp_Sobel_Filter_Pipeline_VITIS_LOOP_26_1_VITIS_LOOP_28_2_fu_86/icmp_ln68_fu_590_p2_carry__1/CO[3]
                         net (fo=65, routed)          1.341     8.045    bd_0_i/hls_inst/inst/grp_Sobel_Filter_Pipeline_VITIS_LOOP_26_1_VITIS_LOOP_28_2_fu_86/icmp_ln68_fu_590_p2_carry__1_n_0
    SLICE_X38Y38         LUT2 (Prop_lut2_I0_O)        0.116     8.161 r  bd_0_i/hls_inst/inst/grp_Sobel_Filter_Pipeline_VITIS_LOOP_26_1_VITIS_LOOP_28_2_fu_86/Output_r_TDATA_reg[31]_i_1/O
                         net (fo=32, routed)          0.861     9.022    bd_0_i/hls_inst/inst/grp_Sobel_Filter_Pipeline_VITIS_LOOP_26_1_VITIS_LOOP_28_2_fu_86_n_60
    SLICE_X35Y41         FDRE                                         r  bd_0_i/hls_inst/inst/Output_r_TDATA_reg_reg[14]/R
  -------------------------------------------------------------------    -------------------

                         (clock ap_clk rise edge)    10.000    10.000 r  <hidden>
                                                      0.000    10.000 r  ap_clk
                         net (fo=1308, unset)         0.924    10.924    bd_0_i/hls_inst/inst/ap_clk
    SLICE_X35Y41         FDRE                                         r  bd_0_i/hls_inst/inst/Output_r_TDATA_reg_reg[14]/C
                         clock pessimism              0.000    10.924    <hidden>
                         clock uncertainty           -0.035    10.889    <hidden>
    SLICE_X35Y41         FDRE (Setup_fdre_C_R)       -0.633    10.256    bd_0_i/hls_inst/inst/Output_r_TDATA_reg_reg[14]
  -------------------------------------------------------------------
                         required time                         10.256    <hidden>
                         arrival time                          -9.022    <hidden>
  -------------------------------------------------------------------
                         slack                                  1.234    <hidden>

Slack (MET) :             1.234ns  (required time - arrival time)
  Source:                 bd_0_i/hls_inst/inst/grp_Sobel_Filter_Pipeline_VITIS_LOOP_26_1_VITIS_LOOP_28_2_fu_86/Gx_Value_reg_777_reg[31]/C
                            (rising edge-triggered cell FDRE clocked by ap_clk  {rise@0.000ns fall@5.000ns period=10.000ns})
  Destination:            bd_0_i/hls_inst/inst/Output_r_TDATA_reg_reg[15]/R
                            (rising edge-triggered cell FDRE clocked by ap_clk  {rise@0.000ns fall@5.000ns period=10.000ns})
  Path Group:             ap_clk
  Path Type:              Setup (Max at Slow Process Corner)
  Requirement:            10.000ns  (ap_clk rise@10.000ns - ap_clk rise@0.000ns)
  Data Path Delay:        8.049ns  (logic 3.122ns (38.788%)  route 4.927ns (61.212%))
  Logic Levels:           10  (CARRY4=7 LUT2=2 LUT3=1)
  Clock Path Skew:        -0.049ns (DCD - SCD + CPR)
    Destination Clock Delay (DCD):    0.924ns = ( 10.924 - 10.000 ) 
    Source Clock Delay      (SCD):    0.973ns
    Clock Pessimism Removal (CPR):    0.000ns
  Clock Uncertainty:      0.035ns  ((TSJ^2 + TIJ^2)^1/2 + DJ) / 2 + PE
    Total System Jitter     (TSJ):    0.071ns
    Total Input Jitter      (TIJ):    0.000ns
    Discrete Jitter          (DJ):    0.000ns
    Phase Error              (PE):    0.000ns

    Location             Delay type                Incr(ns)  Path(ns)    Netlist Resource(s)
  -------------------------------------------------------------------    -------------------
                         (clock ap_clk rise edge)     0.000     0.000 r  <hidden>
                                                      0.000     0.000 r  ap_clk
                         net (fo=1308, unset)         0.973     0.973    bd_0_i/hls_inst/inst/grp_Sobel_Filter_Pipeline_VITIS_LOOP_26_1_VITIS_LOOP_28_2_fu_86/ap_clk
    SLICE_X33Y45         FDRE                                         r  bd_0_i/hls_inst/inst/grp_Sobel_Filter_Pipeline_VITIS_LOOP_26_1_VITIS_LOOP_28_2_fu_86/Gx_Value_reg_777_reg[31]/C
  -------------------------------------------------------------------    -------------------
    SLICE_X33Y45         FDRE (Prop_fdre_C_Q)         0.419     1.392 r  bd_0_i/hls_inst/inst/grp_Sobel_Filter_Pipeline_VITIS_LOOP_26_1_VITIS_LOOP_28_2_fu_86/Gx_Value_reg_777_reg[31]/Q
                         net (fo=63, routed)          1.239     2.631    bd_0_i/hls_inst/inst/grp_Sobel_Filter_Pipeline_VITIS_LOOP_26_1_VITIS_LOOP_28_2_fu_86/Gx_Value_reg_777[31]
    SLICE_X34Y37         LUT3 (Prop_lut3_I1_O)        0.326     2.957 r  bd_0_i/hls_inst/inst/grp_Sobel_Filter_Pipeline_VITIS_LOOP_26_1_VITIS_LOOP_28_2_fu_86/Magnitude_fu_574_p2_carry__0_i_3/O
                         net (fo=1, routed)           0.638     3.595    bd_0_i/hls_inst/inst/grp_Sobel_Filter_Pipeline_VITIS_LOOP_26_1_VITIS_LOOP_28_2_fu_86/Gx_Value_Abs_fu_555_p3[5]
    SLICE_X35Y39         CARRY4 (Prop_carry4_DI[1]_CO[3])
                                                      0.714     4.309 r  bd_0_i/hls_inst/inst/grp_Sobel_Filter_Pipeline_VITIS_LOOP_26_1_VITIS_LOOP_28_2_fu_86/Magnitude_fu_574_p2_carry__0/CO[3]
                         net (fo=1, routed)           0.000     4.309    bd_0_i/hls_inst/inst/grp_Sobel_Filter_Pipeline_VITIS_LOOP_26_1_VITIS_LOOP_28_2_fu_86/Magnitude_fu_574_p2_carry__0_n_0
    SLICE_X35Y40         CARRY4 (Prop_carry4_CI_CO[3])
                                                      0.114     4.423 r  bd_0_i/hls_inst/inst/grp_Sobel_Filter_Pipeline_VITIS_LOOP_26_1_VITIS_LOOP_28_2_fu_86/Magnitude_fu_574_p2_carry__1/CO[3]
                         net (fo=1, routed)           0.000     4.423    bd_0_i/hls_inst/inst/grp_Sobel_Filter_Pipeline_VITIS_LOOP_26_1_VITIS_LOOP_28_2_fu_86/Magnitude_fu_574_p2_carry__1_n_0
    SLICE_X35Y41         CARRY4 (Prop_carry4_CI_CO[3])
                                                      0.114     4.537 r  bd_0_i/hls_inst/inst/grp_Sobel_Filter_Pipeline_VITIS_LOOP_26_1_VITIS_LOOP_28_2_fu_86/Magnitude_fu_574_p2_carry__2/CO[3]
                         net (fo=1, routed)           0.000     4.537    bd_0_i/hls_inst/inst/grp_Sobel_Filter_Pipeline_VITIS_LOOP_26_1_VITIS_LOOP_28_2_fu_86/Magnitude_fu_574_p2_carry__2_n_0
    SLICE_X35Y42         CARRY4 (Prop_carry4_CI_CO[3])
                                                      0.114     4.651 r  bd_0_i/hls_inst/inst/grp_Sobel_Filter_Pipeline_VITIS_LOOP_26_1_VITIS_LOOP_28_2_fu_86/Magnitude_fu_574_p2_carry__3/CO[3]
                         net (fo=1, routed)           0.000     4.651    bd_0_i/hls_inst/inst/grp_Sobel_Filter_Pipeline_VITIS_LOOP_26_1_VITIS_LOOP_28_2_fu_86/Magnitude_fu_574_p2_carry__3_n_0
    SLICE_X35Y43         CARRY4 (Prop_carry4_CI_CO[3])
                                                      0.114     4.765 r  bd_0_i/hls_inst/inst/grp_Sobel_Filter_Pipeline_VITIS_LOOP_26_1_VITIS_LOOP_28_2_fu_86/Magnitude_fu_574_p2_carry__4/CO[3]
                         net (fo=1, routed)           0.000     4.765    bd_0_i/hls_inst/inst/grp_Sobel_Filter_Pipeline_VITIS_LOOP_26_1_VITIS_LOOP_28_2_fu_86/Magnitude_fu_574_p2_carry__4_n_0
    SLICE_X35Y44         CARRY4 (Prop_carry4_CI_O[2])
                                                      0.256     5.021 f  bd_0_i/hls_inst/inst/grp_Sobel_Filter_Pipeline_VITIS_LOOP_26_1_VITIS_LOOP_28_2_fu_86/Magnitude_fu_574_p2_carry__5/O[2]
                         net (fo=5, routed)           0.848     5.870    bd_0_i/hls_inst/inst/grp_Sobel_Filter_Pipeline_VITIS_LOOP_26_1_VITIS_LOOP_28_2_fu_86/tmp_2_fu_580_p4[18]
    SLICE_X36Y43         LUT2 (Prop_lut2_I0_O)        0.302     6.172 r  bd_0_i/hls_inst/inst/grp_Sobel_Filter_Pipeline_VITIS_LOOP_26_1_VITIS_LOOP_28_2_fu_86/icmp_ln68_fu_590_p2_carry__1_i_7/O
                         net (fo=1, routed)           0.000     6.172    bd_0_i/hls_inst/inst/grp_Sobel_Filter_Pipeline_VITIS_LOOP_26_1_VITIS_LOOP_28_2_fu_86/icmp_ln68_fu_590_p2_carry__1_i_7_n_0
    SLICE_X36Y43         CARRY4 (Prop_carry4_S[1]_CO[3])
                                                      0.533     6.705 r  bd_0_i/hls_inst/inst/grp_Sobel_Filter_Pipeline_VITIS_LOOP_26_1_VITIS_LOOP_28_2_fu_86/icmp_ln68_fu_590_p2_carry__1/CO[3]
                         net (fo=65, routed)          1.341     8.045    bd_0_i/hls_inst/inst/grp_Sobel_Filter_Pipeline_VITIS_LOOP_26_1_VITIS_LOOP_28_2_fu_86/icmp_ln68_fu_590_p2_carry__1_n_0
    SLICE_X38Y38         LUT2 (Prop_lut2_I0_O)        0.116     8.161 r  bd_0_i/hls_inst/inst/grp_Sobel_Filter_Pipeline_VITIS_LOOP_26_1_VITIS_LOOP_28_2_fu_86/Output_r_TDATA_reg[31]_i_1/O
                         net (fo=32, routed)          0.861     9.022    bd_0_i/hls_inst/inst/grp_Sobel_Filter_Pipeline_VITIS_LOOP_26_1_VITIS_LOOP_28_2_fu_86_n_60
    SLICE_X35Y41         FDRE                                         r  bd_0_i/hls_inst/inst/Output_r_TDATA_reg_reg[15]/R
  -------------------------------------------------------------------    -------------------

                         (clock ap_clk rise edge)    10.000    10.000 r  <hidden>
                                                      0.000    10.000 r  ap_clk
                         net (fo=1308, unset)         0.924    10.924    bd_0_i/hls_inst/inst/ap_clk
    SLICE_X35Y41         FDRE                                         r  bd_0_i/hls_inst/inst/Output_r_TDATA_reg_reg[15]/C
                         clock pessimism              0.000    10.924    <hidden>
                         clock uncertainty           -0.035    10.889    <hidden>
    SLICE_X35Y41         FDRE (Setup_fdre_C_R)       -0.633    10.256    bd_0_i/hls_inst/inst/Output_r_TDATA_reg_reg[15]
  -------------------------------------------------------------------
                         required time                         10.256    <hidden>
                         arrival time                          -9.022    <hidden>
  -------------------------------------------------------------------
                         slack                                  1.234    <hidden>

Slack (MET) :             1.300ns  (required time - arrival time)
  Source:                 bd_0_i/hls_inst/inst/grp_Sobel_Filter_Pipeline_VITIS_LOOP_26_1_VITIS_LOOP_28_2_fu_86/Gx_Value_reg_777_reg[31]/C
                            (rising edge-triggered cell FDRE clocked by ap_clk  {rise@0.000ns fall@5.000ns period=10.000ns})
  Destination:            bd_0_i/hls_inst/inst/Output_r_TDATA_reg_reg[24]/R
                            (rising edge-triggered cell FDRE clocked by ap_clk  {rise@0.000ns fall@5.000ns period=10.000ns})
  Path Group:             ap_clk
  Path Type:              Setup (Max at Slow Process Corner)
  Requirement:            10.000ns  (ap_clk rise@10.000ns - ap_clk rise@0.000ns)
  Data Path Delay:        7.983ns  (logic 3.122ns (39.110%)  route 4.861ns (60.890%))
  Logic Levels:           10  (CARRY4=7 LUT2=2 LUT3=1)
  Clock Path Skew:        -0.049ns (DCD - SCD + CPR)
    Destination Clock Delay (DCD):    0.924ns = ( 10.924 - 10.000 ) 
    Source Clock Delay      (SCD):    0.973ns
    Clock Pessimism Removal (CPR):    0.000ns
  Clock Uncertainty:      0.035ns  ((TSJ^2 + TIJ^2)^1/2 + DJ) / 2 + PE
    Total System Jitter     (TSJ):    0.071ns
    Total Input Jitter      (TIJ):    0.000ns
    Discrete Jitter          (DJ):    0.000ns
    Phase Error              (PE):    0.000ns

    Location             Delay type                Incr(ns)  Path(ns)    Netlist Resource(s)
  -------------------------------------------------------------------    -------------------
                         (clock ap_clk rise edge)     0.000     0.000 r  <hidden>
                                                      0.000     0.000 r  ap_clk
                         net (fo=1308, unset)         0.973     0.973    bd_0_i/hls_inst/inst/grp_Sobel_Filter_Pipeline_VITIS_LOOP_26_1_VITIS_LOOP_28_2_fu_86/ap_clk
    SLICE_X33Y45         FDRE                                         r  bd_0_i/hls_inst/inst/grp_Sobel_Filter_Pipeline_VITIS_LOOP_26_1_VITIS_LOOP_28_2_fu_86/Gx_Value_reg_777_reg[31]/C
  -------------------------------------------------------------------    -------------------
    SLICE_X33Y45         FDRE (Prop_fdre_C_Q)         0.419     1.392 r  bd_0_i/hls_inst/inst/grp_Sobel_Filter_Pipeline_VITIS_LOOP_26_1_VITIS_LOOP_28_2_fu_86/Gx_Value_reg_777_reg[31]/Q
                         net (fo=63, routed)          1.239     2.631    bd_0_i/hls_inst/inst/grp_Sobel_Filter_Pipeline_VITIS_LOOP_26_1_VITIS_LOOP_28_2_fu_86/Gx_Value_reg_777[31]
    SLICE_X34Y37         LUT3 (Prop_lut3_I1_O)        0.326     2.957 r  bd_0_i/hls_inst/inst/grp_Sobel_Filter_Pipeline_VITIS_LOOP_26_1_VITIS_LOOP_28_2_fu_86/Magnitude_fu_574_p2_carry__0_i_3/O
                         net (fo=1, routed)           0.638     3.595    bd_0_i/hls_inst/inst/grp_Sobel_Filter_Pipeline_VITIS_LOOP_26_1_VITIS_LOOP_28_2_fu_86/Gx_Value_Abs_fu_555_p3[5]
    SLICE_X35Y39         CARRY4 (Prop_carry4_DI[1]_CO[3])
                                                      0.714     4.309 r  bd_0_i/hls_inst/inst/grp_Sobel_Filter_Pipeline_VITIS_LOOP_26_1_VITIS_LOOP_28_2_fu_86/Magnitude_fu_574_p2_carry__0/CO[3]
                         net (fo=1, routed)           0.000     4.309    bd_0_i/hls_inst/inst/grp_Sobel_Filter_Pipeline_VITIS_LOOP_26_1_VITIS_LOOP_28_2_fu_86/Magnitude_fu_574_p2_carry__0_n_0
    SLICE_X35Y40         CARRY4 (Prop_carry4_CI_CO[3])
                                                      0.114     4.423 r  bd_0_i/hls_inst/inst/grp_Sobel_Filter_Pipeline_VITIS_LOOP_26_1_VITIS_LOOP_28_2_fu_86/Magnitude_fu_574_p2_carry__1/CO[3]
                         net (fo=1, routed)           0.000     4.423    bd_0_i/hls_inst/inst/grp_Sobel_Filter_Pipeline_VITIS_LOOP_26_1_VITIS_LOOP_28_2_fu_86/Magnitude_fu_574_p2_carry__1_n_0
    SLICE_X35Y41         CARRY4 (Prop_carry4_CI_CO[3])
                                                      0.114     4.537 r  bd_0_i/hls_inst/inst/grp_Sobel_Filter_Pipeline_VITIS_LOOP_26_1_VITIS_LOOP_28_2_fu_86/Magnitude_fu_574_p2_carry__2/CO[3]
                         net (fo=1, routed)           0.000     4.537    bd_0_i/hls_inst/inst/grp_Sobel_Filter_Pipeline_VITIS_LOOP_26_1_VITIS_LOOP_28_2_fu_86/Magnitude_fu_574_p2_carry__2_n_0
    SLICE_X35Y42         CARRY4 (Prop_carry4_CI_CO[3])
                                                      0.114     4.651 r  bd_0_i/hls_inst/inst/grp_Sobel_Filter_Pipeline_VITIS_LOOP_26_1_VITIS_LOOP_28_2_fu_86/Magnitude_fu_574_p2_carry__3/CO[3]
                         net (fo=1, routed)           0.000     4.651    bd_0_i/hls_inst/inst/grp_Sobel_Filter_Pipeline_VITIS_LOOP_26_1_VITIS_LOOP_28_2_fu_86/Magnitude_fu_574_p2_carry__3_n_0
    SLICE_X35Y43         CARRY4 (Prop_carry4_CI_CO[3])
                                                      0.114     4.765 r  bd_0_i/hls_inst/inst/grp_Sobel_Filter_Pipeline_VITIS_LOOP_26_1_VITIS_LOOP_28_2_fu_86/Magnitude_fu_574_p2_carry__4/CO[3]
                         net (fo=1, routed)           0.000     4.765    bd_0_i/hls_inst/inst/grp_Sobel_Filter_Pipeline_VITIS_LOOP_26_1_VITIS_LOOP_28_2_fu_86/Magnitude_fu_574_p2_carry__4_n_0
    SLICE_X35Y44         CARRY4 (Prop_carry4_CI_O[2])
                                                      0.256     5.021 f  bd_0_i/hls_inst/inst/grp_Sobel_Filter_Pipeline_VITIS_LOOP_26_1_VITIS_LOOP_28_2_fu_86/Magnitude_fu_574_p2_carry__5/O[2]
                         net (fo=5, routed)           0.848     5.870    bd_0_i/hls_inst/inst/grp_Sobel_Filter_Pipeline_VITIS_LOOP_26_1_VITIS_LOOP_28_2_fu_86/tmp_2_fu_580_p4[18]
    SLICE_X36Y43         LUT2 (Prop_lut2_I0_O)        0.302     6.172 r  bd_0_i/hls_inst/inst/grp_Sobel_Filter_Pipeline_VITIS_LOOP_26_1_VITIS_LOOP_28_2_fu_86/icmp_ln68_fu_590_p2_carry__1_i_7/O
                         net (fo=1, routed)           0.000     6.172    bd_0_i/hls_inst/inst/grp_Sobel_Filter_Pipeline_VITIS_LOOP_26_1_VITIS_LOOP_28_2_fu_86/icmp_ln68_fu_590_p2_carry__1_i_7_n_0
    SLICE_X36Y43         CARRY4 (Prop_carry4_S[1]_CO[3])
                                                      0.533     6.705 r  bd_0_i/hls_inst/inst/grp_Sobel_Filter_Pipeline_VITIS_LOOP_26_1_VITIS_LOOP_28_2_fu_86/icmp_ln68_fu_590_p2_carry__1/CO[3]
                         net (fo=65, routed)          1.341     8.045    bd_0_i/hls_inst/inst/grp_Sobel_Filter_Pipeline_VITIS_LOOP_26_1_VITIS_LOOP_28_2_fu_86/icmp_ln68_fu_590_p2_carry__1_n_0
    SLICE_X38Y38         LUT2 (Prop_lut2_I0_O)        0.116     8.161 r  bd_0_i/hls_inst/inst/grp_Sobel_Filter_Pipeline_VITIS_LOOP_26_1_VITIS_LOOP_28_2_fu_86/Output_r_TDATA_reg[31]_i_1/O
                         net (fo=32, routed)          0.794     8.956    bd_0_i/hls_inst/inst/grp_Sobel_Filter_Pipeline_VITIS_LOOP_26_1_VITIS_LOOP_28_2_fu_86_n_60
    SLICE_X35Y44         FDRE                                         r  bd_0_i/hls_inst/inst/Output_r_TDATA_reg_reg[24]/R
  -------------------------------------------------------------------    -------------------

                         (clock ap_clk rise edge)    10.000    10.000 r  <hidden>
                                                      0.000    10.000 r  ap_clk
                         net (fo=1308, unset)         0.924    10.924    bd_0_i/hls_inst/inst/ap_clk
    SLICE_X35Y44         FDRE                                         r  bd_0_i/hls_inst/inst/Output_r_TDATA_reg_reg[24]/C
                         clock pessimism              0.000    10.924    <hidden>
                         clock uncertainty           -0.035    10.889    <hidden>
    SLICE_X35Y44         FDRE (Setup_fdre_C_R)       -0.633    10.256    bd_0_i/hls_inst/inst/Output_r_TDATA_reg_reg[24]
  -------------------------------------------------------------------
                         required time                         10.256    <hidden>
                         arrival time                          -8.956    <hidden>
  -------------------------------------------------------------------
                         slack                                  1.300    <hidden>

Slack (MET) :             1.300ns  (required time - arrival time)
  Source:                 bd_0_i/hls_inst/inst/grp_Sobel_Filter_Pipeline_VITIS_LOOP_26_1_VITIS_LOOP_28_2_fu_86/Gx_Value_reg_777_reg[31]/C
                            (rising edge-triggered cell FDRE clocked by ap_clk  {rise@0.000ns fall@5.000ns period=10.000ns})
  Destination:            bd_0_i/hls_inst/inst/Output_r_TDATA_reg_reg[25]/R
                            (rising edge-triggered cell FDRE clocked by ap_clk  {rise@0.000ns fall@5.000ns period=10.000ns})
  Path Group:             ap_clk
  Path Type:              Setup (Max at Slow Process Corner)
  Requirement:            10.000ns  (ap_clk rise@10.000ns - ap_clk rise@0.000ns)
  Data Path Delay:        7.983ns  (logic 3.122ns (39.110%)  route 4.861ns (60.890%))
  Logic Levels:           10  (CARRY4=7 LUT2=2 LUT3=1)
  Clock Path Skew:        -0.049ns (DCD - SCD + CPR)
    Destination Clock Delay (DCD):    0.924ns = ( 10.924 - 10.000 ) 
    Source Clock Delay      (SCD):    0.973ns
    Clock Pessimism Removal (CPR):    0.000ns
  Clock Uncertainty:      0.035ns  ((TSJ^2 + TIJ^2)^1/2 + DJ) / 2 + PE
    Total System Jitter     (TSJ):    0.071ns
    Total Input Jitter      (TIJ):    0.000ns
    Discrete Jitter          (DJ):    0.000ns
    Phase Error              (PE):    0.000ns

    Location             Delay type                Incr(ns)  Path(ns)    Netlist Resource(s)
  -------------------------------------------------------------------    -------------------
                         (clock ap_clk rise edge)     0.000     0.000 r  <hidden>
                                                      0.000     0.000 r  ap_clk
                         net (fo=1308, unset)         0.973     0.973    bd_0_i/hls_inst/inst/grp_Sobel_Filter_Pipeline_VITIS_LOOP_26_1_VITIS_LOOP_28_2_fu_86/ap_clk
    SLICE_X33Y45         FDRE                                         r  bd_0_i/hls_inst/inst/grp_Sobel_Filter_Pipeline_VITIS_LOOP_26_1_VITIS_LOOP_28_2_fu_86/Gx_Value_reg_777_reg[31]/C
  -------------------------------------------------------------------    -------------------
    SLICE_X33Y45         FDRE (Prop_fdre_C_Q)         0.419     1.392 r  bd_0_i/hls_inst/inst/grp_Sobel_Filter_Pipeline_VITIS_LOOP_26_1_VITIS_LOOP_28_2_fu_86/Gx_Value_reg_777_reg[31]/Q
                         net (fo=63, routed)          1.239     2.631    bd_0_i/hls_inst/inst/grp_Sobel_Filter_Pipeline_VITIS_LOOP_26_1_VITIS_LOOP_28_2_fu_86/Gx_Value_reg_777[31]
    SLICE_X34Y37         LUT3 (Prop_lut3_I1_O)        0.326     2.957 r  bd_0_i/hls_inst/inst/grp_Sobel_Filter_Pipeline_VITIS_LOOP_26_1_VITIS_LOOP_28_2_fu_86/Magnitude_fu_574_p2_carry__0_i_3/O
                         net (fo=1, routed)           0.638     3.595    bd_0_i/hls_inst/inst/grp_Sobel_Filter_Pipeline_VITIS_LOOP_26_1_VITIS_LOOP_28_2_fu_86/Gx_Value_Abs_fu_555_p3[5]
    SLICE_X35Y39         CARRY4 (Prop_carry4_DI[1]_CO[3])
                                                      0.714     4.309 r  bd_0_i/hls_inst/inst/grp_Sobel_Filter_Pipeline_VITIS_LOOP_26_1_VITIS_LOOP_28_2_fu_86/Magnitude_fu_574_p2_carry__0/CO[3]
                         net (fo=1, routed)           0.000     4.309    bd_0_i/hls_inst/inst/grp_Sobel_Filter_Pipeline_VITIS_LOOP_26_1_VITIS_LOOP_28_2_fu_86/Magnitude_fu_574_p2_carry__0_n_0
    SLICE_X35Y40         CARRY4 (Prop_carry4_CI_CO[3])
                                                      0.114     4.423 r  bd_0_i/hls_inst/inst/grp_Sobel_Filter_Pipeline_VITIS_LOOP_26_1_VITIS_LOOP_28_2_fu_86/Magnitude_fu_574_p2_carry__1/CO[3]
                         net (fo=1, routed)           0.000     4.423    bd_0_i/hls_inst/inst/grp_Sobel_Filter_Pipeline_VITIS_LOOP_26_1_VITIS_LOOP_28_2_fu_86/Magnitude_fu_574_p2_carry__1_n_0
    SLICE_X35Y41         CARRY4 (Prop_carry4_CI_CO[3])
                                                      0.114     4.537 r  bd_0_i/hls_inst/inst/grp_Sobel_Filter_Pipeline_VITIS_LOOP_26_1_VITIS_LOOP_28_2_fu_86/Magnitude_fu_574_p2_carry__2/CO[3]
                         net (fo=1, routed)           0.000     4.537    bd_0_i/hls_inst/inst/grp_Sobel_Filter_Pipeline_VITIS_LOOP_26_1_VITIS_LOOP_28_2_fu_86/Magnitude_fu_574_p2_carry__2_n_0
    SLICE_X35Y42         CARRY4 (Prop_carry4_CI_CO[3])
                                                      0.114     4.651 r  bd_0_i/hls_inst/inst/grp_Sobel_Filter_Pipeline_VITIS_LOOP_26_1_VITIS_LOOP_28_2_fu_86/Magnitude_fu_574_p2_carry__3/CO[3]
                         net (fo=1, routed)           0.000     4.651    bd_0_i/hls_inst/inst/grp_Sobel_Filter_Pipeline_VITIS_LOOP_26_1_VITIS_LOOP_28_2_fu_86/Magnitude_fu_574_p2_carry__3_n_0
    SLICE_X35Y43         CARRY4 (Prop_carry4_CI_CO[3])
                                                      0.114     4.765 r  bd_0_i/hls_inst/inst/grp_Sobel_Filter_Pipeline_VITIS_LOOP_26_1_VITIS_LOOP_28_2_fu_86/Magnitude_fu_574_p2_carry__4/CO[3]
                         net (fo=1, routed)           0.000     4.765    bd_0_i/hls_inst/inst/grp_Sobel_Filter_Pipeline_VITIS_LOOP_26_1_VITIS_LOOP_28_2_fu_86/Magnitude_fu_574_p2_carry__4_n_0
    SLICE_X35Y44         CARRY4 (Prop_carry4_CI_O[2])
                                                      0.256     5.021 f  bd_0_i/hls_inst/inst/grp_Sobel_Filter_Pipeline_VITIS_LOOP_26_1_VITIS_LOOP_28_2_fu_86/Magnitude_fu_574_p2_carry__5/O[2]
                         net (fo=5, routed)           0.848     5.870    bd_0_i/hls_inst/inst/grp_Sobel_Filter_Pipeline_VITIS_LOOP_26_1_VITIS_LOOP_28_2_fu_86/tmp_2_fu_580_p4[18]
    SLICE_X36Y43         LUT2 (Prop_lut2_I0_O)        0.302     6.172 r  bd_0_i/hls_inst/inst/grp_Sobel_Filter_Pipeline_VITIS_LOOP_26_1_VITIS_LOOP_28_2_fu_86/icmp_ln68_fu_590_p2_carry__1_i_7/O
                         net (fo=1, routed)           0.000     6.172    bd_0_i/hls_inst/inst/grp_Sobel_Filter_Pipeline_VITIS_LOOP_26_1_VITIS_LOOP_28_2_fu_86/icmp_ln68_fu_590_p2_carry__1_i_7_n_0
    SLICE_X36Y43         CARRY4 (Prop_carry4_S[1]_CO[3])
                                                      0.533     6.705 r  bd_0_i/hls_inst/inst/grp_Sobel_Filter_Pipeline_VITIS_LOOP_26_1_VITIS_LOOP_28_2_fu_86/icmp_ln68_fu_590_p2_carry__1/CO[3]
                         net (fo=65, routed)          1.341     8.045    bd_0_i/hls_inst/inst/grp_Sobel_Filter_Pipeline_VITIS_LOOP_26_1_VITIS_LOOP_28_2_fu_86/icmp_ln68_fu_590_p2_carry__1_n_0
    SLICE_X38Y38         LUT2 (Prop_lut2_I0_O)        0.116     8.161 r  bd_0_i/hls_inst/inst/grp_Sobel_Filter_Pipeline_VITIS_LOOP_26_1_VITIS_LOOP_28_2_fu_86/Output_r_TDATA_reg[31]_i_1/O
                         net (fo=32, routed)          0.794     8.956    bd_0_i/hls_inst/inst/grp_Sobel_Filter_Pipeline_VITIS_LOOP_26_1_VITIS_LOOP_28_2_fu_86_n_60
    SLICE_X35Y44         FDRE                                         r  bd_0_i/hls_inst/inst/Output_r_TDATA_reg_reg[25]/R
  -------------------------------------------------------------------    -------------------

                         (clock ap_clk rise edge)    10.000    10.000 r  <hidden>
                                                      0.000    10.000 r  ap_clk
                         net (fo=1308, unset)         0.924    10.924    bd_0_i/hls_inst/inst/ap_clk
    SLICE_X35Y44         FDRE                                         r  bd_0_i/hls_inst/inst/Output_r_TDATA_reg_reg[25]/C
                         clock pessimism              0.000    10.924    <hidden>
                         clock uncertainty           -0.035    10.889    <hidden>
    SLICE_X35Y44         FDRE (Setup_fdre_C_R)       -0.633    10.256    bd_0_i/hls_inst/inst/Output_r_TDATA_reg_reg[25]
  -------------------------------------------------------------------
                         required time                         10.256    <hidden>
                         arrival time                          -8.956    <hidden>
  -------------------------------------------------------------------
                         slack                                  1.300    <hidden>

Slack (MET) :             1.300ns  (required time - arrival time)
  Source:                 bd_0_i/hls_inst/inst/grp_Sobel_Filter_Pipeline_VITIS_LOOP_26_1_VITIS_LOOP_28_2_fu_86/Gx_Value_reg_777_reg[31]/C
                            (rising edge-triggered cell FDRE clocked by ap_clk  {rise@0.000ns fall@5.000ns period=10.000ns})
  Destination:            bd_0_i/hls_inst/inst/Output_r_TDATA_reg_reg[26]/R
                            (rising edge-triggered cell FDRE clocked by ap_clk  {rise@0.000ns fall@5.000ns period=10.000ns})
  Path Group:             ap_clk
  Path Type:              Setup (Max at Slow Process Corner)
  Requirement:            10.000ns  (ap_clk rise@10.000ns - ap_clk rise@0.000ns)
  Data Path Delay:        7.983ns  (logic 3.122ns (39.110%)  route 4.861ns (60.890%))
  Logic Levels:           10  (CARRY4=7 LUT2=2 LUT3=1)
  Clock Path Skew:        -0.049ns (DCD - SCD + CPR)
    Destination Clock Delay (DCD):    0.924ns = ( 10.924 - 10.000 ) 
    Source Clock Delay      (SCD):    0.973ns
    Clock Pessimism Removal (CPR):    0.000ns
  Clock Uncertainty:      0.035ns  ((TSJ^2 + TIJ^2)^1/2 + DJ) / 2 + PE
    Total System Jitter     (TSJ):    0.071ns
    Total Input Jitter      (TIJ):    0.000ns
    Discrete Jitter          (DJ):    0.000ns
    Phase Error              (PE):    0.000ns

    Location             Delay type                Incr(ns)  Path(ns)    Netlist Resource(s)
  -------------------------------------------------------------------    -------------------
                         (clock ap_clk rise edge)     0.000     0.000 r  <hidden>
                                                      0.000     0.000 r  ap_clk
                         net (fo=1308, unset)         0.973     0.973    bd_0_i/hls_inst/inst/grp_Sobel_Filter_Pipeline_VITIS_LOOP_26_1_VITIS_LOOP_28_2_fu_86/ap_clk
    SLICE_X33Y45         FDRE                                         r  bd_0_i/hls_inst/inst/grp_Sobel_Filter_Pipeline_VITIS_LOOP_26_1_VITIS_LOOP_28_2_fu_86/Gx_Value_reg_777_reg[31]/C
  -------------------------------------------------------------------    -------------------
    SLICE_X33Y45         FDRE (Prop_fdre_C_Q)         0.419     1.392 r  bd_0_i/hls_inst/inst/grp_Sobel_Filter_Pipeline_VITIS_LOOP_26_1_VITIS_LOOP_28_2_fu_86/Gx_Value_reg_777_reg[31]/Q
                         net (fo=63, routed)          1.239     2.631    bd_0_i/hls_inst/inst/grp_Sobel_Filter_Pipeline_VITIS_LOOP_26_1_VITIS_LOOP_28_2_fu_86/Gx_Value_reg_777[31]
    SLICE_X34Y37         LUT3 (Prop_lut3_I1_O)        0.326     2.957 r  bd_0_i/hls_inst/inst/grp_Sobel_Filter_Pipeline_VITIS_LOOP_26_1_VITIS_LOOP_28_2_fu_86/Magnitude_fu_574_p2_carry__0_i_3/O
                         net (fo=1, routed)           0.638     3.595    bd_0_i/hls_inst/inst/grp_Sobel_Filter_Pipeline_VITIS_LOOP_26_1_VITIS_LOOP_28_2_fu_86/Gx_Value_Abs_fu_555_p3[5]
    SLICE_X35Y39         CARRY4 (Prop_carry4_DI[1]_CO[3])
                                                      0.714     4.309 r  bd_0_i/hls_inst/inst/grp_Sobel_Filter_Pipeline_VITIS_LOOP_26_1_VITIS_LOOP_28_2_fu_86/Magnitude_fu_574_p2_carry__0/CO[3]
                         net (fo=1, routed)           0.000     4.309    bd_0_i/hls_inst/inst/grp_Sobel_Filter_Pipeline_VITIS_LOOP_26_1_VITIS_LOOP_28_2_fu_86/Magnitude_fu_574_p2_carry__0_n_0
    SLICE_X35Y40         CARRY4 (Prop_carry4_CI_CO[3])
                                                      0.114     4.423 r  bd_0_i/hls_inst/inst/grp_Sobel_Filter_Pipeline_VITIS_LOOP_26_1_VITIS_LOOP_28_2_fu_86/Magnitude_fu_574_p2_carry__1/CO[3]
                         net (fo=1, routed)           0.000     4.423    bd_0_i/hls_inst/inst/grp_Sobel_Filter_Pipeline_VITIS_LOOP_26_1_VITIS_LOOP_28_2_fu_86/Magnitude_fu_574_p2_carry__1_n_0
    SLICE_X35Y41         CARRY4 (Prop_carry4_CI_CO[3])
                                                      0.114     4.537 r  bd_0_i/hls_inst/inst/grp_Sobel_Filter_Pipeline_VITIS_LOOP_26_1_VITIS_LOOP_28_2_fu_86/Magnitude_fu_574_p2_carry__2/CO[3]
                         net (fo=1, routed)           0.000     4.537    bd_0_i/hls_inst/inst/grp_Sobel_Filter_Pipeline_VITIS_LOOP_26_1_VITIS_LOOP_28_2_fu_86/Magnitude_fu_574_p2_carry__2_n_0
    SLICE_X35Y42         CARRY4 (Prop_carry4_CI_CO[3])
                                                      0.114     4.651 r  bd_0_i/hls_inst/inst/grp_Sobel_Filter_Pipeline_VITIS_LOOP_26_1_VITIS_LOOP_28_2_fu_86/Magnitude_fu_574_p2_carry__3/CO[3]
                         net (fo=1, routed)           0.000     4.651    bd_0_i/hls_inst/inst/grp_Sobel_Filter_Pipeline_VITIS_LOOP_26_1_VITIS_LOOP_28_2_fu_86/Magnitude_fu_574_p2_carry__3_n_0
    SLICE_X35Y43         CARRY4 (Prop_carry4_CI_CO[3])
                                                      0.114     4.765 r  bd_0_i/hls_inst/inst/grp_Sobel_Filter_Pipeline_VITIS_LOOP_26_1_VITIS_LOOP_28_2_fu_86/Magnitude_fu_574_p2_carry__4/CO[3]
                         net (fo=1, routed)           0.000     4.765    bd_0_i/hls_inst/inst/grp_Sobel_Filter_Pipeline_VITIS_LOOP_26_1_VITIS_LOOP_28_2_fu_86/Magnitude_fu_574_p2_carry__4_n_0
    SLICE_X35Y44         CARRY4 (Prop_carry4_CI_O[2])
                                                      0.256     5.021 f  bd_0_i/hls_inst/inst/grp_Sobel_Filter_Pipeline_VITIS_LOOP_26_1_VITIS_LOOP_28_2_fu_86/Magnitude_fu_574_p2_carry__5/O[2]
                         net (fo=5, routed)           0.848     5.870    bd_0_i/hls_inst/inst/grp_Sobel_Filter_Pipeline_VITIS_LOOP_26_1_VITIS_LOOP_28_2_fu_86/tmp_2_fu_580_p4[18]
    SLICE_X36Y43         LUT2 (Prop_lut2_I0_O)        0.302     6.172 r  bd_0_i/hls_inst/inst/grp_Sobel_Filter_Pipeline_VITIS_LOOP_26_1_VITIS_LOOP_28_2_fu_86/icmp_ln68_fu_590_p2_carry__1_i_7/O
                         net (fo=1, routed)           0.000     6.172    bd_0_i/hls_inst/inst/grp_Sobel_Filter_Pipeline_VITIS_LOOP_26_1_VITIS_LOOP_28_2_fu_86/icmp_ln68_fu_590_p2_carry__1_i_7_n_0
    SLICE_X36Y43         CARRY4 (Prop_carry4_S[1]_CO[3])
                                                      0.533     6.705 r  bd_0_i/hls_inst/inst/grp_Sobel_Filter_Pipeline_VITIS_LOOP_26_1_VITIS_LOOP_28_2_fu_86/icmp_ln68_fu_590_p2_carry__1/CO[3]
                         net (fo=65, routed)          1.341     8.045    bd_0_i/hls_inst/inst/grp_Sobel_Filter_Pipeline_VITIS_LOOP_26_1_VITIS_LOOP_28_2_fu_86/icmp_ln68_fu_590_p2_carry__1_n_0
    SLICE_X38Y38         LUT2 (Prop_lut2_I0_O)        0.116     8.161 r  bd_0_i/hls_inst/inst/grp_Sobel_Filter_Pipeline_VITIS_LOOP_26_1_VITIS_LOOP_28_2_fu_86/Output_r_TDATA_reg[31]_i_1/O
                         net (fo=32, routed)          0.794     8.956    bd_0_i/hls_inst/inst/grp_Sobel_Filter_Pipeline_VITIS_LOOP_26_1_VITIS_LOOP_28_2_fu_86_n_60
    SLICE_X35Y44         FDRE                                         r  bd_0_i/hls_inst/inst/Output_r_TDATA_reg_reg[26]/R
  -------------------------------------------------------------------    -------------------

                         (clock ap_clk rise edge)    10.000    10.000 r  <hidden>
                                                      0.000    10.000 r  ap_clk
                         net (fo=1308, unset)         0.924    10.924    bd_0_i/hls_inst/inst/ap_clk
    SLICE_X35Y44         FDRE                                         r  bd_0_i/hls_inst/inst/Output_r_TDATA_reg_reg[26]/C
                         clock pessimism              0.000    10.924    <hidden>
                         clock uncertainty           -0.035    10.889    <hidden>
    SLICE_X35Y44         FDRE (Setup_fdre_C_R)       -0.633    10.256    bd_0_i/hls_inst/inst/Output_r_TDATA_reg_reg[26]
  -------------------------------------------------------------------
                         required time                         10.256    <hidden>
                         arrival time                          -8.956    <hidden>
  -------------------------------------------------------------------
                         slack                                  1.300    <hidden>

Slack (MET) :             1.300ns  (required time - arrival time)
  Source:                 bd_0_i/hls_inst/inst/grp_Sobel_Filter_Pipeline_VITIS_LOOP_26_1_VITIS_LOOP_28_2_fu_86/Gx_Value_reg_777_reg[31]/C
                            (rising edge-triggered cell FDRE clocked by ap_clk  {rise@0.000ns fall@5.000ns period=10.000ns})
  Destination:            bd_0_i/hls_inst/inst/Output_r_TDATA_reg_reg[27]/R
                            (rising edge-triggered cell FDRE clocked by ap_clk  {rise@0.000ns fall@5.000ns period=10.000ns})
  Path Group:             ap_clk
  Path Type:              Setup (Max at Slow Process Corner)
  Requirement:            10.000ns  (ap_clk rise@10.000ns - ap_clk rise@0.000ns)
  Data Path Delay:        7.983ns  (logic 3.122ns (39.110%)  route 4.861ns (60.890%))
  Logic Levels:           10  (CARRY4=7 LUT2=2 LUT3=1)
  Clock Path Skew:        -0.049ns (DCD - SCD + CPR)
    Destination Clock Delay (DCD):    0.924ns = ( 10.924 - 10.000 ) 
    Source Clock Delay      (SCD):    0.973ns
    Clock Pessimism Removal (CPR):    0.000ns
  Clock Uncertainty:      0.035ns  ((TSJ^2 + TIJ^2)^1/2 + DJ) / 2 + PE
    Total System Jitter     (TSJ):    0.071ns
    Total Input Jitter      (TIJ):    0.000ns
    Discrete Jitter          (DJ):    0.000ns
    Phase Error              (PE):    0.000ns

    Location             Delay type                Incr(ns)  Path(ns)    Netlist Resource(s)
  -------------------------------------------------------------------    -------------------
                         (clock ap_clk rise edge)     0.000     0.000 r  <hidden>
                                                      0.000     0.000 r  ap_clk
                         net (fo=1308, unset)         0.973     0.973    bd_0_i/hls_inst/inst/grp_Sobel_Filter_Pipeline_VITIS_LOOP_26_1_VITIS_LOOP_28_2_fu_86/ap_clk
    SLICE_X33Y45         FDRE                                         r  bd_0_i/hls_inst/inst/grp_Sobel_Filter_Pipeline_VITIS_LOOP_26_1_VITIS_LOOP_28_2_fu_86/Gx_Value_reg_777_reg[31]/C
  -------------------------------------------------------------------    -------------------
    SLICE_X33Y45         FDRE (Prop_fdre_C_Q)         0.419     1.392 r  bd_0_i/hls_inst/inst/grp_Sobel_Filter_Pipeline_VITIS_LOOP_26_1_VITIS_LOOP_28_2_fu_86/Gx_Value_reg_777_reg[31]/Q
                         net (fo=63, routed)          1.239     2.631    bd_0_i/hls_inst/inst/grp_Sobel_Filter_Pipeline_VITIS_LOOP_26_1_VITIS_LOOP_28_2_fu_86/Gx_Value_reg_777[31]
    SLICE_X34Y37         LUT3 (Prop_lut3_I1_O)        0.326     2.957 r  bd_0_i/hls_inst/inst/grp_Sobel_Filter_Pipeline_VITIS_LOOP_26_1_VITIS_LOOP_28_2_fu_86/Magnitude_fu_574_p2_carry__0_i_3/O
                         net (fo=1, routed)           0.638     3.595    bd_0_i/hls_inst/inst/grp_Sobel_Filter_Pipeline_VITIS_LOOP_26_1_VITIS_LOOP_28_2_fu_86/Gx_Value_Abs_fu_555_p3[5]
    SLICE_X35Y39         CARRY4 (Prop_carry4_DI[1]_CO[3])
                                                      0.714     4.309 r  bd_0_i/hls_inst/inst/grp_Sobel_Filter_Pipeline_VITIS_LOOP_26_1_VITIS_LOOP_28_2_fu_86/Magnitude_fu_574_p2_carry__0/CO[3]
                         net (fo=1, routed)           0.000     4.309    bd_0_i/hls_inst/inst/grp_Sobel_Filter_Pipeline_VITIS_LOOP_26_1_VITIS_LOOP_28_2_fu_86/Magnitude_fu_574_p2_carry__0_n_0
    SLICE_X35Y40         CARRY4 (Prop_carry4_CI_CO[3])
                                                      0.114     4.423 r  bd_0_i/hls_inst/inst/grp_Sobel_Filter_Pipeline_VITIS_LOOP_26_1_VITIS_LOOP_28_2_fu_86/Magnitude_fu_574_p2_carry__1/CO[3]
                         net (fo=1, routed)           0.000     4.423    bd_0_i/hls_inst/inst/grp_Sobel_Filter_Pipeline_VITIS_LOOP_26_1_VITIS_LOOP_28_2_fu_86/Magnitude_fu_574_p2_carry__1_n_0
    SLICE_X35Y41         CARRY4 (Prop_carry4_CI_CO[3])
                                                      0.114     4.537 r  bd_0_i/hls_inst/inst/grp_Sobel_Filter_Pipeline_VITIS_LOOP_26_1_VITIS_LOOP_28_2_fu_86/Magnitude_fu_574_p2_carry__2/CO[3]
                         net (fo=1, routed)           0.000     4.537    bd_0_i/hls_inst/inst/grp_Sobel_Filter_Pipeline_VITIS_LOOP_26_1_VITIS_LOOP_28_2_fu_86/Magnitude_fu_574_p2_carry__2_n_0
    SLICE_X35Y42         CARRY4 (Prop_carry4_CI_CO[3])
                                                      0.114     4.651 r  bd_0_i/hls_inst/inst/grp_Sobel_Filter_Pipeline_VITIS_LOOP_26_1_VITIS_LOOP_28_2_fu_86/Magnitude_fu_574_p2_carry__3/CO[3]
                         net (fo=1, routed)           0.000     4.651    bd_0_i/hls_inst/inst/grp_Sobel_Filter_Pipeline_VITIS_LOOP_26_1_VITIS_LOOP_28_2_fu_86/Magnitude_fu_574_p2_carry__3_n_0
    SLICE_X35Y43         CARRY4 (Prop_carry4_CI_CO[3])
                                                      0.114     4.765 r  bd_0_i/hls_inst/inst/grp_Sobel_Filter_Pipeline_VITIS_LOOP_26_1_VITIS_LOOP_28_2_fu_86/Magnitude_fu_574_p2_carry__4/CO[3]
                         net (fo=1, routed)           0.000     4.765    bd_0_i/hls_inst/inst/grp_Sobel_Filter_Pipeline_VITIS_LOOP_26_1_VITIS_LOOP_28_2_fu_86/Magnitude_fu_574_p2_carry__4_n_0
    SLICE_X35Y44         CARRY4 (Prop_carry4_CI_O[2])
                                                      0.256     5.021 f  bd_0_i/hls_inst/inst/grp_Sobel_Filter_Pipeline_VITIS_LOOP_26_1_VITIS_LOOP_28_2_fu_86/Magnitude_fu_574_p2_carry__5/O[2]
                         net (fo=5, routed)           0.848     5.870    bd_0_i/hls_inst/inst/grp_Sobel_Filter_Pipeline_VITIS_LOOP_26_1_VITIS_LOOP_28_2_fu_86/tmp_2_fu_580_p4[18]
    SLICE_X36Y43         LUT2 (Prop_lut2_I0_O)        0.302     6.172 r  bd_0_i/hls_inst/inst/grp_Sobel_Filter_Pipeline_VITIS_LOOP_26_1_VITIS_LOOP_28_2_fu_86/icmp_ln68_fu_590_p2_carry__1_i_7/O
                         net (fo=1, routed)           0.000     6.172    bd_0_i/hls_inst/inst/grp_Sobel_Filter_Pipeline_VITIS_LOOP_26_1_VITIS_LOOP_28_2_fu_86/icmp_ln68_fu_590_p2_carry__1_i_7_n_0
    SLICE_X36Y43         CARRY4 (Prop_carry4_S[1]_CO[3])
                                                      0.533     6.705 r  bd_0_i/hls_inst/inst/grp_Sobel_Filter_Pipeline_VITIS_LOOP_26_1_VITIS_LOOP_28_2_fu_86/icmp_ln68_fu_590_p2_carry__1/CO[3]
                         net (fo=65, routed)          1.341     8.045    bd_0_i/hls_inst/inst/grp_Sobel_Filter_Pipeline_VITIS_LOOP_26_1_VITIS_LOOP_28_2_fu_86/icmp_ln68_fu_590_p2_carry__1_n_0
    SLICE_X38Y38         LUT2 (Prop_lut2_I0_O)        0.116     8.161 r  bd_0_i/hls_inst/inst/grp_Sobel_Filter_Pipeline_VITIS_LOOP_26_1_VITIS_LOOP_28_2_fu_86/Output_r_TDATA_reg[31]_i_1/O
                         net (fo=32, routed)          0.794     8.956    bd_0_i/hls_inst/inst/grp_Sobel_Filter_Pipeline_VITIS_LOOP_26_1_VITIS_LOOP_28_2_fu_86_n_60
    SLICE_X35Y44         FDRE                                         r  bd_0_i/hls_inst/inst/Output_r_TDATA_reg_reg[27]/R
  -------------------------------------------------------------------    -------------------

                         (clock ap_clk rise edge)    10.000    10.000 r  <hidden>
                                                      0.000    10.000 r  ap_clk
                         net (fo=1308, unset)         0.924    10.924    bd_0_i/hls_inst/inst/ap_clk
    SLICE_X35Y44         FDRE                                         r  bd_0_i/hls_inst/inst/Output_r_TDATA_reg_reg[27]/C
                         clock pessimism              0.000    10.924    <hidden>
                         clock uncertainty           -0.035    10.889    <hidden>
    SLICE_X35Y44         FDRE (Setup_fdre_C_R)       -0.633    10.256    bd_0_i/hls_inst/inst/Output_r_TDATA_reg_reg[27]
  -------------------------------------------------------------------
                         required time                         10.256    <hidden>
                         arrival time                          -8.956    <hidden>
  -------------------------------------------------------------------
                         slack                                  1.300    <hidden>

Slack (MET) :             1.313ns  (required time - arrival time)
  Source:                 bd_0_i/hls_inst/inst/grp_Sobel_Filter_Pipeline_VITIS_LOOP_26_1_VITIS_LOOP_28_2_fu_86/Gx_Value_reg_777_reg[31]/C
                            (rising edge-triggered cell FDRE clocked by ap_clk  {rise@0.000ns fall@5.000ns period=10.000ns})
  Destination:            bd_0_i/hls_inst/inst/Output_r_TDATA_reg_reg[28]/R
                            (rising edge-triggered cell FDRE clocked by ap_clk  {rise@0.000ns fall@5.000ns period=10.000ns})
  Path Group:             ap_clk
  Path Type:              Setup (Max at Slow Process Corner)
  Requirement:            10.000ns  (ap_clk rise@10.000ns - ap_clk rise@0.000ns)
  Data Path Delay:        7.970ns  (logic 3.122ns (39.173%)  route 4.848ns (60.827%))
  Logic Levels:           10  (CARRY4=7 LUT2=2 LUT3=1)
  Clock Path Skew:        -0.049ns (DCD - SCD + CPR)
    Destination Clock Delay (DCD):    0.924ns = ( 10.924 - 10.000 ) 
    Source Clock Delay      (SCD):    0.973ns
    Clock Pessimism Removal (CPR):    0.000ns
  Clock Uncertainty:      0.035ns  ((TSJ^2 + TIJ^2)^1/2 + DJ) / 2 + PE
    Total System Jitter     (TSJ):    0.071ns
    Total Input Jitter      (TIJ):    0.000ns
    Discrete Jitter          (DJ):    0.000ns
    Phase Error              (PE):    0.000ns

    Location             Delay type                Incr(ns)  Path(ns)    Netlist Resource(s)
  -------------------------------------------------------------------    -------------------
                         (clock ap_clk rise edge)     0.000     0.000 r  <hidden>
                                                      0.000     0.000 r  ap_clk
                         net (fo=1308, unset)         0.973     0.973    bd_0_i/hls_inst/inst/grp_Sobel_Filter_Pipeline_VITIS_LOOP_26_1_VITIS_LOOP_28_2_fu_86/ap_clk
    SLICE_X33Y45         FDRE                                         r  bd_0_i/hls_inst/inst/grp_Sobel_Filter_Pipeline_VITIS_LOOP_26_1_VITIS_LOOP_28_2_fu_86/Gx_Value_reg_777_reg[31]/C
  -------------------------------------------------------------------    -------------------
    SLICE_X33Y45         FDRE (Prop_fdre_C_Q)         0.419     1.392 r  bd_0_i/hls_inst/inst/grp_Sobel_Filter_Pipeline_VITIS_LOOP_26_1_VITIS_LOOP_28_2_fu_86/Gx_Value_reg_777_reg[31]/Q
                         net (fo=63, routed)          1.239     2.631    bd_0_i/hls_inst/inst/grp_Sobel_Filter_Pipeline_VITIS_LOOP_26_1_VITIS_LOOP_28_2_fu_86/Gx_Value_reg_777[31]
    SLICE_X34Y37         LUT3 (Prop_lut3_I1_O)        0.326     2.957 r  bd_0_i/hls_inst/inst/grp_Sobel_Filter_Pipeline_VITIS_LOOP_26_1_VITIS_LOOP_28_2_fu_86/Magnitude_fu_574_p2_carry__0_i_3/O
                         net (fo=1, routed)           0.638     3.595    bd_0_i/hls_inst/inst/grp_Sobel_Filter_Pipeline_VITIS_LOOP_26_1_VITIS_LOOP_28_2_fu_86/Gx_Value_Abs_fu_555_p3[5]
    SLICE_X35Y39         CARRY4 (Prop_carry4_DI[1]_CO[3])
                                                      0.714     4.309 r  bd_0_i/hls_inst/inst/grp_Sobel_Filter_Pipeline_VITIS_LOOP_26_1_VITIS_LOOP_28_2_fu_86/Magnitude_fu_574_p2_carry__0/CO[3]
                         net (fo=1, routed)           0.000     4.309    bd_0_i/hls_inst/inst/grp_Sobel_Filter_Pipeline_VITIS_LOOP_26_1_VITIS_LOOP_28_2_fu_86/Magnitude_fu_574_p2_carry__0_n_0
    SLICE_X35Y40         CARRY4 (Prop_carry4_CI_CO[3])
                                                      0.114     4.423 r  bd_0_i/hls_inst/inst/grp_Sobel_Filter_Pipeline_VITIS_LOOP_26_1_VITIS_LOOP_28_2_fu_86/Magnitude_fu_574_p2_carry__1/CO[3]
                         net (fo=1, routed)           0.000     4.423    bd_0_i/hls_inst/inst/grp_Sobel_Filter_Pipeline_VITIS_LOOP_26_1_VITIS_LOOP_28_2_fu_86/Magnitude_fu_574_p2_carry__1_n_0
    SLICE_X35Y41         CARRY4 (Prop_carry4_CI_CO[3])
                                                      0.114     4.537 r  bd_0_i/hls_inst/inst/grp_Sobel_Filter_Pipeline_VITIS_LOOP_26_1_VITIS_LOOP_28_2_fu_86/Magnitude_fu_574_p2_carry__2/CO[3]
                         net (fo=1, routed)           0.000     4.537    bd_0_i/hls_inst/inst/grp_Sobel_Filter_Pipeline_VITIS_LOOP_26_1_VITIS_LOOP_28_2_fu_86/Magnitude_fu_574_p2_carry__2_n_0
    SLICE_X35Y42         CARRY4 (Prop_carry4_CI_CO[3])
                                                      0.114     4.651 r  bd_0_i/hls_inst/inst/grp_Sobel_Filter_Pipeline_VITIS_LOOP_26_1_VITIS_LOOP_28_2_fu_86/Magnitude_fu_574_p2_carry__3/CO[3]
                         net (fo=1, routed)           0.000     4.651    bd_0_i/hls_inst/inst/grp_Sobel_Filter_Pipeline_VITIS_LOOP_26_1_VITIS_LOOP_28_2_fu_86/Magnitude_fu_574_p2_carry__3_n_0
    SLICE_X35Y43         CARRY4 (Prop_carry4_CI_CO[3])
                                                      0.114     4.765 r  bd_0_i/hls_inst/inst/grp_Sobel_Filter_Pipeline_VITIS_LOOP_26_1_VITIS_LOOP_28_2_fu_86/Magnitude_fu_574_p2_carry__4/CO[3]
                         net (fo=1, routed)           0.000     4.765    bd_0_i/hls_inst/inst/grp_Sobel_Filter_Pipeline_VITIS_LOOP_26_1_VITIS_LOOP_28_2_fu_86/Magnitude_fu_574_p2_carry__4_n_0
    SLICE_X35Y44         CARRY4 (Prop_carry4_CI_O[2])
                                                      0.256     5.021 f  bd_0_i/hls_inst/inst/grp_Sobel_Filter_Pipeline_VITIS_LOOP_26_1_VITIS_LOOP_28_2_fu_86/Magnitude_fu_574_p2_carry__5/O[2]
                         net (fo=5, routed)           0.848     5.870    bd_0_i/hls_inst/inst/grp_Sobel_Filter_Pipeline_VITIS_LOOP_26_1_VITIS_LOOP_28_2_fu_86/tmp_2_fu_580_p4[18]
    SLICE_X36Y43         LUT2 (Prop_lut2_I0_O)        0.302     6.172 r  bd_0_i/hls_inst/inst/grp_Sobel_Filter_Pipeline_VITIS_LOOP_26_1_VITIS_LOOP_28_2_fu_86/icmp_ln68_fu_590_p2_carry__1_i_7/O
                         net (fo=1, routed)           0.000     6.172    bd_0_i/hls_inst/inst/grp_Sobel_Filter_Pipeline_VITIS_LOOP_26_1_VITIS_LOOP_28_2_fu_86/icmp_ln68_fu_590_p2_carry__1_i_7_n_0
    SLICE_X36Y43         CARRY4 (Prop_carry4_S[1]_CO[3])
                                                      0.533     6.705 r  bd_0_i/hls_inst/inst/grp_Sobel_Filter_Pipeline_VITIS_LOOP_26_1_VITIS_LOOP_28_2_fu_86/icmp_ln68_fu_590_p2_carry__1/CO[3]
                         net (fo=65, routed)          1.341     8.045    bd_0_i/hls_inst/inst/grp_Sobel_Filter_Pipeline_VITIS_LOOP_26_1_VITIS_LOOP_28_2_fu_86/icmp_ln68_fu_590_p2_carry__1_n_0
    SLICE_X38Y38         LUT2 (Prop_lut2_I0_O)        0.116     8.161 r  bd_0_i/hls_inst/inst/grp_Sobel_Filter_Pipeline_VITIS_LOOP_26_1_VITIS_LOOP_28_2_fu_86/Output_r_TDATA_reg[31]_i_1/O
                         net (fo=32, routed)          0.781     8.943    bd_0_i/hls_inst/inst/grp_Sobel_Filter_Pipeline_VITIS_LOOP_26_1_VITIS_LOOP_28_2_fu_86_n_60
    SLICE_X35Y45         FDRE                                         r  bd_0_i/hls_inst/inst/Output_r_TDATA_reg_reg[28]/R
  -------------------------------------------------------------------    -------------------

                         (clock ap_clk rise edge)    10.000    10.000 r  <hidden>
                                                      0.000    10.000 r  ap_clk
                         net (fo=1308, unset)         0.924    10.924    bd_0_i/hls_inst/inst/ap_clk
    SLICE_X35Y45         FDRE                                         r  bd_0_i/hls_inst/inst/Output_r_TDATA_reg_reg[28]/C
                         clock pessimism              0.000    10.924    <hidden>
                         clock uncertainty           -0.035    10.889    <hidden>
    SLICE_X35Y45         FDRE (Setup_fdre_C_R)       -0.633    10.256    bd_0_i/hls_inst/inst/Output_r_TDATA_reg_reg[28]
  -------------------------------------------------------------------
                         required time                         10.256    <hidden>
                         arrival time                          -8.943    <hidden>
  -------------------------------------------------------------------
                         slack                                  1.313    <hidden>

Slack (MET) :             1.313ns  (required time - arrival time)
  Source:                 bd_0_i/hls_inst/inst/grp_Sobel_Filter_Pipeline_VITIS_LOOP_26_1_VITIS_LOOP_28_2_fu_86/Gx_Value_reg_777_reg[31]/C
                            (rising edge-triggered cell FDRE clocked by ap_clk  {rise@0.000ns fall@5.000ns period=10.000ns})
  Destination:            bd_0_i/hls_inst/inst/Output_r_TDATA_reg_reg[29]/R
                            (rising edge-triggered cell FDRE clocked by ap_clk  {rise@0.000ns fall@5.000ns period=10.000ns})
  Path Group:             ap_clk
  Path Type:              Setup (Max at Slow Process Corner)
  Requirement:            10.000ns  (ap_clk rise@10.000ns - ap_clk rise@0.000ns)
  Data Path Delay:        7.970ns  (logic 3.122ns (39.173%)  route 4.848ns (60.827%))
  Logic Levels:           10  (CARRY4=7 LUT2=2 LUT3=1)
  Clock Path Skew:        -0.049ns (DCD - SCD + CPR)
    Destination Clock Delay (DCD):    0.924ns = ( 10.924 - 10.000 ) 
    Source Clock Delay      (SCD):    0.973ns
    Clock Pessimism Removal (CPR):    0.000ns
  Clock Uncertainty:      0.035ns  ((TSJ^2 + TIJ^2)^1/2 + DJ) / 2 + PE
    Total System Jitter     (TSJ):    0.071ns
    Total Input Jitter      (TIJ):    0.000ns
    Discrete Jitter          (DJ):    0.000ns
    Phase Error              (PE):    0.000ns

    Location             Delay type                Incr(ns)  Path(ns)    Netlist Resource(s)
  -------------------------------------------------------------------    -------------------
                         (clock ap_clk rise edge)     0.000     0.000 r  <hidden>
                                                      0.000     0.000 r  ap_clk
                         net (fo=1308, unset)         0.973     0.973    bd_0_i/hls_inst/inst/grp_Sobel_Filter_Pipeline_VITIS_LOOP_26_1_VITIS_LOOP_28_2_fu_86/ap_clk
    SLICE_X33Y45         FDRE                                         r  bd_0_i/hls_inst/inst/grp_Sobel_Filter_Pipeline_VITIS_LOOP_26_1_VITIS_LOOP_28_2_fu_86/Gx_Value_reg_777_reg[31]/C
  -------------------------------------------------------------------    -------------------
    SLICE_X33Y45         FDRE (Prop_fdre_C_Q)         0.419     1.392 r  bd_0_i/hls_inst/inst/grp_Sobel_Filter_Pipeline_VITIS_LOOP_26_1_VITIS_LOOP_28_2_fu_86/Gx_Value_reg_777_reg[31]/Q
                         net (fo=63, routed)          1.239     2.631    bd_0_i/hls_inst/inst/grp_Sobel_Filter_Pipeline_VITIS_LOOP_26_1_VITIS_LOOP_28_2_fu_86/Gx_Value_reg_777[31]
    SLICE_X34Y37         LUT3 (Prop_lut3_I1_O)        0.326     2.957 r  bd_0_i/hls_inst/inst/grp_Sobel_Filter_Pipeline_VITIS_LOOP_26_1_VITIS_LOOP_28_2_fu_86/Magnitude_fu_574_p2_carry__0_i_3/O
                         net (fo=1, routed)           0.638     3.595    bd_0_i/hls_inst/inst/grp_Sobel_Filter_Pipeline_VITIS_LOOP_26_1_VITIS_LOOP_28_2_fu_86/Gx_Value_Abs_fu_555_p3[5]
    SLICE_X35Y39         CARRY4 (Prop_carry4_DI[1]_CO[3])
                                                      0.714     4.309 r  bd_0_i/hls_inst/inst/grp_Sobel_Filter_Pipeline_VITIS_LOOP_26_1_VITIS_LOOP_28_2_fu_86/Magnitude_fu_574_p2_carry__0/CO[3]
                         net (fo=1, routed)           0.000     4.309    bd_0_i/hls_inst/inst/grp_Sobel_Filter_Pipeline_VITIS_LOOP_26_1_VITIS_LOOP_28_2_fu_86/Magnitude_fu_574_p2_carry__0_n_0
    SLICE_X35Y40         CARRY4 (Prop_carry4_CI_CO[3])
                                                      0.114     4.423 r  bd_0_i/hls_inst/inst/grp_Sobel_Filter_Pipeline_VITIS_LOOP_26_1_VITIS_LOOP_28_2_fu_86/Magnitude_fu_574_p2_carry__1/CO[3]
                         net (fo=1, routed)           0.000     4.423    bd_0_i/hls_inst/inst/grp_Sobel_Filter_Pipeline_VITIS_LOOP_26_1_VITIS_LOOP_28_2_fu_86/Magnitude_fu_574_p2_carry__1_n_0
    SLICE_X35Y41         CARRY4 (Prop_carry4_CI_CO[3])
                                                      0.114     4.537 r  bd_0_i/hls_inst/inst/grp_Sobel_Filter_Pipeline_VITIS_LOOP_26_1_VITIS_LOOP_28_2_fu_86/Magnitude_fu_574_p2_carry__2/CO[3]
                         net (fo=1, routed)           0.000     4.537    bd_0_i/hls_inst/inst/grp_Sobel_Filter_Pipeline_VITIS_LOOP_26_1_VITIS_LOOP_28_2_fu_86/Magnitude_fu_574_p2_carry__2_n_0
    SLICE_X35Y42         CARRY4 (Prop_carry4_CI_CO[3])
                                                      0.114     4.651 r  bd_0_i/hls_inst/inst/grp_Sobel_Filter_Pipeline_VITIS_LOOP_26_1_VITIS_LOOP_28_2_fu_86/Magnitude_fu_574_p2_carry__3/CO[3]
                         net (fo=1, routed)           0.000     4.651    bd_0_i/hls_inst/inst/grp_Sobel_Filter_Pipeline_VITIS_LOOP_26_1_VITIS_LOOP_28_2_fu_86/Magnitude_fu_574_p2_carry__3_n_0
    SLICE_X35Y43         CARRY4 (Prop_carry4_CI_CO[3])
                                                      0.114     4.765 r  bd_0_i/hls_inst/inst/grp_Sobel_Filter_Pipeline_VITIS_LOOP_26_1_VITIS_LOOP_28_2_fu_86/Magnitude_fu_574_p2_carry__4/CO[3]
                         net (fo=1, routed)           0.000     4.765    bd_0_i/hls_inst/inst/grp_Sobel_Filter_Pipeline_VITIS_LOOP_26_1_VITIS_LOOP_28_2_fu_86/Magnitude_fu_574_p2_carry__4_n_0
    SLICE_X35Y44         CARRY4 (Prop_carry4_CI_O[2])
                                                      0.256     5.021 f  bd_0_i/hls_inst/inst/grp_Sobel_Filter_Pipeline_VITIS_LOOP_26_1_VITIS_LOOP_28_2_fu_86/Magnitude_fu_574_p2_carry__5/O[2]
                         net (fo=5, routed)           0.848     5.870    bd_0_i/hls_inst/inst/grp_Sobel_Filter_Pipeline_VITIS_LOOP_26_1_VITIS_LOOP_28_2_fu_86/tmp_2_fu_580_p4[18]
    SLICE_X36Y43         LUT2 (Prop_lut2_I0_O)        0.302     6.172 r  bd_0_i/hls_inst/inst/grp_Sobel_Filter_Pipeline_VITIS_LOOP_26_1_VITIS_LOOP_28_2_fu_86/icmp_ln68_fu_590_p2_carry__1_i_7/O
                         net (fo=1, routed)           0.000     6.172    bd_0_i/hls_inst/inst/grp_Sobel_Filter_Pipeline_VITIS_LOOP_26_1_VITIS_LOOP_28_2_fu_86/icmp_ln68_fu_590_p2_carry__1_i_7_n_0
    SLICE_X36Y43         CARRY4 (Prop_carry4_S[1]_CO[3])
                                                      0.533     6.705 r  bd_0_i/hls_inst/inst/grp_Sobel_Filter_Pipeline_VITIS_LOOP_26_1_VITIS_LOOP_28_2_fu_86/icmp_ln68_fu_590_p2_carry__1/CO[3]
                         net (fo=65, routed)          1.341     8.045    bd_0_i/hls_inst/inst/grp_Sobel_Filter_Pipeline_VITIS_LOOP_26_1_VITIS_LOOP_28_2_fu_86/icmp_ln68_fu_590_p2_carry__1_n_0
    SLICE_X38Y38         LUT2 (Prop_lut2_I0_O)        0.116     8.161 r  bd_0_i/hls_inst/inst/grp_Sobel_Filter_Pipeline_VITIS_LOOP_26_1_VITIS_LOOP_28_2_fu_86/Output_r_TDATA_reg[31]_i_1/O
                         net (fo=32, routed)          0.781     8.943    bd_0_i/hls_inst/inst/grp_Sobel_Filter_Pipeline_VITIS_LOOP_26_1_VITIS_LOOP_28_2_fu_86_n_60
    SLICE_X35Y45         FDRE                                         r  bd_0_i/hls_inst/inst/Output_r_TDATA_reg_reg[29]/R
  -------------------------------------------------------------------    -------------------

                         (clock ap_clk rise edge)    10.000    10.000 r  <hidden>
                                                      0.000    10.000 r  ap_clk
                         net (fo=1308, unset)         0.924    10.924    bd_0_i/hls_inst/inst/ap_clk
    SLICE_X35Y45         FDRE                                         r  bd_0_i/hls_inst/inst/Output_r_TDATA_reg_reg[29]/C
                         clock pessimism              0.000    10.924    <hidden>
                         clock uncertainty           -0.035    10.889    <hidden>
    SLICE_X35Y45         FDRE (Setup_fdre_C_R)       -0.633    10.256    bd_0_i/hls_inst/inst/Output_r_TDATA_reg_reg[29]
  -------------------------------------------------------------------
                         required time                         10.256    <hidden>
                         arrival time                          -8.943    <hidden>
  -------------------------------------------------------------------
                         slack                                  1.313    <hidden>





Min Delay Paths
--------------------------------------------------------------------------------------
Slack (MET) :             0.069ns  (arrival time - required time)
  Source:                 bd_0_i/hls_inst/inst/regslice_both_Input_r_V_last_V_U/data_p1_reg[0]/C
                            (rising edge-triggered cell FDRE clocked by ap_clk  {rise@0.000ns fall@5.000ns period=10.000ns})
  Destination:            bd_0_i/hls_inst/inst/grp_Sobel_Filter_Pipeline_VITIS_LOOP_26_1_VITIS_LOOP_28_2_fu_86/p_4_reg_720_pp0_iter3_reg_reg[0]_srl2/D
                            (rising edge-triggered cell SRL16E clocked by ap_clk  {rise@0.000ns fall@5.000ns period=10.000ns})
  Path Group:             ap_clk
  Path Type:              Hold (Min at Fast Process Corner)
  Requirement:            0.000ns  (ap_clk rise@0.000ns - ap_clk rise@0.000ns)
  Data Path Delay:        0.208ns  (logic 0.141ns (67.788%)  route 0.067ns (32.212%))
  Logic Levels:           0  
  Clock Path Skew:        0.022ns (DCD - SCD - CPR)
    Destination Clock Delay (DCD):    0.432ns
    Source Clock Delay      (SCD):    0.410ns
    Clock Pessimism Removal (CPR):    -0.000ns

    Location             Delay type                Incr(ns)  Path(ns)    Netlist Resource(s)
  -------------------------------------------------------------------    -------------------
                         (clock ap_clk rise edge)     0.000     0.000 r  <hidden>
                                                      0.000     0.000 r  ap_clk
                         net (fo=1308, unset)         0.410     0.410    bd_0_i/hls_inst/inst/regslice_both_Input_r_V_last_V_U/ap_clk
    SLICE_X43Y37         FDRE                                         r  bd_0_i/hls_inst/inst/regslice_both_Input_r_V_last_V_U/data_p1_reg[0]/C
  -------------------------------------------------------------------    -------------------
    SLICE_X43Y37         FDRE (Prop_fdre_C_Q)         0.141     0.551 r  bd_0_i/hls_inst/inst/regslice_both_Input_r_V_last_V_U/data_p1_reg[0]/Q
                         net (fo=2, routed)           0.067     0.618    bd_0_i/hls_inst/inst/grp_Sobel_Filter_Pipeline_VITIS_LOOP_26_1_VITIS_LOOP_28_2_fu_86/Input_r_TLAST_int_regslice[0]
    SLICE_X42Y37         SRL16E                                       r  bd_0_i/hls_inst/inst/grp_Sobel_Filter_Pipeline_VITIS_LOOP_26_1_VITIS_LOOP_28_2_fu_86/p_4_reg_720_pp0_iter3_reg_reg[0]_srl2/D
  -------------------------------------------------------------------    -------------------

                         (clock ap_clk rise edge)     0.000     0.000 r  <hidden>
                                                      0.000     0.000 r  ap_clk
                         net (fo=1308, unset)         0.432     0.432    bd_0_i/hls_inst/inst/grp_Sobel_Filter_Pipeline_VITIS_LOOP_26_1_VITIS_LOOP_28_2_fu_86/ap_clk
    SLICE_X42Y37         SRL16E                                       r  bd_0_i/hls_inst/inst/grp_Sobel_Filter_Pipeline_VITIS_LOOP_26_1_VITIS_LOOP_28_2_fu_86/p_4_reg_720_pp0_iter3_reg_reg[0]_srl2/CLK
                         clock pessimism              0.000     0.432    <hidden>
    SLICE_X42Y37         SRL16E (Hold_srl16e_CLK_D)
                                                      0.117     0.549    bd_0_i/hls_inst/inst/grp_Sobel_Filter_Pipeline_VITIS_LOOP_26_1_VITIS_LOOP_28_2_fu_86/p_4_reg_720_pp0_iter3_reg_reg[0]_srl2
  -------------------------------------------------------------------
                         required time                         -0.549    <hidden>
                         arrival time                           0.618    <hidden>
  -------------------------------------------------------------------
                         slack                                  0.069    <hidden>

Slack (MET) :             0.084ns  (arrival time - required time)
  Source:                 bd_0_i/hls_inst/inst/regslice_both_Input_r_V_data_V_U/data_p1_reg[26]/C
                            (rising edge-triggered cell FDRE clocked by ap_clk  {rise@0.000ns fall@5.000ns period=10.000ns})
  Destination:            bd_0_i/hls_inst/inst/grp_Sobel_Filter_Pipeline_VITIS_LOOP_26_1_VITIS_LOOP_28_2_fu_86/Line_Buffer_data_1_U/ram_reg_1/DIADI[8]
                            (rising edge-triggered cell RAMB36E1 clocked by ap_clk  {rise@0.000ns fall@5.000ns period=10.000ns})
  Path Group:             ap_clk
  Path Type:              Hold (Min at Fast Process Corner)
  Requirement:            0.000ns  (ap_clk rise@0.000ns - ap_clk rise@0.000ns)
  Data Path Delay:        0.261ns  (logic 0.141ns (54.034%)  route 0.120ns (45.966%))
  Logic Levels:           0  
  Clock Path Skew:        0.022ns (DCD - SCD - CPR)
    Destination Clock Delay (DCD):    0.432ns
    Source Clock Delay      (SCD):    0.410ns
    Clock Pessimism Removal (CPR):    -0.000ns

    Location             Delay type                Incr(ns)  Path(ns)    Netlist Resource(s)
  -------------------------------------------------------------------    -------------------
                         (clock ap_clk rise edge)     0.000     0.000 r  <hidden>
                                                      0.000     0.000 r  ap_clk
                         net (fo=1308, unset)         0.410     0.410    bd_0_i/hls_inst/inst/regslice_both_Input_r_V_data_V_U/ap_clk
    SLICE_X23Y46         FDRE                                         r  bd_0_i/hls_inst/inst/regslice_both_Input_r_V_data_V_U/data_p1_reg[26]/C
  -------------------------------------------------------------------    -------------------
    SLICE_X23Y46         FDRE (Prop_fdre_C_Q)         0.141     0.551 r  bd_0_i/hls_inst/inst/regslice_both_Input_r_V_data_V_U/data_p1_reg[26]/Q
                         net (fo=2, routed)           0.120     0.671    bd_0_i/hls_inst/inst/grp_Sobel_Filter_Pipeline_VITIS_LOOP_26_1_VITIS_LOOP_28_2_fu_86/Line_Buffer_data_1_U/ram_reg_1_3[26]
    RAMB36_X1Y9          RAMB36E1                                     r  bd_0_i/hls_inst/inst/grp_Sobel_Filter_Pipeline_VITIS_LOOP_26_1_VITIS_LOOP_28_2_fu_86/Line_Buffer_data_1_U/ram_reg_1/DIADI[8]
  -------------------------------------------------------------------    -------------------

                         (clock ap_clk rise edge)     0.000     0.000 r  <hidden>
                                                      0.000     0.000 r  ap_clk
                         net (fo=1308, unset)         0.432     0.432    bd_0_i/hls_inst/inst/grp_Sobel_Filter_Pipeline_VITIS_LOOP_26_1_VITIS_LOOP_28_2_fu_86/Line_Buffer_data_1_U/ap_clk
    RAMB36_X1Y9          RAMB36E1                                     r  bd_0_i/hls_inst/inst/grp_Sobel_Filter_Pipeline_VITIS_LOOP_26_1_VITIS_LOOP_28_2_fu_86/Line_Buffer_data_1_U/ram_reg_1/CLKARDCLK
                         clock pessimism              0.000     0.432    <hidden>
    RAMB36_X1Y9          RAMB36E1 (Hold_ramb36e1_CLKARDCLK_DIADI[8])
                                                      0.155     0.587    bd_0_i/hls_inst/inst/grp_Sobel_Filter_Pipeline_VITIS_LOOP_26_1_VITIS_LOOP_28_2_fu_86/Line_Buffer_data_1_U/ram_reg_1
  -------------------------------------------------------------------
                         required time                         -0.587    <hidden>
                         arrival time                           0.671    <hidden>
  -------------------------------------------------------------------
                         slack                                  0.084    <hidden>

Slack (MET) :             0.102ns  (arrival time - required time)
  Source:                 bd_0_i/hls_inst/inst/regslice_both_Input_r_V_id_V_U/data_p1_reg[4]/C
                            (rising edge-triggered cell FDRE clocked by ap_clk  {rise@0.000ns fall@5.000ns period=10.000ns})
  Destination:            bd_0_i/hls_inst/inst/grp_Sobel_Filter_Pipeline_VITIS_LOOP_26_1_VITIS_LOOP_28_2_fu_86/p_5_reg_725_pp0_iter3_reg_reg[4]_srl2/D
                            (rising edge-triggered cell SRL16E clocked by ap_clk  {rise@0.000ns fall@5.000ns period=10.000ns})
  Path Group:             ap_clk
  Path Type:              Hold (Min at Fast Process Corner)
  Requirement:            0.000ns  (ap_clk rise@0.000ns - ap_clk rise@0.000ns)
  Data Path Delay:        0.240ns  (logic 0.141ns (58.691%)  route 0.099ns (41.309%))
  Logic Levels:           0  
  Clock Path Skew:        0.022ns (DCD - SCD - CPR)
    Destination Clock Delay (DCD):    0.432ns
    Source Clock Delay      (SCD):    0.410ns
    Clock Pessimism Removal (CPR):    -0.000ns

    Location             Delay type                Incr(ns)  Path(ns)    Netlist Resource(s)
  -------------------------------------------------------------------    -------------------
                         (clock ap_clk rise edge)     0.000     0.000 r  <hidden>
                                                      0.000     0.000 r  ap_clk
                         net (fo=1308, unset)         0.410     0.410    bd_0_i/hls_inst/inst/regslice_both_Input_r_V_id_V_U/ap_clk
    SLICE_X41Y45         FDRE                                         r  bd_0_i/hls_inst/inst/regslice_both_Input_r_V_id_V_U/data_p1_reg[4]/C
  -------------------------------------------------------------------    -------------------
    SLICE_X41Y45         FDRE (Prop_fdre_C_Q)         0.141     0.551 r  bd_0_i/hls_inst/inst/regslice_both_Input_r_V_id_V_U/data_p1_reg[4]/Q
                         net (fo=1, routed)           0.099     0.650    bd_0_i/hls_inst/inst/grp_Sobel_Filter_Pipeline_VITIS_LOOP_26_1_VITIS_LOOP_28_2_fu_86/p_5_reg_725_pp0_iter4_reg_reg[4]__0_1[4]
    SLICE_X42Y44         SRL16E                                       r  bd_0_i/hls_inst/inst/grp_Sobel_Filter_Pipeline_VITIS_LOOP_26_1_VITIS_LOOP_28_2_fu_86/p_5_reg_725_pp0_iter3_reg_reg[4]_srl2/D
  -------------------------------------------------------------------    -------------------

                         (clock ap_clk rise edge)     0.000     0.000 r  <hidden>
                                                      0.000     0.000 r  ap_clk
                         net (fo=1308, unset)         0.432     0.432    bd_0_i/hls_inst/inst/grp_Sobel_Filter_Pipeline_VITIS_LOOP_26_1_VITIS_LOOP_28_2_fu_86/ap_clk
    SLICE_X42Y44         SRL16E                                       r  bd_0_i/hls_inst/inst/grp_Sobel_Filter_Pipeline_VITIS_LOOP_26_1_VITIS_LOOP_28_2_fu_86/p_5_reg_725_pp0_iter3_reg_reg[4]_srl2/CLK
                         clock pessimism              0.000     0.432    <hidden>
    SLICE_X42Y44         SRL16E (Hold_srl16e_CLK_D)
                                                      0.117     0.549    bd_0_i/hls_inst/inst/grp_Sobel_Filter_Pipeline_VITIS_LOOP_26_1_VITIS_LOOP_28_2_fu_86/p_5_reg_725_pp0_iter3_reg_reg[4]_srl2
  -------------------------------------------------------------------
                         required time                         -0.549    <hidden>
                         arrival time                           0.650    <hidden>
  -------------------------------------------------------------------
                         slack                                  0.102    <hidden>

Slack (MET) :             0.104ns  (arrival time - required time)
  Source:                 bd_0_i/hls_inst/inst/regslice_both_Input_r_V_data_V_U/data_p1_reg[2]/C
                            (rising edge-triggered cell FDRE clocked by ap_clk  {rise@0.000ns fall@5.000ns period=10.000ns})
  Destination:            bd_0_i/hls_inst/inst/grp_Sobel_Filter_Pipeline_VITIS_LOOP_26_1_VITIS_LOOP_28_2_fu_86/Line_Buffer_data_1_U/ram_reg_0/DIADI[2]
                            (rising edge-triggered cell RAMB36E1 clocked by ap_clk  {rise@0.000ns fall@5.000ns period=10.000ns})
  Path Group:             ap_clk
  Path Type:              Hold (Min at Fast Process Corner)
  Requirement:            0.000ns  (ap_clk rise@0.000ns - ap_clk rise@0.000ns)
  Data Path Delay:        0.281ns  (logic 0.164ns (58.373%)  route 0.117ns (41.627%))
  Logic Levels:           0  
  Clock Path Skew:        0.022ns (DCD - SCD - CPR)
    Destination Clock Delay (DCD):    0.432ns
    Source Clock Delay      (SCD):    0.410ns
    Clock Pessimism Removal (CPR):    -0.000ns

    Location             Delay type                Incr(ns)  Path(ns)    Netlist Resource(s)
  -------------------------------------------------------------------    -------------------
                         (clock ap_clk rise edge)     0.000     0.000 r  <hidden>
                                                      0.000     0.000 r  ap_clk
                         net (fo=1308, unset)         0.410     0.410    bd_0_i/hls_inst/inst/regslice_both_Input_r_V_data_V_U/ap_clk
    SLICE_X22Y36         FDRE                                         r  bd_0_i/hls_inst/inst/regslice_both_Input_r_V_data_V_U/data_p1_reg[2]/C
  -------------------------------------------------------------------    -------------------
    SLICE_X22Y36         FDRE (Prop_fdre_C_Q)         0.164     0.574 r  bd_0_i/hls_inst/inst/regslice_both_Input_r_V_data_V_U/data_p1_reg[2]/Q
                         net (fo=2, routed)           0.117     0.691    bd_0_i/hls_inst/inst/grp_Sobel_Filter_Pipeline_VITIS_LOOP_26_1_VITIS_LOOP_28_2_fu_86/Line_Buffer_data_1_U/ram_reg_1_3[2]
    RAMB36_X1Y7          RAMB36E1                                     r  bd_0_i/hls_inst/inst/grp_Sobel_Filter_Pipeline_VITIS_LOOP_26_1_VITIS_LOOP_28_2_fu_86/Line_Buffer_data_1_U/ram_reg_0/DIADI[2]
  -------------------------------------------------------------------    -------------------

                         (clock ap_clk rise edge)     0.000     0.000 r  <hidden>
                                                      0.000     0.000 r  ap_clk
                         net (fo=1308, unset)         0.432     0.432    bd_0_i/hls_inst/inst/grp_Sobel_Filter_Pipeline_VITIS_LOOP_26_1_VITIS_LOOP_28_2_fu_86/Line_Buffer_data_1_U/ap_clk
    RAMB36_X1Y7          RAMB36E1                                     r  bd_0_i/hls_inst/inst/grp_Sobel_Filter_Pipeline_VITIS_LOOP_26_1_VITIS_LOOP_28_2_fu_86/Line_Buffer_data_1_U/ram_reg_0/CLKARDCLK
                         clock pessimism              0.000     0.432    <hidden>
    RAMB36_X1Y7          RAMB36E1 (Hold_ramb36e1_CLKARDCLK_DIADI[2])
                                                      0.155     0.587    bd_0_i/hls_inst/inst/grp_Sobel_Filter_Pipeline_VITIS_LOOP_26_1_VITIS_LOOP_28_2_fu_86/Line_Buffer_data_1_U/ram_reg_0
  -------------------------------------------------------------------
                         required time                         -0.587    <hidden>
                         arrival time                           0.691    <hidden>
  -------------------------------------------------------------------
                         slack                                  0.104    <hidden>

Slack (MET) :             0.105ns  (arrival time - required time)
  Source:                 bd_0_i/hls_inst/inst/regslice_both_Input_r_V_data_V_U/data_p1_reg[12]/C
                            (rising edge-triggered cell FDRE clocked by ap_clk  {rise@0.000ns fall@5.000ns period=10.000ns})
  Destination:            bd_0_i/hls_inst/inst/grp_Sobel_Filter_Pipeline_VITIS_LOOP_26_1_VITIS_LOOP_28_2_fu_86/Line_Buffer_data_1_U/ram_reg_0/DIADI[12]
                            (rising edge-triggered cell RAMB36E1 clocked by ap_clk  {rise@0.000ns fall@5.000ns period=10.000ns})
  Path Group:             ap_clk
  Path Type:              Hold (Min at Fast Process Corner)
  Requirement:            0.000ns  (ap_clk rise@0.000ns - ap_clk rise@0.000ns)
  Data Path Delay:        0.281ns  (logic 0.164ns (58.326%)  route 0.117ns (41.674%))
  Logic Levels:           0  
  Clock Path Skew:        0.022ns (DCD - SCD - CPR)
    Destination Clock Delay (DCD):    0.432ns
    Source Clock Delay      (SCD):    0.410ns
    Clock Pessimism Removal (CPR):    -0.000ns

    Location             Delay type                Incr(ns)  Path(ns)    Netlist Resource(s)
  -------------------------------------------------------------------    -------------------
                         (clock ap_clk rise edge)     0.000     0.000 r  <hidden>
                                                      0.000     0.000 r  ap_clk
                         net (fo=1308, unset)         0.410     0.410    bd_0_i/hls_inst/inst/regslice_both_Input_r_V_data_V_U/ap_clk
    SLICE_X22Y37         FDRE                                         r  bd_0_i/hls_inst/inst/regslice_both_Input_r_V_data_V_U/data_p1_reg[12]/C
  -------------------------------------------------------------------    -------------------
    SLICE_X22Y37         FDRE (Prop_fdre_C_Q)         0.164     0.574 r  bd_0_i/hls_inst/inst/regslice_both_Input_r_V_data_V_U/data_p1_reg[12]/Q
                         net (fo=2, routed)           0.117     0.691    bd_0_i/hls_inst/inst/grp_Sobel_Filter_Pipeline_VITIS_LOOP_26_1_VITIS_LOOP_28_2_fu_86/Line_Buffer_data_1_U/ram_reg_1_3[12]
    RAMB36_X1Y7          RAMB36E1                                     r  bd_0_i/hls_inst/inst/grp_Sobel_Filter_Pipeline_VITIS_LOOP_26_1_VITIS_LOOP_28_2_fu_86/Line_Buffer_data_1_U/ram_reg_0/DIADI[12]
  -------------------------------------------------------------------    -------------------

                         (clock ap_clk rise edge)     0.000     0.000 r  <hidden>
                                                      0.000     0.000 r  ap_clk
                         net (fo=1308, unset)         0.432     0.432    bd_0_i/hls_inst/inst/grp_Sobel_Filter_Pipeline_VITIS_LOOP_26_1_VITIS_LOOP_28_2_fu_86/Line_Buffer_data_1_U/ap_clk
    RAMB36_X1Y7          RAMB36E1                                     r  bd_0_i/hls_inst/inst/grp_Sobel_Filter_Pipeline_VITIS_LOOP_26_1_VITIS_LOOP_28_2_fu_86/Line_Buffer_data_1_U/ram_reg_0/CLKARDCLK
                         clock pessimism              0.000     0.432    <hidden>
    RAMB36_X1Y7          RAMB36E1 (Hold_ramb36e1_CLKARDCLK_DIADI[12])
                                                      0.155     0.587    bd_0_i/hls_inst/inst/grp_Sobel_Filter_Pipeline_VITIS_LOOP_26_1_VITIS_LOOP_28_2_fu_86/Line_Buffer_data_1_U/ram_reg_0
  -------------------------------------------------------------------
                         required time                         -0.587    <hidden>
                         arrival time                           0.691    <hidden>
  -------------------------------------------------------------------
                         slack                                  0.105    <hidden>

Slack (MET) :             0.107ns  (arrival time - required time)
  Source:                 bd_0_i/hls_inst/inst/regslice_both_Input_r_V_data_V_U/data_p1_reg[15]/C
                            (rising edge-triggered cell FDRE clocked by ap_clk  {rise@0.000ns fall@5.000ns period=10.000ns})
  Destination:            bd_0_i/hls_inst/inst/grp_Sobel_Filter_Pipeline_VITIS_LOOP_26_1_VITIS_LOOP_28_2_fu_86/Line_Buffer_data_1_U/ram_reg_0/DIADI[15]
                            (rising edge-triggered cell RAMB36E1 clocked by ap_clk  {rise@0.000ns fall@5.000ns period=10.000ns})
  Path Group:             ap_clk
  Path Type:              Hold (Min at Fast Process Corner)
  Requirement:            0.000ns  (ap_clk rise@0.000ns - ap_clk rise@0.000ns)
  Data Path Delay:        0.284ns  (logic 0.164ns (57.757%)  route 0.120ns (42.243%))
  Logic Levels:           0  
  Clock Path Skew:        0.022ns (DCD - SCD - CPR)
    Destination Clock Delay (DCD):    0.432ns
    Source Clock Delay      (SCD):    0.410ns
    Clock Pessimism Removal (CPR):    -0.000ns

    Location             Delay type                Incr(ns)  Path(ns)    Netlist Resource(s)
  -------------------------------------------------------------------    -------------------
                         (clock ap_clk rise edge)     0.000     0.000 r  <hidden>
                                                      0.000     0.000 r  ap_clk
                         net (fo=1308, unset)         0.410     0.410    bd_0_i/hls_inst/inst/regslice_both_Input_r_V_data_V_U/ap_clk
    SLICE_X22Y40         FDRE                                         r  bd_0_i/hls_inst/inst/regslice_both_Input_r_V_data_V_U/data_p1_reg[15]/C
  -------------------------------------------------------------------    -------------------
    SLICE_X22Y40         FDRE (Prop_fdre_C_Q)         0.164     0.574 r  bd_0_i/hls_inst/inst/regslice_both_Input_r_V_data_V_U/data_p1_reg[15]/Q
                         net (fo=2, routed)           0.120     0.694    bd_0_i/hls_inst/inst/grp_Sobel_Filter_Pipeline_VITIS_LOOP_26_1_VITIS_LOOP_28_2_fu_86/Line_Buffer_data_1_U/ram_reg_1_3[15]
    RAMB36_X1Y7          RAMB36E1                                     r  bd_0_i/hls_inst/inst/grp_Sobel_Filter_Pipeline_VITIS_LOOP_26_1_VITIS_LOOP_28_2_fu_86/Line_Buffer_data_1_U/ram_reg_0/DIADI[15]
  -------------------------------------------------------------------    -------------------

                         (clock ap_clk rise edge)     0.000     0.000 r  <hidden>
                                                      0.000     0.000 r  ap_clk
                         net (fo=1308, unset)         0.432     0.432    bd_0_i/hls_inst/inst/grp_Sobel_Filter_Pipeline_VITIS_LOOP_26_1_VITIS_LOOP_28_2_fu_86/Line_Buffer_data_1_U/ap_clk
    RAMB36_X1Y7          RAMB36E1                                     r  bd_0_i/hls_inst/inst/grp_Sobel_Filter_Pipeline_VITIS_LOOP_26_1_VITIS_LOOP_28_2_fu_86/Line_Buffer_data_1_U/ram_reg_0/CLKARDCLK
                         clock pessimism              0.000     0.432    <hidden>
    RAMB36_X1Y7          RAMB36E1 (Hold_ramb36e1_CLKARDCLK_DIADI[15])
                                                      0.155     0.587    bd_0_i/hls_inst/inst/grp_Sobel_Filter_Pipeline_VITIS_LOOP_26_1_VITIS_LOOP_28_2_fu_86/Line_Buffer_data_1_U/ram_reg_0
  -------------------------------------------------------------------
                         required time                         -0.587    <hidden>
                         arrival time                           0.694    <hidden>
  -------------------------------------------------------------------
                         slack                                  0.107    <hidden>

Slack (MET) :             0.108ns  (arrival time - required time)
  Source:                 bd_0_i/hls_inst/inst/regslice_both_Output_r_V_last_V_U/FSM_sequential_state_reg[1]/C
                            (rising edge-triggered cell FDRE clocked by ap_clk  {rise@0.000ns fall@5.000ns period=10.000ns})
  Destination:            bd_0_i/hls_inst/inst/regslice_both_Output_r_V_last_V_U/data_p1_reg[0]/D
                            (rising edge-triggered cell FDRE clocked by ap_clk  {rise@0.000ns fall@5.000ns period=10.000ns})
  Path Group:             ap_clk
  Path Type:              Hold (Min at Fast Process Corner)
  Requirement:            0.000ns  (ap_clk rise@0.000ns - ap_clk rise@0.000ns)
  Data Path Delay:        0.251ns  (logic 0.186ns (74.103%)  route 0.065ns (25.897%))
  Logic Levels:           1  (LUT6=1)
  Clock Path Skew:        0.022ns (DCD - SCD - CPR)
    Destination Clock Delay (DCD):    0.432ns
    Source Clock Delay      (SCD):    0.410ns
    Clock Pessimism Removal (CPR):    -0.000ns

    Location             Delay type                Incr(ns)  Path(ns)    Netlist Resource(s)
  -------------------------------------------------------------------    -------------------
                         (clock ap_clk rise edge)     0.000     0.000 r  <hidden>
                                                      0.000     0.000 r  ap_clk
                         net (fo=1308, unset)         0.410     0.410    bd_0_i/hls_inst/inst/regslice_both_Output_r_V_last_V_U/ap_clk
    SLICE_X43Y38         FDRE                                         r  bd_0_i/hls_inst/inst/regslice_both_Output_r_V_last_V_U/FSM_sequential_state_reg[1]/C
  -------------------------------------------------------------------    -------------------
    SLICE_X43Y38         FDRE (Prop_fdre_C_Q)         0.141     0.551 r  bd_0_i/hls_inst/inst/regslice_both_Output_r_V_last_V_U/FSM_sequential_state_reg[1]/Q
                         net (fo=5, routed)           0.065     0.616    bd_0_i/hls_inst/inst/regslice_both_Output_r_V_last_V_U/state__0[1]
    SLICE_X42Y38         LUT6 (Prop_lut6_I1_O)        0.045     0.661 r  bd_0_i/hls_inst/inst/regslice_both_Output_r_V_last_V_U/data_p1[0]_i_1__12/O
                         net (fo=1, routed)           0.000     0.661    bd_0_i/hls_inst/inst/regslice_both_Output_r_V_last_V_U/data_p1[0]_i_1__12_n_0
    SLICE_X42Y38         FDRE                                         r  bd_0_i/hls_inst/inst/regslice_both_Output_r_V_last_V_U/data_p1_reg[0]/D
  -------------------------------------------------------------------    -------------------

                         (clock ap_clk rise edge)     0.000     0.000 r  <hidden>
                                                      0.000     0.000 r  ap_clk
                         net (fo=1308, unset)         0.432     0.432    bd_0_i/hls_inst/inst/regslice_both_Output_r_V_last_V_U/ap_clk
    SLICE_X42Y38         FDRE                                         r  bd_0_i/hls_inst/inst/regslice_both_Output_r_V_last_V_U/data_p1_reg[0]/C
                         clock pessimism              0.000     0.432    <hidden>
    SLICE_X42Y38         FDRE (Hold_fdre_C_D)         0.121     0.553    bd_0_i/hls_inst/inst/regslice_both_Output_r_V_last_V_U/data_p1_reg[0]
  -------------------------------------------------------------------
                         required time                         -0.553    <hidden>
                         arrival time                           0.661    <hidden>
  -------------------------------------------------------------------
                         slack                                  0.108    <hidden>

Slack (MET) :             0.112ns  (arrival time - required time)
  Source:                 bd_0_i/hls_inst/inst/regslice_both_Input_r_V_dest_V_U/data_p1_reg[1]/C
                            (rising edge-triggered cell FDRE clocked by ap_clk  {rise@0.000ns fall@5.000ns period=10.000ns})
  Destination:            bd_0_i/hls_inst/inst/grp_Sobel_Filter_Pipeline_VITIS_LOOP_26_1_VITIS_LOOP_28_2_fu_86/p_0_reg_730_pp0_iter3_reg_reg[1]_srl2/D
                            (rising edge-triggered cell SRL16E clocked by ap_clk  {rise@0.000ns fall@5.000ns period=10.000ns})
  Path Group:             ap_clk
  Path Type:              Hold (Min at Fast Process Corner)
  Requirement:            0.000ns  (ap_clk rise@0.000ns - ap_clk rise@0.000ns)
  Data Path Delay:        0.243ns  (logic 0.141ns (58.024%)  route 0.102ns (41.976%))
  Logic Levels:           0  
  Clock Path Skew:        0.022ns (DCD - SCD - CPR)
    Destination Clock Delay (DCD):    0.432ns
    Source Clock Delay      (SCD):    0.410ns
    Clock Pessimism Removal (CPR):    -0.000ns

    Location             Delay type                Incr(ns)  Path(ns)    Netlist Resource(s)
  -------------------------------------------------------------------    -------------------
                         (clock ap_clk rise edge)     0.000     0.000 r  <hidden>
                                                      0.000     0.000 r  ap_clk
                         net (fo=1308, unset)         0.410     0.410    bd_0_i/hls_inst/inst/regslice_both_Input_r_V_dest_V_U/ap_clk
    SLICE_X45Y43         FDRE                                         r  bd_0_i/hls_inst/inst/regslice_both_Input_r_V_dest_V_U/data_p1_reg[1]/C
  -------------------------------------------------------------------    -------------------
    SLICE_X45Y43         FDRE (Prop_fdre_C_Q)         0.141     0.551 r  bd_0_i/hls_inst/inst/regslice_both_Input_r_V_dest_V_U/data_p1_reg[1]/Q
                         net (fo=1, routed)           0.102     0.653    bd_0_i/hls_inst/inst/grp_Sobel_Filter_Pipeline_VITIS_LOOP_26_1_VITIS_LOOP_28_2_fu_86/p_0_reg_730_pp0_iter4_reg_reg[5]__0_1[1]
    SLICE_X46Y43         SRL16E                                       r  bd_0_i/hls_inst/inst/grp_Sobel_Filter_Pipeline_VITIS_LOOP_26_1_VITIS_LOOP_28_2_fu_86/p_0_reg_730_pp0_iter3_reg_reg[1]_srl2/D
  -------------------------------------------------------------------    -------------------

                         (clock ap_clk rise edge)     0.000     0.000 r  <hidden>
                                                      0.000     0.000 r  ap_clk
                         net (fo=1308, unset)         0.432     0.432    bd_0_i/hls_inst/inst/grp_Sobel_Filter_Pipeline_VITIS_LOOP_26_1_VITIS_LOOP_28_2_fu_86/ap_clk
    SLICE_X46Y43         SRL16E                                       r  bd_0_i/hls_inst/inst/grp_Sobel_Filter_Pipeline_VITIS_LOOP_26_1_VITIS_LOOP_28_2_fu_86/p_0_reg_730_pp0_iter3_reg_reg[1]_srl2/CLK
                         clock pessimism              0.000     0.432    <hidden>
    SLICE_X46Y43         SRL16E (Hold_srl16e_CLK_D)
                                                      0.109     0.541    bd_0_i/hls_inst/inst/grp_Sobel_Filter_Pipeline_VITIS_LOOP_26_1_VITIS_LOOP_28_2_fu_86/p_0_reg_730_pp0_iter3_reg_reg[1]_srl2
  -------------------------------------------------------------------
                         required time                         -0.541    <hidden>
                         arrival time                           0.653    <hidden>
  -------------------------------------------------------------------
                         slack                                  0.112    <hidden>

Slack (MET) :             0.112ns  (arrival time - required time)
  Source:                 bd_0_i/hls_inst/inst/regslice_both_Input_r_V_keep_V_U/data_p1_reg[1]/C
                            (rising edge-triggered cell FDRE clocked by ap_clk  {rise@0.000ns fall@5.000ns period=10.000ns})
  Destination:            bd_0_i/hls_inst/inst/grp_Sobel_Filter_Pipeline_VITIS_LOOP_26_1_VITIS_LOOP_28_2_fu_86/p_1_reg_705_pp0_iter3_reg_reg[1]_srl2/D
                            (rising edge-triggered cell SRL16E clocked by ap_clk  {rise@0.000ns fall@5.000ns period=10.000ns})
  Path Group:             ap_clk
  Path Type:              Hold (Min at Fast Process Corner)
  Requirement:            0.000ns  (ap_clk rise@0.000ns - ap_clk rise@0.000ns)
  Data Path Delay:        0.243ns  (logic 0.141ns (58.024%)  route 0.102ns (41.976%))
  Logic Levels:           0  
  Clock Path Skew:        0.022ns (DCD - SCD - CPR)
    Destination Clock Delay (DCD):    0.432ns
    Source Clock Delay      (SCD):    0.410ns
    Clock Pessimism Removal (CPR):    -0.000ns

    Location             Delay type                Incr(ns)  Path(ns)    Netlist Resource(s)
  -------------------------------------------------------------------    -------------------
                         (clock ap_clk rise edge)     0.000     0.000 r  <hidden>
                                                      0.000     0.000 r  ap_clk
                         net (fo=1308, unset)         0.410     0.410    bd_0_i/hls_inst/inst/regslice_both_Input_r_V_keep_V_U/ap_clk
    SLICE_X45Y38         FDRE                                         r  bd_0_i/hls_inst/inst/regslice_both_Input_r_V_keep_V_U/data_p1_reg[1]/C
  -------------------------------------------------------------------    -------------------
    SLICE_X45Y38         FDRE (Prop_fdre_C_Q)         0.141     0.551 r  bd_0_i/hls_inst/inst/regslice_both_Input_r_V_keep_V_U/data_p1_reg[1]/Q
                         net (fo=1, routed)           0.102     0.653    bd_0_i/hls_inst/inst/grp_Sobel_Filter_Pipeline_VITIS_LOOP_26_1_VITIS_LOOP_28_2_fu_86/Q[1]
    SLICE_X46Y38         SRL16E                                       r  bd_0_i/hls_inst/inst/grp_Sobel_Filter_Pipeline_VITIS_LOOP_26_1_VITIS_LOOP_28_2_fu_86/p_1_reg_705_pp0_iter3_reg_reg[1]_srl2/D
  -------------------------------------------------------------------    -------------------

                         (clock ap_clk rise edge)     0.000     0.000 r  <hidden>
                                                      0.000     0.000 r  ap_clk
                         net (fo=1308, unset)         0.432     0.432    bd_0_i/hls_inst/inst/grp_Sobel_Filter_Pipeline_VITIS_LOOP_26_1_VITIS_LOOP_28_2_fu_86/ap_clk
    SLICE_X46Y38         SRL16E                                       r  bd_0_i/hls_inst/inst/grp_Sobel_Filter_Pipeline_VITIS_LOOP_26_1_VITIS_LOOP_28_2_fu_86/p_1_reg_705_pp0_iter3_reg_reg[1]_srl2/CLK
                         clock pessimism              0.000     0.432    <hidden>
    SLICE_X46Y38         SRL16E (Hold_srl16e_CLK_D)
                                                      0.109     0.541    bd_0_i/hls_inst/inst/grp_Sobel_Filter_Pipeline_VITIS_LOOP_26_1_VITIS_LOOP_28_2_fu_86/p_1_reg_705_pp0_iter3_reg_reg[1]_srl2
  -------------------------------------------------------------------
                         required time                         -0.541    <hidden>
                         arrival time                           0.653    <hidden>
  -------------------------------------------------------------------
                         slack                                  0.112    <hidden>

Slack (MET) :             0.113ns  (arrival time - required time)
  Source:                 bd_0_i/hls_inst/inst/regslice_both_Input_r_V_keep_V_U/data_p1_reg[3]/C
                            (rising edge-triggered cell FDRE clocked by ap_clk  {rise@0.000ns fall@5.000ns period=10.000ns})
  Destination:            bd_0_i/hls_inst/inst/grp_Sobel_Filter_Pipeline_VITIS_LOOP_26_1_VITIS_LOOP_28_2_fu_86/p_1_reg_705_pp0_iter3_reg_reg[3]_srl2/D
                            (rising edge-triggered cell SRL16E clocked by ap_clk  {rise@0.000ns fall@5.000ns period=10.000ns})
  Path Group:             ap_clk
  Path Type:              Hold (Min at Fast Process Corner)
  Requirement:            0.000ns  (ap_clk rise@0.000ns - ap_clk rise@0.000ns)
  Data Path Delay:        0.243ns  (logic 0.141ns (58.024%)  route 0.102ns (41.976%))
  Logic Levels:           0  
  Clock Path Skew:        0.022ns (DCD - SCD - CPR)
    Destination Clock Delay (DCD):    0.432ns
    Source Clock Delay      (SCD):    0.410ns
    Clock Pessimism Removal (CPR):    -0.000ns

    Location             Delay type                Incr(ns)  Path(ns)    Netlist Resource(s)
  -------------------------------------------------------------------    -------------------
                         (clock ap_clk rise edge)     0.000     0.000 r  <hidden>
                                                      0.000     0.000 r  ap_clk
                         net (fo=1308, unset)         0.410     0.410    bd_0_i/hls_inst/inst/regslice_both_Input_r_V_keep_V_U/ap_clk
    SLICE_X45Y38         FDRE                                         r  bd_0_i/hls_inst/inst/regslice_both_Input_r_V_keep_V_U/data_p1_reg[3]/C
  -------------------------------------------------------------------    -------------------
    SLICE_X45Y38         FDRE (Prop_fdre_C_Q)         0.141     0.551 r  bd_0_i/hls_inst/inst/regslice_both_Input_r_V_keep_V_U/data_p1_reg[3]/Q
                         net (fo=1, routed)           0.102     0.653    bd_0_i/hls_inst/inst/grp_Sobel_Filter_Pipeline_VITIS_LOOP_26_1_VITIS_LOOP_28_2_fu_86/Q[3]
    SLICE_X46Y38         SRL16E                                       r  bd_0_i/hls_inst/inst/grp_Sobel_Filter_Pipeline_VITIS_LOOP_26_1_VITIS_LOOP_28_2_fu_86/p_1_reg_705_pp0_iter3_reg_reg[3]_srl2/D
  -------------------------------------------------------------------    -------------------

                         (clock ap_clk rise edge)     0.000     0.000 r  <hidden>
                                                      0.000     0.000 r  ap_clk
                         net (fo=1308, unset)         0.432     0.432    bd_0_i/hls_inst/inst/grp_Sobel_Filter_Pipeline_VITIS_LOOP_26_1_VITIS_LOOP_28_2_fu_86/ap_clk
    SLICE_X46Y38         SRL16E                                       r  bd_0_i/hls_inst/inst/grp_Sobel_Filter_Pipeline_VITIS_LOOP_26_1_VITIS_LOOP_28_2_fu_86/p_1_reg_705_pp0_iter3_reg_reg[3]_srl2/CLK
                         clock pessimism              0.000     0.432    <hidden>
    SLICE_X46Y38         SRL16E (Hold_srl16e_CLK_D)
                                                      0.108     0.540    bd_0_i/hls_inst/inst/grp_Sobel_Filter_Pipeline_VITIS_LOOP_26_1_VITIS_LOOP_28_2_fu_86/p_1_reg_705_pp0_iter3_reg_reg[3]_srl2
  -------------------------------------------------------------------
                         required time                         -0.540    <hidden>
                         arrival time                           0.653    <hidden>
  -------------------------------------------------------------------
                         slack                                  0.113    <hidden>





Pulse Width Checks
--------------------------------------------------------------------------------------
Clock Name:         ap_clk
Waveform(ns):       { 0.000 5.000 }
Period(ns):         10.000
Sources:            { ap_clk }

Check Type        Corner  Lib Pin             Reference Pin  Required(ns)  Actual(ns)  Slack(ns)  Location      Pin
Min Period        n/a     DSP48E1/CLK         n/a            3.884         10.000      6.116      DSP48_X2Y13   bd_0_i/hls_inst/inst/mul_31ns_31ns_62_2_1_U19/buff0_reg/CLK
Min Period        n/a     DSP48E1/CLK         n/a            3.687         10.000      6.313      DSP48_X2Y15   bd_0_i/hls_inst/inst/mul_31ns_31ns_62_2_1_U19/buff0_reg__0/CLK
Min Period        n/a     RAMB36E1/CLKARDCLK  n/a            2.944         10.000      7.056      RAMB36_X2Y7   bd_0_i/hls_inst/inst/grp_Sobel_Filter_Pipeline_VITIS_LOOP_26_1_VITIS_LOOP_28_2_fu_86/Line_Buffer_data_U/ram_reg_0/CLKARDCLK
Min Period        n/a     RAMB36E1/CLKARDCLK  n/a            2.944         10.000      7.056      RAMB36_X1Y8   bd_0_i/hls_inst/inst/grp_Sobel_Filter_Pipeline_VITIS_LOOP_26_1_VITIS_LOOP_28_2_fu_86/Line_Buffer_data_U/ram_reg_1/CLKARDCLK
Min Period        n/a     RAMB36E1/CLKARDCLK  n/a            2.576         10.000      7.424      RAMB36_X1Y7   bd_0_i/hls_inst/inst/grp_Sobel_Filter_Pipeline_VITIS_LOOP_26_1_VITIS_LOOP_28_2_fu_86/Line_Buffer_data_1_U/ram_reg_0/CLKARDCLK
Min Period        n/a     RAMB36E1/CLKARDCLK  n/a            2.576         10.000      7.424      RAMB36_X1Y9   bd_0_i/hls_inst/inst/grp_Sobel_Filter_Pipeline_VITIS_LOOP_26_1_VITIS_LOOP_28_2_fu_86/Line_Buffer_data_1_U/ram_reg_1/CLKARDCLK
Min Period        n/a     RAMB36E1/CLKBWRCLK  n/a            2.576         10.000      7.424      RAMB36_X2Y7   bd_0_i/hls_inst/inst/grp_Sobel_Filter_Pipeline_VITIS_LOOP_26_1_VITIS_LOOP_28_2_fu_86/Line_Buffer_data_U/ram_reg_0/CLKBWRCLK
Min Period        n/a     RAMB36E1/CLKBWRCLK  n/a            2.576         10.000      7.424      RAMB36_X1Y8   bd_0_i/hls_inst/inst/grp_Sobel_Filter_Pipeline_VITIS_LOOP_26_1_VITIS_LOOP_28_2_fu_86/Line_Buffer_data_U/ram_reg_1/CLKBWRCLK
Min Period        n/a     FDRE/C              n/a            1.000         10.000      9.000      SLICE_X27Y29  bd_0_i/hls_inst/inst/Cols_read_reg_168_reg[0]/C
Min Period        n/a     FDRE/C              n/a            1.000         10.000      9.000      SLICE_X29Y30  bd_0_i/hls_inst/inst/Cols_read_reg_168_reg[10]/C
Low Pulse Width   Slow    SRL16E/CLK          n/a            0.980         5.000       4.020      SLICE_X30Y36  bd_0_i/hls_inst/inst/grp_Sobel_Filter_Pipeline_VITIS_LOOP_26_1_VITIS_LOOP_28_2_fu_86/ap_loop_exit_ready_pp0_iter3_reg_reg_srl2/CLK
Low Pulse Width   Fast    SRL16E/CLK          n/a            0.980         5.000       4.020      SLICE_X30Y36  bd_0_i/hls_inst/inst/grp_Sobel_Filter_Pipeline_VITIS_LOOP_26_1_VITIS_LOOP_28_2_fu_86/ap_loop_exit_ready_pp0_iter3_reg_reg_srl2/CLK
Low Pulse Width   Slow    SRL16E/CLK          n/a            0.980         5.000       4.020      SLICE_X46Y43  bd_0_i/hls_inst/inst/grp_Sobel_Filter_Pipeline_VITIS_LOOP_26_1_VITIS_LOOP_28_2_fu_86/p_0_reg_730_pp0_iter3_reg_reg[0]_srl2/CLK
Low Pulse Width   Fast    SRL16E/CLK          n/a            0.980         5.000       4.020      SLICE_X46Y43  bd_0_i/hls_inst/inst/grp_Sobel_Filter_Pipeline_VITIS_LOOP_26_1_VITIS_LOOP_28_2_fu_86/p_0_reg_730_pp0_iter3_reg_reg[0]_srl2/CLK
Low Pulse Width   Slow    SRL16E/CLK          n/a            0.980         5.000       4.020      SLICE_X46Y43  bd_0_i/hls_inst/inst/grp_Sobel_Filter_Pipeline_VITIS_LOOP_26_1_VITIS_LOOP_28_2_fu_86/p_0_reg_730_pp0_iter3_reg_reg[1]_srl2/CLK
Low Pulse Width   Fast    SRL16E/CLK          n/a            0.980         5.000       4.020      SLICE_X46Y43  bd_0_i/hls_inst/inst/grp_Sobel_Filter_Pipeline_VITIS_LOOP_26_1_VITIS_LOOP_28_2_fu_86/p_0_reg_730_pp0_iter3_reg_reg[1]_srl2/CLK
Low Pulse Width   Slow    SRL16E/CLK          n/a            0.980         5.000       4.020      SLICE_X46Y43  bd_0_i/hls_inst/inst/grp_Sobel_Filter_Pipeline_VITIS_LOOP_26_1_VITIS_LOOP_28_2_fu_86/p_0_reg_730_pp0_iter3_reg_reg[2]_srl2/CLK
Low Pulse Width   Fast    SRL16E/CLK          n/a            0.980         5.000       4.020      SLICE_X46Y43  bd_0_i/hls_inst/inst/grp_Sobel_Filter_Pipeline_VITIS_LOOP_26_1_VITIS_LOOP_28_2_fu_86/p_0_reg_730_pp0_iter3_reg_reg[2]_srl2/CLK
Low Pulse Width   Slow    SRL16E/CLK          n/a            0.980         5.000       4.020      SLICE_X46Y43  bd_0_i/hls_inst/inst/grp_Sobel_Filter_Pipeline_VITIS_LOOP_26_1_VITIS_LOOP_28_2_fu_86/p_0_reg_730_pp0_iter3_reg_reg[3]_srl2/CLK
Low Pulse Width   Fast    SRL16E/CLK          n/a            0.980         5.000       4.020      SLICE_X46Y43  bd_0_i/hls_inst/inst/grp_Sobel_Filter_Pipeline_VITIS_LOOP_26_1_VITIS_LOOP_28_2_fu_86/p_0_reg_730_pp0_iter3_reg_reg[3]_srl2/CLK
High Pulse Width  Slow    SRL16E/CLK          n/a            0.980         5.000       4.020      SLICE_X30Y36  bd_0_i/hls_inst/inst/grp_Sobel_Filter_Pipeline_VITIS_LOOP_26_1_VITIS_LOOP_28_2_fu_86/ap_loop_exit_ready_pp0_iter3_reg_reg_srl2/CLK
High Pulse Width  Fast    SRL16E/CLK          n/a            0.980         5.000       4.020      SLICE_X30Y36  bd_0_i/hls_inst/inst/grp_Sobel_Filter_Pipeline_VITIS_LOOP_26_1_VITIS_LOOP_28_2_fu_86/ap_loop_exit_ready_pp0_iter3_reg_reg_srl2/CLK
High Pulse Width  Slow    SRL16E/CLK          n/a            0.980         5.000       4.020      SLICE_X46Y43  bd_0_i/hls_inst/inst/grp_Sobel_Filter_Pipeline_VITIS_LOOP_26_1_VITIS_LOOP_28_2_fu_86/p_0_reg_730_pp0_iter3_reg_reg[0]_srl2/CLK
High Pulse Width  Fast    SRL16E/CLK          n/a            0.980         5.000       4.020      SLICE_X46Y43  bd_0_i/hls_inst/inst/grp_Sobel_Filter_Pipeline_VITIS_LOOP_26_1_VITIS_LOOP_28_2_fu_86/p_0_reg_730_pp0_iter3_reg_reg[0]_srl2/CLK
High Pulse Width  Slow    SRL16E/CLK          n/a            0.980         5.000       4.020      SLICE_X46Y43  bd_0_i/hls_inst/inst/grp_Sobel_Filter_Pipeline_VITIS_LOOP_26_1_VITIS_LOOP_28_2_fu_86/p_0_reg_730_pp0_iter3_reg_reg[1]_srl2/CLK
High Pulse Width  Fast    SRL16E/CLK          n/a            0.980         5.000       4.020      SLICE_X46Y43  bd_0_i/hls_inst/inst/grp_Sobel_Filter_Pipeline_VITIS_LOOP_26_1_VITIS_LOOP_28_2_fu_86/p_0_reg_730_pp0_iter3_reg_reg[1]_srl2/CLK
High Pulse Width  Slow    SRL16E/CLK          n/a            0.980         5.000       4.020      SLICE_X46Y43  bd_0_i/hls_inst/inst/grp_Sobel_Filter_Pipeline_VITIS_LOOP_26_1_VITIS_LOOP_28_2_fu_86/p_0_reg_730_pp0_iter3_reg_reg[2]_srl2/CLK
High Pulse Width  Fast    SRL16E/CLK          n/a            0.980         5.000       4.020      SLICE_X46Y43  bd_0_i/hls_inst/inst/grp_Sobel_Filter_Pipeline_VITIS_LOOP_26_1_VITIS_LOOP_28_2_fu_86/p_0_reg_730_pp0_iter3_reg_reg[2]_srl2/CLK
High Pulse Width  Slow    SRL16E/CLK          n/a            0.980         5.000       4.020      SLICE_X46Y43  bd_0_i/hls_inst/inst/grp_Sobel_Filter_Pipeline_VITIS_LOOP_26_1_VITIS_LOOP_28_2_fu_86/p_0_reg_730_pp0_iter3_reg_reg[3]_srl2/CLK
High Pulse Width  Fast    SRL16E/CLK          n/a            0.980         5.000       4.020      SLICE_X46Y43  bd_0_i/hls_inst/inst/grp_Sobel_Filter_Pipeline_VITIS_LOOP_26_1_VITIS_LOOP_28_2_fu_86/p_0_reg_730_pp0_iter3_reg_reg[3]_srl2/CLK



--------------------------------------------------------------------------------------
Path Group:  (none)
From Clock:  ap_clk
  To Clock:  

Max Delay            95 Endpoints
Min Delay            95 Endpoints
--------------------------------------------------------------------------------------


Max Delay Paths
--------------------------------------------------------------------------------------
Slack:                    inf
  Source:                 bd_0_i/hls_inst/inst/regslice_both_Output_r_V_data_V_U/data_p1_reg[0]/C
                            (rising edge-triggered cell FDRE clocked by ap_clk  {rise@0.000ns fall@5.000ns period=10.000ns})
  Destination:            Output_r_tdata[0]
                            (output port)
  Path Group:             (none)
  Path Type:              Max at Slow Process Corner
  Data Path Delay:        1.491ns  (logic 0.518ns (34.742%)  route 0.973ns (65.258%))
  Logic Levels:           0  
  Clock Uncertainty:      0.025ns  ((TSJ^2 + TIJ^2)^1/2 + DJ) / 2 + PE
    Total System Jitter     (TSJ):    0.050ns
    Total Input Jitter      (TIJ):    0.000ns
    Discrete Jitter          (DJ):    0.000ns
    Phase Error              (PE):    0.000ns

    Location             Delay type                Incr(ns)  Path(ns)    Netlist Resource(s)
  -------------------------------------------------------------------    -------------------
                         (clock ap_clk rise edge)     0.000     0.000 r  <hidden>
                                                      0.000     0.000 r  ap_clk
                         net (fo=1308, unset)         0.973     0.973    bd_0_i/hls_inst/inst/regslice_both_Output_r_V_data_V_U/ap_clk
    SLICE_X38Y37         FDRE                                         r  bd_0_i/hls_inst/inst/regslice_both_Output_r_V_data_V_U/data_p1_reg[0]/C
  -------------------------------------------------------------------    -------------------
    SLICE_X38Y37         FDRE (Prop_fdre_C_Q)         0.518     1.491 r  bd_0_i/hls_inst/inst/regslice_both_Output_r_V_data_V_U/data_p1_reg[0]/Q
                         net (fo=0)                   0.973     2.464    Output_r_tdata[0]
                                                                      r  Output_r_tdata[0]
  -------------------------------------------------------------------    -------------------

Slack:                    inf
  Source:                 bd_0_i/hls_inst/inst/regslice_both_Output_r_V_data_V_U/data_p1_reg[14]/C
                            (rising edge-triggered cell FDRE clocked by ap_clk  {rise@0.000ns fall@5.000ns period=10.000ns})
  Destination:            Output_r_tdata[14]
                            (output port)
  Path Group:             (none)
  Path Type:              Max at Slow Process Corner
  Data Path Delay:        1.491ns  (logic 0.518ns (34.742%)  route 0.973ns (65.258%))
  Logic Levels:           0  
  Clock Uncertainty:      0.025ns  ((TSJ^2 + TIJ^2)^1/2 + DJ) / 2 + PE
    Total System Jitter     (TSJ):    0.050ns
    Total Input Jitter      (TIJ):    0.000ns
    Discrete Jitter          (DJ):    0.000ns
    Phase Error              (PE):    0.000ns

    Location             Delay type                Incr(ns)  Path(ns)    Netlist Resource(s)
  -------------------------------------------------------------------    -------------------
                         (clock ap_clk rise edge)     0.000     0.000 r  <hidden>
                                                      0.000     0.000 r  ap_clk
                         net (fo=1308, unset)         0.973     0.973    bd_0_i/hls_inst/inst/regslice_both_Output_r_V_data_V_U/ap_clk
    SLICE_X38Y41         FDRE                                         r  bd_0_i/hls_inst/inst/regslice_both_Output_r_V_data_V_U/data_p1_reg[14]/C
  -------------------------------------------------------------------    -------------------
    SLICE_X38Y41         FDRE (Prop_fdre_C_Q)         0.518     1.491 r  bd_0_i/hls_inst/inst/regslice_both_Output_r_V_data_V_U/data_p1_reg[14]/Q
                         net (fo=0)                   0.973     2.464    Output_r_tdata[14]
                                                                      r  Output_r_tdata[14]
  -------------------------------------------------------------------    -------------------

Slack:                    inf
  Source:                 bd_0_i/hls_inst/inst/regslice_both_Output_r_V_data_V_U/data_p1_reg[15]/C
                            (rising edge-triggered cell FDRE clocked by ap_clk  {rise@0.000ns fall@5.000ns period=10.000ns})
  Destination:            Output_r_tdata[15]
                            (output port)
  Path Group:             (none)
  Path Type:              Max at Slow Process Corner
  Data Path Delay:        1.491ns  (logic 0.518ns (34.742%)  route 0.973ns (65.258%))
  Logic Levels:           0  
  Clock Uncertainty:      0.025ns  ((TSJ^2 + TIJ^2)^1/2 + DJ) / 2 + PE
    Total System Jitter     (TSJ):    0.050ns
    Total Input Jitter      (TIJ):    0.000ns
    Discrete Jitter          (DJ):    0.000ns
    Phase Error              (PE):    0.000ns

    Location             Delay type                Incr(ns)  Path(ns)    Netlist Resource(s)
  -------------------------------------------------------------------    -------------------
                         (clock ap_clk rise edge)     0.000     0.000 r  <hidden>
                                                      0.000     0.000 r  ap_clk
                         net (fo=1308, unset)         0.973     0.973    bd_0_i/hls_inst/inst/regslice_both_Output_r_V_data_V_U/ap_clk
    SLICE_X38Y41         FDRE                                         r  bd_0_i/hls_inst/inst/regslice_both_Output_r_V_data_V_U/data_p1_reg[15]/C
  -------------------------------------------------------------------    -------------------
    SLICE_X38Y41         FDRE (Prop_fdre_C_Q)         0.518     1.491 r  bd_0_i/hls_inst/inst/regslice_both_Output_r_V_data_V_U/data_p1_reg[15]/Q
                         net (fo=0)                   0.973     2.464    Output_r_tdata[15]
                                                                      r  Output_r_tdata[15]
  -------------------------------------------------------------------    -------------------

Slack:                    inf
  Source:                 bd_0_i/hls_inst/inst/regslice_both_Output_r_V_data_V_U/data_p1_reg[17]/C
                            (rising edge-triggered cell FDRE clocked by ap_clk  {rise@0.000ns fall@5.000ns period=10.000ns})
  Destination:            Output_r_tdata[17]
                            (output port)
  Path Group:             (none)
  Path Type:              Max at Slow Process Corner
  Data Path Delay:        1.491ns  (logic 0.518ns (34.742%)  route 0.973ns (65.258%))
  Logic Levels:           0  
  Clock Uncertainty:      0.025ns  ((TSJ^2 + TIJ^2)^1/2 + DJ) / 2 + PE
    Total System Jitter     (TSJ):    0.050ns
    Total Input Jitter      (TIJ):    0.000ns
    Discrete Jitter          (DJ):    0.000ns
    Phase Error              (PE):    0.000ns

    Location             Delay type                Incr(ns)  Path(ns)    Netlist Resource(s)
  -------------------------------------------------------------------    -------------------
                         (clock ap_clk rise edge)     0.000     0.000 r  <hidden>
                                                      0.000     0.000 r  ap_clk
                         net (fo=1308, unset)         0.973     0.973    bd_0_i/hls_inst/inst/regslice_both_Output_r_V_data_V_U/ap_clk
    SLICE_X38Y42         FDRE                                         r  bd_0_i/hls_inst/inst/regslice_both_Output_r_V_data_V_U/data_p1_reg[17]/C
  -------------------------------------------------------------------    -------------------
    SLICE_X38Y42         FDRE (Prop_fdre_C_Q)         0.518     1.491 r  bd_0_i/hls_inst/inst/regslice_both_Output_r_V_data_V_U/data_p1_reg[17]/Q
                         net (fo=0)                   0.973     2.464    Output_r_tdata[17]
                                                                      r  Output_r_tdata[17]
  -------------------------------------------------------------------    -------------------

Slack:                    inf
  Source:                 bd_0_i/hls_inst/inst/regslice_both_Output_r_V_data_V_U/data_p1_reg[18]/C
                            (rising edge-triggered cell FDRE clocked by ap_clk  {rise@0.000ns fall@5.000ns period=10.000ns})
  Destination:            Output_r_tdata[18]
                            (output port)
  Path Group:             (none)
  Path Type:              Max at Slow Process Corner
  Data Path Delay:        1.491ns  (logic 0.518ns (34.742%)  route 0.973ns (65.258%))
  Logic Levels:           0  
  Clock Uncertainty:      0.025ns  ((TSJ^2 + TIJ^2)^1/2 + DJ) / 2 + PE
    Total System Jitter     (TSJ):    0.050ns
    Total Input Jitter      (TIJ):    0.000ns
    Discrete Jitter          (DJ):    0.000ns
    Phase Error              (PE):    0.000ns

    Location             Delay type                Incr(ns)  Path(ns)    Netlist Resource(s)
  -------------------------------------------------------------------    -------------------
                         (clock ap_clk rise edge)     0.000     0.000 r  <hidden>
                                                      0.000     0.000 r  ap_clk
                         net (fo=1308, unset)         0.973     0.973    bd_0_i/hls_inst/inst/regslice_both_Output_r_V_data_V_U/ap_clk
    SLICE_X38Y42         FDRE                                         r  bd_0_i/hls_inst/inst/regslice_both_Output_r_V_data_V_U/data_p1_reg[18]/C
  -------------------------------------------------------------------    -------------------
    SLICE_X38Y42         FDRE (Prop_fdre_C_Q)         0.518     1.491 r  bd_0_i/hls_inst/inst/regslice_both_Output_r_V_data_V_U/data_p1_reg[18]/Q
                         net (fo=0)                   0.973     2.464    Output_r_tdata[18]
                                                                      r  Output_r_tdata[18]
  -------------------------------------------------------------------    -------------------

Slack:                    inf
  Source:                 bd_0_i/hls_inst/inst/regslice_both_Output_r_V_data_V_U/data_p1_reg[19]/C
                            (rising edge-triggered cell FDRE clocked by ap_clk  {rise@0.000ns fall@5.000ns period=10.000ns})
  Destination:            Output_r_tdata[19]
                            (output port)
  Path Group:             (none)
  Path Type:              Max at Slow Process Corner
  Data Path Delay:        1.491ns  (logic 0.518ns (34.742%)  route 0.973ns (65.258%))
  Logic Levels:           0  
  Clock Uncertainty:      0.025ns  ((TSJ^2 + TIJ^2)^1/2 + DJ) / 2 + PE
    Total System Jitter     (TSJ):    0.050ns
    Total Input Jitter      (TIJ):    0.000ns
    Discrete Jitter          (DJ):    0.000ns
    Phase Error              (PE):    0.000ns

    Location             Delay type                Incr(ns)  Path(ns)    Netlist Resource(s)
  -------------------------------------------------------------------    -------------------
                         (clock ap_clk rise edge)     0.000     0.000 r  <hidden>
                                                      0.000     0.000 r  ap_clk
                         net (fo=1308, unset)         0.973     0.973    bd_0_i/hls_inst/inst/regslice_both_Output_r_V_data_V_U/ap_clk
    SLICE_X38Y41         FDRE                                         r  bd_0_i/hls_inst/inst/regslice_both_Output_r_V_data_V_U/data_p1_reg[19]/C
  -------------------------------------------------------------------    -------------------
    SLICE_X38Y41         FDRE (Prop_fdre_C_Q)         0.518     1.491 r  bd_0_i/hls_inst/inst/regslice_both_Output_r_V_data_V_U/data_p1_reg[19]/Q
                         net (fo=0)                   0.973     2.464    Output_r_tdata[19]
                                                                      r  Output_r_tdata[19]
  -------------------------------------------------------------------    -------------------

Slack:                    inf
  Source:                 bd_0_i/hls_inst/inst/regslice_both_Output_r_V_data_V_U/data_p1_reg[1]/C
                            (rising edge-triggered cell FDRE clocked by ap_clk  {rise@0.000ns fall@5.000ns period=10.000ns})
  Destination:            Output_r_tdata[1]
                            (output port)
  Path Group:             (none)
  Path Type:              Max at Slow Process Corner
  Data Path Delay:        1.491ns  (logic 0.518ns (34.742%)  route 0.973ns (65.258%))
  Logic Levels:           0  
  Clock Uncertainty:      0.025ns  ((TSJ^2 + TIJ^2)^1/2 + DJ) / 2 + PE
    Total System Jitter     (TSJ):    0.050ns
    Total Input Jitter      (TIJ):    0.000ns
    Discrete Jitter          (DJ):    0.000ns
    Phase Error              (PE):    0.000ns

    Location             Delay type                Incr(ns)  Path(ns)    Netlist Resource(s)
  -------------------------------------------------------------------    -------------------
                         (clock ap_clk rise edge)     0.000     0.000 r  <hidden>
                                                      0.000     0.000 r  ap_clk
                         net (fo=1308, unset)         0.973     0.973    bd_0_i/hls_inst/inst/regslice_both_Output_r_V_data_V_U/ap_clk
    SLICE_X38Y37         FDRE                                         r  bd_0_i/hls_inst/inst/regslice_both_Output_r_V_data_V_U/data_p1_reg[1]/C
  -------------------------------------------------------------------    -------------------
    SLICE_X38Y37         FDRE (Prop_fdre_C_Q)         0.518     1.491 r  bd_0_i/hls_inst/inst/regslice_both_Output_r_V_data_V_U/data_p1_reg[1]/Q
                         net (fo=0)                   0.973     2.464    Output_r_tdata[1]
                                                                      r  Output_r_tdata[1]
  -------------------------------------------------------------------    -------------------

Slack:                    inf
  Source:                 bd_0_i/hls_inst/inst/regslice_both_Output_r_V_data_V_U/data_p1_reg[20]/C
                            (rising edge-triggered cell FDRE clocked by ap_clk  {rise@0.000ns fall@5.000ns period=10.000ns})
  Destination:            Output_r_tdata[20]
                            (output port)
  Path Group:             (none)
  Path Type:              Max at Slow Process Corner
  Data Path Delay:        1.491ns  (logic 0.518ns (34.742%)  route 0.973ns (65.258%))
  Logic Levels:           0  
  Clock Uncertainty:      0.025ns  ((TSJ^2 + TIJ^2)^1/2 + DJ) / 2 + PE
    Total System Jitter     (TSJ):    0.050ns
    Total Input Jitter      (TIJ):    0.000ns
    Discrete Jitter          (DJ):    0.000ns
    Phase Error              (PE):    0.000ns

    Location             Delay type                Incr(ns)  Path(ns)    Netlist Resource(s)
  -------------------------------------------------------------------    -------------------
                         (clock ap_clk rise edge)     0.000     0.000 r  <hidden>
                                                      0.000     0.000 r  ap_clk
                         net (fo=1308, unset)         0.973     0.973    bd_0_i/hls_inst/inst/regslice_both_Output_r_V_data_V_U/ap_clk
    SLICE_X38Y42         FDRE                                         r  bd_0_i/hls_inst/inst/regslice_both_Output_r_V_data_V_U/data_p1_reg[20]/C
  -------------------------------------------------------------------    -------------------
    SLICE_X38Y42         FDRE (Prop_fdre_C_Q)         0.518     1.491 r  bd_0_i/hls_inst/inst/regslice_both_Output_r_V_data_V_U/data_p1_reg[20]/Q
                         net (fo=0)                   0.973     2.464    Output_r_tdata[20]
                                                                      r  Output_r_tdata[20]
  -------------------------------------------------------------------    -------------------

Slack:                    inf
  Source:                 bd_0_i/hls_inst/inst/regslice_both_Output_r_V_data_V_U/data_p1_reg[21]/C
                            (rising edge-triggered cell FDRE clocked by ap_clk  {rise@0.000ns fall@5.000ns period=10.000ns})
  Destination:            Output_r_tdata[21]
                            (output port)
  Path Group:             (none)
  Path Type:              Max at Slow Process Corner
  Data Path Delay:        1.491ns  (logic 0.518ns (34.742%)  route 0.973ns (65.258%))
  Logic Levels:           0  
  Clock Uncertainty:      0.025ns  ((TSJ^2 + TIJ^2)^1/2 + DJ) / 2 + PE
    Total System Jitter     (TSJ):    0.050ns
    Total Input Jitter      (TIJ):    0.000ns
    Discrete Jitter          (DJ):    0.000ns
    Phase Error              (PE):    0.000ns

    Location             Delay type                Incr(ns)  Path(ns)    Netlist Resource(s)
  -------------------------------------------------------------------    -------------------
                         (clock ap_clk rise edge)     0.000     0.000 r  <hidden>
                                                      0.000     0.000 r  ap_clk
                         net (fo=1308, unset)         0.973     0.973    bd_0_i/hls_inst/inst/regslice_both_Output_r_V_data_V_U/ap_clk
    SLICE_X38Y42         FDRE                                         r  bd_0_i/hls_inst/inst/regslice_both_Output_r_V_data_V_U/data_p1_reg[21]/C
  -------------------------------------------------------------------    -------------------
    SLICE_X38Y42         FDRE (Prop_fdre_C_Q)         0.518     1.491 r  bd_0_i/hls_inst/inst/regslice_both_Output_r_V_data_V_U/data_p1_reg[21]/Q
                         net (fo=0)                   0.973     2.464    Output_r_tdata[21]
                                                                      r  Output_r_tdata[21]
  -------------------------------------------------------------------    -------------------

Slack:                    inf
  Source:                 bd_0_i/hls_inst/inst/regslice_both_Output_r_V_data_V_U/data_p1_reg[24]/C
                            (rising edge-triggered cell FDRE clocked by ap_clk  {rise@0.000ns fall@5.000ns period=10.000ns})
  Destination:            Output_r_tdata[24]
                            (output port)
  Path Group:             (none)
  Path Type:              Max at Slow Process Corner
  Data Path Delay:        1.491ns  (logic 0.518ns (34.742%)  route 0.973ns (65.258%))
  Logic Levels:           0  
  Clock Uncertainty:      0.025ns  ((TSJ^2 + TIJ^2)^1/2 + DJ) / 2 + PE
    Total System Jitter     (TSJ):    0.050ns
    Total Input Jitter      (TIJ):    0.000ns
    Discrete Jitter          (DJ):    0.000ns
    Phase Error              (PE):    0.000ns

    Location             Delay type                Incr(ns)  Path(ns)    Netlist Resource(s)
  -------------------------------------------------------------------    -------------------
                         (clock ap_clk rise edge)     0.000     0.000 r  <hidden>
                                                      0.000     0.000 r  ap_clk
                         net (fo=1308, unset)         0.973     0.973    bd_0_i/hls_inst/inst/regslice_both_Output_r_V_data_V_U/ap_clk
    SLICE_X34Y46         FDRE                                         r  bd_0_i/hls_inst/inst/regslice_both_Output_r_V_data_V_U/data_p1_reg[24]/C
  -------------------------------------------------------------------    -------------------
    SLICE_X34Y46         FDRE (Prop_fdre_C_Q)         0.518     1.491 r  bd_0_i/hls_inst/inst/regslice_both_Output_r_V_data_V_U/data_p1_reg[24]/Q
                         net (fo=0)                   0.973     2.464    Output_r_tdata[24]
                                                                      r  Output_r_tdata[24]
  -------------------------------------------------------------------    -------------------





Min Delay Paths
--------------------------------------------------------------------------------------
Slack:                    inf
  Source:                 bd_0_i/hls_inst/inst/control_s_axi_U/rdata_reg[3]/C
                            (rising edge-triggered cell FDRE clocked by ap_clk  {rise@0.000ns fall@5.000ns period=10.000ns})
  Destination:            s_axi_control_rdata[3]
                            (output port)
  Path Group:             (none)
  Path Type:              Min at Fast Process Corner
  Data Path Delay:        0.538ns  (logic 0.128ns (23.786%)  route 0.410ns (76.214%))
  Logic Levels:           0  
  Clock Uncertainty:      0.025ns  ((TSJ^2 + TIJ^2)^1/2 + DJ) / 2 + PE
    Total System Jitter     (TSJ):    0.050ns
    Total Input Jitter      (TIJ):    0.000ns
    Discrete Jitter          (DJ):    0.000ns
    Phase Error              (PE):    0.000ns

    Location             Delay type                Incr(ns)  Path(ns)    Netlist Resource(s)
  -------------------------------------------------------------------    -------------------
                         (clock ap_clk rise edge)     0.000     0.000 r  <hidden>
                                                      0.000     0.000 r  ap_clk
                         net (fo=1308, unset)         0.410     0.410    bd_0_i/hls_inst/inst/control_s_axi_U/ap_clk
    SLICE_X40Y31         FDRE                                         r  bd_0_i/hls_inst/inst/control_s_axi_U/rdata_reg[3]/C
  -------------------------------------------------------------------    -------------------
    SLICE_X40Y31         FDRE (Prop_fdre_C_Q)         0.128     0.538 r  bd_0_i/hls_inst/inst/control_s_axi_U/rdata_reg[3]/Q
                         net (fo=0)                   0.410     0.948    s_axi_control_rdata[3]
                                                                      r  s_axi_control_rdata[3]
  -------------------------------------------------------------------    -------------------

Slack:                    inf
  Source:                 bd_0_i/hls_inst/inst/control_s_axi_U/rdata_reg[9]/C
                            (rising edge-triggered cell FDRE clocked by ap_clk  {rise@0.000ns fall@5.000ns period=10.000ns})
  Destination:            s_axi_control_rdata[9]
                            (output port)
  Path Group:             (none)
  Path Type:              Min at Fast Process Corner
  Data Path Delay:        0.538ns  (logic 0.128ns (23.786%)  route 0.410ns (76.214%))
  Logic Levels:           0  
  Clock Uncertainty:      0.025ns  ((TSJ^2 + TIJ^2)^1/2 + DJ) / 2 + PE
    Total System Jitter     (TSJ):    0.050ns
    Total Input Jitter      (TIJ):    0.000ns
    Discrete Jitter          (DJ):    0.000ns
    Phase Error              (PE):    0.000ns

    Location             Delay type                Incr(ns)  Path(ns)    Netlist Resource(s)
  -------------------------------------------------------------------    -------------------
                         (clock ap_clk rise edge)     0.000     0.000 r  <hidden>
                                                      0.000     0.000 r  ap_clk
                         net (fo=1308, unset)         0.410     0.410    bd_0_i/hls_inst/inst/control_s_axi_U/ap_clk
    SLICE_X39Y33         FDRE                                         r  bd_0_i/hls_inst/inst/control_s_axi_U/rdata_reg[9]/C
  -------------------------------------------------------------------    -------------------
    SLICE_X39Y33         FDRE (Prop_fdre_C_Q)         0.128     0.538 r  bd_0_i/hls_inst/inst/control_s_axi_U/rdata_reg[9]/Q
                         net (fo=0)                   0.410     0.948    s_axi_control_rdata[9]
                                                                      r  s_axi_control_rdata[9]
  -------------------------------------------------------------------    -------------------

Slack:                    inf
  Source:                 bd_0_i/hls_inst/inst/control_s_axi_U/FSM_onehot_rstate_reg[2]/C
                            (rising edge-triggered cell FDRE clocked by ap_clk  {rise@0.000ns fall@5.000ns period=10.000ns})
  Destination:            s_axi_control_rvalid
                            (output port)
  Path Group:             (none)
  Path Type:              Min at Fast Process Corner
  Data Path Delay:        0.538ns  (logic 0.128ns (23.786%)  route 0.410ns (76.214%))
  Logic Levels:           0  
  Clock Uncertainty:      0.025ns  ((TSJ^2 + TIJ^2)^1/2 + DJ) / 2 + PE
    Total System Jitter     (TSJ):    0.050ns
    Total Input Jitter      (TIJ):    0.000ns
    Discrete Jitter          (DJ):    0.000ns
    Phase Error              (PE):    0.000ns

    Location             Delay type                Incr(ns)  Path(ns)    Netlist Resource(s)
  -------------------------------------------------------------------    -------------------
                         (clock ap_clk rise edge)     0.000     0.000 r  <hidden>
                                                      0.000     0.000 r  ap_clk
                         net (fo=1308, unset)         0.410     0.410    bd_0_i/hls_inst/inst/control_s_axi_U/ap_clk
    SLICE_X41Y32         FDRE                                         r  bd_0_i/hls_inst/inst/control_s_axi_U/FSM_onehot_rstate_reg[2]/C
  -------------------------------------------------------------------    -------------------
    SLICE_X41Y32         FDRE (Prop_fdre_C_Q)         0.128     0.538 r  bd_0_i/hls_inst/inst/control_s_axi_U/FSM_onehot_rstate_reg[2]/Q
                         net (fo=2, unset)            0.410     0.948    s_axi_control_rvalid
                                                                      r  s_axi_control_rvalid
  -------------------------------------------------------------------    -------------------

Slack:                    inf
  Source:                 bd_0_i/hls_inst/inst/regslice_both_Output_r_V_data_V_U/data_p1_reg[10]/C
                            (rising edge-triggered cell FDRE clocked by ap_clk  {rise@0.000ns fall@5.000ns period=10.000ns})
  Destination:            Output_r_tdata[10]
                            (output port)
  Path Group:             (none)
  Path Type:              Min at Fast Process Corner
  Data Path Delay:        0.551ns  (logic 0.141ns (25.583%)  route 0.410ns (74.417%))
  Logic Levels:           0  
  Clock Uncertainty:      0.025ns  ((TSJ^2 + TIJ^2)^1/2 + DJ) / 2 + PE
    Total System Jitter     (TSJ):    0.050ns
    Total Input Jitter      (TIJ):    0.000ns
    Discrete Jitter          (DJ):    0.000ns
    Phase Error              (PE):    0.000ns

    Location             Delay type                Incr(ns)  Path(ns)    Netlist Resource(s)
  -------------------------------------------------------------------    -------------------
                         (clock ap_clk rise edge)     0.000     0.000 r  <hidden>
                                                      0.000     0.000 r  ap_clk
                         net (fo=1308, unset)         0.410     0.410    bd_0_i/hls_inst/inst/regslice_both_Output_r_V_data_V_U/ap_clk
    SLICE_X35Y36         FDRE                                         r  bd_0_i/hls_inst/inst/regslice_both_Output_r_V_data_V_U/data_p1_reg[10]/C
  -------------------------------------------------------------------    -------------------
    SLICE_X35Y36         FDRE (Prop_fdre_C_Q)         0.141     0.551 r  bd_0_i/hls_inst/inst/regslice_both_Output_r_V_data_V_U/data_p1_reg[10]/Q
                         net (fo=0)                   0.410     0.961    Output_r_tdata[10]
                                                                      r  Output_r_tdata[10]
  -------------------------------------------------------------------    -------------------

Slack:                    inf
  Source:                 bd_0_i/hls_inst/inst/regslice_both_Output_r_V_data_V_U/data_p1_reg[11]/C
                            (rising edge-triggered cell FDRE clocked by ap_clk  {rise@0.000ns fall@5.000ns period=10.000ns})
  Destination:            Output_r_tdata[11]
                            (output port)
  Path Group:             (none)
  Path Type:              Min at Fast Process Corner
  Data Path Delay:        0.551ns  (logic 0.141ns (25.583%)  route 0.410ns (74.417%))
  Logic Levels:           0  
  Clock Uncertainty:      0.025ns  ((TSJ^2 + TIJ^2)^1/2 + DJ) / 2 + PE
    Total System Jitter     (TSJ):    0.050ns
    Total Input Jitter      (TIJ):    0.000ns
    Discrete Jitter          (DJ):    0.000ns
    Phase Error              (PE):    0.000ns

    Location             Delay type                Incr(ns)  Path(ns)    Netlist Resource(s)
  -------------------------------------------------------------------    -------------------
                         (clock ap_clk rise edge)     0.000     0.000 r  <hidden>
                                                      0.000     0.000 r  ap_clk
                         net (fo=1308, unset)         0.410     0.410    bd_0_i/hls_inst/inst/regslice_both_Output_r_V_data_V_U/ap_clk
    SLICE_X35Y36         FDRE                                         r  bd_0_i/hls_inst/inst/regslice_both_Output_r_V_data_V_U/data_p1_reg[11]/C
  -------------------------------------------------------------------    -------------------
    SLICE_X35Y36         FDRE (Prop_fdre_C_Q)         0.141     0.551 r  bd_0_i/hls_inst/inst/regslice_both_Output_r_V_data_V_U/data_p1_reg[11]/Q
                         net (fo=0)                   0.410     0.961    Output_r_tdata[11]
                                                                      r  Output_r_tdata[11]
  -------------------------------------------------------------------    -------------------

Slack:                    inf
  Source:                 bd_0_i/hls_inst/inst/regslice_both_Output_r_V_data_V_U/data_p1_reg[12]/C
                            (rising edge-triggered cell FDRE clocked by ap_clk  {rise@0.000ns fall@5.000ns period=10.000ns})
  Destination:            Output_r_tdata[12]
                            (output port)
  Path Group:             (none)
  Path Type:              Min at Fast Process Corner
  Data Path Delay:        0.551ns  (logic 0.141ns (25.583%)  route 0.410ns (74.417%))
  Logic Levels:           0  
  Clock Uncertainty:      0.025ns  ((TSJ^2 + TIJ^2)^1/2 + DJ) / 2 + PE
    Total System Jitter     (TSJ):    0.050ns
    Total Input Jitter      (TIJ):    0.000ns
    Discrete Jitter          (DJ):    0.000ns
    Phase Error              (PE):    0.000ns

    Location             Delay type                Incr(ns)  Path(ns)    Netlist Resource(s)
  -------------------------------------------------------------------    -------------------
                         (clock ap_clk rise edge)     0.000     0.000 r  <hidden>
                                                      0.000     0.000 r  ap_clk
                         net (fo=1308, unset)         0.410     0.410    bd_0_i/hls_inst/inst/regslice_both_Output_r_V_data_V_U/ap_clk
    SLICE_X35Y36         FDRE                                         r  bd_0_i/hls_inst/inst/regslice_both_Output_r_V_data_V_U/data_p1_reg[12]/C
  -------------------------------------------------------------------    -------------------
    SLICE_X35Y36         FDRE (Prop_fdre_C_Q)         0.141     0.551 r  bd_0_i/hls_inst/inst/regslice_both_Output_r_V_data_V_U/data_p1_reg[12]/Q
                         net (fo=0)                   0.410     0.961    Output_r_tdata[12]
                                                                      r  Output_r_tdata[12]
  -------------------------------------------------------------------    -------------------

Slack:                    inf
  Source:                 bd_0_i/hls_inst/inst/regslice_both_Output_r_V_data_V_U/data_p1_reg[13]/C
                            (rising edge-triggered cell FDRE clocked by ap_clk  {rise@0.000ns fall@5.000ns period=10.000ns})
  Destination:            Output_r_tdata[13]
                            (output port)
  Path Group:             (none)
  Path Type:              Min at Fast Process Corner
  Data Path Delay:        0.551ns  (logic 0.141ns (25.583%)  route 0.410ns (74.417%))
  Logic Levels:           0  
  Clock Uncertainty:      0.025ns  ((TSJ^2 + TIJ^2)^1/2 + DJ) / 2 + PE
    Total System Jitter     (TSJ):    0.050ns
    Total Input Jitter      (TIJ):    0.000ns
    Discrete Jitter          (DJ):    0.000ns
    Phase Error              (PE):    0.000ns

    Location             Delay type                Incr(ns)  Path(ns)    Netlist Resource(s)
  -------------------------------------------------------------------    -------------------
                         (clock ap_clk rise edge)     0.000     0.000 r  <hidden>
                                                      0.000     0.000 r  ap_clk
                         net (fo=1308, unset)         0.410     0.410    bd_0_i/hls_inst/inst/regslice_both_Output_r_V_data_V_U/ap_clk
    SLICE_X37Y44         FDRE                                         r  bd_0_i/hls_inst/inst/regslice_both_Output_r_V_data_V_U/data_p1_reg[13]/C
  -------------------------------------------------------------------    -------------------
    SLICE_X37Y44         FDRE (Prop_fdre_C_Q)         0.141     0.551 r  bd_0_i/hls_inst/inst/regslice_both_Output_r_V_data_V_U/data_p1_reg[13]/Q
                         net (fo=0)                   0.410     0.961    Output_r_tdata[13]
                                                                      r  Output_r_tdata[13]
  -------------------------------------------------------------------    -------------------

Slack:                    inf
  Source:                 bd_0_i/hls_inst/inst/regslice_both_Output_r_V_data_V_U/data_p1_reg[16]/C
                            (rising edge-triggered cell FDRE clocked by ap_clk  {rise@0.000ns fall@5.000ns period=10.000ns})
  Destination:            Output_r_tdata[16]
                            (output port)
  Path Group:             (none)
  Path Type:              Min at Fast Process Corner
  Data Path Delay:        0.551ns  (logic 0.141ns (25.583%)  route 0.410ns (74.417%))
  Logic Levels:           0  
  Clock Uncertainty:      0.025ns  ((TSJ^2 + TIJ^2)^1/2 + DJ) / 2 + PE
    Total System Jitter     (TSJ):    0.050ns
    Total Input Jitter      (TIJ):    0.000ns
    Discrete Jitter          (DJ):    0.000ns
    Phase Error              (PE):    0.000ns

    Location             Delay type                Incr(ns)  Path(ns)    Netlist Resource(s)
  -------------------------------------------------------------------    -------------------
                         (clock ap_clk rise edge)     0.000     0.000 r  <hidden>
                                                      0.000     0.000 r  ap_clk
                         net (fo=1308, unset)         0.410     0.410    bd_0_i/hls_inst/inst/regslice_both_Output_r_V_data_V_U/ap_clk
    SLICE_X37Y44         FDRE                                         r  bd_0_i/hls_inst/inst/regslice_both_Output_r_V_data_V_U/data_p1_reg[16]/C
  -------------------------------------------------------------------    -------------------
    SLICE_X37Y44         FDRE (Prop_fdre_C_Q)         0.141     0.551 r  bd_0_i/hls_inst/inst/regslice_both_Output_r_V_data_V_U/data_p1_reg[16]/Q
                         net (fo=0)                   0.410     0.961    Output_r_tdata[16]
                                                                      r  Output_r_tdata[16]
  -------------------------------------------------------------------    -------------------

Slack:                    inf
  Source:                 bd_0_i/hls_inst/inst/regslice_both_Output_r_V_data_V_U/data_p1_reg[22]/C
                            (rising edge-triggered cell FDRE clocked by ap_clk  {rise@0.000ns fall@5.000ns period=10.000ns})
  Destination:            Output_r_tdata[22]
                            (output port)
  Path Group:             (none)
  Path Type:              Min at Fast Process Corner
  Data Path Delay:        0.551ns  (logic 0.141ns (25.583%)  route 0.410ns (74.417%))
  Logic Levels:           0  
  Clock Uncertainty:      0.025ns  ((TSJ^2 + TIJ^2)^1/2 + DJ) / 2 + PE
    Total System Jitter     (TSJ):    0.050ns
    Total Input Jitter      (TIJ):    0.000ns
    Discrete Jitter          (DJ):    0.000ns
    Phase Error              (PE):    0.000ns

    Location             Delay type                Incr(ns)  Path(ns)    Netlist Resource(s)
  -------------------------------------------------------------------    -------------------
                         (clock ap_clk rise edge)     0.000     0.000 r  <hidden>
                                                      0.000     0.000 r  ap_clk
                         net (fo=1308, unset)         0.410     0.410    bd_0_i/hls_inst/inst/regslice_both_Output_r_V_data_V_U/ap_clk
    SLICE_X37Y43         FDRE                                         r  bd_0_i/hls_inst/inst/regslice_both_Output_r_V_data_V_U/data_p1_reg[22]/C
  -------------------------------------------------------------------    -------------------
    SLICE_X37Y43         FDRE (Prop_fdre_C_Q)         0.141     0.551 r  bd_0_i/hls_inst/inst/regslice_both_Output_r_V_data_V_U/data_p1_reg[22]/Q
                         net (fo=0)                   0.410     0.961    Output_r_tdata[22]
                                                                      r  Output_r_tdata[22]
  -------------------------------------------------------------------    -------------------

Slack:                    inf
  Source:                 bd_0_i/hls_inst/inst/regslice_both_Output_r_V_data_V_U/data_p1_reg[23]/C
                            (rising edge-triggered cell FDRE clocked by ap_clk  {rise@0.000ns fall@5.000ns period=10.000ns})
  Destination:            Output_r_tdata[23]
                            (output port)
  Path Group:             (none)
  Path Type:              Min at Fast Process Corner
  Data Path Delay:        0.551ns  (logic 0.141ns (25.583%)  route 0.410ns (74.417%))
  Logic Levels:           0  
  Clock Uncertainty:      0.025ns  ((TSJ^2 + TIJ^2)^1/2 + DJ) / 2 + PE
    Total System Jitter     (TSJ):    0.050ns
    Total Input Jitter      (TIJ):    0.000ns
    Discrete Jitter          (DJ):    0.000ns
    Phase Error              (PE):    0.000ns

    Location             Delay type                Incr(ns)  Path(ns)    Netlist Resource(s)
  -------------------------------------------------------------------    -------------------
                         (clock ap_clk rise edge)     0.000     0.000 r  <hidden>
                                                      0.000     0.000 r  ap_clk
                         net (fo=1308, unset)         0.410     0.410    bd_0_i/hls_inst/inst/regslice_both_Output_r_V_data_V_U/ap_clk
    SLICE_X37Y43         FDRE                                         r  bd_0_i/hls_inst/inst/regslice_both_Output_r_V_data_V_U/data_p1_reg[23]/C
  -------------------------------------------------------------------    -------------------
    SLICE_X37Y43         FDRE (Prop_fdre_C_Q)         0.141     0.551 r  bd_0_i/hls_inst/inst/regslice_both_Output_r_V_data_V_U/data_p1_reg[23]/Q
                         net (fo=0)                   0.410     0.961    Output_r_tdata[23]
                                                                      r  Output_r_tdata[23]
  -------------------------------------------------------------------    -------------------





--------------------------------------------------------------------------------------
Path Group:  (none)
From Clock:  
  To Clock:  ap_clk

Max Delay           727 Endpoints
Min Delay           727 Endpoints
--------------------------------------------------------------------------------------


Max Delay Paths
--------------------------------------------------------------------------------------
Slack:                    inf
  Source:                 ap_rst_n
                            (input port)
  Destination:            bd_0_i/hls_inst/inst/control_s_axi_U/int_Cols_reg[0]/R
                            (rising edge-triggered cell FDRE clocked by ap_clk  {rise@0.000ns fall@5.000ns period=10.000ns})
  Path Group:             (none)
  Path Type:              Setup (Max at Slow Process Corner)
  Data Path Delay:        4.248ns  (logic 0.124ns (2.919%)  route 4.124ns (97.081%))
  Logic Levels:           1  (LUT1=1)
  Clock Path Skew:        0.924ns (DCD - SCD + CPR)
    Destination Clock Delay (DCD):    0.924ns
    Source Clock Delay      (SCD):    0.000ns
    Clock Pessimism Removal (CPR):    0.000ns
  Clock Uncertainty:      0.025ns  ((TSJ^2 + TIJ^2)^1/2 + DJ) / 2 + PE
    Total System Jitter     (TSJ):    0.050ns
    Total Input Jitter      (TIJ):    0.000ns
    Discrete Jitter          (DJ):    0.000ns
    Phase Error              (PE):    0.000ns

    Location             Delay type                Incr(ns)  Path(ns)    Netlist Resource(s)
  -------------------------------------------------------------------    -------------------
                                                      0.000     0.000 f  ap_rst_n
                         net (fo=3, unset)            0.973     0.973    bd_0_i/hls_inst/inst/control_s_axi_U/ap_rst_n
    SLICE_X43Y38         LUT1 (Prop_lut1_I0_O)        0.124     1.097 r  bd_0_i/hls_inst/inst/control_s_axi_U/ack_in_t_i_1/O
                         net (fo=138, routed)         3.151     4.248    bd_0_i/hls_inst/inst/control_s_axi_U/SR[0]
    SLICE_X37Y30         FDRE                                         r  bd_0_i/hls_inst/inst/control_s_axi_U/int_Cols_reg[0]/R
  -------------------------------------------------------------------    -------------------

                         (clock ap_clk rise edge)     0.000     0.000 r  <hidden>
                                                      0.000     0.000 r  ap_clk
                         net (fo=1308, unset)         0.924     0.924    bd_0_i/hls_inst/inst/control_s_axi_U/ap_clk
    SLICE_X37Y30         FDRE                                         r  bd_0_i/hls_inst/inst/control_s_axi_U/int_Cols_reg[0]/C

Slack:                    inf
  Source:                 ap_rst_n
                            (input port)
  Destination:            bd_0_i/hls_inst/inst/control_s_axi_U/int_Cols_reg[10]/R
                            (rising edge-triggered cell FDRE clocked by ap_clk  {rise@0.000ns fall@5.000ns period=10.000ns})
  Path Group:             (none)
  Path Type:              Setup (Max at Slow Process Corner)
  Data Path Delay:        4.248ns  (logic 0.124ns (2.919%)  route 4.124ns (97.081%))
  Logic Levels:           1  (LUT1=1)
  Clock Path Skew:        0.924ns (DCD - SCD + CPR)
    Destination Clock Delay (DCD):    0.924ns
    Source Clock Delay      (SCD):    0.000ns
    Clock Pessimism Removal (CPR):    0.000ns
  Clock Uncertainty:      0.025ns  ((TSJ^2 + TIJ^2)^1/2 + DJ) / 2 + PE
    Total System Jitter     (TSJ):    0.050ns
    Total Input Jitter      (TIJ):    0.000ns
    Discrete Jitter          (DJ):    0.000ns
    Phase Error              (PE):    0.000ns

    Location             Delay type                Incr(ns)  Path(ns)    Netlist Resource(s)
  -------------------------------------------------------------------    -------------------
                                                      0.000     0.000 f  ap_rst_n
                         net (fo=3, unset)            0.973     0.973    bd_0_i/hls_inst/inst/control_s_axi_U/ap_rst_n
    SLICE_X43Y38         LUT1 (Prop_lut1_I0_O)        0.124     1.097 r  bd_0_i/hls_inst/inst/control_s_axi_U/ack_in_t_i_1/O
                         net (fo=138, routed)         3.151     4.248    bd_0_i/hls_inst/inst/control_s_axi_U/SR[0]
    SLICE_X37Y30         FDRE                                         r  bd_0_i/hls_inst/inst/control_s_axi_U/int_Cols_reg[10]/R
  -------------------------------------------------------------------    -------------------

                         (clock ap_clk rise edge)     0.000     0.000 r  <hidden>
                                                      0.000     0.000 r  ap_clk
                         net (fo=1308, unset)         0.924     0.924    bd_0_i/hls_inst/inst/control_s_axi_U/ap_clk
    SLICE_X37Y30         FDRE                                         r  bd_0_i/hls_inst/inst/control_s_axi_U/int_Cols_reg[10]/C

Slack:                    inf
  Source:                 ap_rst_n
                            (input port)
  Destination:            bd_0_i/hls_inst/inst/control_s_axi_U/int_Cols_reg[11]/R
                            (rising edge-triggered cell FDRE clocked by ap_clk  {rise@0.000ns fall@5.000ns period=10.000ns})
  Path Group:             (none)
  Path Type:              Setup (Max at Slow Process Corner)
  Data Path Delay:        4.248ns  (logic 0.124ns (2.919%)  route 4.124ns (97.081%))
  Logic Levels:           1  (LUT1=1)
  Clock Path Skew:        0.924ns (DCD - SCD + CPR)
    Destination Clock Delay (DCD):    0.924ns
    Source Clock Delay      (SCD):    0.000ns
    Clock Pessimism Removal (CPR):    0.000ns
  Clock Uncertainty:      0.025ns  ((TSJ^2 + TIJ^2)^1/2 + DJ) / 2 + PE
    Total System Jitter     (TSJ):    0.050ns
    Total Input Jitter      (TIJ):    0.000ns
    Discrete Jitter          (DJ):    0.000ns
    Phase Error              (PE):    0.000ns

    Location             Delay type                Incr(ns)  Path(ns)    Netlist Resource(s)
  -------------------------------------------------------------------    -------------------
                                                      0.000     0.000 f  ap_rst_n
                         net (fo=3, unset)            0.973     0.973    bd_0_i/hls_inst/inst/control_s_axi_U/ap_rst_n
    SLICE_X43Y38         LUT1 (Prop_lut1_I0_O)        0.124     1.097 r  bd_0_i/hls_inst/inst/control_s_axi_U/ack_in_t_i_1/O
                         net (fo=138, routed)         3.151     4.248    bd_0_i/hls_inst/inst/control_s_axi_U/SR[0]
    SLICE_X37Y30         FDRE                                         r  bd_0_i/hls_inst/inst/control_s_axi_U/int_Cols_reg[11]/R
  -------------------------------------------------------------------    -------------------

                         (clock ap_clk rise edge)     0.000     0.000 r  <hidden>
                                                      0.000     0.000 r  ap_clk
                         net (fo=1308, unset)         0.924     0.924    bd_0_i/hls_inst/inst/control_s_axi_U/ap_clk
    SLICE_X37Y30         FDRE                                         r  bd_0_i/hls_inst/inst/control_s_axi_U/int_Cols_reg[11]/C

Slack:                    inf
  Source:                 ap_rst_n
                            (input port)
  Destination:            bd_0_i/hls_inst/inst/control_s_axi_U/int_Cols_reg[1]/R
                            (rising edge-triggered cell FDRE clocked by ap_clk  {rise@0.000ns fall@5.000ns period=10.000ns})
  Path Group:             (none)
  Path Type:              Setup (Max at Slow Process Corner)
  Data Path Delay:        4.248ns  (logic 0.124ns (2.919%)  route 4.124ns (97.081%))
  Logic Levels:           1  (LUT1=1)
  Clock Path Skew:        0.924ns (DCD - SCD + CPR)
    Destination Clock Delay (DCD):    0.924ns
    Source Clock Delay      (SCD):    0.000ns
    Clock Pessimism Removal (CPR):    0.000ns
  Clock Uncertainty:      0.025ns  ((TSJ^2 + TIJ^2)^1/2 + DJ) / 2 + PE
    Total System Jitter     (TSJ):    0.050ns
    Total Input Jitter      (TIJ):    0.000ns
    Discrete Jitter          (DJ):    0.000ns
    Phase Error              (PE):    0.000ns

    Location             Delay type                Incr(ns)  Path(ns)    Netlist Resource(s)
  -------------------------------------------------------------------    -------------------
                                                      0.000     0.000 f  ap_rst_n
                         net (fo=3, unset)            0.973     0.973    bd_0_i/hls_inst/inst/control_s_axi_U/ap_rst_n
    SLICE_X43Y38         LUT1 (Prop_lut1_I0_O)        0.124     1.097 r  bd_0_i/hls_inst/inst/control_s_axi_U/ack_in_t_i_1/O
                         net (fo=138, routed)         3.151     4.248    bd_0_i/hls_inst/inst/control_s_axi_U/SR[0]
    SLICE_X37Y30         FDRE                                         r  bd_0_i/hls_inst/inst/control_s_axi_U/int_Cols_reg[1]/R
  -------------------------------------------------------------------    -------------------

                         (clock ap_clk rise edge)     0.000     0.000 r  <hidden>
                                                      0.000     0.000 r  ap_clk
                         net (fo=1308, unset)         0.924     0.924    bd_0_i/hls_inst/inst/control_s_axi_U/ap_clk
    SLICE_X37Y30         FDRE                                         r  bd_0_i/hls_inst/inst/control_s_axi_U/int_Cols_reg[1]/C

Slack:                    inf
  Source:                 ap_rst_n
                            (input port)
  Destination:            bd_0_i/hls_inst/inst/control_s_axi_U/int_Cols_reg[2]/R
                            (rising edge-triggered cell FDRE clocked by ap_clk  {rise@0.000ns fall@5.000ns period=10.000ns})
  Path Group:             (none)
  Path Type:              Setup (Max at Slow Process Corner)
  Data Path Delay:        4.248ns  (logic 0.124ns (2.919%)  route 4.124ns (97.081%))
  Logic Levels:           1  (LUT1=1)
  Clock Path Skew:        0.924ns (DCD - SCD + CPR)
    Destination Clock Delay (DCD):    0.924ns
    Source Clock Delay      (SCD):    0.000ns
    Clock Pessimism Removal (CPR):    0.000ns
  Clock Uncertainty:      0.025ns  ((TSJ^2 + TIJ^2)^1/2 + DJ) / 2 + PE
    Total System Jitter     (TSJ):    0.050ns
    Total Input Jitter      (TIJ):    0.000ns
    Discrete Jitter          (DJ):    0.000ns
    Phase Error              (PE):    0.000ns

    Location             Delay type                Incr(ns)  Path(ns)    Netlist Resource(s)
  -------------------------------------------------------------------    -------------------
                                                      0.000     0.000 f  ap_rst_n
                         net (fo=3, unset)            0.973     0.973    bd_0_i/hls_inst/inst/control_s_axi_U/ap_rst_n
    SLICE_X43Y38         LUT1 (Prop_lut1_I0_O)        0.124     1.097 r  bd_0_i/hls_inst/inst/control_s_axi_U/ack_in_t_i_1/O
                         net (fo=138, routed)         3.151     4.248    bd_0_i/hls_inst/inst/control_s_axi_U/SR[0]
    SLICE_X37Y30         FDRE                                         r  bd_0_i/hls_inst/inst/control_s_axi_U/int_Cols_reg[2]/R
  -------------------------------------------------------------------    -------------------

                         (clock ap_clk rise edge)     0.000     0.000 r  <hidden>
                                                      0.000     0.000 r  ap_clk
                         net (fo=1308, unset)         0.924     0.924    bd_0_i/hls_inst/inst/control_s_axi_U/ap_clk
    SLICE_X37Y30         FDRE                                         r  bd_0_i/hls_inst/inst/control_s_axi_U/int_Cols_reg[2]/C

Slack:                    inf
  Source:                 ap_rst_n
                            (input port)
  Destination:            bd_0_i/hls_inst/inst/control_s_axi_U/int_Cols_reg[3]/R
                            (rising edge-triggered cell FDRE clocked by ap_clk  {rise@0.000ns fall@5.000ns period=10.000ns})
  Path Group:             (none)
  Path Type:              Setup (Max at Slow Process Corner)
  Data Path Delay:        4.248ns  (logic 0.124ns (2.919%)  route 4.124ns (97.081%))
  Logic Levels:           1  (LUT1=1)
  Clock Path Skew:        0.924ns (DCD - SCD + CPR)
    Destination Clock Delay (DCD):    0.924ns
    Source Clock Delay      (SCD):    0.000ns
    Clock Pessimism Removal (CPR):    0.000ns
  Clock Uncertainty:      0.025ns  ((TSJ^2 + TIJ^2)^1/2 + DJ) / 2 + PE
    Total System Jitter     (TSJ):    0.050ns
    Total Input Jitter      (TIJ):    0.000ns
    Discrete Jitter          (DJ):    0.000ns
    Phase Error              (PE):    0.000ns

    Location             Delay type                Incr(ns)  Path(ns)    Netlist Resource(s)
  -------------------------------------------------------------------    -------------------
                                                      0.000     0.000 f  ap_rst_n
                         net (fo=3, unset)            0.973     0.973    bd_0_i/hls_inst/inst/control_s_axi_U/ap_rst_n
    SLICE_X43Y38         LUT1 (Prop_lut1_I0_O)        0.124     1.097 r  bd_0_i/hls_inst/inst/control_s_axi_U/ack_in_t_i_1/O
                         net (fo=138, routed)         3.151     4.248    bd_0_i/hls_inst/inst/control_s_axi_U/SR[0]
    SLICE_X37Y30         FDRE                                         r  bd_0_i/hls_inst/inst/control_s_axi_U/int_Cols_reg[3]/R
  -------------------------------------------------------------------    -------------------

                         (clock ap_clk rise edge)     0.000     0.000 r  <hidden>
                                                      0.000     0.000 r  ap_clk
                         net (fo=1308, unset)         0.924     0.924    bd_0_i/hls_inst/inst/control_s_axi_U/ap_clk
    SLICE_X37Y30         FDRE                                         r  bd_0_i/hls_inst/inst/control_s_axi_U/int_Cols_reg[3]/C

Slack:                    inf
  Source:                 ap_rst_n
                            (input port)
  Destination:            bd_0_i/hls_inst/inst/control_s_axi_U/int_Cols_reg[8]/R
                            (rising edge-triggered cell FDRE clocked by ap_clk  {rise@0.000ns fall@5.000ns period=10.000ns})
  Path Group:             (none)
  Path Type:              Setup (Max at Slow Process Corner)
  Data Path Delay:        4.248ns  (logic 0.124ns (2.919%)  route 4.124ns (97.081%))
  Logic Levels:           1  (LUT1=1)
  Clock Path Skew:        0.924ns (DCD - SCD + CPR)
    Destination Clock Delay (DCD):    0.924ns
    Source Clock Delay      (SCD):    0.000ns
    Clock Pessimism Removal (CPR):    0.000ns
  Clock Uncertainty:      0.025ns  ((TSJ^2 + TIJ^2)^1/2 + DJ) / 2 + PE
    Total System Jitter     (TSJ):    0.050ns
    Total Input Jitter      (TIJ):    0.000ns
    Discrete Jitter          (DJ):    0.000ns
    Phase Error              (PE):    0.000ns

    Location             Delay type                Incr(ns)  Path(ns)    Netlist Resource(s)
  -------------------------------------------------------------------    -------------------
                                                      0.000     0.000 f  ap_rst_n
                         net (fo=3, unset)            0.973     0.973    bd_0_i/hls_inst/inst/control_s_axi_U/ap_rst_n
    SLICE_X43Y38         LUT1 (Prop_lut1_I0_O)        0.124     1.097 r  bd_0_i/hls_inst/inst/control_s_axi_U/ack_in_t_i_1/O
                         net (fo=138, routed)         3.151     4.248    bd_0_i/hls_inst/inst/control_s_axi_U/SR[0]
    SLICE_X37Y30         FDRE                                         r  bd_0_i/hls_inst/inst/control_s_axi_U/int_Cols_reg[8]/R
  -------------------------------------------------------------------    -------------------

                         (clock ap_clk rise edge)     0.000     0.000 r  <hidden>
                                                      0.000     0.000 r  ap_clk
                         net (fo=1308, unset)         0.924     0.924    bd_0_i/hls_inst/inst/control_s_axi_U/ap_clk
    SLICE_X37Y30         FDRE                                         r  bd_0_i/hls_inst/inst/control_s_axi_U/int_Cols_reg[8]/C

Slack:                    inf
  Source:                 ap_rst_n
                            (input port)
  Destination:            bd_0_i/hls_inst/inst/control_s_axi_U/int_Cols_reg[9]/R
                            (rising edge-triggered cell FDRE clocked by ap_clk  {rise@0.000ns fall@5.000ns period=10.000ns})
  Path Group:             (none)
  Path Type:              Setup (Max at Slow Process Corner)
  Data Path Delay:        4.248ns  (logic 0.124ns (2.919%)  route 4.124ns (97.081%))
  Logic Levels:           1  (LUT1=1)
  Clock Path Skew:        0.924ns (DCD - SCD + CPR)
    Destination Clock Delay (DCD):    0.924ns
    Source Clock Delay      (SCD):    0.000ns
    Clock Pessimism Removal (CPR):    0.000ns
  Clock Uncertainty:      0.025ns  ((TSJ^2 + TIJ^2)^1/2 + DJ) / 2 + PE
    Total System Jitter     (TSJ):    0.050ns
    Total Input Jitter      (TIJ):    0.000ns
    Discrete Jitter          (DJ):    0.000ns
    Phase Error              (PE):    0.000ns

    Location             Delay type                Incr(ns)  Path(ns)    Netlist Resource(s)
  -------------------------------------------------------------------    -------------------
                                                      0.000     0.000 f  ap_rst_n
                         net (fo=3, unset)            0.973     0.973    bd_0_i/hls_inst/inst/control_s_axi_U/ap_rst_n
    SLICE_X43Y38         LUT1 (Prop_lut1_I0_O)        0.124     1.097 r  bd_0_i/hls_inst/inst/control_s_axi_U/ack_in_t_i_1/O
                         net (fo=138, routed)         3.151     4.248    bd_0_i/hls_inst/inst/control_s_axi_U/SR[0]
    SLICE_X37Y30         FDRE                                         r  bd_0_i/hls_inst/inst/control_s_axi_U/int_Cols_reg[9]/R
  -------------------------------------------------------------------    -------------------

                         (clock ap_clk rise edge)     0.000     0.000 r  <hidden>
                                                      0.000     0.000 r  ap_clk
                         net (fo=1308, unset)         0.924     0.924    bd_0_i/hls_inst/inst/control_s_axi_U/ap_clk
    SLICE_X37Y30         FDRE                                         r  bd_0_i/hls_inst/inst/control_s_axi_U/int_Cols_reg[9]/C

Slack:                    inf
  Source:                 ap_rst_n
                            (input port)
  Destination:            bd_0_i/hls_inst/inst/control_s_axi_U/int_Rows_reg[14]/R
                            (rising edge-triggered cell FDRE clocked by ap_clk  {rise@0.000ns fall@5.000ns period=10.000ns})
  Path Group:             (none)
  Path Type:              Setup (Max at Slow Process Corner)
  Data Path Delay:        3.949ns  (logic 0.124ns (3.140%)  route 3.825ns (96.860%))
  Logic Levels:           1  (LUT1=1)
  Clock Path Skew:        0.924ns (DCD - SCD + CPR)
    Destination Clock Delay (DCD):    0.924ns
    Source Clock Delay      (SCD):    0.000ns
    Clock Pessimism Removal (CPR):    0.000ns
  Clock Uncertainty:      0.025ns  ((TSJ^2 + TIJ^2)^1/2 + DJ) / 2 + PE
    Total System Jitter     (TSJ):    0.050ns
    Total Input Jitter      (TIJ):    0.000ns
    Discrete Jitter          (DJ):    0.000ns
    Phase Error              (PE):    0.000ns

    Location             Delay type                Incr(ns)  Path(ns)    Netlist Resource(s)
  -------------------------------------------------------------------    -------------------
                                                      0.000     0.000 f  ap_rst_n
                         net (fo=3, unset)            0.973     0.973    bd_0_i/hls_inst/inst/control_s_axi_U/ap_rst_n
    SLICE_X43Y38         LUT1 (Prop_lut1_I0_O)        0.124     1.097 r  bd_0_i/hls_inst/inst/control_s_axi_U/ack_in_t_i_1/O
                         net (fo=138, routed)         2.852     3.949    bd_0_i/hls_inst/inst/control_s_axi_U/SR[0]
    SLICE_X35Y29         FDRE                                         r  bd_0_i/hls_inst/inst/control_s_axi_U/int_Rows_reg[14]/R
  -------------------------------------------------------------------    -------------------

                         (clock ap_clk rise edge)     0.000     0.000 r  <hidden>
                                                      0.000     0.000 r  ap_clk
                         net (fo=1308, unset)         0.924     0.924    bd_0_i/hls_inst/inst/control_s_axi_U/ap_clk
    SLICE_X35Y29         FDRE                                         r  bd_0_i/hls_inst/inst/control_s_axi_U/int_Rows_reg[14]/C

Slack:                    inf
  Source:                 ap_rst_n
                            (input port)
  Destination:            bd_0_i/hls_inst/inst/control_s_axi_U/int_Rows_reg[15]/R
                            (rising edge-triggered cell FDRE clocked by ap_clk  {rise@0.000ns fall@5.000ns period=10.000ns})
  Path Group:             (none)
  Path Type:              Setup (Max at Slow Process Corner)
  Data Path Delay:        3.949ns  (logic 0.124ns (3.140%)  route 3.825ns (96.860%))
  Logic Levels:           1  (LUT1=1)
  Clock Path Skew:        0.924ns (DCD - SCD + CPR)
    Destination Clock Delay (DCD):    0.924ns
    Source Clock Delay      (SCD):    0.000ns
    Clock Pessimism Removal (CPR):    0.000ns
  Clock Uncertainty:      0.025ns  ((TSJ^2 + TIJ^2)^1/2 + DJ) / 2 + PE
    Total System Jitter     (TSJ):    0.050ns
    Total Input Jitter      (TIJ):    0.000ns
    Discrete Jitter          (DJ):    0.000ns
    Phase Error              (PE):    0.000ns

    Location             Delay type                Incr(ns)  Path(ns)    Netlist Resource(s)
  -------------------------------------------------------------------    -------------------
                                                      0.000     0.000 f  ap_rst_n
                         net (fo=3, unset)            0.973     0.973    bd_0_i/hls_inst/inst/control_s_axi_U/ap_rst_n
    SLICE_X43Y38         LUT1 (Prop_lut1_I0_O)        0.124     1.097 r  bd_0_i/hls_inst/inst/control_s_axi_U/ack_in_t_i_1/O
                         net (fo=138, routed)         2.852     3.949    bd_0_i/hls_inst/inst/control_s_axi_U/SR[0]
    SLICE_X35Y29         FDRE                                         r  bd_0_i/hls_inst/inst/control_s_axi_U/int_Rows_reg[15]/R
  -------------------------------------------------------------------    -------------------

                         (clock ap_clk rise edge)     0.000     0.000 r  <hidden>
                                                      0.000     0.000 r  ap_clk
                         net (fo=1308, unset)         0.924     0.924    bd_0_i/hls_inst/inst/control_s_axi_U/ap_clk
    SLICE_X35Y29         FDRE                                         r  bd_0_i/hls_inst/inst/control_s_axi_U/int_Rows_reg[15]/C





Min Delay Paths
--------------------------------------------------------------------------------------
Slack:                    inf
  Source:                 bd_0_i/hls_inst/inst/mul_31ns_31ns_62_2_1_U19/tmp_product__0/ACOUT[0]
                            (internal pin)
  Destination:            bd_0_i/hls_inst/inst/mul_31ns_31ns_62_2_1_U19/buff0_reg__0/ACIN[0]
                            (rising edge-triggered cell DSP48E1 clocked by ap_clk  {rise@0.000ns fall@5.000ns period=10.000ns})
  Path Group:             (none)
  Path Type:              Hold (Min at Slow Process Corner)
  Data Path Delay:        0.002ns  (logic 0.000ns (0.000%)  route 0.002ns (100.000%))
  Logic Levels:           0  
  Clock Uncertainty:      0.025ns  ((TSJ^2 + TIJ^2)^1/2 + DJ) / 2 + PE
    Total System Jitter     (TSJ):    0.050ns
    Total Input Jitter      (TIJ):    0.000ns
    Discrete Jitter          (DJ):    0.000ns
    Phase Error              (PE):    0.000ns

    Location             Delay type                Incr(ns)  Path(ns)    Netlist Resource(s)
  -------------------------------------------------------------------    -------------------
    DSP48_X2Y14          DSP48E1                      0.000     0.000 r  bd_0_i/hls_inst/inst/mul_31ns_31ns_62_2_1_U19/tmp_product__0/ACOUT[0]
                         net (fo=1, routed)           0.002     0.002    bd_0_i/hls_inst/inst/mul_31ns_31ns_62_2_1_U19/tmp_product__0_n_53
    DSP48_X2Y15          DSP48E1                                      r  bd_0_i/hls_inst/inst/mul_31ns_31ns_62_2_1_U19/buff0_reg__0/ACIN[0]
  -------------------------------------------------------------------    -------------------

                         (clock ap_clk rise edge)     0.000     0.000 r  <hidden>
                                                      0.000     0.000 r  ap_clk
                         net (fo=1308, unset)         0.973     0.973    bd_0_i/hls_inst/inst/mul_31ns_31ns_62_2_1_U19/ap_clk
    DSP48_X2Y15          DSP48E1                                      r  bd_0_i/hls_inst/inst/mul_31ns_31ns_62_2_1_U19/buff0_reg__0/CLK

Slack:                    inf
  Source:                 bd_0_i/hls_inst/inst/mul_31ns_31ns_62_2_1_U19/tmp_product__0/ACOUT[10]
                            (internal pin)
  Destination:            bd_0_i/hls_inst/inst/mul_31ns_31ns_62_2_1_U19/buff0_reg__0/ACIN[10]
                            (rising edge-triggered cell DSP48E1 clocked by ap_clk  {rise@0.000ns fall@5.000ns period=10.000ns})
  Path Group:             (none)
  Path Type:              Hold (Min at Slow Process Corner)
  Data Path Delay:        0.002ns  (logic 0.000ns (0.000%)  route 0.002ns (100.000%))
  Logic Levels:           0  
  Clock Uncertainty:      0.025ns  ((TSJ^2 + TIJ^2)^1/2 + DJ) / 2 + PE
    Total System Jitter     (TSJ):    0.050ns
    Total Input Jitter      (TIJ):    0.000ns
    Discrete Jitter          (DJ):    0.000ns
    Phase Error              (PE):    0.000ns

    Location             Delay type                Incr(ns)  Path(ns)    Netlist Resource(s)
  -------------------------------------------------------------------    -------------------
    DSP48_X2Y14          DSP48E1                      0.000     0.000 r  bd_0_i/hls_inst/inst/mul_31ns_31ns_62_2_1_U19/tmp_product__0/ACOUT[10]
                         net (fo=1, routed)           0.002     0.002    bd_0_i/hls_inst/inst/mul_31ns_31ns_62_2_1_U19/tmp_product__0_n_43
    DSP48_X2Y15          DSP48E1                                      r  bd_0_i/hls_inst/inst/mul_31ns_31ns_62_2_1_U19/buff0_reg__0/ACIN[10]
  -------------------------------------------------------------------    -------------------

                         (clock ap_clk rise edge)     0.000     0.000 r  <hidden>
                                                      0.000     0.000 r  ap_clk
                         net (fo=1308, unset)         0.973     0.973    bd_0_i/hls_inst/inst/mul_31ns_31ns_62_2_1_U19/ap_clk
    DSP48_X2Y15          DSP48E1                                      r  bd_0_i/hls_inst/inst/mul_31ns_31ns_62_2_1_U19/buff0_reg__0/CLK

Slack:                    inf
  Source:                 bd_0_i/hls_inst/inst/mul_31ns_31ns_62_2_1_U19/tmp_product__0/ACOUT[11]
                            (internal pin)
  Destination:            bd_0_i/hls_inst/inst/mul_31ns_31ns_62_2_1_U19/buff0_reg__0/ACIN[11]
                            (rising edge-triggered cell DSP48E1 clocked by ap_clk  {rise@0.000ns fall@5.000ns period=10.000ns})
  Path Group:             (none)
  Path Type:              Hold (Min at Slow Process Corner)
  Data Path Delay:        0.002ns  (logic 0.000ns (0.000%)  route 0.002ns (100.000%))
  Logic Levels:           0  
  Clock Uncertainty:      0.025ns  ((TSJ^2 + TIJ^2)^1/2 + DJ) / 2 + PE
    Total System Jitter     (TSJ):    0.050ns
    Total Input Jitter      (TIJ):    0.000ns
    Discrete Jitter          (DJ):    0.000ns
    Phase Error              (PE):    0.000ns

    Location             Delay type                Incr(ns)  Path(ns)    Netlist Resource(s)
  -------------------------------------------------------------------    -------------------
    DSP48_X2Y14          DSP48E1                      0.000     0.000 r  bd_0_i/hls_inst/inst/mul_31ns_31ns_62_2_1_U19/tmp_product__0/ACOUT[11]
                         net (fo=1, routed)           0.002     0.002    bd_0_i/hls_inst/inst/mul_31ns_31ns_62_2_1_U19/tmp_product__0_n_42
    DSP48_X2Y15          DSP48E1                                      r  bd_0_i/hls_inst/inst/mul_31ns_31ns_62_2_1_U19/buff0_reg__0/ACIN[11]
  -------------------------------------------------------------------    -------------------

                         (clock ap_clk rise edge)     0.000     0.000 r  <hidden>
                                                      0.000     0.000 r  ap_clk
                         net (fo=1308, unset)         0.973     0.973    bd_0_i/hls_inst/inst/mul_31ns_31ns_62_2_1_U19/ap_clk
    DSP48_X2Y15          DSP48E1                                      r  bd_0_i/hls_inst/inst/mul_31ns_31ns_62_2_1_U19/buff0_reg__0/CLK

Slack:                    inf
  Source:                 bd_0_i/hls_inst/inst/mul_31ns_31ns_62_2_1_U19/tmp_product__0/ACOUT[12]
                            (internal pin)
  Destination:            bd_0_i/hls_inst/inst/mul_31ns_31ns_62_2_1_U19/buff0_reg__0/ACIN[12]
                            (rising edge-triggered cell DSP48E1 clocked by ap_clk  {rise@0.000ns fall@5.000ns period=10.000ns})
  Path Group:             (none)
  Path Type:              Hold (Min at Slow Process Corner)
  Data Path Delay:        0.002ns  (logic 0.000ns (0.000%)  route 0.002ns (100.000%))
  Logic Levels:           0  
  Clock Uncertainty:      0.025ns  ((TSJ^2 + TIJ^2)^1/2 + DJ) / 2 + PE
    Total System Jitter     (TSJ):    0.050ns
    Total Input Jitter      (TIJ):    0.000ns
    Discrete Jitter          (DJ):    0.000ns
    Phase Error              (PE):    0.000ns

    Location             Delay type                Incr(ns)  Path(ns)    Netlist Resource(s)
  -------------------------------------------------------------------    -------------------
    DSP48_X2Y14          DSP48E1                      0.000     0.000 r  bd_0_i/hls_inst/inst/mul_31ns_31ns_62_2_1_U19/tmp_product__0/ACOUT[12]
                         net (fo=1, routed)           0.002     0.002    bd_0_i/hls_inst/inst/mul_31ns_31ns_62_2_1_U19/tmp_product__0_n_41
    DSP48_X2Y15          DSP48E1                                      r  bd_0_i/hls_inst/inst/mul_31ns_31ns_62_2_1_U19/buff0_reg__0/ACIN[12]
  -------------------------------------------------------------------    -------------------

                         (clock ap_clk rise edge)     0.000     0.000 r  <hidden>
                                                      0.000     0.000 r  ap_clk
                         net (fo=1308, unset)         0.973     0.973    bd_0_i/hls_inst/inst/mul_31ns_31ns_62_2_1_U19/ap_clk
    DSP48_X2Y15          DSP48E1                                      r  bd_0_i/hls_inst/inst/mul_31ns_31ns_62_2_1_U19/buff0_reg__0/CLK

Slack:                    inf
  Source:                 bd_0_i/hls_inst/inst/mul_31ns_31ns_62_2_1_U19/tmp_product__0/ACOUT[13]
                            (internal pin)
  Destination:            bd_0_i/hls_inst/inst/mul_31ns_31ns_62_2_1_U19/buff0_reg__0/ACIN[13]
                            (rising edge-triggered cell DSP48E1 clocked by ap_clk  {rise@0.000ns fall@5.000ns period=10.000ns})
  Path Group:             (none)
  Path Type:              Hold (Min at Slow Process Corner)
  Data Path Delay:        0.002ns  (logic 0.000ns (0.000%)  route 0.002ns (100.000%))
  Logic Levels:           0  
  Clock Uncertainty:      0.025ns  ((TSJ^2 + TIJ^2)^1/2 + DJ) / 2 + PE
    Total System Jitter     (TSJ):    0.050ns
    Total Input Jitter      (TIJ):    0.000ns
    Discrete Jitter          (DJ):    0.000ns
    Phase Error              (PE):    0.000ns

    Location             Delay type                Incr(ns)  Path(ns)    Netlist Resource(s)
  -------------------------------------------------------------------    -------------------
    DSP48_X2Y14          DSP48E1                      0.000     0.000 r  bd_0_i/hls_inst/inst/mul_31ns_31ns_62_2_1_U19/tmp_product__0/ACOUT[13]
                         net (fo=1, routed)           0.002     0.002    bd_0_i/hls_inst/inst/mul_31ns_31ns_62_2_1_U19/tmp_product__0_n_40
    DSP48_X2Y15          DSP48E1                                      r  bd_0_i/hls_inst/inst/mul_31ns_31ns_62_2_1_U19/buff0_reg__0/ACIN[13]
  -------------------------------------------------------------------    -------------------

                         (clock ap_clk rise edge)     0.000     0.000 r  <hidden>
                                                      0.000     0.000 r  ap_clk
                         net (fo=1308, unset)         0.973     0.973    bd_0_i/hls_inst/inst/mul_31ns_31ns_62_2_1_U19/ap_clk
    DSP48_X2Y15          DSP48E1                                      r  bd_0_i/hls_inst/inst/mul_31ns_31ns_62_2_1_U19/buff0_reg__0/CLK

Slack:                    inf
  Source:                 bd_0_i/hls_inst/inst/mul_31ns_31ns_62_2_1_U19/tmp_product__0/ACOUT[14]
                            (internal pin)
  Destination:            bd_0_i/hls_inst/inst/mul_31ns_31ns_62_2_1_U19/buff0_reg__0/ACIN[14]
                            (rising edge-triggered cell DSP48E1 clocked by ap_clk  {rise@0.000ns fall@5.000ns period=10.000ns})
  Path Group:             (none)
  Path Type:              Hold (Min at Slow Process Corner)
  Data Path Delay:        0.002ns  (logic 0.000ns (0.000%)  route 0.002ns (100.000%))
  Logic Levels:           0  
  Clock Uncertainty:      0.025ns  ((TSJ^2 + TIJ^2)^1/2 + DJ) / 2 + PE
    Total System Jitter     (TSJ):    0.050ns
    Total Input Jitter      (TIJ):    0.000ns
    Discrete Jitter          (DJ):    0.000ns
    Phase Error              (PE):    0.000ns

    Location             Delay type                Incr(ns)  Path(ns)    Netlist Resource(s)
  -------------------------------------------------------------------    -------------------
    DSP48_X2Y14          DSP48E1                      0.000     0.000 r  bd_0_i/hls_inst/inst/mul_31ns_31ns_62_2_1_U19/tmp_product__0/ACOUT[14]
                         net (fo=1, routed)           0.002     0.002    bd_0_i/hls_inst/inst/mul_31ns_31ns_62_2_1_U19/tmp_product__0_n_39
    DSP48_X2Y15          DSP48E1                                      r  bd_0_i/hls_inst/inst/mul_31ns_31ns_62_2_1_U19/buff0_reg__0/ACIN[14]
  -------------------------------------------------------------------    -------------------

                         (clock ap_clk rise edge)     0.000     0.000 r  <hidden>
                                                      0.000     0.000 r  ap_clk
                         net (fo=1308, unset)         0.973     0.973    bd_0_i/hls_inst/inst/mul_31ns_31ns_62_2_1_U19/ap_clk
    DSP48_X2Y15          DSP48E1                                      r  bd_0_i/hls_inst/inst/mul_31ns_31ns_62_2_1_U19/buff0_reg__0/CLK

Slack:                    inf
  Source:                 bd_0_i/hls_inst/inst/mul_31ns_31ns_62_2_1_U19/tmp_product__0/ACOUT[15]
                            (internal pin)
  Destination:            bd_0_i/hls_inst/inst/mul_31ns_31ns_62_2_1_U19/buff0_reg__0/ACIN[15]
                            (rising edge-triggered cell DSP48E1 clocked by ap_clk  {rise@0.000ns fall@5.000ns period=10.000ns})
  Path Group:             (none)
  Path Type:              Hold (Min at Slow Process Corner)
  Data Path Delay:        0.002ns  (logic 0.000ns (0.000%)  route 0.002ns (100.000%))
  Logic Levels:           0  
  Clock Uncertainty:      0.025ns  ((TSJ^2 + TIJ^2)^1/2 + DJ) / 2 + PE
    Total System Jitter     (TSJ):    0.050ns
    Total Input Jitter      (TIJ):    0.000ns
    Discrete Jitter          (DJ):    0.000ns
    Phase Error              (PE):    0.000ns

    Location             Delay type                Incr(ns)  Path(ns)    Netlist Resource(s)
  -------------------------------------------------------------------    -------------------
    DSP48_X2Y14          DSP48E1                      0.000     0.000 r  bd_0_i/hls_inst/inst/mul_31ns_31ns_62_2_1_U19/tmp_product__0/ACOUT[15]
                         net (fo=1, routed)           0.002     0.002    bd_0_i/hls_inst/inst/mul_31ns_31ns_62_2_1_U19/tmp_product__0_n_38
    DSP48_X2Y15          DSP48E1                                      r  bd_0_i/hls_inst/inst/mul_31ns_31ns_62_2_1_U19/buff0_reg__0/ACIN[15]
  -------------------------------------------------------------------    -------------------

                         (clock ap_clk rise edge)     0.000     0.000 r  <hidden>
                                                      0.000     0.000 r  ap_clk
                         net (fo=1308, unset)         0.973     0.973    bd_0_i/hls_inst/inst/mul_31ns_31ns_62_2_1_U19/ap_clk
    DSP48_X2Y15          DSP48E1                                      r  bd_0_i/hls_inst/inst/mul_31ns_31ns_62_2_1_U19/buff0_reg__0/CLK

Slack:                    inf
  Source:                 bd_0_i/hls_inst/inst/mul_31ns_31ns_62_2_1_U19/tmp_product__0/ACOUT[16]
                            (internal pin)
  Destination:            bd_0_i/hls_inst/inst/mul_31ns_31ns_62_2_1_U19/buff0_reg__0/ACIN[16]
                            (rising edge-triggered cell DSP48E1 clocked by ap_clk  {rise@0.000ns fall@5.000ns period=10.000ns})
  Path Group:             (none)
  Path Type:              Hold (Min at Slow Process Corner)
  Data Path Delay:        0.002ns  (logic 0.000ns (0.000%)  route 0.002ns (100.000%))
  Logic Levels:           0  
  Clock Uncertainty:      0.025ns  ((TSJ^2 + TIJ^2)^1/2 + DJ) / 2 + PE
    Total System Jitter     (TSJ):    0.050ns
    Total Input Jitter      (TIJ):    0.000ns
    Discrete Jitter          (DJ):    0.000ns
    Phase Error              (PE):    0.000ns

    Location             Delay type                Incr(ns)  Path(ns)    Netlist Resource(s)
  -------------------------------------------------------------------    -------------------
    DSP48_X2Y14          DSP48E1                      0.000     0.000 r  bd_0_i/hls_inst/inst/mul_31ns_31ns_62_2_1_U19/tmp_product__0/ACOUT[16]
                         net (fo=1, routed)           0.002     0.002    bd_0_i/hls_inst/inst/mul_31ns_31ns_62_2_1_U19/tmp_product__0_n_37
    DSP48_X2Y15          DSP48E1                                      r  bd_0_i/hls_inst/inst/mul_31ns_31ns_62_2_1_U19/buff0_reg__0/ACIN[16]
  -------------------------------------------------------------------    -------------------

                         (clock ap_clk rise edge)     0.000     0.000 r  <hidden>
                                                      0.000     0.000 r  ap_clk
                         net (fo=1308, unset)         0.973     0.973    bd_0_i/hls_inst/inst/mul_31ns_31ns_62_2_1_U19/ap_clk
    DSP48_X2Y15          DSP48E1                                      r  bd_0_i/hls_inst/inst/mul_31ns_31ns_62_2_1_U19/buff0_reg__0/CLK

Slack:                    inf
  Source:                 bd_0_i/hls_inst/inst/mul_31ns_31ns_62_2_1_U19/tmp_product__0/ACOUT[17]
                            (internal pin)
  Destination:            bd_0_i/hls_inst/inst/mul_31ns_31ns_62_2_1_U19/buff0_reg__0/ACIN[17]
                            (rising edge-triggered cell DSP48E1 clocked by ap_clk  {rise@0.000ns fall@5.000ns period=10.000ns})
  Path Group:             (none)
  Path Type:              Hold (Min at Slow Process Corner)
  Data Path Delay:        0.002ns  (logic 0.000ns (0.000%)  route 0.002ns (100.000%))
  Logic Levels:           0  
  Clock Uncertainty:      0.025ns  ((TSJ^2 + TIJ^2)^1/2 + DJ) / 2 + PE
    Total System Jitter     (TSJ):    0.050ns
    Total Input Jitter      (TIJ):    0.000ns
    Discrete Jitter          (DJ):    0.000ns
    Phase Error              (PE):    0.000ns

    Location             Delay type                Incr(ns)  Path(ns)    Netlist Resource(s)
  -------------------------------------------------------------------    -------------------
    DSP48_X2Y14          DSP48E1                      0.000     0.000 r  bd_0_i/hls_inst/inst/mul_31ns_31ns_62_2_1_U19/tmp_product__0/ACOUT[17]
                         net (fo=1, routed)           0.002     0.002    bd_0_i/hls_inst/inst/mul_31ns_31ns_62_2_1_U19/tmp_product__0_n_36
    DSP48_X2Y15          DSP48E1                                      r  bd_0_i/hls_inst/inst/mul_31ns_31ns_62_2_1_U19/buff0_reg__0/ACIN[17]
  -------------------------------------------------------------------    -------------------

                         (clock ap_clk rise edge)     0.000     0.000 r  <hidden>
                                                      0.000     0.000 r  ap_clk
                         net (fo=1308, unset)         0.973     0.973    bd_0_i/hls_inst/inst/mul_31ns_31ns_62_2_1_U19/ap_clk
    DSP48_X2Y15          DSP48E1                                      r  bd_0_i/hls_inst/inst/mul_31ns_31ns_62_2_1_U19/buff0_reg__0/CLK

Slack:                    inf
  Source:                 bd_0_i/hls_inst/inst/mul_31ns_31ns_62_2_1_U19/tmp_product__0/ACOUT[18]
                            (internal pin)
  Destination:            bd_0_i/hls_inst/inst/mul_31ns_31ns_62_2_1_U19/buff0_reg__0/ACIN[18]
                            (rising edge-triggered cell DSP48E1 clocked by ap_clk  {rise@0.000ns fall@5.000ns period=10.000ns})
  Path Group:             (none)
  Path Type:              Hold (Min at Slow Process Corner)
  Data Path Delay:        0.002ns  (logic 0.000ns (0.000%)  route 0.002ns (100.000%))
  Logic Levels:           0  
  Clock Uncertainty:      0.025ns  ((TSJ^2 + TIJ^2)^1/2 + DJ) / 2 + PE
    Total System Jitter     (TSJ):    0.050ns
    Total Input Jitter      (TIJ):    0.000ns
    Discrete Jitter          (DJ):    0.000ns
    Phase Error              (PE):    0.000ns

    Location             Delay type                Incr(ns)  Path(ns)    Netlist Resource(s)
  -------------------------------------------------------------------    -------------------
    DSP48_X2Y14          DSP48E1                      0.000     0.000 r  bd_0_i/hls_inst/inst/mul_31ns_31ns_62_2_1_U19/tmp_product__0/ACOUT[18]
                         net (fo=1, routed)           0.002     0.002    bd_0_i/hls_inst/inst/mul_31ns_31ns_62_2_1_U19/tmp_product__0_n_35
    DSP48_X2Y15          DSP48E1                                      r  bd_0_i/hls_inst/inst/mul_31ns_31ns_62_2_1_U19/buff0_reg__0/ACIN[18]
  -------------------------------------------------------------------    -------------------

                         (clock ap_clk rise edge)     0.000     0.000 r  <hidden>
                                                      0.000     0.000 r  ap_clk
                         net (fo=1308, unset)         0.973     0.973    bd_0_i/hls_inst/inst/mul_31ns_31ns_62_2_1_U19/ap_clk
    DSP48_X2Y15          DSP48E1                                      r  bd_0_i/hls_inst/inst/mul_31ns_31ns_62_2_1_U19/buff0_reg__0/CLK





