

================================================================
== Vitis HLS Report for 'sobel_filter'
================================================================
* Date:           Wed Sep  9 01:53:15 2026

* Version:        2026.1 (Build 6493734 on Jun 16 2026)
* Project:        Sobel_IP
* Solution:       hls
* Product family: zynq
* Target device:  xc7z020-clg400-1


================================================================
== Performance Estimates
================================================================
+ Timing: 
    * Summary: 
    +--------+----------+----------+------------+
    |  Clock |  Target  | Estimated| Uncertainty|
    +--------+----------+----------+------------+
    |ap_clk  |  10.00 ns|  6.923 ns|     2.70 ns|
    +--------+----------+----------+------------+

+ Latency: 
    * Summary: 
    +---------+---------+----------+----------+-----+-----+---------+
    |  Latency (cycles) |  Latency (absolute) |  Interval | Pipeline|
    |   min   |   max   |    min   |    max   | min | max |   Type  |
    +---------+---------+----------+----------+-----+-----+---------+
    |        ?|        ?|         ?|         ?|    ?|    ?|       no|
    +---------+---------+----------+----------+-----+-----+---------+

    + Detail: 
        * Instance: 
        N/A

        * Loop: 
        +----------+---------+---------+----------+-----------+-----------+------+----------+
        |          |  Latency (cycles) | Iteration|  Initiation Interval  | Trip |          |
        | Loop Name|   min   |   max   |  Latency |  achieved |   target  | Count| Pipelined|
        +----------+---------+---------+----------+-----------+-----------+------+----------+
        |- Loop 1  |       17|       17|         6|          -|          -|     3|        no|
        +----------+---------+---------+----------+-----------+-----------+------+----------+

============================================================
+ Verbose Summary: Synthesis Manager
============================================================
InlineROM: 1
ExposeGlobal: 0
============================================================
+ Verbose Summary: CDFG Model
============================================================
IsTopModel: 1
ResetActiveHigh: 1
IsCombinational: 0
IsDatapathOnly: 0
HasWiredReturn: 1
HasMFsm: 0
HasVarLatency: 1
IsPipeline: 0
IsRtlPipelined: 0
IsInstanceOverlapped: 0
IsDontTouch: 0
HasImplIP: 0
IsGatedGlobalClock: 0


============================================================
+ Verbose Summary: Schedule
============================================================
* Number of FSM states : 15
* Pipeline : 0
* Dataflow Pipeline: 0

* FSM state transitions: 
1 --> 2 
2 --> 3 
3 --> 2 4 
4 --> 5 
5 --> 6 
6 --> 7 
7 --> 8 
8 --> 9 
9 --> 10 
10 --> 11 
11 --> 12 15 
12 --> 13 
13 --> 14 
14 --> 15 
15 --> 

* FSM state operations: 

State 1 <SV = 0> <Delay = 1.58>
ST_1 : Operation 16 [1/1] (0.00ns)   --->   "%indvars_iv572 = alloca i32 1"   --->   Operation 16 'alloca' 'indvars_iv572' <Predicate = true> <Delay = 0.00>
ST_1 : Operation 17 [1/1] (1.00ns)   --->   "%cols_read = read i32 @_ssdm_op_Read.s_axilite.i32, i32 %cols"   --->   Operation 17 'read' 'cols_read' <Predicate = true> <Delay = 1.00> <CoreInst = "s_axilite">   --->   Core 112 's_axilite' <Latency = 0> <II = 1> <Delay = 1.00> <Adapter> <Opcode : 'read' 'write'>
ST_1 : Operation 18 [1/1] (1.00ns)   --->   "%rows_read = read i32 @_ssdm_op_Read.s_axilite.i32, i32 %rows"   --->   Operation 18 'read' 'rows_read' <Predicate = true> <Delay = 1.00> <CoreInst = "s_axilite">   --->   Core 112 's_axilite' <Latency = 0> <II = 1> <Delay = 1.00> <Adapter> <Opcode : 'read' 'write'>
ST_1 : Operation 19 [1/1] (0.00ns)   --->   "%empty = trunc i32 %rows_read"   --->   Operation 19 'trunc' 'empty' <Predicate = true> <Delay = 0.00>
ST_1 : Operation 20 [1/1] (0.00ns)   --->   "%empty_15 = trunc i32 %cols_read"   --->   Operation 20 'trunc' 'empty_15' <Predicate = true> <Delay = 0.00>
ST_1 : Operation 21 [1/1] (0.00ns)   --->   "%select_ln18_12_loc = alloca i64 1"   --->   Operation 21 'alloca' 'select_ln18_12_loc' <Predicate = true> <Delay = 0.00>
ST_1 : Operation 22 [1/1] (0.00ns)   --->   "%select_ln18_11_loc = alloca i64 1"   --->   Operation 22 'alloca' 'select_ln18_11_loc' <Predicate = true> <Delay = 0.00>
ST_1 : Operation 23 [1/1] (0.00ns)   --->   "%select_ln18_10_loc = alloca i64 1"   --->   Operation 23 'alloca' 'select_ln18_10_loc' <Predicate = true> <Delay = 0.00>
ST_1 : Operation 24 [1/1] (0.00ns)   --->   "%select_ln18_9_loc = alloca i64 1"   --->   Operation 24 'alloca' 'select_ln18_9_loc' <Predicate = true> <Delay = 0.00>
ST_1 : Operation 25 [1/1] (0.00ns)   --->   "%select_ln18_8_loc = alloca i64 1"   --->   Operation 25 'alloca' 'select_ln18_8_loc' <Predicate = true> <Delay = 0.00>
ST_1 : Operation 26 [1/1] (0.00ns)   --->   "%select_ln18_7_loc = alloca i64 1"   --->   Operation 26 'alloca' 'select_ln18_7_loc' <Predicate = true> <Delay = 0.00>
ST_1 : Operation 27 [1/1] (0.00ns)   --->   "%select_ln18_5_loc = alloca i64 1"   --->   Operation 27 'alloca' 'select_ln18_5_loc' <Predicate = true> <Delay = 0.00>
ST_1 : Operation 28 [1/1] (0.00ns)   --->   "%select_ln18_4_loc = alloca i64 1"   --->   Operation 28 'alloca' 'select_ln18_4_loc' <Predicate = true> <Delay = 0.00>
ST_1 : Operation 29 [1/1] (0.00ns)   --->   "%select_ln18_3_loc = alloca i64 1"   --->   Operation 29 'alloca' 'select_ln18_3_loc' <Predicate = true> <Delay = 0.00>
ST_1 : Operation 30 [1/1] (0.00ns)   --->   "%select_ln18_2_loc = alloca i64 1"   --->   Operation 30 'alloca' 'select_ln18_2_loc' <Predicate = true> <Delay = 0.00>
ST_1 : Operation 31 [1/1] (0.00ns)   --->   "%select_ln18_1_loc = alloca i64 1"   --->   Operation 31 'alloca' 'select_ln18_1_loc' <Predicate = true> <Delay = 0.00>
ST_1 : Operation 32 [1/1] (0.00ns)   --->   "%select_ln18_loc = alloca i64 1"   --->   Operation 32 'alloca' 'select_ln18_loc' <Predicate = true> <Delay = 0.00>
ST_1 : Operation 33 [1/1] (0.00ns)   --->   "%p_1_0_0_0126_1348_phi_loc = alloca i64 1"   --->   Operation 33 'alloca' 'p_1_0_0_0126_1348_phi_loc' <Predicate = true> <Delay = 0.00>
ST_1 : Operation 34 [1/1] (0.00ns)   --->   "%p_2_0_0_0127_1349_phi_loc = alloca i64 1"   --->   Operation 34 'alloca' 'p_2_0_0_0127_1349_phi_loc' <Predicate = true> <Delay = 0.00>
ST_1 : Operation 35 [1/1] (0.00ns)   --->   "%p_3_0_0_0128_1350_phi_loc = alloca i64 1"   --->   Operation 35 'alloca' 'p_3_0_0_0128_1350_phi_loc' <Predicate = true> <Delay = 0.00>
ST_1 : Operation 36 [1/1] (0.00ns)   --->   "%p_4_0_0_0129_1351_phi_loc = alloca i64 1"   --->   Operation 36 'alloca' 'p_4_0_0_0129_1351_phi_loc' <Predicate = true> <Delay = 0.00>
ST_1 : Operation 37 [1/1] (0.00ns)   --->   "%p_5_0_0_0130_1352_phi_loc = alloca i64 1"   --->   Operation 37 'alloca' 'p_5_0_0_0130_1352_phi_loc' <Predicate = true> <Delay = 0.00>
ST_1 : Operation 38 [1/1] (0.00ns)   --->   "%p_6_0_0_0131_1353_phi_loc = alloca i64 1"   --->   Operation 38 'alloca' 'p_6_0_0_0131_1353_phi_loc' <Predicate = true> <Delay = 0.00>
ST_1 : Operation 39 [1/1] (0.00ns)   --->   "%p_1_0_0_0126_1_1355_phi_loc = alloca i64 1"   --->   Operation 39 'alloca' 'p_1_0_0_0126_1_1355_phi_loc' <Predicate = true> <Delay = 0.00>
ST_1 : Operation 40 [1/1] (0.00ns)   --->   "%p_2_0_0_0127_1_1356_phi_loc = alloca i64 1"   --->   Operation 40 'alloca' 'p_2_0_0_0127_1_1356_phi_loc' <Predicate = true> <Delay = 0.00>
ST_1 : Operation 41 [1/1] (0.00ns)   --->   "%p_3_0_0_0128_1_1357_phi_loc = alloca i64 1"   --->   Operation 41 'alloca' 'p_3_0_0_0128_1_1357_phi_loc' <Predicate = true> <Delay = 0.00>
ST_1 : Operation 42 [1/1] (0.00ns)   --->   "%p_4_0_0_0129_1_1358_phi_loc = alloca i64 1"   --->   Operation 42 'alloca' 'p_4_0_0_0129_1_1358_phi_loc' <Predicate = true> <Delay = 0.00>
ST_1 : Operation 43 [1/1] (0.00ns)   --->   "%p_5_0_0_0130_1_1359_phi_loc = alloca i64 1"   --->   Operation 43 'alloca' 'p_5_0_0_0130_1_1359_phi_loc' <Predicate = true> <Delay = 0.00>
ST_1 : Operation 44 [1/1] (0.00ns)   --->   "%p_6_0_0_0131_1_1360_phi_loc = alloca i64 1"   --->   Operation 44 'alloca' 'p_6_0_0_0131_1_1360_phi_loc' <Predicate = true> <Delay = 0.00>
ST_1 : Operation 45 [1/1] (0.00ns)   --->   "%p_1_0_0_0126_1_2362_phi_loc = alloca i64 1"   --->   Operation 45 'alloca' 'p_1_0_0_0126_1_2362_phi_loc' <Predicate = true> <Delay = 0.00>
ST_1 : Operation 46 [1/1] (0.00ns)   --->   "%p_2_0_0_0127_1_2363_phi_loc = alloca i64 1"   --->   Operation 46 'alloca' 'p_2_0_0_0127_1_2363_phi_loc' <Predicate = true> <Delay = 0.00>
ST_1 : Operation 47 [1/1] (0.00ns)   --->   "%p_3_0_0_0128_1_2364_phi_loc = alloca i64 1"   --->   Operation 47 'alloca' 'p_3_0_0_0128_1_2364_phi_loc' <Predicate = true> <Delay = 0.00>
ST_1 : Operation 48 [1/1] (0.00ns)   --->   "%p_4_0_0_0129_1_2365_phi_loc = alloca i64 1"   --->   Operation 48 'alloca' 'p_4_0_0_0129_1_2365_phi_loc' <Predicate = true> <Delay = 0.00>
ST_1 : Operation 49 [1/1] (0.00ns)   --->   "%p_5_0_0_0130_1_2366_phi_loc = alloca i64 1"   --->   Operation 49 'alloca' 'p_5_0_0_0130_1_2366_phi_loc' <Predicate = true> <Delay = 0.00>
ST_1 : Operation 50 [1/1] (0.00ns)   --->   "%p_6_0_0_0131_1_2367_phi_loc = alloca i64 1"   --->   Operation 50 'alloca' 'p_6_0_0_0131_1_2367_phi_loc' <Predicate = true> <Delay = 0.00>
ST_1 : Operation 51 [1/1] (0.00ns)   --->   "%p_1_0_0_0126_1348_loc = alloca i64 1"   --->   Operation 51 'alloca' 'p_1_0_0_0126_1348_loc' <Predicate = true> <Delay = 0.00>
ST_1 : Operation 52 [1/1] (0.00ns)   --->   "%p_2_0_0_0127_1349_loc = alloca i64 1"   --->   Operation 52 'alloca' 'p_2_0_0_0127_1349_loc' <Predicate = true> <Delay = 0.00>
ST_1 : Operation 53 [1/1] (0.00ns)   --->   "%p_3_0_0_0128_1350_loc = alloca i64 1"   --->   Operation 53 'alloca' 'p_3_0_0_0128_1350_loc' <Predicate = true> <Delay = 0.00>
ST_1 : Operation 54 [1/1] (0.00ns)   --->   "%p_4_0_0_0129_1351_loc = alloca i64 1"   --->   Operation 54 'alloca' 'p_4_0_0_0129_1351_loc' <Predicate = true> <Delay = 0.00>
ST_1 : Operation 55 [1/1] (0.00ns)   --->   "%p_5_0_0_0130_1352_loc = alloca i64 1"   --->   Operation 55 'alloca' 'p_5_0_0_0130_1352_loc' <Predicate = true> <Delay = 0.00>
ST_1 : Operation 56 [1/1] (0.00ns)   --->   "%p_6_0_0_0131_1353_loc = alloca i64 1"   --->   Operation 56 'alloca' 'p_6_0_0_0131_1353_loc' <Predicate = true> <Delay = 0.00>
ST_1 : Operation 57 [1/1] (0.00ns)   --->   "%p_1_0_0_0126_1370_loc = alloca i64 1"   --->   Operation 57 'alloca' 'p_1_0_0_0126_1370_loc' <Predicate = true> <Delay = 0.00>
ST_1 : Operation 58 [1/1] (0.00ns)   --->   "%p_2_0_0_0127_1372_loc = alloca i64 1"   --->   Operation 58 'alloca' 'p_2_0_0_0127_1372_loc' <Predicate = true> <Delay = 0.00>
ST_1 : Operation 59 [1/1] (0.00ns)   --->   "%p_3_0_0_0128_1374_loc = alloca i64 1"   --->   Operation 59 'alloca' 'p_3_0_0_0128_1374_loc' <Predicate = true> <Delay = 0.00>
ST_1 : Operation 60 [1/1] (0.00ns)   --->   "%p_4_0_0_0129_1376_loc = alloca i64 1"   --->   Operation 60 'alloca' 'p_4_0_0_0129_1376_loc' <Predicate = true> <Delay = 0.00>
ST_1 : Operation 61 [1/1] (0.00ns)   --->   "%p_5_0_0_0130_1378_loc = alloca i64 1"   --->   Operation 61 'alloca' 'p_5_0_0_0130_1378_loc' <Predicate = true> <Delay = 0.00>
ST_1 : Operation 62 [1/1] (0.00ns)   --->   "%p_6_0_0_0131_1380_loc = alloca i64 1"   --->   Operation 62 'alloca' 'p_6_0_0_0131_1380_loc' <Predicate = true> <Delay = 0.00>
ST_1 : Operation 63 [1/1] (0.00ns)   --->   "%p_1_0_0_0126_1_1384_loc = alloca i64 1"   --->   Operation 63 'alloca' 'p_1_0_0_0126_1_1384_loc' <Predicate = true> <Delay = 0.00>
ST_1 : Operation 64 [1/1] (0.00ns)   --->   "%p_2_0_0_0127_1_1386_loc = alloca i64 1"   --->   Operation 64 'alloca' 'p_2_0_0_0127_1_1386_loc' <Predicate = true> <Delay = 0.00>
ST_1 : Operation 65 [1/1] (0.00ns)   --->   "%p_3_0_0_0128_1_1388_loc = alloca i64 1"   --->   Operation 65 'alloca' 'p_3_0_0_0128_1_1388_loc' <Predicate = true> <Delay = 0.00>
ST_1 : Operation 66 [1/1] (0.00ns)   --->   "%p_4_0_0_0129_1_1390_loc = alloca i64 1"   --->   Operation 66 'alloca' 'p_4_0_0_0129_1_1390_loc' <Predicate = true> <Delay = 0.00>
ST_1 : Operation 67 [1/1] (0.00ns)   --->   "%p_5_0_0_0130_1_1392_loc = alloca i64 1"   --->   Operation 67 'alloca' 'p_5_0_0_0130_1_1392_loc' <Predicate = true> <Delay = 0.00>
ST_1 : Operation 68 [1/1] (0.00ns)   --->   "%p_6_0_0_0131_1_1394_loc = alloca i64 1"   --->   Operation 68 'alloca' 'p_6_0_0_0131_1_1394_loc' <Predicate = true> <Delay = 0.00>
ST_1 : Operation 69 [1/1] (0.00ns)   --->   "%p_1_0_0_0126_1_2397_loc = alloca i64 1"   --->   Operation 69 'alloca' 'p_1_0_0_0126_1_2397_loc' <Predicate = true> <Delay = 0.00>
ST_1 : Operation 70 [1/1] (0.00ns)   --->   "%p_2_0_0_0127_1_2398_loc = alloca i64 1"   --->   Operation 70 'alloca' 'p_2_0_0_0127_1_2398_loc' <Predicate = true> <Delay = 0.00>
ST_1 : Operation 71 [1/1] (0.00ns)   --->   "%p_3_0_0_0128_1_2399_loc = alloca i64 1"   --->   Operation 71 'alloca' 'p_3_0_0_0128_1_2399_loc' <Predicate = true> <Delay = 0.00>
ST_1 : Operation 72 [1/1] (0.00ns)   --->   "%p_4_0_0_0129_1_2400_loc = alloca i64 1"   --->   Operation 72 'alloca' 'p_4_0_0_0129_1_2400_loc' <Predicate = true> <Delay = 0.00>
ST_1 : Operation 73 [1/1] (0.00ns)   --->   "%p_5_0_0_0130_1_2401_loc = alloca i64 1"   --->   Operation 73 'alloca' 'p_5_0_0_0130_1_2401_loc' <Predicate = true> <Delay = 0.00>
ST_1 : Operation 74 [1/1] (0.00ns)   --->   "%p_6_0_0_0131_1_2402_loc = alloca i64 1"   --->   Operation 74 'alloca' 'p_6_0_0_0131_1_2402_loc' <Predicate = true> <Delay = 0.00>
ST_1 : Operation 75 [1/1] (0.00ns)   --->   "%spectopmodule_ln7 = spectopmodule void @_ssdm_op_SpecTopModule, void @empty_9" [Sobel.cpp:7]   --->   Operation 75 'spectopmodule' 'spectopmodule_ln7' <Predicate = true> <Delay = 0.00>
ST_1 : Operation 76 [1/1] (0.00ns)   --->   "%specinterface_ln0 = specinterface void @_ssdm_op_SpecInterface, i32 %input_r_V_data_V, i4 %input_r_V_keep_V, i4 %input_r_V_strb_V, i2 %input_r_V_user_V, i1 %input_r_V_last_V, i5 %input_r_V_id_V, i6 %input_r_V_dest_V, void @empty, i32 1, i32 1, void @empty_0, i32 0, i32 0, void @empty_1, void @empty_1, void @empty_1, i32 0, i32 0, i32 0, i32 0, void @empty_1, void @empty_1, i32 4294967295, i32 0, i32 0, i32 0"   --->   Operation 76 'specinterface' 'specinterface_ln0' <Predicate = true> <Delay = 0.00>
ST_1 : Operation 77 [1/1] (0.00ns)   --->   "%specbitsmap_ln0 = specbitsmap void @_ssdm_op_SpecBitsMap, i32 %input_r_V_data_V"   --->   Operation 77 'specbitsmap' 'specbitsmap_ln0' <Predicate = true> <Delay = 0.00>
ST_1 : Operation 78 [1/1] (0.00ns)   --->   "%specbitsmap_ln0 = specbitsmap void @_ssdm_op_SpecBitsMap, i4 %input_r_V_keep_V"   --->   Operation 78 'specbitsmap' 'specbitsmap_ln0' <Predicate = true> <Delay = 0.00>
ST_1 : Operation 79 [1/1] (0.00ns)   --->   "%specbitsmap_ln0 = specbitsmap void @_ssdm_op_SpecBitsMap, i4 %input_r_V_strb_V"   --->   Operation 79 'specbitsmap' 'specbitsmap_ln0' <Predicate = true> <Delay = 0.00>
ST_1 : Operation 80 [1/1] (0.00ns)   --->   "%specbitsmap_ln0 = specbitsmap void @_ssdm_op_SpecBitsMap, i2 %input_r_V_user_V"   --->   Operation 80 'specbitsmap' 'specbitsmap_ln0' <Predicate = true> <Delay = 0.00>
ST_1 : Operation 81 [1/1] (0.00ns)   --->   "%specbitsmap_ln0 = specbitsmap void @_ssdm_op_SpecBitsMap, i1 %input_r_V_last_V"   --->   Operation 81 'specbitsmap' 'specbitsmap_ln0' <Predicate = true> <Delay = 0.00>
ST_1 : Operation 82 [1/1] (0.00ns)   --->   "%specbitsmap_ln0 = specbitsmap void @_ssdm_op_SpecBitsMap, i5 %input_r_V_id_V"   --->   Operation 82 'specbitsmap' 'specbitsmap_ln0' <Predicate = true> <Delay = 0.00>
ST_1 : Operation 83 [1/1] (0.00ns)   --->   "%specbitsmap_ln0 = specbitsmap void @_ssdm_op_SpecBitsMap, i6 %input_r_V_dest_V"   --->   Operation 83 'specbitsmap' 'specbitsmap_ln0' <Predicate = true> <Delay = 0.00>
ST_1 : Operation 84 [1/1] (0.00ns)   --->   "%specinterface_ln0 = specinterface void @_ssdm_op_SpecInterface, i32 %output_r_V_data_V, i4 %output_r_V_keep_V, i4 %output_r_V_strb_V, i2 %output_r_V_user_V, i1 %output_r_V_last_V, i5 %output_r_V_id_V, i6 %output_r_V_dest_V, void @empty, i32 1, i32 1, void @empty_0, i32 0, i32 0, void @empty_1, void @empty_1, void @empty_1, i32 0, i32 0, i32 0, i32 0, void @empty_1, void @empty_1, i32 4294967295, i32 0, i32 0, i32 0"   --->   Operation 84 'specinterface' 'specinterface_ln0' <Predicate = true> <Delay = 0.00>
ST_1 : Operation 85 [1/1] (0.00ns)   --->   "%specbitsmap_ln0 = specbitsmap void @_ssdm_op_SpecBitsMap, i32 %output_r_V_data_V"   --->   Operation 85 'specbitsmap' 'specbitsmap_ln0' <Predicate = true> <Delay = 0.00>
ST_1 : Operation 86 [1/1] (0.00ns)   --->   "%specbitsmap_ln0 = specbitsmap void @_ssdm_op_SpecBitsMap, i4 %output_r_V_keep_V"   --->   Operation 86 'specbitsmap' 'specbitsmap_ln0' <Predicate = true> <Delay = 0.00>
ST_1 : Operation 87 [1/1] (0.00ns)   --->   "%specbitsmap_ln0 = specbitsmap void @_ssdm_op_SpecBitsMap, i4 %output_r_V_strb_V"   --->   Operation 87 'specbitsmap' 'specbitsmap_ln0' <Predicate = true> <Delay = 0.00>
ST_1 : Operation 88 [1/1] (0.00ns)   --->   "%specbitsmap_ln0 = specbitsmap void @_ssdm_op_SpecBitsMap, i2 %output_r_V_user_V"   --->   Operation 88 'specbitsmap' 'specbitsmap_ln0' <Predicate = true> <Delay = 0.00>
ST_1 : Operation 89 [1/1] (0.00ns)   --->   "%specbitsmap_ln0 = specbitsmap void @_ssdm_op_SpecBitsMap, i1 %output_r_V_last_V"   --->   Operation 89 'specbitsmap' 'specbitsmap_ln0' <Predicate = true> <Delay = 0.00>
ST_1 : Operation 90 [1/1] (0.00ns)   --->   "%specbitsmap_ln0 = specbitsmap void @_ssdm_op_SpecBitsMap, i5 %output_r_V_id_V"   --->   Operation 90 'specbitsmap' 'specbitsmap_ln0' <Predicate = true> <Delay = 0.00>
ST_1 : Operation 91 [1/1] (0.00ns)   --->   "%specbitsmap_ln0 = specbitsmap void @_ssdm_op_SpecBitsMap, i6 %output_r_V_dest_V"   --->   Operation 91 'specbitsmap' 'specbitsmap_ln0' <Predicate = true> <Delay = 0.00>
ST_1 : Operation 92 [1/1] (0.00ns)   --->   "%specbitsmap_ln0 = specbitsmap void @_ssdm_op_SpecBitsMap, i32 %rows"   --->   Operation 92 'specbitsmap' 'specbitsmap_ln0' <Predicate = true> <Delay = 0.00>
ST_1 : Operation 93 [1/1] (0.00ns)   --->   "%specinterface_ln0 = specinterface void @_ssdm_op_SpecInterface, i32 %rows, void @empty_2, i32 0, i32 0, void @empty_1, i32 0, i32 0, void @empty_3, void @empty_4, void @empty_1, i32 0, i32 0, i32 0, i32 0, void @empty_1, void @empty_1, i32 4294967295, i32 0, i32 0, i32 0"   --->   Operation 93 'specinterface' 'specinterface_ln0' <Predicate = true> <Delay = 0.00>
ST_1 : Operation 94 [1/1] (0.00ns)   --->   "%specinterface_ln0 = specinterface void @_ssdm_op_SpecInterface, i32 %rows, void @empty_5, i32 0, i32 0, void @empty_1, i32 0, i32 0, void @empty_1, void @empty_1, void @empty_1, i32 0, i32 0, i32 0, i32 0, void @empty_1, void @empty_1, i32 4294967295, i32 0, i32 0, i32 0"   --->   Operation 94 'specinterface' 'specinterface_ln0' <Predicate = true> <Delay = 0.00>
ST_1 : Operation 95 [1/1] (0.00ns)   --->   "%specbitsmap_ln0 = specbitsmap void @_ssdm_op_SpecBitsMap, i32 %cols"   --->   Operation 95 'specbitsmap' 'specbitsmap_ln0' <Predicate = true> <Delay = 0.00>
ST_1 : Operation 96 [1/1] (0.00ns)   --->   "%specinterface_ln0 = specinterface void @_ssdm_op_SpecInterface, i32 %cols, void @empty_2, i32 0, i32 0, void @empty_1, i32 0, i32 0, void @empty_3, void @empty_6, void @empty_1, i32 0, i32 0, i32 0, i32 0, void @empty_1, void @empty_1, i32 4294967295, i32 0, i32 0, i32 0"   --->   Operation 96 'specinterface' 'specinterface_ln0' <Predicate = true> <Delay = 0.00>
ST_1 : Operation 97 [1/1] (0.00ns)   --->   "%specinterface_ln0 = specinterface void @_ssdm_op_SpecInterface, i32 %cols, void @empty_5, i32 0, i32 0, void @empty_1, i32 0, i32 0, void @empty_1, void @empty_1, void @empty_1, i32 0, i32 0, i32 0, i32 0, void @empty_1, void @empty_1, i32 4294967295, i32 0, i32 0, i32 0"   --->   Operation 97 'specinterface' 'specinterface_ln0' <Predicate = true> <Delay = 0.00>
ST_1 : Operation 98 [1/1] (0.00ns)   --->   "%specinterface_ln0 = specinterface void @_ssdm_op_SpecInterface, i32 0, void @empty_2, i32 0, i32 0, void @empty_1, i32 0, i32 0, void @empty_3, void @empty_1, void @empty_1, i32 0, i32 0, i32 0, i32 0, void @empty_1, void @empty_1, i32 0, i32 0, i32 0, i32 0"   --->   Operation 98 'specinterface' 'specinterface_ln0' <Predicate = true> <Delay = 0.00>
ST_1 : Operation 99 [1/1] (0.00ns)   --->   "%window_keep = alloca i64 1" [Sobel.cpp:17]   --->   Operation 99 'alloca' 'window_keep' <Predicate = true> <Delay = 0.00> <CoreInst = "RAM">   --->   Core 81 'RAM' <Latency = 1> <II = 1> <Delay = 2.32> <Storage> <Opcode : 'load' 'store'> <Ports = 2> <Width = 4> <Depth = 9> <RAM>
ST_1 : Operation 100 [1/1] (0.00ns)   --->   "%window_keep_addr = getelementptr i4 %window_keep, i64 0, i64 7" [Sobel.cpp:28]   --->   Operation 100 'getelementptr' 'window_keep_addr' <Predicate = true> <Delay = 0.00>
ST_1 : Operation 101 [1/1] (0.00ns)   --->   "%window_keep_addr_1 = getelementptr i4 %window_keep, i64 0, i64 6" [Sobel.cpp:28]   --->   Operation 101 'getelementptr' 'window_keep_addr_1' <Predicate = true> <Delay = 0.00>
ST_1 : Operation 102 [1/1] (0.00ns)   --->   "%window_keep_addr_2 = getelementptr i4 %window_keep, i64 0, i64 8" [Sobel.cpp:29]   --->   Operation 102 'getelementptr' 'window_keep_addr_2' <Predicate = true> <Delay = 0.00>
ST_1 : Operation 103 [1/1] (0.00ns)   --->   "%window_keep_addr_3 = getelementptr i4 %window_keep, i64 0, i64 3" [Sobel.cpp:25]   --->   Operation 103 'getelementptr' 'window_keep_addr_3' <Predicate = true> <Delay = 0.00>
ST_1 : Operation 104 [1/1] (0.00ns)   --->   "%window_keep_addr_4 = getelementptr i4 %window_keep, i64 0, i64 0" [Sobel.cpp:25]   --->   Operation 104 'getelementptr' 'window_keep_addr_4' <Predicate = true> <Delay = 0.00>
ST_1 : Operation 105 [1/1] (0.00ns)   --->   "%window_keep_addr_5 = getelementptr i4 %window_keep, i64 0, i64 4" [Sobel.cpp:25]   --->   Operation 105 'getelementptr' 'window_keep_addr_5' <Predicate = true> <Delay = 0.00>
ST_1 : Operation 106 [1/1] (0.00ns)   --->   "%window_keep_addr_6 = getelementptr i4 %window_keep, i64 0, i64 1" [Sobel.cpp:25]   --->   Operation 106 'getelementptr' 'window_keep_addr_6' <Predicate = true> <Delay = 0.00>
ST_1 : Operation 107 [1/1] (0.00ns)   --->   "%window_keep_addr_7 = getelementptr i4 %window_keep, i64 0, i64 5" [Sobel.cpp:25]   --->   Operation 107 'getelementptr' 'window_keep_addr_7' <Predicate = true> <Delay = 0.00>
ST_1 : Operation 108 [1/1] (0.00ns)   --->   "%window_keep_addr_8 = getelementptr i4 %window_keep, i64 0, i64 2" [Sobel.cpp:25]   --->   Operation 108 'getelementptr' 'window_keep_addr_8' <Predicate = true> <Delay = 0.00>
ST_1 : Operation 109 [1/1] (0.00ns)   --->   "%window_strb = alloca i64 1" [Sobel.cpp:17]   --->   Operation 109 'alloca' 'window_strb' <Predicate = true> <Delay = 0.00> <CoreInst = "RAM">   --->   Core 81 'RAM' <Latency = 1> <II = 1> <Delay = 2.32> <Storage> <Opcode : 'load' 'store'> <Ports = 2> <Width = 4> <Depth = 9> <RAM>
ST_1 : Operation 110 [1/1] (0.00ns)   --->   "%window_strb_addr = getelementptr i4 %window_strb, i64 0, i64 7" [Sobel.cpp:28]   --->   Operation 110 'getelementptr' 'window_strb_addr' <Predicate = true> <Delay = 0.00>
ST_1 : Operation 111 [1/1] (0.00ns)   --->   "%window_strb_addr_1 = getelementptr i4 %window_strb, i64 0, i64 6" [Sobel.cpp:28]   --->   Operation 111 'getelementptr' 'window_strb_addr_1' <Predicate = true> <Delay = 0.00>
ST_1 : Operation 112 [1/1] (0.00ns)   --->   "%window_strb_addr_2 = getelementptr i4 %window_strb, i64 0, i64 8" [Sobel.cpp:29]   --->   Operation 112 'getelementptr' 'window_strb_addr_2' <Predicate = true> <Delay = 0.00>
ST_1 : Operation 113 [1/1] (0.00ns)   --->   "%window_strb_addr_3 = getelementptr i4 %window_strb, i64 0, i64 3" [Sobel.cpp:25]   --->   Operation 113 'getelementptr' 'window_strb_addr_3' <Predicate = true> <Delay = 0.00>
ST_1 : Operation 114 [1/1] (0.00ns)   --->   "%window_strb_addr_4 = getelementptr i4 %window_strb, i64 0, i64 0" [Sobel.cpp:25]   --->   Operation 114 'getelementptr' 'window_strb_addr_4' <Predicate = true> <Delay = 0.00>
ST_1 : Operation 115 [1/1] (0.00ns)   --->   "%window_strb_addr_5 = getelementptr i4 %window_strb, i64 0, i64 4" [Sobel.cpp:25]   --->   Operation 115 'getelementptr' 'window_strb_addr_5' <Predicate = true> <Delay = 0.00>
ST_1 : Operation 116 [1/1] (0.00ns)   --->   "%window_strb_addr_6 = getelementptr i4 %window_strb, i64 0, i64 1" [Sobel.cpp:25]   --->   Operation 116 'getelementptr' 'window_strb_addr_6' <Predicate = true> <Delay = 0.00>
ST_1 : Operation 117 [1/1] (0.00ns)   --->   "%window_strb_addr_7 = getelementptr i4 %window_strb, i64 0, i64 5" [Sobel.cpp:25]   --->   Operation 117 'getelementptr' 'window_strb_addr_7' <Predicate = true> <Delay = 0.00>
ST_1 : Operation 118 [1/1] (0.00ns)   --->   "%window_strb_addr_8 = getelementptr i4 %window_strb, i64 0, i64 2" [Sobel.cpp:25]   --->   Operation 118 'getelementptr' 'window_strb_addr_8' <Predicate = true> <Delay = 0.00>
ST_1 : Operation 119 [1/1] (0.00ns)   --->   "%window_user = alloca i64 1" [Sobel.cpp:17]   --->   Operation 119 'alloca' 'window_user' <Predicate = true> <Delay = 0.00> <CoreInst = "RAM">   --->   Core 81 'RAM' <Latency = 1> <II = 1> <Delay = 2.32> <Storage> <Opcode : 'load' 'store'> <Ports = 2> <Width = 2> <Depth = 9> <RAM>
ST_1 : Operation 120 [1/1] (0.00ns)   --->   "%window_user_addr = getelementptr i2 %window_user, i64 0, i64 7" [Sobel.cpp:28]   --->   Operation 120 'getelementptr' 'window_user_addr' <Predicate = true> <Delay = 0.00>
ST_1 : Operation 121 [1/1] (0.00ns)   --->   "%window_user_addr_1 = getelementptr i2 %window_user, i64 0, i64 6" [Sobel.cpp:28]   --->   Operation 121 'getelementptr' 'window_user_addr_1' <Predicate = true> <Delay = 0.00>
ST_1 : Operation 122 [1/1] (0.00ns)   --->   "%window_user_addr_2 = getelementptr i2 %window_user, i64 0, i64 8" [Sobel.cpp:29]   --->   Operation 122 'getelementptr' 'window_user_addr_2' <Predicate = true> <Delay = 0.00>
ST_1 : Operation 123 [1/1] (0.00ns)   --->   "%window_user_addr_3 = getelementptr i2 %window_user, i64 0, i64 3" [Sobel.cpp:25]   --->   Operation 123 'getelementptr' 'window_user_addr_3' <Predicate = true> <Delay = 0.00>
ST_1 : Operation 124 [1/1] (0.00ns)   --->   "%window_user_addr_4 = getelementptr i2 %window_user, i64 0, i64 0" [Sobel.cpp:25]   --->   Operation 124 'getelementptr' 'window_user_addr_4' <Predicate = true> <Delay = 0.00>
ST_1 : Operation 125 [1/1] (0.00ns)   --->   "%window_user_addr_5 = getelementptr i2 %window_user, i64 0, i64 4" [Sobel.cpp:25]   --->   Operation 125 'getelementptr' 'window_user_addr_5' <Predicate = true> <Delay = 0.00>
ST_1 : Operation 126 [1/1] (0.00ns)   --->   "%window_user_addr_6 = getelementptr i2 %window_user, i64 0, i64 1" [Sobel.cpp:25]   --->   Operation 126 'getelementptr' 'window_user_addr_6' <Predicate = true> <Delay = 0.00>
ST_1 : Operation 127 [1/1] (0.00ns)   --->   "%window_user_addr_7 = getelementptr i2 %window_user, i64 0, i64 5" [Sobel.cpp:25]   --->   Operation 127 'getelementptr' 'window_user_addr_7' <Predicate = true> <Delay = 0.00>
ST_1 : Operation 128 [1/1] (0.00ns)   --->   "%window_user_addr_8 = getelementptr i2 %window_user, i64 0, i64 2" [Sobel.cpp:25]   --->   Operation 128 'getelementptr' 'window_user_addr_8' <Predicate = true> <Delay = 0.00>
ST_1 : Operation 129 [1/1] (0.00ns)   --->   "%window_last = alloca i64 1" [Sobel.cpp:17]   --->   Operation 129 'alloca' 'window_last' <Predicate = true> <Delay = 0.00> <CoreInst = "RAM">   --->   Core 81 'RAM' <Latency = 1> <II = 1> <Delay = 2.32> <Storage> <Opcode : 'load' 'store'> <Ports = 2> <Width = 1> <Depth = 9> <RAM>
ST_1 : Operation 130 [1/1] (0.00ns)   --->   "%window_last_addr = getelementptr i1 %window_last, i64 0, i64 7" [Sobel.cpp:28]   --->   Operation 130 'getelementptr' 'window_last_addr' <Predicate = true> <Delay = 0.00>
ST_1 : Operation 131 [1/1] (0.00ns)   --->   "%window_last_addr_1 = getelementptr i1 %window_last, i64 0, i64 6" [Sobel.cpp:28]   --->   Operation 131 'getelementptr' 'window_last_addr_1' <Predicate = true> <Delay = 0.00>
ST_1 : Operation 132 [1/1] (0.00ns)   --->   "%window_last_addr_2 = getelementptr i1 %window_last, i64 0, i64 8" [Sobel.cpp:29]   --->   Operation 132 'getelementptr' 'window_last_addr_2' <Predicate = true> <Delay = 0.00>
ST_1 : Operation 133 [1/1] (0.00ns)   --->   "%window_last_addr_3 = getelementptr i1 %window_last, i64 0, i64 3" [Sobel.cpp:25]   --->   Operation 133 'getelementptr' 'window_last_addr_3' <Predicate = true> <Delay = 0.00>
ST_1 : Operation 134 [1/1] (0.00ns)   --->   "%window_last_addr_4 = getelementptr i1 %window_last, i64 0, i64 0" [Sobel.cpp:25]   --->   Operation 134 'getelementptr' 'window_last_addr_4' <Predicate = true> <Delay = 0.00>
ST_1 : Operation 135 [1/1] (0.00ns)   --->   "%window_last_addr_5 = getelementptr i1 %window_last, i64 0, i64 4" [Sobel.cpp:25]   --->   Operation 135 'getelementptr' 'window_last_addr_5' <Predicate = true> <Delay = 0.00>
ST_1 : Operation 136 [1/1] (0.00ns)   --->   "%window_last_addr_6 = getelementptr i1 %window_last, i64 0, i64 1" [Sobel.cpp:25]   --->   Operation 136 'getelementptr' 'window_last_addr_6' <Predicate = true> <Delay = 0.00>
ST_1 : Operation 137 [1/1] (0.00ns)   --->   "%window_last_addr_7 = getelementptr i1 %window_last, i64 0, i64 5" [Sobel.cpp:25]   --->   Operation 137 'getelementptr' 'window_last_addr_7' <Predicate = true> <Delay = 0.00>
ST_1 : Operation 138 [1/1] (0.00ns)   --->   "%window_last_addr_8 = getelementptr i1 %window_last, i64 0, i64 2" [Sobel.cpp:25]   --->   Operation 138 'getelementptr' 'window_last_addr_8' <Predicate = true> <Delay = 0.00>
ST_1 : Operation 139 [1/1] (0.00ns)   --->   "%window_id = alloca i64 1" [Sobel.cpp:17]   --->   Operation 139 'alloca' 'window_id' <Predicate = true> <Delay = 0.00> <CoreInst = "RAM">   --->   Core 81 'RAM' <Latency = 1> <II = 1> <Delay = 2.32> <Storage> <Opcode : 'load' 'store'> <Ports = 2> <Width = 5> <Depth = 9> <RAM>
ST_1 : Operation 140 [1/1] (0.00ns)   --->   "%window_id_addr = getelementptr i5 %window_id, i64 0, i64 7" [Sobel.cpp:28]   --->   Operation 140 'getelementptr' 'window_id_addr' <Predicate = true> <Delay = 0.00>
ST_1 : Operation 141 [1/1] (0.00ns)   --->   "%window_id_addr_1 = getelementptr i5 %window_id, i64 0, i64 6" [Sobel.cpp:28]   --->   Operation 141 'getelementptr' 'window_id_addr_1' <Predicate = true> <Delay = 0.00>
ST_1 : Operation 142 [1/1] (0.00ns)   --->   "%window_id_addr_2 = getelementptr i5 %window_id, i64 0, i64 8" [Sobel.cpp:29]   --->   Operation 142 'getelementptr' 'window_id_addr_2' <Predicate = true> <Delay = 0.00>
ST_1 : Operation 143 [1/1] (0.00ns)   --->   "%window_id_addr_3 = getelementptr i5 %window_id, i64 0, i64 3" [Sobel.cpp:25]   --->   Operation 143 'getelementptr' 'window_id_addr_3' <Predicate = true> <Delay = 0.00>
ST_1 : Operation 144 [1/1] (0.00ns)   --->   "%window_id_addr_4 = getelementptr i5 %window_id, i64 0, i64 0" [Sobel.cpp:25]   --->   Operation 144 'getelementptr' 'window_id_addr_4' <Predicate = true> <Delay = 0.00>
ST_1 : Operation 145 [1/1] (0.00ns)   --->   "%window_id_addr_5 = getelementptr i5 %window_id, i64 0, i64 4" [Sobel.cpp:25]   --->   Operation 145 'getelementptr' 'window_id_addr_5' <Predicate = true> <Delay = 0.00>
ST_1 : Operation 146 [1/1] (0.00ns)   --->   "%window_id_addr_6 = getelementptr i5 %window_id, i64 0, i64 1" [Sobel.cpp:25]   --->   Operation 146 'getelementptr' 'window_id_addr_6' <Predicate = true> <Delay = 0.00>
ST_1 : Operation 147 [1/1] (0.00ns)   --->   "%window_id_addr_7 = getelementptr i5 %window_id, i64 0, i64 5" [Sobel.cpp:25]   --->   Operation 147 'getelementptr' 'window_id_addr_7' <Predicate = true> <Delay = 0.00>
ST_1 : Operation 148 [1/1] (0.00ns)   --->   "%window_id_addr_8 = getelementptr i5 %window_id, i64 0, i64 2" [Sobel.cpp:25]   --->   Operation 148 'getelementptr' 'window_id_addr_8' <Predicate = true> <Delay = 0.00>
ST_1 : Operation 149 [1/1] (0.00ns)   --->   "%window_dest = alloca i64 1" [Sobel.cpp:17]   --->   Operation 149 'alloca' 'window_dest' <Predicate = true> <Delay = 0.00> <CoreInst = "RAM">   --->   Core 81 'RAM' <Latency = 1> <II = 1> <Delay = 2.32> <Storage> <Opcode : 'load' 'store'> <Ports = 2> <Width = 6> <Depth = 9> <RAM>
ST_1 : Operation 150 [1/1] (0.00ns)   --->   "%window_dest_addr = getelementptr i6 %window_dest, i64 0, i64 7" [Sobel.cpp:28]   --->   Operation 150 'getelementptr' 'window_dest_addr' <Predicate = true> <Delay = 0.00>
ST_1 : Operation 151 [1/1] (0.00ns)   --->   "%window_dest_addr_1 = getelementptr i6 %window_dest, i64 0, i64 6" [Sobel.cpp:28]   --->   Operation 151 'getelementptr' 'window_dest_addr_1' <Predicate = true> <Delay = 0.00>
ST_1 : Operation 152 [1/1] (0.00ns)   --->   "%window_dest_addr_2 = getelementptr i6 %window_dest, i64 0, i64 8" [Sobel.cpp:29]   --->   Operation 152 'getelementptr' 'window_dest_addr_2' <Predicate = true> <Delay = 0.00>
ST_1 : Operation 153 [1/1] (0.00ns)   --->   "%window_dest_addr_3 = getelementptr i6 %window_dest, i64 0, i64 3" [Sobel.cpp:25]   --->   Operation 153 'getelementptr' 'window_dest_addr_3' <Predicate = true> <Delay = 0.00>
ST_1 : Operation 154 [1/1] (0.00ns)   --->   "%window_dest_addr_4 = getelementptr i6 %window_dest, i64 0, i64 0" [Sobel.cpp:25]   --->   Operation 154 'getelementptr' 'window_dest_addr_4' <Predicate = true> <Delay = 0.00>
ST_1 : Operation 155 [1/1] (0.00ns)   --->   "%window_dest_addr_5 = getelementptr i6 %window_dest, i64 0, i64 4" [Sobel.cpp:25]   --->   Operation 155 'getelementptr' 'window_dest_addr_5' <Predicate = true> <Delay = 0.00>
ST_1 : Operation 156 [1/1] (0.00ns)   --->   "%window_dest_addr_6 = getelementptr i6 %window_dest, i64 0, i64 1" [Sobel.cpp:25]   --->   Operation 156 'getelementptr' 'window_dest_addr_6' <Predicate = true> <Delay = 0.00>
ST_1 : Operation 157 [1/1] (0.00ns)   --->   "%window_dest_addr_7 = getelementptr i6 %window_dest, i64 0, i64 5" [Sobel.cpp:25]   --->   Operation 157 'getelementptr' 'window_dest_addr_7' <Predicate = true> <Delay = 0.00>
ST_1 : Operation 158 [1/1] (0.00ns)   --->   "%window_dest_addr_8 = getelementptr i6 %window_dest, i64 0, i64 2" [Sobel.cpp:25]   --->   Operation 158 'getelementptr' 'window_dest_addr_8' <Predicate = true> <Delay = 0.00>
ST_1 : Operation 159 [1/1] (0.00ns)   --->   "%specaxissidechannel_ln17 = specaxissidechannel void @_ssdm_op_SpecAXISSideChannel, i32 %output_r_V_data_V, i4 %output_r_V_keep_V, i4 %output_r_V_strb_V, i2 %output_r_V_user_V, i1 %output_r_V_last_V, i5 %output_r_V_id_V, i6 %output_r_V_dest_V, void @empty_7" [Sobel.cpp:17]   --->   Operation 159 'specaxissidechannel' 'specaxissidechannel_ln17' <Predicate = true> <Delay = 0.00>
ST_1 : Operation 160 [1/1] (0.00ns)   --->   "%specaxissidechannel_ln17 = specaxissidechannel void @_ssdm_op_SpecAXISSideChannel, i32 %input_r_V_data_V, i4 %input_r_V_keep_V, i4 %input_r_V_strb_V, i2 %input_r_V_user_V, i1 %input_r_V_last_V, i5 %input_r_V_id_V, i6 %input_r_V_dest_V, void @empty_8" [Sobel.cpp:17]   --->   Operation 160 'specaxissidechannel' 'specaxissidechannel_ln17' <Predicate = true> <Delay = 0.00>
ST_1 : Operation 161 [1/1] (1.58ns)   --->   "%store_ln0 = store i2 0, i2 %indvars_iv572"   --->   Operation 161 'store' 'store_ln0' <Predicate = true> <Delay = 1.58>
ST_1 : Operation 162 [1/1] (0.00ns)   --->   "%br_ln17 = br void %arrayctor.loop" [Sobel.cpp:17]   --->   Operation 162 'br' 'br_ln17' <Predicate = true> <Delay = 0.00>

State 2 <SV = 1> <Delay = 5.62>
ST_2 : Operation 163 [1/1] (0.00ns)   --->   "%indvars_iv572_load = load i2 %indvars_iv572" [Sobel.cpp:17]   --->   Operation 163 'load' 'indvars_iv572_load' <Predicate = true> <Delay = 0.00>
ST_2 : Operation 164 [1/1] (0.00ns)   --->   "%trunc_ln17 = trunc i2 %indvars_iv572_load" [Sobel.cpp:17]   --->   Operation 164 'trunc' 'trunc_ln17' <Predicate = true> <Delay = 0.00>
ST_2 : Operation 165 [1/1] (0.00ns)   --->   "%tmp = bitconcatenate i3 @_ssdm_op_BitConcatenate.i3.i1.i2, i1 %trunc_ln17, i2 0" [Sobel.cpp:17]   --->   Operation 165 'bitconcatenate' 'tmp' <Predicate = true> <Delay = 0.00>
ST_2 : Operation 166 [1/1] (0.00ns)   --->   "%zext_ln17 = zext i2 %indvars_iv572_load" [Sobel.cpp:17]   --->   Operation 166 'zext' 'zext_ln17' <Predicate = true> <Delay = 0.00>
ST_2 : Operation 167 [1/1] (1.65ns)   --->   "%sub_ln17 = sub i3 %tmp, i3 %zext_ln17" [Sobel.cpp:17]   --->   Operation 167 'sub' 'sub_ln17' <Predicate = true> <Delay = 1.65> <CoreInst = "Adder">   --->   Core 1 'Adder' <Latency = 0> <II = 1> <Delay = 1.65> <FuncUnit> <Opcode : 'add' 'sub'> <InPorts = 2> <OutPorts = 1>
ST_2 : Operation 168 [1/1] (1.56ns)   --->   "%add_ln17_1 = add i2 %indvars_iv572_load, i2 1" [Sobel.cpp:17]   --->   Operation 168 'add' 'add_ln17_1' <Predicate = true> <Delay = 1.56> <CoreInst = "Adder">   --->   Core 1 'Adder' <Latency = 0> <II = 1> <Delay = 1.56> <FuncUnit> <Opcode : 'add' 'sub'> <InPorts = 2> <OutPorts = 1>
ST_2 : Operation 169 [2/2] (3.97ns)   --->   "%call_ln17 = call void @sobel_filter_Pipeline_1, i3 %sub_ln17, i4 %window_keep, i4 %window_strb, i2 %window_user, i1 %window_last, i5 %window_id, i6 %window_dest" [Sobel.cpp:17]   --->   Operation 169 'call' 'call_ln17' <Predicate = true> <Delay = 3.97> <CoreType = "Generic">   --->   Generic Core
ST_2 : Operation 170 [1/1] (1.56ns)   --->   "%icmp_ln17 = icmp_eq  i2 %indvars_iv572_load, i2 2" [Sobel.cpp:17]   --->   Operation 170 'icmp' 'icmp_ln17' <Predicate = true> <Delay = 1.56> <CoreInst = "Cmp">   --->   Core 9 'Cmp' <Latency = 0> <II = 1> <Delay = 1.56> <FuncUnit> <Opcode : 'seteq' 'setne' 'setle' 'setge' 'setlt' 'setgt'> <InPorts = 2> <OutPorts = 1>
ST_2 : Operation 171 [1/1] (1.58ns)   --->   "%store_ln17 = store i2 %add_ln17_1, i2 %indvars_iv572" [Sobel.cpp:17]   --->   Operation 171 'store' 'store_ln17' <Predicate = true> <Delay = 1.58>

State 3 <SV = 2> <Delay = 4.74>
ST_3 : Operation 172 [1/1] (0.00ns)   --->   "%speclooptripcount_ln17 = speclooptripcount void @_ssdm_op_SpecLoopTripCount, i64 3, i64 3, i64 3" [Sobel.cpp:17]   --->   Operation 172 'speclooptripcount' 'speclooptripcount_ln17' <Predicate = true> <Delay = 0.00>
ST_3 : Operation 173 [1/2] (4.74ns)   --->   "%call_ln17 = call void @sobel_filter_Pipeline_1, i3 %sub_ln17, i4 %window_keep, i4 %window_strb, i2 %window_user, i1 %window_last, i5 %window_id, i6 %window_dest" [Sobel.cpp:17]   --->   Operation 173 'call' 'call_ln17' <Predicate = true> <Delay = 4.74> <CoreType = "Generic">   --->   Generic Core
ST_3 : Operation 174 [1/1] (0.00ns)   --->   "%br_ln17 = br i1 %icmp_ln17, void %arrayctor.loop, void %VITIS_LOOP_18_1" [Sobel.cpp:17]   --->   Operation 174 'br' 'br_ln17' <Predicate = true> <Delay = 0.00>
ST_3 : Operation 175 [1/1] (2.55ns)   --->   "%empty_16 = icmp_sgt  i32 %rows_read, i32 0"   --->   Operation 175 'icmp' 'empty_16' <Predicate = (icmp_ln17)> <Delay = 2.55> <CoreInst = "Cmp">   --->   Core 9 'Cmp' <Latency = 0> <II = 1> <Delay = 2.55> <FuncUnit> <Opcode : 'seteq' 'setne' 'setle' 'setge' 'setlt' 'setgt'> <InPorts = 2> <OutPorts = 1>

State 4 <SV = 3> <Delay = 0.00>
ST_4 : Operation 176 [2/2] (2.32ns)   --->   "%window_keep_load = load i4 %window_keep_addr_3" [Sobel.cpp:25]   --->   Operation 176 'load' 'window_keep_load' <Predicate = true> <Delay = 2.32> <CoreInst = "RAM">   --->   Core 81 'RAM' <Latency = 1> <II = 1> <Delay = 2.32> <Storage> <Opcode : 'load' 'store'> <Ports = 2> <Width = 4> <Depth = 9> <RAM>
ST_4 : Operation 177 [2/2] (2.32ns)   --->   "%window_strb_load = load i4 %window_strb_addr_3" [Sobel.cpp:25]   --->   Operation 177 'load' 'window_strb_load' <Predicate = true> <Delay = 2.32> <CoreInst = "RAM">   --->   Core 81 'RAM' <Latency = 1> <II = 1> <Delay = 2.32> <Storage> <Opcode : 'load' 'store'> <Ports = 2> <Width = 4> <Depth = 9> <RAM>
ST_4 : Operation 178 [2/2] (2.32ns)   --->   "%window_user_load = load i4 %window_user_addr_3" [Sobel.cpp:25]   --->   Operation 178 'load' 'window_user_load' <Predicate = true> <Delay = 2.32> <CoreInst = "RAM">   --->   Core 81 'RAM' <Latency = 1> <II = 1> <Delay = 2.32> <Storage> <Opcode : 'load' 'store'> <Ports = 2> <Width = 2> <Depth = 9> <RAM>
ST_4 : Operation 179 [2/2] (2.32ns)   --->   "%window_last_load = load i4 %window_last_addr_3" [Sobel.cpp:25]   --->   Operation 179 'load' 'window_last_load' <Predicate = true> <Delay = 2.32> <CoreInst = "RAM">   --->   Core 81 'RAM' <Latency = 1> <II = 1> <Delay = 2.32> <Storage> <Opcode : 'load' 'store'> <Ports = 2> <Width = 1> <Depth = 9> <RAM>
ST_4 : Operation 180 [2/2] (2.32ns)   --->   "%window_id_load = load i4 %window_id_addr_3" [Sobel.cpp:25]   --->   Operation 180 'load' 'window_id_load' <Predicate = true> <Delay = 2.32> <CoreInst = "RAM">   --->   Core 81 'RAM' <Latency = 1> <II = 1> <Delay = 2.32> <Storage> <Opcode : 'load' 'store'> <Ports = 2> <Width = 5> <Depth = 9> <RAM>
ST_4 : Operation 181 [2/2] (2.32ns)   --->   "%window_dest_load = load i4 %window_dest_addr_3" [Sobel.cpp:25]   --->   Operation 181 'load' 'window_dest_load' <Predicate = true> <Delay = 2.32> <CoreInst = "RAM">   --->   Core 81 'RAM' <Latency = 1> <II = 1> <Delay = 2.32> <Storage> <Opcode : 'load' 'store'> <Ports = 2> <Width = 6> <Depth = 9> <RAM>

State 5 <SV = 4> <Delay = 2.32>
ST_5 : Operation 182 [1/2] ( I:2.32ns O:2.32ns )   --->   "%window_keep_load = load i4 %window_keep_addr_3" [Sobel.cpp:25]   --->   Operation 182 'load' 'window_keep_load' <Predicate = true> <Delay = 2.32> <CoreInst = "RAM">   --->   Core 81 'RAM' <Latency = 1> <II = 1> <Delay = 2.32> <Storage> <Opcode : 'load' 'store'> <Ports = 2> <Width = 4> <Depth = 9> <RAM>
ST_5 : Operation 183 [1/2] ( I:2.32ns O:2.32ns )   --->   "%window_strb_load = load i4 %window_strb_addr_3" [Sobel.cpp:25]   --->   Operation 183 'load' 'window_strb_load' <Predicate = true> <Delay = 2.32> <CoreInst = "RAM">   --->   Core 81 'RAM' <Latency = 1> <II = 1> <Delay = 2.32> <Storage> <Opcode : 'load' 'store'> <Ports = 2> <Width = 4> <Depth = 9> <RAM>
ST_5 : Operation 184 [1/2] ( I:2.32ns O:2.32ns )   --->   "%window_user_load = load i4 %window_user_addr_3" [Sobel.cpp:25]   --->   Operation 184 'load' 'window_user_load' <Predicate = true> <Delay = 2.32> <CoreInst = "RAM">   --->   Core 81 'RAM' <Latency = 1> <II = 1> <Delay = 2.32> <Storage> <Opcode : 'load' 'store'> <Ports = 2> <Width = 2> <Depth = 9> <RAM>
ST_5 : Operation 185 [1/2] ( I:2.32ns O:2.32ns )   --->   "%window_last_load = load i4 %window_last_addr_3" [Sobel.cpp:25]   --->   Operation 185 'load' 'window_last_load' <Predicate = true> <Delay = 2.32> <CoreInst = "RAM">   --->   Core 81 'RAM' <Latency = 1> <II = 1> <Delay = 2.32> <Storage> <Opcode : 'load' 'store'> <Ports = 2> <Width = 1> <Depth = 9> <RAM>
ST_5 : Operation 186 [1/2] ( I:2.32ns O:2.32ns )   --->   "%window_id_load = load i4 %window_id_addr_3" [Sobel.cpp:25]   --->   Operation 186 'load' 'window_id_load' <Predicate = true> <Delay = 2.32> <CoreInst = "RAM">   --->   Core 81 'RAM' <Latency = 1> <II = 1> <Delay = 2.32> <Storage> <Opcode : 'load' 'store'> <Ports = 2> <Width = 5> <Depth = 9> <RAM>
ST_5 : Operation 187 [1/2] ( I:2.32ns O:2.32ns )   --->   "%window_dest_load = load i4 %window_dest_addr_3" [Sobel.cpp:25]   --->   Operation 187 'load' 'window_dest_load' <Predicate = true> <Delay = 2.32> <CoreInst = "RAM">   --->   Core 81 'RAM' <Latency = 1> <II = 1> <Delay = 2.32> <Storage> <Opcode : 'load' 'store'> <Ports = 2> <Width = 6> <Depth = 9> <RAM>
ST_5 : Operation 188 [2/2] (2.32ns)   --->   "%window_keep_load_1 = load i4 %window_keep_addr_4" [Sobel.cpp:25]   --->   Operation 188 'load' 'window_keep_load_1' <Predicate = true> <Delay = 2.32> <CoreInst = "RAM">   --->   Core 81 'RAM' <Latency = 1> <II = 1> <Delay = 2.32> <Storage> <Opcode : 'load' 'store'> <Ports = 2> <Width = 4> <Depth = 9> <RAM>
ST_5 : Operation 189 [2/2] (2.32ns)   --->   "%window_strb_load_1 = load i4 %window_strb_addr_4" [Sobel.cpp:25]   --->   Operation 189 'load' 'window_strb_load_1' <Predicate = true> <Delay = 2.32> <CoreInst = "RAM">   --->   Core 81 'RAM' <Latency = 1> <II = 1> <Delay = 2.32> <Storage> <Opcode : 'load' 'store'> <Ports = 2> <Width = 4> <Depth = 9> <RAM>
ST_5 : Operation 190 [2/2] (2.32ns)   --->   "%window_user_load_1 = load i4 %window_user_addr_4" [Sobel.cpp:25]   --->   Operation 190 'load' 'window_user_load_1' <Predicate = true> <Delay = 2.32> <CoreInst = "RAM">   --->   Core 81 'RAM' <Latency = 1> <II = 1> <Delay = 2.32> <Storage> <Opcode : 'load' 'store'> <Ports = 2> <Width = 2> <Depth = 9> <RAM>
ST_5 : Operation 191 [2/2] (2.32ns)   --->   "%window_last_load_1 = load i4 %window_last_addr_4" [Sobel.cpp:25]   --->   Operation 191 'load' 'window_last_load_1' <Predicate = true> <Delay = 2.32> <CoreInst = "RAM">   --->   Core 81 'RAM' <Latency = 1> <II = 1> <Delay = 2.32> <Storage> <Opcode : 'load' 'store'> <Ports = 2> <Width = 1> <Depth = 9> <RAM>
ST_5 : Operation 192 [2/2] (2.32ns)   --->   "%window_id_load_1 = load i4 %window_id_addr_4" [Sobel.cpp:25]   --->   Operation 192 'load' 'window_id_load_1' <Predicate = true> <Delay = 2.32> <CoreInst = "RAM">   --->   Core 81 'RAM' <Latency = 1> <II = 1> <Delay = 2.32> <Storage> <Opcode : 'load' 'store'> <Ports = 2> <Width = 5> <Depth = 9> <RAM>
ST_5 : Operation 193 [2/2] (2.32ns)   --->   "%window_dest_load_1 = load i4 %window_dest_addr_4" [Sobel.cpp:25]   --->   Operation 193 'load' 'window_dest_load_1' <Predicate = true> <Delay = 2.32> <CoreInst = "RAM">   --->   Core 81 'RAM' <Latency = 1> <II = 1> <Delay = 2.32> <Storage> <Opcode : 'load' 'store'> <Ports = 2> <Width = 6> <Depth = 9> <RAM>
ST_5 : Operation 194 [2/2] (2.32ns)   --->   "%window_keep_load_2 = load i4 %window_keep_addr_5" [Sobel.cpp:25]   --->   Operation 194 'load' 'window_keep_load_2' <Predicate = true> <Delay = 2.32> <CoreInst = "RAM">   --->   Core 81 'RAM' <Latency = 1> <II = 1> <Delay = 2.32> <Storage> <Opcode : 'load' 'store'> <Ports = 2> <Width = 4> <Depth = 9> <RAM>
ST_5 : Operation 195 [2/2] (2.32ns)   --->   "%window_strb_load_2 = load i4 %window_strb_addr_5" [Sobel.cpp:25]   --->   Operation 195 'load' 'window_strb_load_2' <Predicate = true> <Delay = 2.32> <CoreInst = "RAM">   --->   Core 81 'RAM' <Latency = 1> <II = 1> <Delay = 2.32> <Storage> <Opcode : 'load' 'store'> <Ports = 2> <Width = 4> <Depth = 9> <RAM>
ST_5 : Operation 196 [2/2] (2.32ns)   --->   "%window_user_load_2 = load i4 %window_user_addr_5" [Sobel.cpp:25]   --->   Operation 196 'load' 'window_user_load_2' <Predicate = true> <Delay = 2.32> <CoreInst = "RAM">   --->   Core 81 'RAM' <Latency = 1> <II = 1> <Delay = 2.32> <Storage> <Opcode : 'load' 'store'> <Ports = 2> <Width = 2> <Depth = 9> <RAM>
ST_5 : Operation 197 [2/2] (2.32ns)   --->   "%window_last_load_2 = load i4 %window_last_addr_5" [Sobel.cpp:25]   --->   Operation 197 'load' 'window_last_load_2' <Predicate = true> <Delay = 2.32> <CoreInst = "RAM">   --->   Core 81 'RAM' <Latency = 1> <II = 1> <Delay = 2.32> <Storage> <Opcode : 'load' 'store'> <Ports = 2> <Width = 1> <Depth = 9> <RAM>
ST_5 : Operation 198 [2/2] (2.32ns)   --->   "%window_id_load_2 = load i4 %window_id_addr_5" [Sobel.cpp:25]   --->   Operation 198 'load' 'window_id_load_2' <Predicate = true> <Delay = 2.32> <CoreInst = "RAM">   --->   Core 81 'RAM' <Latency = 1> <II = 1> <Delay = 2.32> <Storage> <Opcode : 'load' 'store'> <Ports = 2> <Width = 5> <Depth = 9> <RAM>
ST_5 : Operation 199 [2/2] (2.32ns)   --->   "%window_dest_load_2 = load i4 %window_dest_addr_5" [Sobel.cpp:25]   --->   Operation 199 'load' 'window_dest_load_2' <Predicate = true> <Delay = 2.32> <CoreInst = "RAM">   --->   Core 81 'RAM' <Latency = 1> <II = 1> <Delay = 2.32> <Storage> <Opcode : 'load' 'store'> <Ports = 2> <Width = 6> <Depth = 9> <RAM>

State 6 <SV = 5> <Delay = 3.28>
ST_6 : Operation 200 [1/1] (2.55ns)   --->   "%icmp_ln19 = icmp_sgt  i32 %cols_read, i32 0" [Sobel.cpp:19]   --->   Operation 200 'icmp' 'icmp_ln19' <Predicate = true> <Delay = 2.55> <CoreInst = "Cmp">   --->   Core 9 'Cmp' <Latency = 0> <II = 1> <Delay = 2.55> <FuncUnit> <Opcode : 'seteq' 'setne' 'setle' 'setge' 'setlt' 'setgt'> <InPorts = 2> <OutPorts = 1>
ST_6 : Operation 201 [1/2] ( I:2.32ns O:2.32ns )   --->   "%window_keep_load_1 = load i4 %window_keep_addr_4" [Sobel.cpp:25]   --->   Operation 201 'load' 'window_keep_load_1' <Predicate = true> <Delay = 2.32> <CoreInst = "RAM">   --->   Core 81 'RAM' <Latency = 1> <II = 1> <Delay = 2.32> <Storage> <Opcode : 'load' 'store'> <Ports = 2> <Width = 4> <Depth = 9> <RAM>
ST_6 : Operation 202 [1/2] ( I:2.32ns O:2.32ns )   --->   "%window_strb_load_1 = load i4 %window_strb_addr_4" [Sobel.cpp:25]   --->   Operation 202 'load' 'window_strb_load_1' <Predicate = true> <Delay = 2.32> <CoreInst = "RAM">   --->   Core 81 'RAM' <Latency = 1> <II = 1> <Delay = 2.32> <Storage> <Opcode : 'load' 'store'> <Ports = 2> <Width = 4> <Depth = 9> <RAM>
ST_6 : Operation 203 [1/2] ( I:2.32ns O:2.32ns )   --->   "%window_user_load_1 = load i4 %window_user_addr_4" [Sobel.cpp:25]   --->   Operation 203 'load' 'window_user_load_1' <Predicate = true> <Delay = 2.32> <CoreInst = "RAM">   --->   Core 81 'RAM' <Latency = 1> <II = 1> <Delay = 2.32> <Storage> <Opcode : 'load' 'store'> <Ports = 2> <Width = 2> <Depth = 9> <RAM>
ST_6 : Operation 204 [1/2] ( I:2.32ns O:2.32ns )   --->   "%window_last_load_1 = load i4 %window_last_addr_4" [Sobel.cpp:25]   --->   Operation 204 'load' 'window_last_load_1' <Predicate = true> <Delay = 2.32> <CoreInst = "RAM">   --->   Core 81 'RAM' <Latency = 1> <II = 1> <Delay = 2.32> <Storage> <Opcode : 'load' 'store'> <Ports = 2> <Width = 1> <Depth = 9> <RAM>
ST_6 : Operation 205 [1/2] ( I:2.32ns O:2.32ns )   --->   "%window_id_load_1 = load i4 %window_id_addr_4" [Sobel.cpp:25]   --->   Operation 205 'load' 'window_id_load_1' <Predicate = true> <Delay = 2.32> <CoreInst = "RAM">   --->   Core 81 'RAM' <Latency = 1> <II = 1> <Delay = 2.32> <Storage> <Opcode : 'load' 'store'> <Ports = 2> <Width = 5> <Depth = 9> <RAM>
ST_6 : Operation 206 [1/2] ( I:2.32ns O:2.32ns )   --->   "%window_dest_load_1 = load i4 %window_dest_addr_4" [Sobel.cpp:25]   --->   Operation 206 'load' 'window_dest_load_1' <Predicate = true> <Delay = 2.32> <CoreInst = "RAM">   --->   Core 81 'RAM' <Latency = 1> <II = 1> <Delay = 2.32> <Storage> <Opcode : 'load' 'store'> <Ports = 2> <Width = 6> <Depth = 9> <RAM>
ST_6 : Operation 207 [1/2] ( I:2.32ns O:2.32ns )   --->   "%window_keep_load_2 = load i4 %window_keep_addr_5" [Sobel.cpp:25]   --->   Operation 207 'load' 'window_keep_load_2' <Predicate = true> <Delay = 2.32> <CoreInst = "RAM">   --->   Core 81 'RAM' <Latency = 1> <II = 1> <Delay = 2.32> <Storage> <Opcode : 'load' 'store'> <Ports = 2> <Width = 4> <Depth = 9> <RAM>
ST_6 : Operation 208 [1/2] ( I:2.32ns O:2.32ns )   --->   "%window_strb_load_2 = load i4 %window_strb_addr_5" [Sobel.cpp:25]   --->   Operation 208 'load' 'window_strb_load_2' <Predicate = true> <Delay = 2.32> <CoreInst = "RAM">   --->   Core 81 'RAM' <Latency = 1> <II = 1> <Delay = 2.32> <Storage> <Opcode : 'load' 'store'> <Ports = 2> <Width = 4> <Depth = 9> <RAM>
ST_6 : Operation 209 [1/2] ( I:2.32ns O:2.32ns )   --->   "%window_user_load_2 = load i4 %window_user_addr_5" [Sobel.cpp:25]   --->   Operation 209 'load' 'window_user_load_2' <Predicate = true> <Delay = 2.32> <CoreInst = "RAM">   --->   Core 81 'RAM' <Latency = 1> <II = 1> <Delay = 2.32> <Storage> <Opcode : 'load' 'store'> <Ports = 2> <Width = 2> <Depth = 9> <RAM>
ST_6 : Operation 210 [1/2] ( I:2.32ns O:2.32ns )   --->   "%window_last_load_2 = load i4 %window_last_addr_5" [Sobel.cpp:25]   --->   Operation 210 'load' 'window_last_load_2' <Predicate = true> <Delay = 2.32> <CoreInst = "RAM">   --->   Core 81 'RAM' <Latency = 1> <II = 1> <Delay = 2.32> <Storage> <Opcode : 'load' 'store'> <Ports = 2> <Width = 1> <Depth = 9> <RAM>
ST_6 : Operation 211 [1/2] ( I:2.32ns O:2.32ns )   --->   "%window_id_load_2 = load i4 %window_id_addr_5" [Sobel.cpp:25]   --->   Operation 211 'load' 'window_id_load_2' <Predicate = true> <Delay = 2.32> <CoreInst = "RAM">   --->   Core 81 'RAM' <Latency = 1> <II = 1> <Delay = 2.32> <Storage> <Opcode : 'load' 'store'> <Ports = 2> <Width = 5> <Depth = 9> <RAM>
ST_6 : Operation 212 [1/2] ( I:2.32ns O:2.32ns )   --->   "%window_dest_load_2 = load i4 %window_dest_addr_5" [Sobel.cpp:25]   --->   Operation 212 'load' 'window_dest_load_2' <Predicate = true> <Delay = 2.32> <CoreInst = "RAM">   --->   Core 81 'RAM' <Latency = 1> <II = 1> <Delay = 2.32> <Storage> <Opcode : 'load' 'store'> <Ports = 2> <Width = 6> <Depth = 9> <RAM>
ST_6 : Operation 213 [2/2] (2.32ns)   --->   "%window_keep_load_3 = load i4 %window_keep_addr_6" [Sobel.cpp:25]   --->   Operation 213 'load' 'window_keep_load_3' <Predicate = true> <Delay = 2.32> <CoreInst = "RAM">   --->   Core 81 'RAM' <Latency = 1> <II = 1> <Delay = 2.32> <Storage> <Opcode : 'load' 'store'> <Ports = 2> <Width = 4> <Depth = 9> <RAM>
ST_6 : Operation 214 [2/2] (2.32ns)   --->   "%window_strb_load_3 = load i4 %window_strb_addr_6" [Sobel.cpp:25]   --->   Operation 214 'load' 'window_strb_load_3' <Predicate = true> <Delay = 2.32> <CoreInst = "RAM">   --->   Core 81 'RAM' <Latency = 1> <II = 1> <Delay = 2.32> <Storage> <Opcode : 'load' 'store'> <Ports = 2> <Width = 4> <Depth = 9> <RAM>
ST_6 : Operation 215 [2/2] (2.32ns)   --->   "%window_user_load_3 = load i4 %window_user_addr_6" [Sobel.cpp:25]   --->   Operation 215 'load' 'window_user_load_3' <Predicate = true> <Delay = 2.32> <CoreInst = "RAM">   --->   Core 81 'RAM' <Latency = 1> <II = 1> <Delay = 2.32> <Storage> <Opcode : 'load' 'store'> <Ports = 2> <Width = 2> <Depth = 9> <RAM>
ST_6 : Operation 216 [2/2] (2.32ns)   --->   "%window_last_load_3 = load i4 %window_last_addr_6" [Sobel.cpp:25]   --->   Operation 216 'load' 'window_last_load_3' <Predicate = true> <Delay = 2.32> <CoreInst = "RAM">   --->   Core 81 'RAM' <Latency = 1> <II = 1> <Delay = 2.32> <Storage> <Opcode : 'load' 'store'> <Ports = 2> <Width = 1> <Depth = 9> <RAM>
ST_6 : Operation 217 [2/2] (2.32ns)   --->   "%window_id_load_3 = load i4 %window_id_addr_6" [Sobel.cpp:25]   --->   Operation 217 'load' 'window_id_load_3' <Predicate = true> <Delay = 2.32> <CoreInst = "RAM">   --->   Core 81 'RAM' <Latency = 1> <II = 1> <Delay = 2.32> <Storage> <Opcode : 'load' 'store'> <Ports = 2> <Width = 5> <Depth = 9> <RAM>
ST_6 : Operation 218 [2/2] (2.32ns)   --->   "%window_dest_load_3 = load i4 %window_dest_addr_6" [Sobel.cpp:25]   --->   Operation 218 'load' 'window_dest_load_3' <Predicate = true> <Delay = 2.32> <CoreInst = "RAM">   --->   Core 81 'RAM' <Latency = 1> <II = 1> <Delay = 2.32> <Storage> <Opcode : 'load' 'store'> <Ports = 2> <Width = 6> <Depth = 9> <RAM>
ST_6 : Operation 219 [2/2] (2.32ns)   --->   "%window_keep_load_4 = load i4 %window_keep_addr_7" [Sobel.cpp:25]   --->   Operation 219 'load' 'window_keep_load_4' <Predicate = true> <Delay = 2.32> <CoreInst = "RAM">   --->   Core 81 'RAM' <Latency = 1> <II = 1> <Delay = 2.32> <Storage> <Opcode : 'load' 'store'> <Ports = 2> <Width = 4> <Depth = 9> <RAM>
ST_6 : Operation 220 [2/2] (2.32ns)   --->   "%window_strb_load_4 = load i4 %window_strb_addr_7" [Sobel.cpp:25]   --->   Operation 220 'load' 'window_strb_load_4' <Predicate = true> <Delay = 2.32> <CoreInst = "RAM">   --->   Core 81 'RAM' <Latency = 1> <II = 1> <Delay = 2.32> <Storage> <Opcode : 'load' 'store'> <Ports = 2> <Width = 4> <Depth = 9> <RAM>
ST_6 : Operation 221 [2/2] (2.32ns)   --->   "%window_user_load_4 = load i4 %window_user_addr_7" [Sobel.cpp:25]   --->   Operation 221 'load' 'window_user_load_4' <Predicate = true> <Delay = 2.32> <CoreInst = "RAM">   --->   Core 81 'RAM' <Latency = 1> <II = 1> <Delay = 2.32> <Storage> <Opcode : 'load' 'store'> <Ports = 2> <Width = 2> <Depth = 9> <RAM>
ST_6 : Operation 222 [2/2] (2.32ns)   --->   "%window_last_load_4 = load i4 %window_last_addr_7" [Sobel.cpp:25]   --->   Operation 222 'load' 'window_last_load_4' <Predicate = true> <Delay = 2.32> <CoreInst = "RAM">   --->   Core 81 'RAM' <Latency = 1> <II = 1> <Delay = 2.32> <Storage> <Opcode : 'load' 'store'> <Ports = 2> <Width = 1> <Depth = 9> <RAM>
ST_6 : Operation 223 [2/2] (2.32ns)   --->   "%window_id_load_4 = load i4 %window_id_addr_7" [Sobel.cpp:25]   --->   Operation 223 'load' 'window_id_load_4' <Predicate = true> <Delay = 2.32> <CoreInst = "RAM">   --->   Core 81 'RAM' <Latency = 1> <II = 1> <Delay = 2.32> <Storage> <Opcode : 'load' 'store'> <Ports = 2> <Width = 5> <Depth = 9> <RAM>
ST_6 : Operation 224 [2/2] (2.32ns)   --->   "%window_dest_load_4 = load i4 %window_dest_addr_7" [Sobel.cpp:25]   --->   Operation 224 'load' 'window_dest_load_4' <Predicate = true> <Delay = 2.32> <CoreInst = "RAM">   --->   Core 81 'RAM' <Latency = 1> <II = 1> <Delay = 2.32> <Storage> <Opcode : 'load' 'store'> <Ports = 2> <Width = 6> <Depth = 9> <RAM>
ST_6 : Operation 225 [1/1] (0.73ns)   --->   "%smax = select i1 %icmp_ln19, i31 %empty_15, i31 0" [Sobel.cpp:19]   --->   Operation 225 'select' 'smax' <Predicate = true> <Delay = 0.73> <CoreInst = "Sel">   --->   Core 73 'Sel' <Latency = 0> <II = 1> <Delay = 0.73> <FuncUnit> <Opcode : 'select'> <InPorts = 3> <OutPorts = 1>
ST_6 : Operation 226 [1/1] (0.73ns)   --->   "%smax1 = select i1 %empty_16, i31 %empty, i31 0"   --->   Operation 226 'select' 'smax1' <Predicate = true> <Delay = 0.73> <CoreInst = "Sel">   --->   Core 73 'Sel' <Latency = 0> <II = 1> <Delay = 0.73> <FuncUnit> <Opcode : 'select'> <InPorts = 3> <OutPorts = 1>

State 7 <SV = 6> <Delay = 6.91>
ST_7 : Operation 227 [1/2] ( I:2.32ns O:2.32ns )   --->   "%window_keep_load_3 = load i4 %window_keep_addr_6" [Sobel.cpp:25]   --->   Operation 227 'load' 'window_keep_load_3' <Predicate = true> <Delay = 2.32> <CoreInst = "RAM">   --->   Core 81 'RAM' <Latency = 1> <II = 1> <Delay = 2.32> <Storage> <Opcode : 'load' 'store'> <Ports = 2> <Width = 4> <Depth = 9> <RAM>
ST_7 : Operation 228 [1/2] ( I:2.32ns O:2.32ns )   --->   "%window_strb_load_3 = load i4 %window_strb_addr_6" [Sobel.cpp:25]   --->   Operation 228 'load' 'window_strb_load_3' <Predicate = true> <Delay = 2.32> <CoreInst = "RAM">   --->   Core 81 'RAM' <Latency = 1> <II = 1> <Delay = 2.32> <Storage> <Opcode : 'load' 'store'> <Ports = 2> <Width = 4> <Depth = 9> <RAM>
ST_7 : Operation 229 [1/2] ( I:2.32ns O:2.32ns )   --->   "%window_user_load_3 = load i4 %window_user_addr_6" [Sobel.cpp:25]   --->   Operation 229 'load' 'window_user_load_3' <Predicate = true> <Delay = 2.32> <CoreInst = "RAM">   --->   Core 81 'RAM' <Latency = 1> <II = 1> <Delay = 2.32> <Storage> <Opcode : 'load' 'store'> <Ports = 2> <Width = 2> <Depth = 9> <RAM>
ST_7 : Operation 230 [1/2] ( I:2.32ns O:2.32ns )   --->   "%window_last_load_3 = load i4 %window_last_addr_6" [Sobel.cpp:25]   --->   Operation 230 'load' 'window_last_load_3' <Predicate = true> <Delay = 2.32> <CoreInst = "RAM">   --->   Core 81 'RAM' <Latency = 1> <II = 1> <Delay = 2.32> <Storage> <Opcode : 'load' 'store'> <Ports = 2> <Width = 1> <Depth = 9> <RAM>
ST_7 : Operation 231 [1/2] ( I:2.32ns O:2.32ns )   --->   "%window_id_load_3 = load i4 %window_id_addr_6" [Sobel.cpp:25]   --->   Operation 231 'load' 'window_id_load_3' <Predicate = true> <Delay = 2.32> <CoreInst = "RAM">   --->   Core 81 'RAM' <Latency = 1> <II = 1> <Delay = 2.32> <Storage> <Opcode : 'load' 'store'> <Ports = 2> <Width = 5> <Depth = 9> <RAM>
ST_7 : Operation 232 [1/2] ( I:2.32ns O:2.32ns )   --->   "%window_dest_load_3 = load i4 %window_dest_addr_6" [Sobel.cpp:25]   --->   Operation 232 'load' 'window_dest_load_3' <Predicate = true> <Delay = 2.32> <CoreInst = "RAM">   --->   Core 81 'RAM' <Latency = 1> <II = 1> <Delay = 2.32> <Storage> <Opcode : 'load' 'store'> <Ports = 2> <Width = 6> <Depth = 9> <RAM>
ST_7 : Operation 233 [1/2] ( I:2.32ns O:2.32ns )   --->   "%window_keep_load_4 = load i4 %window_keep_addr_7" [Sobel.cpp:25]   --->   Operation 233 'load' 'window_keep_load_4' <Predicate = true> <Delay = 2.32> <CoreInst = "RAM">   --->   Core 81 'RAM' <Latency = 1> <II = 1> <Delay = 2.32> <Storage> <Opcode : 'load' 'store'> <Ports = 2> <Width = 4> <Depth = 9> <RAM>
ST_7 : Operation 234 [1/2] ( I:2.32ns O:2.32ns )   --->   "%window_strb_load_4 = load i4 %window_strb_addr_7" [Sobel.cpp:25]   --->   Operation 234 'load' 'window_strb_load_4' <Predicate = true> <Delay = 2.32> <CoreInst = "RAM">   --->   Core 81 'RAM' <Latency = 1> <II = 1> <Delay = 2.32> <Storage> <Opcode : 'load' 'store'> <Ports = 2> <Width = 4> <Depth = 9> <RAM>
ST_7 : Operation 235 [1/2] ( I:2.32ns O:2.32ns )   --->   "%window_user_load_4 = load i4 %window_user_addr_7" [Sobel.cpp:25]   --->   Operation 235 'load' 'window_user_load_4' <Predicate = true> <Delay = 2.32> <CoreInst = "RAM">   --->   Core 81 'RAM' <Latency = 1> <II = 1> <Delay = 2.32> <Storage> <Opcode : 'load' 'store'> <Ports = 2> <Width = 2> <Depth = 9> <RAM>
ST_7 : Operation 236 [1/2] ( I:2.32ns O:2.32ns )   --->   "%window_last_load_4 = load i4 %window_last_addr_7" [Sobel.cpp:25]   --->   Operation 236 'load' 'window_last_load_4' <Predicate = true> <Delay = 2.32> <CoreInst = "RAM">   --->   Core 81 'RAM' <Latency = 1> <II = 1> <Delay = 2.32> <Storage> <Opcode : 'load' 'store'> <Ports = 2> <Width = 1> <Depth = 9> <RAM>
ST_7 : Operation 237 [1/2] ( I:2.32ns O:2.32ns )   --->   "%window_id_load_4 = load i4 %window_id_addr_7" [Sobel.cpp:25]   --->   Operation 237 'load' 'window_id_load_4' <Predicate = true> <Delay = 2.32> <CoreInst = "RAM">   --->   Core 81 'RAM' <Latency = 1> <II = 1> <Delay = 2.32> <Storage> <Opcode : 'load' 'store'> <Ports = 2> <Width = 5> <Depth = 9> <RAM>
ST_7 : Operation 238 [1/2] ( I:2.32ns O:2.32ns )   --->   "%window_dest_load_4 = load i4 %window_dest_addr_7" [Sobel.cpp:25]   --->   Operation 238 'load' 'window_dest_load_4' <Predicate = true> <Delay = 2.32> <CoreInst = "RAM">   --->   Core 81 'RAM' <Latency = 1> <II = 1> <Delay = 2.32> <Storage> <Opcode : 'load' 'store'> <Ports = 2> <Width = 6> <Depth = 9> <RAM>
ST_7 : Operation 239 [2/2] (2.32ns)   --->   "%window_keep_load_5 = load i4 %window_keep_addr_8" [Sobel.cpp:25]   --->   Operation 239 'load' 'window_keep_load_5' <Predicate = true> <Delay = 2.32> <CoreInst = "RAM">   --->   Core 81 'RAM' <Latency = 1> <II = 1> <Delay = 2.32> <Storage> <Opcode : 'load' 'store'> <Ports = 2> <Width = 4> <Depth = 9> <RAM>
ST_7 : Operation 240 [2/2] (2.32ns)   --->   "%window_strb_load_5 = load i4 %window_strb_addr_8" [Sobel.cpp:25]   --->   Operation 240 'load' 'window_strb_load_5' <Predicate = true> <Delay = 2.32> <CoreInst = "RAM">   --->   Core 81 'RAM' <Latency = 1> <II = 1> <Delay = 2.32> <Storage> <Opcode : 'load' 'store'> <Ports = 2> <Width = 4> <Depth = 9> <RAM>
ST_7 : Operation 241 [2/2] (2.32ns)   --->   "%window_user_load_5 = load i4 %window_user_addr_8" [Sobel.cpp:25]   --->   Operation 241 'load' 'window_user_load_5' <Predicate = true> <Delay = 2.32> <CoreInst = "RAM">   --->   Core 81 'RAM' <Latency = 1> <II = 1> <Delay = 2.32> <Storage> <Opcode : 'load' 'store'> <Ports = 2> <Width = 2> <Depth = 9> <RAM>
ST_7 : Operation 242 [2/2] (2.32ns)   --->   "%window_last_load_5 = load i4 %window_last_addr_8" [Sobel.cpp:25]   --->   Operation 242 'load' 'window_last_load_5' <Predicate = true> <Delay = 2.32> <CoreInst = "RAM">   --->   Core 81 'RAM' <Latency = 1> <II = 1> <Delay = 2.32> <Storage> <Opcode : 'load' 'store'> <Ports = 2> <Width = 1> <Depth = 9> <RAM>
ST_7 : Operation 243 [2/2] (2.32ns)   --->   "%window_id_load_5 = load i4 %window_id_addr_8" [Sobel.cpp:25]   --->   Operation 243 'load' 'window_id_load_5' <Predicate = true> <Delay = 2.32> <CoreInst = "RAM">   --->   Core 81 'RAM' <Latency = 1> <II = 1> <Delay = 2.32> <Storage> <Opcode : 'load' 'store'> <Ports = 2> <Width = 5> <Depth = 9> <RAM>
ST_7 : Operation 244 [2/2] (2.32ns)   --->   "%window_dest_load_5 = load i4 %window_dest_addr_8" [Sobel.cpp:25]   --->   Operation 244 'load' 'window_dest_load_5' <Predicate = true> <Delay = 2.32> <CoreInst = "RAM">   --->   Core 81 'RAM' <Latency = 1> <II = 1> <Delay = 2.32> <Storage> <Opcode : 'load' 'store'> <Ports = 2> <Width = 6> <Depth = 9> <RAM>
ST_7 : Operation 245 [2/2] (2.32ns)   --->   "%window_keep_load_6 = load i4 %window_keep_addr_1" [Sobel.cpp:25]   --->   Operation 245 'load' 'window_keep_load_6' <Predicate = true> <Delay = 2.32> <CoreInst = "RAM">   --->   Core 81 'RAM' <Latency = 1> <II = 1> <Delay = 2.32> <Storage> <Opcode : 'load' 'store'> <Ports = 2> <Width = 4> <Depth = 9> <RAM>
ST_7 : Operation 246 [2/2] (2.32ns)   --->   "%window_strb_load_6 = load i4 %window_strb_addr_1" [Sobel.cpp:25]   --->   Operation 246 'load' 'window_strb_load_6' <Predicate = true> <Delay = 2.32> <CoreInst = "RAM">   --->   Core 81 'RAM' <Latency = 1> <II = 1> <Delay = 2.32> <Storage> <Opcode : 'load' 'store'> <Ports = 2> <Width = 4> <Depth = 9> <RAM>
ST_7 : Operation 247 [2/2] (2.32ns)   --->   "%window_user_load_6 = load i4 %window_user_addr_1" [Sobel.cpp:25]   --->   Operation 247 'load' 'window_user_load_6' <Predicate = true> <Delay = 2.32> <CoreInst = "RAM">   --->   Core 81 'RAM' <Latency = 1> <II = 1> <Delay = 2.32> <Storage> <Opcode : 'load' 'store'> <Ports = 2> <Width = 2> <Depth = 9> <RAM>
ST_7 : Operation 248 [2/2] (2.32ns)   --->   "%window_last_load_6 = load i4 %window_last_addr_1" [Sobel.cpp:25]   --->   Operation 248 'load' 'window_last_load_6' <Predicate = true> <Delay = 2.32> <CoreInst = "RAM">   --->   Core 81 'RAM' <Latency = 1> <II = 1> <Delay = 2.32> <Storage> <Opcode : 'load' 'store'> <Ports = 2> <Width = 1> <Depth = 9> <RAM>
ST_7 : Operation 249 [2/2] (2.32ns)   --->   "%window_id_load_6 = load i4 %window_id_addr_1" [Sobel.cpp:25]   --->   Operation 249 'load' 'window_id_load_6' <Predicate = true> <Delay = 2.32> <CoreInst = "RAM">   --->   Core 81 'RAM' <Latency = 1> <II = 1> <Delay = 2.32> <Storage> <Opcode : 'load' 'store'> <Ports = 2> <Width = 5> <Depth = 9> <RAM>
ST_7 : Operation 250 [2/2] (2.32ns)   --->   "%window_dest_load_6 = load i4 %window_dest_addr_1" [Sobel.cpp:25]   --->   Operation 250 'load' 'window_dest_load_6' <Predicate = true> <Delay = 2.32> <CoreInst = "RAM">   --->   Core 81 'RAM' <Latency = 1> <II = 1> <Delay = 2.32> <Storage> <Opcode : 'load' 'store'> <Ports = 2> <Width = 6> <Depth = 9> <RAM>
ST_7 : Operation 251 [1/1] (0.00ns)   --->   "%zext_ln28 = zext i31 %smax1" [Sobel.cpp:28]   --->   Operation 251 'zext' 'zext_ln28' <Predicate = true> <Delay = 0.00>
ST_7 : Operation 252 [1/1] (0.00ns)   --->   "%zext_ln28_1 = zext i31 %smax" [Sobel.cpp:28]   --->   Operation 252 'zext' 'zext_ln28_1' <Predicate = true> <Delay = 0.00>
ST_7 : Operation 253 [2/2] (6.91ns)   --->   "%mul_ln28 = mul i62 %zext_ln28, i62 %zext_ln28_1" [Sobel.cpp:28]   --->   Operation 253 'mul' 'mul_ln28' <Predicate = true> <Delay = 6.91> <CoreInst = "Multiplier">   --->   Core 3 'Multiplier' <Latency = 1> <II = 1> <Delay = 6.91> <FuncUnit> <Opcode : 'mul'> <InPorts = 2> <OutPorts = 1>

State 8 <SV = 7> <Delay = 6.91>
ST_8 : Operation 254 [1/2] ( I:2.32ns O:2.32ns )   --->   "%window_keep_load_5 = load i4 %window_keep_addr_8" [Sobel.cpp:25]   --->   Operation 254 'load' 'window_keep_load_5' <Predicate = true> <Delay = 2.32> <CoreInst = "RAM">   --->   Core 81 'RAM' <Latency = 1> <II = 1> <Delay = 2.32> <Storage> <Opcode : 'load' 'store'> <Ports = 2> <Width = 4> <Depth = 9> <RAM>
ST_8 : Operation 255 [1/2] ( I:2.32ns O:2.32ns )   --->   "%window_strb_load_5 = load i4 %window_strb_addr_8" [Sobel.cpp:25]   --->   Operation 255 'load' 'window_strb_load_5' <Predicate = true> <Delay = 2.32> <CoreInst = "RAM">   --->   Core 81 'RAM' <Latency = 1> <II = 1> <Delay = 2.32> <Storage> <Opcode : 'load' 'store'> <Ports = 2> <Width = 4> <Depth = 9> <RAM>
ST_8 : Operation 256 [1/2] ( I:2.32ns O:2.32ns )   --->   "%window_user_load_5 = load i4 %window_user_addr_8" [Sobel.cpp:25]   --->   Operation 256 'load' 'window_user_load_5' <Predicate = true> <Delay = 2.32> <CoreInst = "RAM">   --->   Core 81 'RAM' <Latency = 1> <II = 1> <Delay = 2.32> <Storage> <Opcode : 'load' 'store'> <Ports = 2> <Width = 2> <Depth = 9> <RAM>
ST_8 : Operation 257 [1/2] ( I:2.32ns O:2.32ns )   --->   "%window_last_load_5 = load i4 %window_last_addr_8" [Sobel.cpp:25]   --->   Operation 257 'load' 'window_last_load_5' <Predicate = true> <Delay = 2.32> <CoreInst = "RAM">   --->   Core 81 'RAM' <Latency = 1> <II = 1> <Delay = 2.32> <Storage> <Opcode : 'load' 'store'> <Ports = 2> <Width = 1> <Depth = 9> <RAM>
ST_8 : Operation 258 [1/2] ( I:2.32ns O:2.32ns )   --->   "%window_id_load_5 = load i4 %window_id_addr_8" [Sobel.cpp:25]   --->   Operation 258 'load' 'window_id_load_5' <Predicate = true> <Delay = 2.32> <CoreInst = "RAM">   --->   Core 81 'RAM' <Latency = 1> <II = 1> <Delay = 2.32> <Storage> <Opcode : 'load' 'store'> <Ports = 2> <Width = 5> <Depth = 9> <RAM>
ST_8 : Operation 259 [1/2] ( I:2.32ns O:2.32ns )   --->   "%window_dest_load_5 = load i4 %window_dest_addr_8" [Sobel.cpp:25]   --->   Operation 259 'load' 'window_dest_load_5' <Predicate = true> <Delay = 2.32> <CoreInst = "RAM">   --->   Core 81 'RAM' <Latency = 1> <II = 1> <Delay = 2.32> <Storage> <Opcode : 'load' 'store'> <Ports = 2> <Width = 6> <Depth = 9> <RAM>
ST_8 : Operation 260 [1/2] ( I:2.32ns O:2.32ns )   --->   "%window_keep_load_6 = load i4 %window_keep_addr_1" [Sobel.cpp:25]   --->   Operation 260 'load' 'window_keep_load_6' <Predicate = true> <Delay = 2.32> <CoreInst = "RAM">   --->   Core 81 'RAM' <Latency = 1> <II = 1> <Delay = 2.32> <Storage> <Opcode : 'load' 'store'> <Ports = 2> <Width = 4> <Depth = 9> <RAM>
ST_8 : Operation 261 [1/2] ( I:2.32ns O:2.32ns )   --->   "%window_strb_load_6 = load i4 %window_strb_addr_1" [Sobel.cpp:25]   --->   Operation 261 'load' 'window_strb_load_6' <Predicate = true> <Delay = 2.32> <CoreInst = "RAM">   --->   Core 81 'RAM' <Latency = 1> <II = 1> <Delay = 2.32> <Storage> <Opcode : 'load' 'store'> <Ports = 2> <Width = 4> <Depth = 9> <RAM>
ST_8 : Operation 262 [1/2] ( I:2.32ns O:2.32ns )   --->   "%window_user_load_6 = load i4 %window_user_addr_1" [Sobel.cpp:25]   --->   Operation 262 'load' 'window_user_load_6' <Predicate = true> <Delay = 2.32> <CoreInst = "RAM">   --->   Core 81 'RAM' <Latency = 1> <II = 1> <Delay = 2.32> <Storage> <Opcode : 'load' 'store'> <Ports = 2> <Width = 2> <Depth = 9> <RAM>
ST_8 : Operation 263 [1/2] ( I:2.32ns O:2.32ns )   --->   "%window_last_load_6 = load i4 %window_last_addr_1" [Sobel.cpp:25]   --->   Operation 263 'load' 'window_last_load_6' <Predicate = true> <Delay = 2.32> <CoreInst = "RAM">   --->   Core 81 'RAM' <Latency = 1> <II = 1> <Delay = 2.32> <Storage> <Opcode : 'load' 'store'> <Ports = 2> <Width = 1> <Depth = 9> <RAM>
ST_8 : Operation 264 [1/2] ( I:2.32ns O:2.32ns )   --->   "%window_id_load_6 = load i4 %window_id_addr_1" [Sobel.cpp:25]   --->   Operation 264 'load' 'window_id_load_6' <Predicate = true> <Delay = 2.32> <CoreInst = "RAM">   --->   Core 81 'RAM' <Latency = 1> <II = 1> <Delay = 2.32> <Storage> <Opcode : 'load' 'store'> <Ports = 2> <Width = 5> <Depth = 9> <RAM>
ST_8 : Operation 265 [1/2] ( I:2.32ns O:2.32ns )   --->   "%window_dest_load_6 = load i4 %window_dest_addr_1" [Sobel.cpp:25]   --->   Operation 265 'load' 'window_dest_load_6' <Predicate = true> <Delay = 2.32> <CoreInst = "RAM">   --->   Core 81 'RAM' <Latency = 1> <II = 1> <Delay = 2.32> <Storage> <Opcode : 'load' 'store'> <Ports = 2> <Width = 6> <Depth = 9> <RAM>
ST_8 : Operation 266 [2/2] (2.32ns)   --->   "%window_keep_load_7 = load i4 %window_keep_addr" [Sobel.cpp:25]   --->   Operation 266 'load' 'window_keep_load_7' <Predicate = true> <Delay = 2.32> <CoreInst = "RAM">   --->   Core 81 'RAM' <Latency = 1> <II = 1> <Delay = 2.32> <Storage> <Opcode : 'load' 'store'> <Ports = 2> <Width = 4> <Depth = 9> <RAM>
ST_8 : Operation 267 [2/2] (2.32ns)   --->   "%window_strb_load_7 = load i4 %window_strb_addr" [Sobel.cpp:25]   --->   Operation 267 'load' 'window_strb_load_7' <Predicate = true> <Delay = 2.32> <CoreInst = "RAM">   --->   Core 81 'RAM' <Latency = 1> <II = 1> <Delay = 2.32> <Storage> <Opcode : 'load' 'store'> <Ports = 2> <Width = 4> <Depth = 9> <RAM>
ST_8 : Operation 268 [2/2] (2.32ns)   --->   "%window_user_load_7 = load i4 %window_user_addr" [Sobel.cpp:25]   --->   Operation 268 'load' 'window_user_load_7' <Predicate = true> <Delay = 2.32> <CoreInst = "RAM">   --->   Core 81 'RAM' <Latency = 1> <II = 1> <Delay = 2.32> <Storage> <Opcode : 'load' 'store'> <Ports = 2> <Width = 2> <Depth = 9> <RAM>
ST_8 : Operation 269 [2/2] (2.32ns)   --->   "%window_last_load_7 = load i4 %window_last_addr" [Sobel.cpp:25]   --->   Operation 269 'load' 'window_last_load_7' <Predicate = true> <Delay = 2.32> <CoreInst = "RAM">   --->   Core 81 'RAM' <Latency = 1> <II = 1> <Delay = 2.32> <Storage> <Opcode : 'load' 'store'> <Ports = 2> <Width = 1> <Depth = 9> <RAM>
ST_8 : Operation 270 [2/2] (2.32ns)   --->   "%window_id_load_7 = load i4 %window_id_addr" [Sobel.cpp:25]   --->   Operation 270 'load' 'window_id_load_7' <Predicate = true> <Delay = 2.32> <CoreInst = "RAM">   --->   Core 81 'RAM' <Latency = 1> <II = 1> <Delay = 2.32> <Storage> <Opcode : 'load' 'store'> <Ports = 2> <Width = 5> <Depth = 9> <RAM>
ST_8 : Operation 271 [2/2] (2.32ns)   --->   "%window_dest_load_7 = load i4 %window_dest_addr" [Sobel.cpp:25]   --->   Operation 271 'load' 'window_dest_load_7' <Predicate = true> <Delay = 2.32> <CoreInst = "RAM">   --->   Core 81 'RAM' <Latency = 1> <II = 1> <Delay = 2.32> <Storage> <Opcode : 'load' 'store'> <Ports = 2> <Width = 6> <Depth = 9> <RAM>
ST_8 : Operation 272 [2/2] (2.32ns)   --->   "%window_keep_load_8 = load i4 %window_keep_addr_2" [Sobel.cpp:25]   --->   Operation 272 'load' 'window_keep_load_8' <Predicate = true> <Delay = 2.32> <CoreInst = "RAM">   --->   Core 81 'RAM' <Latency = 1> <II = 1> <Delay = 2.32> <Storage> <Opcode : 'load' 'store'> <Ports = 2> <Width = 4> <Depth = 9> <RAM>
ST_8 : Operation 273 [2/2] (2.32ns)   --->   "%window_strb_load_8 = load i4 %window_strb_addr_2" [Sobel.cpp:25]   --->   Operation 273 'load' 'window_strb_load_8' <Predicate = true> <Delay = 2.32> <CoreInst = "RAM">   --->   Core 81 'RAM' <Latency = 1> <II = 1> <Delay = 2.32> <Storage> <Opcode : 'load' 'store'> <Ports = 2> <Width = 4> <Depth = 9> <RAM>
ST_8 : Operation 274 [2/2] (2.32ns)   --->   "%window_user_load_8 = load i4 %window_user_addr_2" [Sobel.cpp:25]   --->   Operation 274 'load' 'window_user_load_8' <Predicate = true> <Delay = 2.32> <CoreInst = "RAM">   --->   Core 81 'RAM' <Latency = 1> <II = 1> <Delay = 2.32> <Storage> <Opcode : 'load' 'store'> <Ports = 2> <Width = 2> <Depth = 9> <RAM>
ST_8 : Operation 275 [2/2] (2.32ns)   --->   "%window_last_load_8 = load i4 %window_last_addr_2" [Sobel.cpp:25]   --->   Operation 275 'load' 'window_last_load_8' <Predicate = true> <Delay = 2.32> <CoreInst = "RAM">   --->   Core 81 'RAM' <Latency = 1> <II = 1> <Delay = 2.32> <Storage> <Opcode : 'load' 'store'> <Ports = 2> <Width = 1> <Depth = 9> <RAM>
ST_8 : Operation 276 [2/2] (2.32ns)   --->   "%window_id_load_8 = load i4 %window_id_addr_2" [Sobel.cpp:25]   --->   Operation 276 'load' 'window_id_load_8' <Predicate = true> <Delay = 2.32> <CoreInst = "RAM">   --->   Core 81 'RAM' <Latency = 1> <II = 1> <Delay = 2.32> <Storage> <Opcode : 'load' 'store'> <Ports = 2> <Width = 5> <Depth = 9> <RAM>
ST_8 : Operation 277 [2/2] (2.32ns)   --->   "%window_dest_load_8 = load i4 %window_dest_addr_2" [Sobel.cpp:25]   --->   Operation 277 'load' 'window_dest_load_8' <Predicate = true> <Delay = 2.32> <CoreInst = "RAM">   --->   Core 81 'RAM' <Latency = 1> <II = 1> <Delay = 2.32> <Storage> <Opcode : 'load' 'store'> <Ports = 2> <Width = 6> <Depth = 9> <RAM>
ST_8 : Operation 278 [1/2] (6.91ns)   --->   "%mul_ln28 = mul i62 %zext_ln28, i62 %zext_ln28_1" [Sobel.cpp:28]   --->   Operation 278 'mul' 'mul_ln28' <Predicate = true> <Delay = 6.91> <CoreInst = "Multiplier">   --->   Core 3 'Multiplier' <Latency = 1> <II = 1> <Delay = 6.91> <FuncUnit> <Opcode : 'mul'> <InPorts = 2> <OutPorts = 1>

State 9 <SV = 8> <Delay = 4.87>
ST_9 : Operation 279 [1/2] ( I:2.32ns O:2.32ns )   --->   "%window_keep_load_7 = load i4 %window_keep_addr" [Sobel.cpp:25]   --->   Operation 279 'load' 'window_keep_load_7' <Predicate = true> <Delay = 2.32> <CoreInst = "RAM">   --->   Core 81 'RAM' <Latency = 1> <II = 1> <Delay = 2.32> <Storage> <Opcode : 'load' 'store'> <Ports = 2> <Width = 4> <Depth = 9> <RAM>
ST_9 : Operation 280 [1/2] ( I:2.32ns O:2.32ns )   --->   "%window_strb_load_7 = load i4 %window_strb_addr" [Sobel.cpp:25]   --->   Operation 280 'load' 'window_strb_load_7' <Predicate = true> <Delay = 2.32> <CoreInst = "RAM">   --->   Core 81 'RAM' <Latency = 1> <II = 1> <Delay = 2.32> <Storage> <Opcode : 'load' 'store'> <Ports = 2> <Width = 4> <Depth = 9> <RAM>
ST_9 : Operation 281 [1/2] ( I:2.32ns O:2.32ns )   --->   "%window_user_load_7 = load i4 %window_user_addr" [Sobel.cpp:25]   --->   Operation 281 'load' 'window_user_load_7' <Predicate = true> <Delay = 2.32> <CoreInst = "RAM">   --->   Core 81 'RAM' <Latency = 1> <II = 1> <Delay = 2.32> <Storage> <Opcode : 'load' 'store'> <Ports = 2> <Width = 2> <Depth = 9> <RAM>
ST_9 : Operation 282 [1/2] ( I:2.32ns O:2.32ns )   --->   "%window_last_load_7 = load i4 %window_last_addr" [Sobel.cpp:25]   --->   Operation 282 'load' 'window_last_load_7' <Predicate = true> <Delay = 2.32> <CoreInst = "RAM">   --->   Core 81 'RAM' <Latency = 1> <II = 1> <Delay = 2.32> <Storage> <Opcode : 'load' 'store'> <Ports = 2> <Width = 1> <Depth = 9> <RAM>
ST_9 : Operation 283 [1/2] ( I:2.32ns O:2.32ns )   --->   "%window_id_load_7 = load i4 %window_id_addr" [Sobel.cpp:25]   --->   Operation 283 'load' 'window_id_load_7' <Predicate = true> <Delay = 2.32> <CoreInst = "RAM">   --->   Core 81 'RAM' <Latency = 1> <II = 1> <Delay = 2.32> <Storage> <Opcode : 'load' 'store'> <Ports = 2> <Width = 5> <Depth = 9> <RAM>
ST_9 : Operation 284 [1/2] ( I:2.32ns O:2.32ns )   --->   "%window_dest_load_7 = load i4 %window_dest_addr" [Sobel.cpp:25]   --->   Operation 284 'load' 'window_dest_load_7' <Predicate = true> <Delay = 2.32> <CoreInst = "RAM">   --->   Core 81 'RAM' <Latency = 1> <II = 1> <Delay = 2.32> <Storage> <Opcode : 'load' 'store'> <Ports = 2> <Width = 6> <Depth = 9> <RAM>
ST_9 : Operation 285 [1/2] ( I:2.32ns O:2.32ns )   --->   "%window_keep_load_8 = load i4 %window_keep_addr_2" [Sobel.cpp:25]   --->   Operation 285 'load' 'window_keep_load_8' <Predicate = true> <Delay = 2.32> <CoreInst = "RAM">   --->   Core 81 'RAM' <Latency = 1> <II = 1> <Delay = 2.32> <Storage> <Opcode : 'load' 'store'> <Ports = 2> <Width = 4> <Depth = 9> <RAM>
ST_9 : Operation 286 [1/2] ( I:2.32ns O:2.32ns )   --->   "%window_strb_load_8 = load i4 %window_strb_addr_2" [Sobel.cpp:25]   --->   Operation 286 'load' 'window_strb_load_8' <Predicate = true> <Delay = 2.32> <CoreInst = "RAM">   --->   Core 81 'RAM' <Latency = 1> <II = 1> <Delay = 2.32> <Storage> <Opcode : 'load' 'store'> <Ports = 2> <Width = 4> <Depth = 9> <RAM>
ST_9 : Operation 287 [1/2] ( I:2.32ns O:2.32ns )   --->   "%window_user_load_8 = load i4 %window_user_addr_2" [Sobel.cpp:25]   --->   Operation 287 'load' 'window_user_load_8' <Predicate = true> <Delay = 2.32> <CoreInst = "RAM">   --->   Core 81 'RAM' <Latency = 1> <II = 1> <Delay = 2.32> <Storage> <Opcode : 'load' 'store'> <Ports = 2> <Width = 2> <Depth = 9> <RAM>
ST_9 : Operation 288 [1/2] ( I:2.32ns O:2.32ns )   --->   "%window_last_load_8 = load i4 %window_last_addr_2" [Sobel.cpp:25]   --->   Operation 288 'load' 'window_last_load_8' <Predicate = true> <Delay = 2.32> <CoreInst = "RAM">   --->   Core 81 'RAM' <Latency = 1> <II = 1> <Delay = 2.32> <Storage> <Opcode : 'load' 'store'> <Ports = 2> <Width = 1> <Depth = 9> <RAM>
ST_9 : Operation 289 [1/2] ( I:2.32ns O:2.32ns )   --->   "%window_id_load_8 = load i4 %window_id_addr_2" [Sobel.cpp:25]   --->   Operation 289 'load' 'window_id_load_8' <Predicate = true> <Delay = 2.32> <CoreInst = "RAM">   --->   Core 81 'RAM' <Latency = 1> <II = 1> <Delay = 2.32> <Storage> <Opcode : 'load' 'store'> <Ports = 2> <Width = 5> <Depth = 9> <RAM>
ST_9 : Operation 290 [1/2] ( I:2.32ns O:2.32ns )   --->   "%window_dest_load_8 = load i4 %window_dest_addr_2" [Sobel.cpp:25]   --->   Operation 290 'load' 'window_dest_load_8' <Predicate = true> <Delay = 2.32> <CoreInst = "RAM">   --->   Core 81 'RAM' <Latency = 1> <II = 1> <Delay = 2.32> <Storage> <Opcode : 'load' 'store'> <Ports = 2> <Width = 6> <Depth = 9> <RAM>
ST_9 : Operation 291 [2/2] (2.55ns)   --->   "%call_ln25 = call void @sobel_filter_Pipeline_VITIS_LOOP_18_1_VITIS_LOOP_19_2, i6 %window_dest_load_4, i5 %window_id_load_4, i1 %window_last_load_4, i2 %window_user_load_4, i4 %window_strb_load_4, i4 %window_keep_load_4, i6 %window_dest_load_2, i5 %window_id_load_2, i1 %window_last_load_2, i2 %window_user_load_2, i4 %window_strb_load_2, i4 %window_keep_load_2, i6 %window_dest_load_8, i5 %window_id_load_8, i1 %window_last_load_8, i2 %window_user_load_8, i4 %window_strb_load_8, i4 %window_keep_load_8, i6 %window_dest_load_7, i5 %window_id_load_7, i1 %window_last_load_7, i2 %window_user_load_7, i4 %window_strb_load_7, i4 %window_keep_load_7, i6 %window_dest_load_6, i5 %window_id_load_6, i1 %window_last_load_6, i2 %window_user_load_6, i4 %window_strb_load_6, i4 %window_keep_load_6, i6 %window_dest_load, i5 %window_id_load, i1 %window_last_load, i2 %window_user_load, i4 %window_strb_load, i4 %window_keep_load, i6 %window_dest_load_5, i5 %window_id_load_5, i1 %window_last_load_5, i2 %window_user_load_5, i4 %window_strb_load_5, i4 %window_keep_load_5, i6 %window_dest_load_3, i5 %window_id_load_3, i1 %window_last_load_3, i2 %window_user_load_3, i4 %window_strb_load_3, i4 %window_keep_load_3, i6 %window_dest_load_1, i5 %window_id_load_1, i1 %window_last_load_1, i2 %window_user_load_1, i4 %window_strb_load_1, i4 %window_keep_load_1, i32 %cols_read, i62 %mul_ln28, i32 %input_r_V_data_V, i4 %input_r_V_keep_V, i4 %input_r_V_strb_V, i2 %input_r_V_user_V, i1 %input_r_V_last_V, i5 %input_r_V_id_V, i6 %input_r_V_dest_V, i32 %output_r_V_data_V, i4 %output_r_V_keep_V, i4 %output_r_V_strb_V, i2 %output_r_V_user_V, i1 %output_r_V_last_V, i5 %output_r_V_id_V, i6 %output_r_V_dest_V, i6 %p_6_0_0_0131_1_2402_loc, i5 %p_5_0_0_0130_1_2401_loc, i1 %p_4_0_0_0129_1_2400_loc, i2 %p_3_0_0_0128_1_2399_loc, i4 %p_2_0_0_0127_1_2398_loc, i4 %p_1_0_0_0126_1_2397_loc, i6 %p_6_0_0_0131_1_1394_loc, i5 %p_5_0_0_0130_1_1392_loc, i1 %p_4_0_0_0129_1_1390_loc, i2 %p_3_0_0_0128_1_1388_loc, i4 %p_2_0_0_0127_1_1386_loc, i4 %p_1_0_0_0126_1_1384_loc, i6 %p_6_0_0_0131_1380_loc, i5 %p_5_0_0_0130_1378_loc, i1 %p_4_0_0_0129_1376_loc, i2 %p_3_0_0_0128_1374_loc, i4 %p_2_0_0_0127_1372_loc, i4 %p_1_0_0_0126_1370_loc, i6 %p_6_0_0_0131_1353_loc, i5 %p_5_0_0_0130_1352_loc, i1 %p_4_0_0_0129_1351_loc, i2 %p_3_0_0_0128_1350_loc, i4 %p_2_0_0_0127_1349_loc, i4 %p_1_0_0_0126_1348_loc, i6 %p_6_0_0_0131_1_2367_phi_loc, i5 %p_5_0_0_0130_1_2366_phi_loc, i1 %p_4_0_0_0129_1_2365_phi_loc, i2 %p_3_0_0_0128_1_2364_phi_loc, i4 %p_2_0_0_0127_1_2363_phi_loc, i4 %p_1_0_0_0126_1_2362_phi_loc, i6 %p_6_0_0_0131_1_1360_phi_loc, i5 %p_5_0_0_0130_1_1359_phi_loc, i1 %p_4_0_0_0129_1_1358_phi_loc, i2 %p_3_0_0_0128_1_1357_phi_loc, i4 %p_2_0_0_0127_1_1356_phi_loc, i4 %p_1_0_0_0126_1_1355_phi_loc, i6 %p_6_0_0_0131_1353_phi_loc, i5 %p_5_0_0_0130_1352_phi_loc, i1 %p_4_0_0_0129_1351_phi_loc, i2 %p_3_0_0_0128_1350_phi_loc, i4 %p_2_0_0_0127_1349_phi_loc, i4 %p_1_0_0_0126_1348_phi_loc, i6 %select_ln18_loc, i5 %select_ln18_1_loc, i1 %select_ln18_2_loc, i2 %select_ln18_3_loc, i4 %select_ln18_4_loc, i4 %select_ln18_5_loc, i6 %select_ln18_7_loc, i5 %select_ln18_8_loc, i1 %select_ln18_9_loc, i2 %select_ln18_10_loc, i4 %select_ln18_11_loc, i4 %select_ln18_12_loc" [Sobel.cpp:25]   --->   Operation 291 'call' 'call_ln25' <Predicate = true> <Delay = 2.55> <CoreType = "Generic">   --->   Generic Core

State 10 <SV = 9> <Delay = 6.85>
ST_10 : Operation 292 [1/2] (6.85ns)   --->   "%call_ln25 = call void @sobel_filter_Pipeline_VITIS_LOOP_18_1_VITIS_LOOP_19_2, i6 %window_dest_load_4, i5 %window_id_load_4, i1 %window_last_load_4, i2 %window_user_load_4, i4 %window_strb_load_4, i4 %window_keep_load_4, i6 %window_dest_load_2, i5 %window_id_load_2, i1 %window_last_load_2, i2 %window_user_load_2, i4 %window_strb_load_2, i4 %window_keep_load_2, i6 %window_dest_load_8, i5 %window_id_load_8, i1 %window_last_load_8, i2 %window_user_load_8, i4 %window_strb_load_8, i4 %window_keep_load_8, i6 %window_dest_load_7, i5 %window_id_load_7, i1 %window_last_load_7, i2 %window_user_load_7, i4 %window_strb_load_7, i4 %window_keep_load_7, i6 %window_dest_load_6, i5 %window_id_load_6, i1 %window_last_load_6, i2 %window_user_load_6, i4 %window_strb_load_6, i4 %window_keep_load_6, i6 %window_dest_load, i5 %window_id_load, i1 %window_last_load, i2 %window_user_load, i4 %window_strb_load, i4 %window_keep_load, i6 %window_dest_load_5, i5 %window_id_load_5, i1 %window_last_load_5, i2 %window_user_load_5, i4 %window_strb_load_5, i4 %window_keep_load_5, i6 %window_dest_load_3, i5 %window_id_load_3, i1 %window_last_load_3, i2 %window_user_load_3, i4 %window_strb_load_3, i4 %window_keep_load_3, i6 %window_dest_load_1, i5 %window_id_load_1, i1 %window_last_load_1, i2 %window_user_load_1, i4 %window_strb_load_1, i4 %window_keep_load_1, i32 %cols_read, i62 %mul_ln28, i32 %input_r_V_data_V, i4 %input_r_V_keep_V, i4 %input_r_V_strb_V, i2 %input_r_V_user_V, i1 %input_r_V_last_V, i5 %input_r_V_id_V, i6 %input_r_V_dest_V, i32 %output_r_V_data_V, i4 %output_r_V_keep_V, i4 %output_r_V_strb_V, i2 %output_r_V_user_V, i1 %output_r_V_last_V, i5 %output_r_V_id_V, i6 %output_r_V_dest_V, i6 %p_6_0_0_0131_1_2402_loc, i5 %p_5_0_0_0130_1_2401_loc, i1 %p_4_0_0_0129_1_2400_loc, i2 %p_3_0_0_0128_1_2399_loc, i4 %p_2_0_0_0127_1_2398_loc, i4 %p_1_0_0_0126_1_2397_loc, i6 %p_6_0_0_0131_1_1394_loc, i5 %p_5_0_0_0130_1_1392_loc, i1 %p_4_0_0_0129_1_1390_loc, i2 %p_3_0_0_0128_1_1388_loc, i4 %p_2_0_0_0127_1_1386_loc, i4 %p_1_0_0_0126_1_1384_loc, i6 %p_6_0_0_0131_1380_loc, i5 %p_5_0_0_0130_1378_loc, i1 %p_4_0_0_0129_1376_loc, i2 %p_3_0_0_0128_1374_loc, i4 %p_2_0_0_0127_1372_loc, i4 %p_1_0_0_0126_1370_loc, i6 %p_6_0_0_0131_1353_loc, i5 %p_5_0_0_0130_1352_loc, i1 %p_4_0_0_0129_1351_loc, i2 %p_3_0_0_0128_1350_loc, i4 %p_2_0_0_0127_1349_loc, i4 %p_1_0_0_0126_1348_loc, i6 %p_6_0_0_0131_1_2367_phi_loc, i5 %p_5_0_0_0130_1_2366_phi_loc, i1 %p_4_0_0_0129_1_2365_phi_loc, i2 %p_3_0_0_0128_1_2364_phi_loc, i4 %p_2_0_0_0127_1_2363_phi_loc, i4 %p_1_0_0_0126_1_2362_phi_loc, i6 %p_6_0_0_0131_1_1360_phi_loc, i5 %p_5_0_0_0130_1_1359_phi_loc, i1 %p_4_0_0_0129_1_1358_phi_loc, i2 %p_3_0_0_0128_1_1357_phi_loc, i4 %p_2_0_0_0127_1_1356_phi_loc, i4 %p_1_0_0_0126_1_1355_phi_loc, i6 %p_6_0_0_0131_1353_phi_loc, i5 %p_5_0_0_0130_1352_phi_loc, i1 %p_4_0_0_0129_1351_phi_loc, i2 %p_3_0_0_0128_1350_phi_loc, i4 %p_2_0_0_0127_1349_phi_loc, i4 %p_1_0_0_0126_1348_phi_loc, i6 %select_ln18_loc, i5 %select_ln18_1_loc, i1 %select_ln18_2_loc, i2 %select_ln18_3_loc, i4 %select_ln18_4_loc, i4 %select_ln18_5_loc, i6 %select_ln18_7_loc, i5 %select_ln18_8_loc, i1 %select_ln18_9_loc, i2 %select_ln18_10_loc, i4 %select_ln18_11_loc, i4 %select_ln18_12_loc" [Sobel.cpp:25]   --->   Operation 292 'call' 'call_ln25' <Predicate = true> <Delay = 6.85> <CoreType = "Generic">   --->   Generic Core

State 11 <SV = 10> <Delay = 2.32>
ST_11 : Operation 293 [1/1] (0.00ns)   --->   "%p_6_0_0_0131_1_2402_loc_load = load i6 %p_6_0_0_0131_1_2402_loc"   --->   Operation 293 'load' 'p_6_0_0_0131_1_2402_loc_load' <Predicate = true> <Delay = 0.00>
ST_11 : Operation 294 [1/1] (0.00ns)   --->   "%p_5_0_0_0130_1_2401_loc_load = load i5 %p_5_0_0_0130_1_2401_loc"   --->   Operation 294 'load' 'p_5_0_0_0130_1_2401_loc_load' <Predicate = true> <Delay = 0.00>
ST_11 : Operation 295 [1/1] (0.00ns)   --->   "%p_4_0_0_0129_1_2400_loc_load = load i1 %p_4_0_0_0129_1_2400_loc"   --->   Operation 295 'load' 'p_4_0_0_0129_1_2400_loc_load' <Predicate = true> <Delay = 0.00>
ST_11 : Operation 296 [1/1] (0.00ns)   --->   "%p_3_0_0_0128_1_2399_loc_load = load i2 %p_3_0_0_0128_1_2399_loc"   --->   Operation 296 'load' 'p_3_0_0_0128_1_2399_loc_load' <Predicate = true> <Delay = 0.00>
ST_11 : Operation 297 [1/1] (0.00ns)   --->   "%p_2_0_0_0127_1_2398_loc_load = load i4 %p_2_0_0_0127_1_2398_loc"   --->   Operation 297 'load' 'p_2_0_0_0127_1_2398_loc_load' <Predicate = true> <Delay = 0.00>
ST_11 : Operation 298 [1/1] (0.00ns)   --->   "%p_1_0_0_0126_1_2397_loc_load = load i4 %p_1_0_0_0126_1_2397_loc"   --->   Operation 298 'load' 'p_1_0_0_0126_1_2397_loc_load' <Predicate = true> <Delay = 0.00>
ST_11 : Operation 299 [1/1] (0.00ns)   --->   "%p_6_0_0_0131_1_1394_loc_load = load i6 %p_6_0_0_0131_1_1394_loc"   --->   Operation 299 'load' 'p_6_0_0_0131_1_1394_loc_load' <Predicate = true> <Delay = 0.00>
ST_11 : Operation 300 [1/1] (0.00ns)   --->   "%p_5_0_0_0130_1_1392_loc_load = load i5 %p_5_0_0_0130_1_1392_loc"   --->   Operation 300 'load' 'p_5_0_0_0130_1_1392_loc_load' <Predicate = true> <Delay = 0.00>
ST_11 : Operation 301 [1/1] (0.00ns)   --->   "%p_4_0_0_0129_1_1390_loc_load = load i1 %p_4_0_0_0129_1_1390_loc"   --->   Operation 301 'load' 'p_4_0_0_0129_1_1390_loc_load' <Predicate = true> <Delay = 0.00>
ST_11 : Operation 302 [1/1] (0.00ns)   --->   "%p_3_0_0_0128_1_1388_loc_load = load i2 %p_3_0_0_0128_1_1388_loc"   --->   Operation 302 'load' 'p_3_0_0_0128_1_1388_loc_load' <Predicate = true> <Delay = 0.00>
ST_11 : Operation 303 [1/1] (0.00ns)   --->   "%p_2_0_0_0127_1_1386_loc_load = load i4 %p_2_0_0_0127_1_1386_loc"   --->   Operation 303 'load' 'p_2_0_0_0127_1_1386_loc_load' <Predicate = true> <Delay = 0.00>
ST_11 : Operation 304 [1/1] (0.00ns)   --->   "%p_1_0_0_0126_1_1384_loc_load = load i4 %p_1_0_0_0126_1_1384_loc"   --->   Operation 304 'load' 'p_1_0_0_0126_1_1384_loc_load' <Predicate = true> <Delay = 0.00>
ST_11 : Operation 305 [1/1] (0.00ns)   --->   "%p_6_0_0_0131_1380_loc_load = load i6 %p_6_0_0_0131_1380_loc"   --->   Operation 305 'load' 'p_6_0_0_0131_1380_loc_load' <Predicate = true> <Delay = 0.00>
ST_11 : Operation 306 [1/1] (0.00ns)   --->   "%p_5_0_0_0130_1378_loc_load = load i5 %p_5_0_0_0130_1378_loc"   --->   Operation 306 'load' 'p_5_0_0_0130_1378_loc_load' <Predicate = true> <Delay = 0.00>
ST_11 : Operation 307 [1/1] (0.00ns)   --->   "%p_4_0_0_0129_1376_loc_load = load i1 %p_4_0_0_0129_1376_loc"   --->   Operation 307 'load' 'p_4_0_0_0129_1376_loc_load' <Predicate = true> <Delay = 0.00>
ST_11 : Operation 308 [1/1] (0.00ns)   --->   "%p_3_0_0_0128_1374_loc_load = load i2 %p_3_0_0_0128_1374_loc"   --->   Operation 308 'load' 'p_3_0_0_0128_1374_loc_load' <Predicate = true> <Delay = 0.00>
ST_11 : Operation 309 [1/1] (0.00ns)   --->   "%p_2_0_0_0127_1372_loc_load = load i4 %p_2_0_0_0127_1372_loc"   --->   Operation 309 'load' 'p_2_0_0_0127_1372_loc_load' <Predicate = true> <Delay = 0.00>
ST_11 : Operation 310 [1/1] (0.00ns)   --->   "%p_1_0_0_0126_1370_loc_load = load i4 %p_1_0_0_0126_1370_loc"   --->   Operation 310 'load' 'p_1_0_0_0126_1370_loc_load' <Predicate = true> <Delay = 0.00>
ST_11 : Operation 311 [1/1] (0.00ns)   --->   "%p_6_0_0_0131_1353_loc_load = load i6 %p_6_0_0_0131_1353_loc"   --->   Operation 311 'load' 'p_6_0_0_0131_1353_loc_load' <Predicate = true> <Delay = 0.00>
ST_11 : Operation 312 [1/1] (0.00ns)   --->   "%p_5_0_0_0130_1352_loc_load = load i5 %p_5_0_0_0130_1352_loc"   --->   Operation 312 'load' 'p_5_0_0_0130_1352_loc_load' <Predicate = true> <Delay = 0.00>
ST_11 : Operation 313 [1/1] (0.00ns)   --->   "%p_4_0_0_0129_1351_loc_load = load i1 %p_4_0_0_0129_1351_loc"   --->   Operation 313 'load' 'p_4_0_0_0129_1351_loc_load' <Predicate = true> <Delay = 0.00>
ST_11 : Operation 314 [1/1] (0.00ns)   --->   "%p_3_0_0_0128_1350_loc_load = load i2 %p_3_0_0_0128_1350_loc"   --->   Operation 314 'load' 'p_3_0_0_0128_1350_loc_load' <Predicate = true> <Delay = 0.00>
ST_11 : Operation 315 [1/1] (0.00ns)   --->   "%p_2_0_0_0127_1349_loc_load = load i4 %p_2_0_0_0127_1349_loc"   --->   Operation 315 'load' 'p_2_0_0_0127_1349_loc_load' <Predicate = true> <Delay = 0.00>
ST_11 : Operation 316 [1/1] (0.00ns)   --->   "%p_1_0_0_0126_1348_loc_load = load i4 %p_1_0_0_0126_1348_loc"   --->   Operation 316 'load' 'p_1_0_0_0126_1348_loc_load' <Predicate = true> <Delay = 0.00>
ST_11 : Operation 317 [1/1] (0.00ns)   --->   "%p_6_0_0_0131_1_2367_phi_loc_load = load i6 %p_6_0_0_0131_1_2367_phi_loc"   --->   Operation 317 'load' 'p_6_0_0_0131_1_2367_phi_loc_load' <Predicate = true> <Delay = 0.00>
ST_11 : Operation 318 [1/1] (0.00ns)   --->   "%p_5_0_0_0130_1_2366_phi_loc_load = load i5 %p_5_0_0_0130_1_2366_phi_loc"   --->   Operation 318 'load' 'p_5_0_0_0130_1_2366_phi_loc_load' <Predicate = true> <Delay = 0.00>
ST_11 : Operation 319 [1/1] (0.00ns)   --->   "%p_4_0_0_0129_1_2365_phi_loc_load = load i1 %p_4_0_0_0129_1_2365_phi_loc"   --->   Operation 319 'load' 'p_4_0_0_0129_1_2365_phi_loc_load' <Predicate = true> <Delay = 0.00>
ST_11 : Operation 320 [1/1] (0.00ns)   --->   "%p_3_0_0_0128_1_2364_phi_loc_load = load i2 %p_3_0_0_0128_1_2364_phi_loc"   --->   Operation 320 'load' 'p_3_0_0_0128_1_2364_phi_loc_load' <Predicate = true> <Delay = 0.00>
ST_11 : Operation 321 [1/1] (0.00ns)   --->   "%p_2_0_0_0127_1_2363_phi_loc_load = load i4 %p_2_0_0_0127_1_2363_phi_loc"   --->   Operation 321 'load' 'p_2_0_0_0127_1_2363_phi_loc_load' <Predicate = true> <Delay = 0.00>
ST_11 : Operation 322 [1/1] (0.00ns)   --->   "%p_1_0_0_0126_1_2362_phi_loc_load = load i4 %p_1_0_0_0126_1_2362_phi_loc"   --->   Operation 322 'load' 'p_1_0_0_0126_1_2362_phi_loc_load' <Predicate = true> <Delay = 0.00>
ST_11 : Operation 323 [1/1] (0.00ns)   --->   "%p_6_0_0_0131_1_1360_phi_loc_load = load i6 %p_6_0_0_0131_1_1360_phi_loc"   --->   Operation 323 'load' 'p_6_0_0_0131_1_1360_phi_loc_load' <Predicate = true> <Delay = 0.00>
ST_11 : Operation 324 [1/1] (0.00ns)   --->   "%p_5_0_0_0130_1_1359_phi_loc_load = load i5 %p_5_0_0_0130_1_1359_phi_loc"   --->   Operation 324 'load' 'p_5_0_0_0130_1_1359_phi_loc_load' <Predicate = true> <Delay = 0.00>
ST_11 : Operation 325 [1/1] (0.00ns)   --->   "%p_4_0_0_0129_1_1358_phi_loc_load = load i1 %p_4_0_0_0129_1_1358_phi_loc"   --->   Operation 325 'load' 'p_4_0_0_0129_1_1358_phi_loc_load' <Predicate = true> <Delay = 0.00>
ST_11 : Operation 326 [1/1] (0.00ns)   --->   "%p_3_0_0_0128_1_1357_phi_loc_load = load i2 %p_3_0_0_0128_1_1357_phi_loc"   --->   Operation 326 'load' 'p_3_0_0_0128_1_1357_phi_loc_load' <Predicate = true> <Delay = 0.00>
ST_11 : Operation 327 [1/1] (0.00ns)   --->   "%p_2_0_0_0127_1_1356_phi_loc_load = load i4 %p_2_0_0_0127_1_1356_phi_loc"   --->   Operation 327 'load' 'p_2_0_0_0127_1_1356_phi_loc_load' <Predicate = true> <Delay = 0.00>
ST_11 : Operation 328 [1/1] (0.00ns)   --->   "%p_1_0_0_0126_1_1355_phi_loc_load = load i4 %p_1_0_0_0126_1_1355_phi_loc"   --->   Operation 328 'load' 'p_1_0_0_0126_1_1355_phi_loc_load' <Predicate = true> <Delay = 0.00>
ST_11 : Operation 329 [1/1] (0.00ns)   --->   "%p_6_0_0_0131_1353_phi_loc_load = load i6 %p_6_0_0_0131_1353_phi_loc"   --->   Operation 329 'load' 'p_6_0_0_0131_1353_phi_loc_load' <Predicate = true> <Delay = 0.00>
ST_11 : Operation 330 [1/1] (0.00ns)   --->   "%p_5_0_0_0130_1352_phi_loc_load = load i5 %p_5_0_0_0130_1352_phi_loc"   --->   Operation 330 'load' 'p_5_0_0_0130_1352_phi_loc_load' <Predicate = true> <Delay = 0.00>
ST_11 : Operation 331 [1/1] (0.00ns)   --->   "%p_4_0_0_0129_1351_phi_loc_load = load i1 %p_4_0_0_0129_1351_phi_loc"   --->   Operation 331 'load' 'p_4_0_0_0129_1351_phi_loc_load' <Predicate = true> <Delay = 0.00>
ST_11 : Operation 332 [1/1] (0.00ns)   --->   "%p_3_0_0_0128_1350_phi_loc_load = load i2 %p_3_0_0_0128_1350_phi_loc"   --->   Operation 332 'load' 'p_3_0_0_0128_1350_phi_loc_load' <Predicate = true> <Delay = 0.00>
ST_11 : Operation 333 [1/1] (0.00ns)   --->   "%p_2_0_0_0127_1349_phi_loc_load = load i4 %p_2_0_0_0127_1349_phi_loc"   --->   Operation 333 'load' 'p_2_0_0_0127_1349_phi_loc_load' <Predicate = true> <Delay = 0.00>
ST_11 : Operation 334 [1/1] (0.00ns)   --->   "%p_1_0_0_0126_1348_phi_loc_load = load i4 %p_1_0_0_0126_1348_phi_loc"   --->   Operation 334 'load' 'p_1_0_0_0126_1348_phi_loc_load' <Predicate = true> <Delay = 0.00>
ST_11 : Operation 335 [1/1] (0.00ns)   --->   "%select_ln18_loc_load = load i6 %select_ln18_loc"   --->   Operation 335 'load' 'select_ln18_loc_load' <Predicate = true> <Delay = 0.00>
ST_11 : Operation 336 [1/1] (0.00ns)   --->   "%select_ln18_1_loc_load = load i5 %select_ln18_1_loc"   --->   Operation 336 'load' 'select_ln18_1_loc_load' <Predicate = true> <Delay = 0.00>
ST_11 : Operation 337 [1/1] (0.00ns)   --->   "%select_ln18_2_loc_load = load i1 %select_ln18_2_loc"   --->   Operation 337 'load' 'select_ln18_2_loc_load' <Predicate = true> <Delay = 0.00>
ST_11 : Operation 338 [1/1] (0.00ns)   --->   "%select_ln18_3_loc_load = load i2 %select_ln18_3_loc"   --->   Operation 338 'load' 'select_ln18_3_loc_load' <Predicate = true> <Delay = 0.00>
ST_11 : Operation 339 [1/1] (0.00ns)   --->   "%select_ln18_4_loc_load = load i4 %select_ln18_4_loc"   --->   Operation 339 'load' 'select_ln18_4_loc_load' <Predicate = true> <Delay = 0.00>
ST_11 : Operation 340 [1/1] (0.00ns)   --->   "%select_ln18_5_loc_load = load i4 %select_ln18_5_loc"   --->   Operation 340 'load' 'select_ln18_5_loc_load' <Predicate = true> <Delay = 0.00>
ST_11 : Operation 341 [1/1] (0.00ns)   --->   "%select_ln18_7_loc_load = load i6 %select_ln18_7_loc"   --->   Operation 341 'load' 'select_ln18_7_loc_load' <Predicate = true> <Delay = 0.00>
ST_11 : Operation 342 [1/1] (0.00ns)   --->   "%select_ln18_8_loc_load = load i5 %select_ln18_8_loc"   --->   Operation 342 'load' 'select_ln18_8_loc_load' <Predicate = true> <Delay = 0.00>
ST_11 : Operation 343 [1/1] (0.00ns)   --->   "%select_ln18_9_loc_load = load i1 %select_ln18_9_loc"   --->   Operation 343 'load' 'select_ln18_9_loc_load' <Predicate = true> <Delay = 0.00>
ST_11 : Operation 344 [1/1] (0.00ns)   --->   "%select_ln18_10_loc_load = load i2 %select_ln18_10_loc"   --->   Operation 344 'load' 'select_ln18_10_loc_load' <Predicate = true> <Delay = 0.00>
ST_11 : Operation 345 [1/1] (0.00ns)   --->   "%select_ln18_11_loc_load = load i4 %select_ln18_11_loc"   --->   Operation 345 'load' 'select_ln18_11_loc_load' <Predicate = true> <Delay = 0.00>
ST_11 : Operation 346 [1/1] (0.00ns)   --->   "%select_ln18_12_loc_load = load i4 %select_ln18_12_loc"   --->   Operation 346 'load' 'select_ln18_12_loc_load' <Predicate = true> <Delay = 0.00>
ST_11 : Operation 347 [1/1] (0.00ns)   --->   "%br_ln18 = br i1 %empty_16, void %for.end106, void %for.end106.loopexit.split" [Sobel.cpp:18]   --->   Operation 347 'br' 'br_ln18' <Predicate = true> <Delay = 0.00>
ST_11 : Operation 348 [1/1] ( I:2.32ns O:2.32ns )   --->   "%store_ln25 = store i4 %p_1_0_0_0126_1348_loc_load, i4 %window_keep_addr_3" [Sobel.cpp:25]   --->   Operation 348 'store' 'store_ln25' <Predicate = (empty_16)> <Delay = 2.32> <CoreInst = "RAM">   --->   Core 81 'RAM' <Latency = 1> <II = 1> <Delay = 2.32> <Storage> <Opcode : 'load' 'store'> <Ports = 2> <Width = 4> <Depth = 9> <RAM>
ST_11 : Operation 349 [1/1] ( I:2.32ns O:2.32ns )   --->   "%store_ln25 = store i4 %p_2_0_0_0127_1349_loc_load, i4 %window_strb_addr_3" [Sobel.cpp:25]   --->   Operation 349 'store' 'store_ln25' <Predicate = (empty_16)> <Delay = 2.32> <CoreInst = "RAM">   --->   Core 81 'RAM' <Latency = 1> <II = 1> <Delay = 2.32> <Storage> <Opcode : 'load' 'store'> <Ports = 2> <Width = 4> <Depth = 9> <RAM>
ST_11 : Operation 350 [1/1] ( I:2.32ns O:2.32ns )   --->   "%store_ln25 = store i2 %p_3_0_0_0128_1350_loc_load, i4 %window_user_addr_3" [Sobel.cpp:25]   --->   Operation 350 'store' 'store_ln25' <Predicate = (empty_16)> <Delay = 2.32> <CoreInst = "RAM">   --->   Core 81 'RAM' <Latency = 1> <II = 1> <Delay = 2.32> <Storage> <Opcode : 'load' 'store'> <Ports = 2> <Width = 2> <Depth = 9> <RAM>
ST_11 : Operation 351 [1/1] ( I:2.32ns O:2.32ns )   --->   "%store_ln25 = store i1 %p_4_0_0_0129_1351_loc_load, i4 %window_last_addr_3" [Sobel.cpp:25]   --->   Operation 351 'store' 'store_ln25' <Predicate = (empty_16)> <Delay = 2.32> <CoreInst = "RAM">   --->   Core 81 'RAM' <Latency = 1> <II = 1> <Delay = 2.32> <Storage> <Opcode : 'load' 'store'> <Ports = 2> <Width = 1> <Depth = 9> <RAM>
ST_11 : Operation 352 [1/1] ( I:2.32ns O:2.32ns )   --->   "%store_ln25 = store i5 %p_5_0_0_0130_1352_loc_load, i4 %window_id_addr_3" [Sobel.cpp:25]   --->   Operation 352 'store' 'store_ln25' <Predicate = (empty_16)> <Delay = 2.32> <CoreInst = "RAM">   --->   Core 81 'RAM' <Latency = 1> <II = 1> <Delay = 2.32> <Storage> <Opcode : 'load' 'store'> <Ports = 2> <Width = 5> <Depth = 9> <RAM>
ST_11 : Operation 353 [1/1] ( I:2.32ns O:2.32ns )   --->   "%store_ln25 = store i6 %p_6_0_0_0131_1353_loc_load, i4 %window_dest_addr_3" [Sobel.cpp:25]   --->   Operation 353 'store' 'store_ln25' <Predicate = (empty_16)> <Delay = 2.32> <CoreInst = "RAM">   --->   Core 81 'RAM' <Latency = 1> <II = 1> <Delay = 2.32> <Storage> <Opcode : 'load' 'store'> <Ports = 2> <Width = 6> <Depth = 9> <RAM>
ST_11 : Operation 354 [1/1] ( I:2.32ns O:2.32ns )   --->   "%store_ln25 = store i4 %p_1_0_0_0126_1348_phi_loc_load, i4 %window_keep_addr_4" [Sobel.cpp:25]   --->   Operation 354 'store' 'store_ln25' <Predicate = (empty_16)> <Delay = 2.32> <CoreInst = "RAM">   --->   Core 81 'RAM' <Latency = 1> <II = 1> <Delay = 2.32> <Storage> <Opcode : 'load' 'store'> <Ports = 2> <Width = 4> <Depth = 9> <RAM>
ST_11 : Operation 355 [1/1] ( I:2.32ns O:2.32ns )   --->   "%store_ln25 = store i4 %p_2_0_0_0127_1349_phi_loc_load, i4 %window_strb_addr_4" [Sobel.cpp:25]   --->   Operation 355 'store' 'store_ln25' <Predicate = (empty_16)> <Delay = 2.32> <CoreInst = "RAM">   --->   Core 81 'RAM' <Latency = 1> <II = 1> <Delay = 2.32> <Storage> <Opcode : 'load' 'store'> <Ports = 2> <Width = 4> <Depth = 9> <RAM>
ST_11 : Operation 356 [1/1] ( I:2.32ns O:2.32ns )   --->   "%store_ln25 = store i2 %p_3_0_0_0128_1350_phi_loc_load, i4 %window_user_addr_4" [Sobel.cpp:25]   --->   Operation 356 'store' 'store_ln25' <Predicate = (empty_16)> <Delay = 2.32> <CoreInst = "RAM">   --->   Core 81 'RAM' <Latency = 1> <II = 1> <Delay = 2.32> <Storage> <Opcode : 'load' 'store'> <Ports = 2> <Width = 2> <Depth = 9> <RAM>
ST_11 : Operation 357 [1/1] ( I:2.32ns O:2.32ns )   --->   "%store_ln25 = store i1 %p_4_0_0_0129_1351_phi_loc_load, i4 %window_last_addr_4" [Sobel.cpp:25]   --->   Operation 357 'store' 'store_ln25' <Predicate = (empty_16)> <Delay = 2.32> <CoreInst = "RAM">   --->   Core 81 'RAM' <Latency = 1> <II = 1> <Delay = 2.32> <Storage> <Opcode : 'load' 'store'> <Ports = 2> <Width = 1> <Depth = 9> <RAM>
ST_11 : Operation 358 [1/1] ( I:2.32ns O:2.32ns )   --->   "%store_ln25 = store i5 %p_5_0_0_0130_1352_phi_loc_load, i4 %window_id_addr_4" [Sobel.cpp:25]   --->   Operation 358 'store' 'store_ln25' <Predicate = (empty_16)> <Delay = 2.32> <CoreInst = "RAM">   --->   Core 81 'RAM' <Latency = 1> <II = 1> <Delay = 2.32> <Storage> <Opcode : 'load' 'store'> <Ports = 2> <Width = 5> <Depth = 9> <RAM>
ST_11 : Operation 359 [1/1] ( I:2.32ns O:2.32ns )   --->   "%store_ln25 = store i6 %p_6_0_0_0131_1353_phi_loc_load, i4 %window_dest_addr_4" [Sobel.cpp:25]   --->   Operation 359 'store' 'store_ln25' <Predicate = (empty_16)> <Delay = 2.32> <CoreInst = "RAM">   --->   Core 81 'RAM' <Latency = 1> <II = 1> <Delay = 2.32> <Storage> <Opcode : 'load' 'store'> <Ports = 2> <Width = 6> <Depth = 9> <RAM>

State 12 <SV = 11> <Delay = 2.32>
ST_12 : Operation 360 [1/1] ( I:2.32ns O:2.32ns )   --->   "%store_ln25 = store i4 %select_ln18_12_loc_load, i4 %window_keep_addr_5" [Sobel.cpp:25]   --->   Operation 360 'store' 'store_ln25' <Predicate = true> <Delay = 2.32> <CoreInst = "RAM">   --->   Core 81 'RAM' <Latency = 1> <II = 1> <Delay = 2.32> <Storage> <Opcode : 'load' 'store'> <Ports = 2> <Width = 4> <Depth = 9> <RAM>
ST_12 : Operation 361 [1/1] ( I:2.32ns O:2.32ns )   --->   "%store_ln25 = store i4 %select_ln18_11_loc_load, i4 %window_strb_addr_5" [Sobel.cpp:25]   --->   Operation 361 'store' 'store_ln25' <Predicate = true> <Delay = 2.32> <CoreInst = "RAM">   --->   Core 81 'RAM' <Latency = 1> <II = 1> <Delay = 2.32> <Storage> <Opcode : 'load' 'store'> <Ports = 2> <Width = 4> <Depth = 9> <RAM>
ST_12 : Operation 362 [1/1] ( I:2.32ns O:2.32ns )   --->   "%store_ln25 = store i2 %select_ln18_10_loc_load, i4 %window_user_addr_5" [Sobel.cpp:25]   --->   Operation 362 'store' 'store_ln25' <Predicate = true> <Delay = 2.32> <CoreInst = "RAM">   --->   Core 81 'RAM' <Latency = 1> <II = 1> <Delay = 2.32> <Storage> <Opcode : 'load' 'store'> <Ports = 2> <Width = 2> <Depth = 9> <RAM>
ST_12 : Operation 363 [1/1] ( I:2.32ns O:2.32ns )   --->   "%store_ln25 = store i1 %select_ln18_9_loc_load, i4 %window_last_addr_5" [Sobel.cpp:25]   --->   Operation 363 'store' 'store_ln25' <Predicate = true> <Delay = 2.32> <CoreInst = "RAM">   --->   Core 81 'RAM' <Latency = 1> <II = 1> <Delay = 2.32> <Storage> <Opcode : 'load' 'store'> <Ports = 2> <Width = 1> <Depth = 9> <RAM>
ST_12 : Operation 364 [1/1] ( I:2.32ns O:2.32ns )   --->   "%store_ln25 = store i5 %select_ln18_8_loc_load, i4 %window_id_addr_5" [Sobel.cpp:25]   --->   Operation 364 'store' 'store_ln25' <Predicate = true> <Delay = 2.32> <CoreInst = "RAM">   --->   Core 81 'RAM' <Latency = 1> <II = 1> <Delay = 2.32> <Storage> <Opcode : 'load' 'store'> <Ports = 2> <Width = 5> <Depth = 9> <RAM>
ST_12 : Operation 365 [1/1] ( I:2.32ns O:2.32ns )   --->   "%store_ln25 = store i6 %select_ln18_7_loc_load, i4 %window_dest_addr_5" [Sobel.cpp:25]   --->   Operation 365 'store' 'store_ln25' <Predicate = true> <Delay = 2.32> <CoreInst = "RAM">   --->   Core 81 'RAM' <Latency = 1> <II = 1> <Delay = 2.32> <Storage> <Opcode : 'load' 'store'> <Ports = 2> <Width = 6> <Depth = 9> <RAM>
ST_12 : Operation 366 [1/1] ( I:2.32ns O:2.32ns )   --->   "%store_ln25 = store i4 %p_1_0_0_0126_1_1355_phi_loc_load, i4 %window_keep_addr_6" [Sobel.cpp:25]   --->   Operation 366 'store' 'store_ln25' <Predicate = true> <Delay = 2.32> <CoreInst = "RAM">   --->   Core 81 'RAM' <Latency = 1> <II = 1> <Delay = 2.32> <Storage> <Opcode : 'load' 'store'> <Ports = 2> <Width = 4> <Depth = 9> <RAM>
ST_12 : Operation 367 [1/1] ( I:2.32ns O:2.32ns )   --->   "%store_ln25 = store i4 %p_2_0_0_0127_1_1356_phi_loc_load, i4 %window_strb_addr_6" [Sobel.cpp:25]   --->   Operation 367 'store' 'store_ln25' <Predicate = true> <Delay = 2.32> <CoreInst = "RAM">   --->   Core 81 'RAM' <Latency = 1> <II = 1> <Delay = 2.32> <Storage> <Opcode : 'load' 'store'> <Ports = 2> <Width = 4> <Depth = 9> <RAM>
ST_12 : Operation 368 [1/1] ( I:2.32ns O:2.32ns )   --->   "%store_ln25 = store i2 %p_3_0_0_0128_1_1357_phi_loc_load, i4 %window_user_addr_6" [Sobel.cpp:25]   --->   Operation 368 'store' 'store_ln25' <Predicate = true> <Delay = 2.32> <CoreInst = "RAM">   --->   Core 81 'RAM' <Latency = 1> <II = 1> <Delay = 2.32> <Storage> <Opcode : 'load' 'store'> <Ports = 2> <Width = 2> <Depth = 9> <RAM>
ST_12 : Operation 369 [1/1] ( I:2.32ns O:2.32ns )   --->   "%store_ln25 = store i1 %p_4_0_0_0129_1_1358_phi_loc_load, i4 %window_last_addr_6" [Sobel.cpp:25]   --->   Operation 369 'store' 'store_ln25' <Predicate = true> <Delay = 2.32> <CoreInst = "RAM">   --->   Core 81 'RAM' <Latency = 1> <II = 1> <Delay = 2.32> <Storage> <Opcode : 'load' 'store'> <Ports = 2> <Width = 1> <Depth = 9> <RAM>
ST_12 : Operation 370 [1/1] ( I:2.32ns O:2.32ns )   --->   "%store_ln25 = store i5 %p_5_0_0_0130_1_1359_phi_loc_load, i4 %window_id_addr_6" [Sobel.cpp:25]   --->   Operation 370 'store' 'store_ln25' <Predicate = true> <Delay = 2.32> <CoreInst = "RAM">   --->   Core 81 'RAM' <Latency = 1> <II = 1> <Delay = 2.32> <Storage> <Opcode : 'load' 'store'> <Ports = 2> <Width = 5> <Depth = 9> <RAM>
ST_12 : Operation 371 [1/1] ( I:2.32ns O:2.32ns )   --->   "%store_ln25 = store i6 %p_6_0_0_0131_1_1360_phi_loc_load, i4 %window_dest_addr_6" [Sobel.cpp:25]   --->   Operation 371 'store' 'store_ln25' <Predicate = true> <Delay = 2.32> <CoreInst = "RAM">   --->   Core 81 'RAM' <Latency = 1> <II = 1> <Delay = 2.32> <Storage> <Opcode : 'load' 'store'> <Ports = 2> <Width = 6> <Depth = 9> <RAM>

State 13 <SV = 12> <Delay = 2.32>
ST_13 : Operation 372 [1/1] ( I:2.32ns O:2.32ns )   --->   "%store_ln25 = store i4 %select_ln18_5_loc_load, i4 %window_keep_addr_7" [Sobel.cpp:25]   --->   Operation 372 'store' 'store_ln25' <Predicate = true> <Delay = 2.32> <CoreInst = "RAM">   --->   Core 81 'RAM' <Latency = 1> <II = 1> <Delay = 2.32> <Storage> <Opcode : 'load' 'store'> <Ports = 2> <Width = 4> <Depth = 9> <RAM>
ST_13 : Operation 373 [1/1] ( I:2.32ns O:2.32ns )   --->   "%store_ln25 = store i4 %select_ln18_4_loc_load, i4 %window_strb_addr_7" [Sobel.cpp:25]   --->   Operation 373 'store' 'store_ln25' <Predicate = true> <Delay = 2.32> <CoreInst = "RAM">   --->   Core 81 'RAM' <Latency = 1> <II = 1> <Delay = 2.32> <Storage> <Opcode : 'load' 'store'> <Ports = 2> <Width = 4> <Depth = 9> <RAM>
ST_13 : Operation 374 [1/1] ( I:2.32ns O:2.32ns )   --->   "%store_ln25 = store i2 %select_ln18_3_loc_load, i4 %window_user_addr_7" [Sobel.cpp:25]   --->   Operation 374 'store' 'store_ln25' <Predicate = true> <Delay = 2.32> <CoreInst = "RAM">   --->   Core 81 'RAM' <Latency = 1> <II = 1> <Delay = 2.32> <Storage> <Opcode : 'load' 'store'> <Ports = 2> <Width = 2> <Depth = 9> <RAM>
ST_13 : Operation 375 [1/1] ( I:2.32ns O:2.32ns )   --->   "%store_ln25 = store i1 %select_ln18_2_loc_load, i4 %window_last_addr_7" [Sobel.cpp:25]   --->   Operation 375 'store' 'store_ln25' <Predicate = true> <Delay = 2.32> <CoreInst = "RAM">   --->   Core 81 'RAM' <Latency = 1> <II = 1> <Delay = 2.32> <Storage> <Opcode : 'load' 'store'> <Ports = 2> <Width = 1> <Depth = 9> <RAM>
ST_13 : Operation 376 [1/1] ( I:2.32ns O:2.32ns )   --->   "%store_ln25 = store i5 %select_ln18_1_loc_load, i4 %window_id_addr_7" [Sobel.cpp:25]   --->   Operation 376 'store' 'store_ln25' <Predicate = true> <Delay = 2.32> <CoreInst = "RAM">   --->   Core 81 'RAM' <Latency = 1> <II = 1> <Delay = 2.32> <Storage> <Opcode : 'load' 'store'> <Ports = 2> <Width = 5> <Depth = 9> <RAM>
ST_13 : Operation 377 [1/1] ( I:2.32ns O:2.32ns )   --->   "%store_ln25 = store i6 %select_ln18_loc_load, i4 %window_dest_addr_7" [Sobel.cpp:25]   --->   Operation 377 'store' 'store_ln25' <Predicate = true> <Delay = 2.32> <CoreInst = "RAM">   --->   Core 81 'RAM' <Latency = 1> <II = 1> <Delay = 2.32> <Storage> <Opcode : 'load' 'store'> <Ports = 2> <Width = 6> <Depth = 9> <RAM>
ST_13 : Operation 378 [1/1] ( I:2.32ns O:2.32ns )   --->   "%store_ln25 = store i4 %p_1_0_0_0126_1_2362_phi_loc_load, i4 %window_keep_addr_8" [Sobel.cpp:25]   --->   Operation 378 'store' 'store_ln25' <Predicate = true> <Delay = 2.32> <CoreInst = "RAM">   --->   Core 81 'RAM' <Latency = 1> <II = 1> <Delay = 2.32> <Storage> <Opcode : 'load' 'store'> <Ports = 2> <Width = 4> <Depth = 9> <RAM>
ST_13 : Operation 379 [1/1] ( I:2.32ns O:2.32ns )   --->   "%store_ln25 = store i4 %p_2_0_0_0127_1_2363_phi_loc_load, i4 %window_strb_addr_8" [Sobel.cpp:25]   --->   Operation 379 'store' 'store_ln25' <Predicate = true> <Delay = 2.32> <CoreInst = "RAM">   --->   Core 81 'RAM' <Latency = 1> <II = 1> <Delay = 2.32> <Storage> <Opcode : 'load' 'store'> <Ports = 2> <Width = 4> <Depth = 9> <RAM>
ST_13 : Operation 380 [1/1] ( I:2.32ns O:2.32ns )   --->   "%store_ln25 = store i2 %p_3_0_0_0128_1_2364_phi_loc_load, i4 %window_user_addr_8" [Sobel.cpp:25]   --->   Operation 380 'store' 'store_ln25' <Predicate = true> <Delay = 2.32> <CoreInst = "RAM">   --->   Core 81 'RAM' <Latency = 1> <II = 1> <Delay = 2.32> <Storage> <Opcode : 'load' 'store'> <Ports = 2> <Width = 2> <Depth = 9> <RAM>
ST_13 : Operation 381 [1/1] ( I:2.32ns O:2.32ns )   --->   "%store_ln25 = store i1 %p_4_0_0_0129_1_2365_phi_loc_load, i4 %window_last_addr_8" [Sobel.cpp:25]   --->   Operation 381 'store' 'store_ln25' <Predicate = true> <Delay = 2.32> <CoreInst = "RAM">   --->   Core 81 'RAM' <Latency = 1> <II = 1> <Delay = 2.32> <Storage> <Opcode : 'load' 'store'> <Ports = 2> <Width = 1> <Depth = 9> <RAM>
ST_13 : Operation 382 [1/1] ( I:2.32ns O:2.32ns )   --->   "%store_ln25 = store i5 %p_5_0_0_0130_1_2366_phi_loc_load, i4 %window_id_addr_8" [Sobel.cpp:25]   --->   Operation 382 'store' 'store_ln25' <Predicate = true> <Delay = 2.32> <CoreInst = "RAM">   --->   Core 81 'RAM' <Latency = 1> <II = 1> <Delay = 2.32> <Storage> <Opcode : 'load' 'store'> <Ports = 2> <Width = 5> <Depth = 9> <RAM>
ST_13 : Operation 383 [1/1] ( I:2.32ns O:2.32ns )   --->   "%store_ln25 = store i6 %p_6_0_0_0131_1_2367_phi_loc_load, i4 %window_dest_addr_8" [Sobel.cpp:25]   --->   Operation 383 'store' 'store_ln25' <Predicate = true> <Delay = 2.32> <CoreInst = "RAM">   --->   Core 81 'RAM' <Latency = 1> <II = 1> <Delay = 2.32> <Storage> <Opcode : 'load' 'store'> <Ports = 2> <Width = 6> <Depth = 9> <RAM>

State 14 <SV = 13> <Delay = 2.32>
ST_14 : Operation 384 [1/1] ( I:2.32ns O:2.32ns )   --->   "%store_ln25 = store i4 %p_1_0_0_0126_1370_loc_load, i4 %window_keep_addr_1" [Sobel.cpp:25]   --->   Operation 384 'store' 'store_ln25' <Predicate = true> <Delay = 2.32> <CoreInst = "RAM">   --->   Core 81 'RAM' <Latency = 1> <II = 1> <Delay = 2.32> <Storage> <Opcode : 'load' 'store'> <Ports = 2> <Width = 4> <Depth = 9> <RAM>
ST_14 : Operation 385 [1/1] ( I:2.32ns O:2.32ns )   --->   "%store_ln25 = store i4 %p_2_0_0_0127_1372_loc_load, i4 %window_strb_addr_1" [Sobel.cpp:25]   --->   Operation 385 'store' 'store_ln25' <Predicate = true> <Delay = 2.32> <CoreInst = "RAM">   --->   Core 81 'RAM' <Latency = 1> <II = 1> <Delay = 2.32> <Storage> <Opcode : 'load' 'store'> <Ports = 2> <Width = 4> <Depth = 9> <RAM>
ST_14 : Operation 386 [1/1] ( I:2.32ns O:2.32ns )   --->   "%store_ln25 = store i2 %p_3_0_0_0128_1374_loc_load, i4 %window_user_addr_1" [Sobel.cpp:25]   --->   Operation 386 'store' 'store_ln25' <Predicate = true> <Delay = 2.32> <CoreInst = "RAM">   --->   Core 81 'RAM' <Latency = 1> <II = 1> <Delay = 2.32> <Storage> <Opcode : 'load' 'store'> <Ports = 2> <Width = 2> <Depth = 9> <RAM>
ST_14 : Operation 387 [1/1] ( I:2.32ns O:2.32ns )   --->   "%store_ln25 = store i1 %p_4_0_0_0129_1376_loc_load, i4 %window_last_addr_1" [Sobel.cpp:25]   --->   Operation 387 'store' 'store_ln25' <Predicate = true> <Delay = 2.32> <CoreInst = "RAM">   --->   Core 81 'RAM' <Latency = 1> <II = 1> <Delay = 2.32> <Storage> <Opcode : 'load' 'store'> <Ports = 2> <Width = 1> <Depth = 9> <RAM>
ST_14 : Operation 388 [1/1] ( I:2.32ns O:2.32ns )   --->   "%store_ln25 = store i5 %p_5_0_0_0130_1378_loc_load, i4 %window_id_addr_1" [Sobel.cpp:25]   --->   Operation 388 'store' 'store_ln25' <Predicate = true> <Delay = 2.32> <CoreInst = "RAM">   --->   Core 81 'RAM' <Latency = 1> <II = 1> <Delay = 2.32> <Storage> <Opcode : 'load' 'store'> <Ports = 2> <Width = 5> <Depth = 9> <RAM>
ST_14 : Operation 389 [1/1] ( I:2.32ns O:2.32ns )   --->   "%store_ln25 = store i6 %p_6_0_0_0131_1380_loc_load, i4 %window_dest_addr_1" [Sobel.cpp:25]   --->   Operation 389 'store' 'store_ln25' <Predicate = true> <Delay = 2.32> <CoreInst = "RAM">   --->   Core 81 'RAM' <Latency = 1> <II = 1> <Delay = 2.32> <Storage> <Opcode : 'load' 'store'> <Ports = 2> <Width = 6> <Depth = 9> <RAM>
ST_14 : Operation 390 [1/1] ( I:2.32ns O:2.32ns )   --->   "%store_ln25 = store i4 %p_1_0_0_0126_1_1384_loc_load, i4 %window_keep_addr" [Sobel.cpp:25]   --->   Operation 390 'store' 'store_ln25' <Predicate = true> <Delay = 2.32> <CoreInst = "RAM">   --->   Core 81 'RAM' <Latency = 1> <II = 1> <Delay = 2.32> <Storage> <Opcode : 'load' 'store'> <Ports = 2> <Width = 4> <Depth = 9> <RAM>
ST_14 : Operation 391 [1/1] ( I:2.32ns O:2.32ns )   --->   "%store_ln25 = store i4 %p_2_0_0_0127_1_1386_loc_load, i4 %window_strb_addr" [Sobel.cpp:25]   --->   Operation 391 'store' 'store_ln25' <Predicate = true> <Delay = 2.32> <CoreInst = "RAM">   --->   Core 81 'RAM' <Latency = 1> <II = 1> <Delay = 2.32> <Storage> <Opcode : 'load' 'store'> <Ports = 2> <Width = 4> <Depth = 9> <RAM>
ST_14 : Operation 392 [1/1] ( I:2.32ns O:2.32ns )   --->   "%store_ln25 = store i2 %p_3_0_0_0128_1_1388_loc_load, i4 %window_user_addr" [Sobel.cpp:25]   --->   Operation 392 'store' 'store_ln25' <Predicate = true> <Delay = 2.32> <CoreInst = "RAM">   --->   Core 81 'RAM' <Latency = 1> <II = 1> <Delay = 2.32> <Storage> <Opcode : 'load' 'store'> <Ports = 2> <Width = 2> <Depth = 9> <RAM>
ST_14 : Operation 393 [1/1] ( I:2.32ns O:2.32ns )   --->   "%store_ln25 = store i1 %p_4_0_0_0129_1_1390_loc_load, i4 %window_last_addr" [Sobel.cpp:25]   --->   Operation 393 'store' 'store_ln25' <Predicate = true> <Delay = 2.32> <CoreInst = "RAM">   --->   Core 81 'RAM' <Latency = 1> <II = 1> <Delay = 2.32> <Storage> <Opcode : 'load' 'store'> <Ports = 2> <Width = 1> <Depth = 9> <RAM>
ST_14 : Operation 394 [1/1] ( I:2.32ns O:2.32ns )   --->   "%store_ln25 = store i5 %p_5_0_0_0130_1_1392_loc_load, i4 %window_id_addr" [Sobel.cpp:25]   --->   Operation 394 'store' 'store_ln25' <Predicate = true> <Delay = 2.32> <CoreInst = "RAM">   --->   Core 81 'RAM' <Latency = 1> <II = 1> <Delay = 2.32> <Storage> <Opcode : 'load' 'store'> <Ports = 2> <Width = 5> <Depth = 9> <RAM>
ST_14 : Operation 395 [1/1] ( I:2.32ns O:2.32ns )   --->   "%store_ln25 = store i6 %p_6_0_0_0131_1_1394_loc_load, i4 %window_dest_addr" [Sobel.cpp:25]   --->   Operation 395 'store' 'store_ln25' <Predicate = true> <Delay = 2.32> <CoreInst = "RAM">   --->   Core 81 'RAM' <Latency = 1> <II = 1> <Delay = 2.32> <Storage> <Opcode : 'load' 'store'> <Ports = 2> <Width = 6> <Depth = 9> <RAM>

State 15 <SV = 14> <Delay = 2.32>
ST_15 : Operation 396 [1/1] ( I:2.32ns O:2.32ns )   --->   "%store_ln25 = store i4 %p_1_0_0_0126_1_2397_loc_load, i4 %window_keep_addr_2" [Sobel.cpp:25]   --->   Operation 396 'store' 'store_ln25' <Predicate = (empty_16)> <Delay = 2.32> <CoreInst = "RAM">   --->   Core 81 'RAM' <Latency = 1> <II = 1> <Delay = 2.32> <Storage> <Opcode : 'load' 'store'> <Ports = 2> <Width = 4> <Depth = 9> <RAM>
ST_15 : Operation 397 [1/1] ( I:2.32ns O:2.32ns )   --->   "%store_ln25 = store i4 %p_2_0_0_0127_1_2398_loc_load, i4 %window_strb_addr_2" [Sobel.cpp:25]   --->   Operation 397 'store' 'store_ln25' <Predicate = (empty_16)> <Delay = 2.32> <CoreInst = "RAM">   --->   Core 81 'RAM' <Latency = 1> <II = 1> <Delay = 2.32> <Storage> <Opcode : 'load' 'store'> <Ports = 2> <Width = 4> <Depth = 9> <RAM>
ST_15 : Operation 398 [1/1] ( I:2.32ns O:2.32ns )   --->   "%store_ln25 = store i2 %p_3_0_0_0128_1_2399_loc_load, i4 %window_user_addr_2" [Sobel.cpp:25]   --->   Operation 398 'store' 'store_ln25' <Predicate = (empty_16)> <Delay = 2.32> <CoreInst = "RAM">   --->   Core 81 'RAM' <Latency = 1> <II = 1> <Delay = 2.32> <Storage> <Opcode : 'load' 'store'> <Ports = 2> <Width = 2> <Depth = 9> <RAM>
ST_15 : Operation 399 [1/1] ( I:2.32ns O:2.32ns )   --->   "%store_ln25 = store i1 %p_4_0_0_0129_1_2400_loc_load, i4 %window_last_addr_2" [Sobel.cpp:25]   --->   Operation 399 'store' 'store_ln25' <Predicate = (empty_16)> <Delay = 2.32> <CoreInst = "RAM">   --->   Core 81 'RAM' <Latency = 1> <II = 1> <Delay = 2.32> <Storage> <Opcode : 'load' 'store'> <Ports = 2> <Width = 1> <Depth = 9> <RAM>
ST_15 : Operation 400 [1/1] ( I:2.32ns O:2.32ns )   --->   "%store_ln25 = store i5 %p_5_0_0_0130_1_2401_loc_load, i4 %window_id_addr_2" [Sobel.cpp:25]   --->   Operation 400 'store' 'store_ln25' <Predicate = (empty_16)> <Delay = 2.32> <CoreInst = "RAM">   --->   Core 81 'RAM' <Latency = 1> <II = 1> <Delay = 2.32> <Storage> <Opcode : 'load' 'store'> <Ports = 2> <Width = 5> <Depth = 9> <RAM>
ST_15 : Operation 401 [1/1] ( I:2.32ns O:2.32ns )   --->   "%store_ln25 = store i6 %p_6_0_0_0131_1_2402_loc_load, i4 %window_dest_addr_2" [Sobel.cpp:25]   --->   Operation 401 'store' 'store_ln25' <Predicate = (empty_16)> <Delay = 2.32> <CoreInst = "RAM">   --->   Core 81 'RAM' <Latency = 1> <II = 1> <Delay = 2.32> <Storage> <Opcode : 'load' 'store'> <Ports = 2> <Width = 6> <Depth = 9> <RAM>
ST_15 : Operation 402 [1/1] (0.00ns)   --->   "%br_ln57 = br void %for.end106" [Sobel.cpp:57]   --->   Operation 402 'br' 'br_ln57' <Predicate = (empty_16)> <Delay = 0.00>
ST_15 : Operation 403 [1/1] (0.00ns)   --->   "%ret_ln57 = ret" [Sobel.cpp:57]   --->   Operation 403 'ret' 'ret_ln57' <Predicate = true> <Delay = 0.00>


============================================================
+ Verbose Summary: Timing violations
============================================================
Target clock period: 10.000ns, clock uncertainty: 2.700ns.

 <State 1>: 1.588ns
The critical path consists of the following:
	'alloca' operation 2 bit ('indvars_iv572') [17]  (0.000 ns)
	'store' operation ('store_ln0') of constant 0 2 bit on local variable 'indvars_iv572' [162]  (1.588 ns)

 <State 2>: 5.622ns
The critical path consists of the following:
	'load' operation 2 bit ('indvars_iv572_load', Sobel.cpp:17) on local variable 'indvars_iv572' [165]  (0.000 ns)
	'sub' operation 3 bit ('sub_ln17', Sobel.cpp:17) [169]  (1.650 ns)
	'call' operation ('call_ln17', Sobel.cpp:17) to 'sobel_filter_Pipeline_1' [172]  (3.972 ns)

 <State 3>: 4.741ns
The critical path consists of the following:
	'call' operation ('call_ln17', Sobel.cpp:17) to 'sobel_filter_Pipeline_1' [172]  (4.741 ns)

 <State 4>: 0.000ns
The critical path consists of the following:

 <State 5>: 2.322ns
The critical path consists of the following:
	'load' operation 4 bit ('window_keep_load', Sobel.cpp:25) on array 'window.keep', Sobel.cpp:17 [178]  (2.322 ns)

 <State 6>: 3.285ns
The critical path consists of the following:
	'icmp' operation 1 bit ('icmp_ln19', Sobel.cpp:19) [177]  (2.552 ns)
	'select' operation 31 bit ('smax', Sobel.cpp:19) [232]  (0.733 ns)

 <State 7>: 6.912ns
The critical path consists of the following:
	'mul' operation 62 bit ('mul_ln28', Sobel.cpp:28) [237]  (6.912 ns)

 <State 8>: 6.912ns
The critical path consists of the following:
	'mul' operation 62 bit ('mul_ln28', Sobel.cpp:28) [237]  (6.912 ns)

 <State 9>: 4.874ns
The critical path consists of the following:
	'load' operation 4 bit ('window_keep_load_7', Sobel.cpp:25) on array 'window.keep', Sobel.cpp:17 [220]  (2.322 ns)
	'call' operation ('call_ln25', Sobel.cpp:25) to 'sobel_filter_Pipeline_VITIS_LOOP_18_1_VITIS_LOOP_19_2' [238]  (2.552 ns)

 <State 10>: 6.855ns
The critical path consists of the following:
	'call' operation ('call_ln25', Sobel.cpp:25) to 'sobel_filter_Pipeline_VITIS_LOOP_18_1_VITIS_LOOP_19_2' [238]  (6.855 ns)

 <State 11>: 2.322ns
The critical path consists of the following:
	'load' operation 4 bit ('p_1_0_0_0126_1348_loc_load') on local variable 'p_1_0_0_0126_1348_loc' [262]  (0.000 ns)
	'store' operation ('store_ln25', Sobel.cpp:25) of variable 'p_1_0_0_0126_1348_loc_load' 4 bit on array 'window.keep', Sobel.cpp:17 [295]  (2.322 ns)

 <State 12>: 2.322ns
The critical path consists of the following:
	'store' operation ('store_ln25', Sobel.cpp:25) of variable 'select_ln18_12_loc_load' 4 bit on array 'window.keep', Sobel.cpp:17 [307]  (2.322 ns)

 <State 13>: 2.322ns
The critical path consists of the following:
	'store' operation ('store_ln25', Sobel.cpp:25) of variable 'select_ln18_5_loc_load' 4 bit on array 'window.keep', Sobel.cpp:17 [319]  (2.322 ns)

 <State 14>: 2.322ns
The critical path consists of the following:
	'store' operation ('store_ln25', Sobel.cpp:25) of variable 'p_1_0_0_0126_1370_loc_load' 4 bit on array 'window.keep', Sobel.cpp:17 [331]  (2.322 ns)

 <State 15>: 2.322ns
The critical path consists of the following:
	'store' operation ('store_ln25', Sobel.cpp:25) of variable 'p_1_0_0_0126_1_2397_loc_load' 4 bit on array 'window.keep', Sobel.cpp:17 [343]  (2.322 ns)


============================================================
+ Verbose Summary: Binding
============================================================
N/A
* FSMD analyzer results:
  - Output states:
 - Input state : 
  - Chain level:
	State 1
	State 2
	State 3
	State 4
	State 5
	State 6
	State 7
	State 8
	State 9
	State 10
	State 11
	State 12
	State 13
	State 14
	State 15


============================================================
+ Verbose Summary: Datapath Resource usage 
============================================================
N/A
