

================================================================
== Vitis HLS Report for 'sobel_filter'
================================================================
* Date:           Wed Sep  9 01:53:15 2026

* Version:        2026.1 (Build 6493734 on Jun 16 2026)
* Project:        Sobel_IP
* Solution:       hls
* Product family: zynq
* Target device:  xc7z020-clg400-1


================================================================
== Performance Estimates
================================================================
+ Timing: 
    * Summary: 
    +--------+----------+----------+------------+
    |  Clock |  Target  | Estimated| Uncertainty|
    +--------+----------+----------+------------+
    |ap_clk  |  10.00 ns|  6.923 ns|     2.70 ns|
    +--------+----------+----------+------------+

+ Latency: 
    * Summary: 
    +---------+---------+----------+----------+-----+-----+---------+
    |  Latency (cycles) |  Latency (absolute) |  Interval | Pipeline|
    |   min   |   max   |    min   |    max   | min | max |   Type  |
    +---------+---------+----------+----------+-----+-----+---------+
    |        ?|        ?|         ?|         ?|    ?|    ?|       no|
    +---------+---------+----------+----------+-----+-----+---------+

    + Detail: 
        * Instance: 
        +------------------------------------------------------------------+-------------------------------------------------------+---------+---------+-----------+-----------+-----+-----+-------------------+
        |                                                                  |                                                       |  Latency (cycles) |   Latency (absolute)  |  Interval |      Pipeline     |
        |                             Instance                             |                         Module                        |   min   |   max   |    min    |    max    | min | max |        Type       |
        +------------------------------------------------------------------+-------------------------------------------------------+---------+---------+-----------+-----------+-----+-----+-------------------+
        |grp_sobel_filter_Pipeline_1_fu_846                                |sobel_filter_Pipeline_1                                |        4|        4|  40.000 ns|  40.000 ns|    0|    0|  loop pipeline stp|
        |grp_sobel_filter_Pipeline_VITIS_LOOP_18_1_VITIS_LOOP_19_2_fu_857  |sobel_filter_Pipeline_VITIS_LOOP_18_1_VITIS_LOOP_19_2  |        ?|        ?|          ?|          ?|    ?|    ?|                 no|
        +------------------------------------------------------------------+-------------------------------------------------------+---------+---------+-----------+-----------+-----+-----+-------------------+

        * Loop: 
        +----------+---------+---------+----------+-----------+-----------+------+----------+
        |          |  Latency (cycles) | Iteration|  Initiation Interval  | Trip |          |
        | Loop Name|   min   |   max   |  Latency |  achieved |   target  | Count| Pipelined|
        +----------+---------+---------+----------+-----------+-----------+------+----------+
        |- Loop 1  |       17|       17|         6|          -|          -|     3|        no|
        +----------+---------+---------+----------+-----------+-----------+------+----------+

============================================================
+ Verbose Summary: Synthesis Manager
============================================================
InlineROM: 1
ExposeGlobal: 0
============================================================
+ Verbose Summary: CDFG Model
============================================================
IsTopModel: 1
ResetActiveHigh: 1
IsCombinational: 0
IsDatapathOnly: 0
HasWiredReturn: 1
HasMFsm: 0
HasVarLatency: 1
IsPipeline: 0
IsRtlPipelined: 0
IsInstanceOverlapped: 0
IsDontTouch: 0
HasImplIP: 0
IsGatedGlobalClock: 0


============================================================
+ Verbose Summary: Schedule
============================================================
* Number of FSM states : 15
* Pipeline : 0
* Dataflow Pipeline: 0

* FSM state transitions: 
1 --> 2 
2 --> 3 
3 --> 2 4 
4 --> 5 
5 --> 6 
6 --> 7 
7 --> 8 
8 --> 9 
9 --> 10 
10 --> 11 
11 --> 12 15 
12 --> 13 
13 --> 14 
14 --> 15 
15 --> 

* FSM state operations: 

State 1 <SV = 0> <Delay = 2.32>
ST_1 : Operation 16 [1/1] (0.00ns)   --->   "%indvars_iv572 = alloca i32 1"   --->   Operation 16 'alloca' 'indvars_iv572' <Predicate = true> <Delay = 0.00>
ST_1 : Operation 17 [1/1] (1.00ns)   --->   "%cols_read = read i32 @_ssdm_op_Read.s_axilite.i32, i32 %cols"   --->   Operation 17 'read' 'cols_read' <Predicate = true> <Delay = 1.00> <CoreInst = "s_axilite">   --->   Core 112 's_axilite' <Latency = 0> <II = 1> <Delay = 1.00> <Adapter> <Opcode : 'read' 'write'>
ST_1 : Operation 18 [1/1] (1.00ns)   --->   "%rows_read = read i32 @_ssdm_op_Read.s_axilite.i32, i32 %rows"   --->   Operation 18 'read' 'rows_read' <Predicate = true> <Delay = 1.00> <CoreInst = "s_axilite">   --->   Core 112 's_axilite' <Latency = 0> <II = 1> <Delay = 1.00> <Adapter> <Opcode : 'read' 'write'>
ST_1 : Operation 19 [1/1] (0.00ns)   --->   "%empty = trunc i32 %rows_read"   --->   Operation 19 'trunc' 'empty' <Predicate = true> <Delay = 0.00>
ST_1 : Operation 20 [1/1] (0.00ns)   --->   "%empty_15 = trunc i32 %cols_read"   --->   Operation 20 'trunc' 'empty_15' <Predicate = true> <Delay = 0.00>
ST_1 : Operation 21 [1/1] (0.00ns)   --->   "%select_ln18_12_loc = alloca i64 1"   --->   Operation 21 'alloca' 'select_ln18_12_loc' <Predicate = true> <Delay = 0.00>
ST_1 : Operation 22 [1/1] (0.00ns)   --->   "%select_ln18_11_loc = alloca i64 1"   --->   Operation 22 'alloca' 'select_ln18_11_loc' <Predicate = true> <Delay = 0.00>
ST_1 : Operation 23 [1/1] (0.00ns)   --->   "%select_ln18_10_loc = alloca i64 1"   --->   Operation 23 'alloca' 'select_ln18_10_loc' <Predicate = true> <Delay = 0.00>
ST_1 : Operation 24 [1/1] (0.00ns)   --->   "%select_ln18_9_loc = alloca i64 1"   --->   Operation 24 'alloca' 'select_ln18_9_loc' <Predicate = true> <Delay = 0.00>
ST_1 : Operation 25 [1/1] (0.00ns)   --->   "%select_ln18_8_loc = alloca i64 1"   --->   Operation 25 'alloca' 'select_ln18_8_loc' <Predicate = true> <Delay = 0.00>
ST_1 : Operation 26 [1/1] (0.00ns)   --->   "%select_ln18_7_loc = alloca i64 1"   --->   Operation 26 'alloca' 'select_ln18_7_loc' <Predicate = true> <Delay = 0.00>
ST_1 : Operation 27 [1/1] (0.00ns)   --->   "%select_ln18_5_loc = alloca i64 1"   --->   Operation 27 'alloca' 'select_ln18_5_loc' <Predicate = true> <Delay = 0.00>
ST_1 : Operation 28 [1/1] (0.00ns)   --->   "%select_ln18_4_loc = alloca i64 1"   --->   Operation 28 'alloca' 'select_ln18_4_loc' <Predicate = true> <Delay = 0.00>
ST_1 : Operation 29 [1/1] (0.00ns)   --->   "%select_ln18_3_loc = alloca i64 1"   --->   Operation 29 'alloca' 'select_ln18_3_loc' <Predicate = true> <Delay = 0.00>
ST_1 : Operation 30 [1/1] (0.00ns)   --->   "%select_ln18_2_loc = alloca i64 1"   --->   Operation 30 'alloca' 'select_ln18_2_loc' <Predicate = true> <Delay = 0.00>
ST_1 : Operation 31 [1/1] (0.00ns)   --->   "%select_ln18_1_loc = alloca i64 1"   --->   Operation 31 'alloca' 'select_ln18_1_loc' <Predicate = true> <Delay = 0.00>
ST_1 : Operation 32 [1/1] (0.00ns)   --->   "%select_ln18_loc = alloca i64 1"   --->   Operation 32 'alloca' 'select_ln18_loc' <Predicate = true> <Delay = 0.00>
ST_1 : Operation 33 [1/1] (0.00ns)   --->   "%p_1_0_0_0126_1348_phi_loc = alloca i64 1"   --->   Operation 33 'alloca' 'p_1_0_0_0126_1348_phi_loc' <Predicate = true> <Delay = 0.00>
ST_1 : Operation 34 [1/1] (0.00ns)   --->   "%p_2_0_0_0127_1349_phi_loc = alloca i64 1"   --->   Operation 34 'alloca' 'p_2_0_0_0127_1349_phi_loc' <Predicate = true> <Delay = 0.00>
ST_1 : Operation 35 [1/1] (0.00ns)   --->   "%p_3_0_0_0128_1350_phi_loc = alloca i64 1"   --->   Operation 35 'alloca' 'p_3_0_0_0128_1350_phi_loc' <Predicate = true> <Delay = 0.00>
ST_1 : Operation 36 [1/1] (0.00ns)   --->   "%p_4_0_0_0129_1351_phi_loc = alloca i64 1"   --->   Operation 36 'alloca' 'p_4_0_0_0129_1351_phi_loc' <Predicate = true> <Delay = 0.00>
ST_1 : Operation 37 [1/1] (0.00ns)   --->   "%p_5_0_0_0130_1352_phi_loc = alloca i64 1"   --->   Operation 37 'alloca' 'p_5_0_0_0130_1352_phi_loc' <Predicate = true> <Delay = 0.00>
ST_1 : Operation 38 [1/1] (0.00ns)   --->   "%p_6_0_0_0131_1353_phi_loc = alloca i64 1"   --->   Operation 38 'alloca' 'p_6_0_0_0131_1353_phi_loc' <Predicate = true> <Delay = 0.00>
ST_1 : Operation 39 [1/1] (0.00ns)   --->   "%p_1_0_0_0126_1_1355_phi_loc = alloca i64 1"   --->   Operation 39 'alloca' 'p_1_0_0_0126_1_1355_phi_loc' <Predicate = true> <Delay = 0.00>
ST_1 : Operation 40 [1/1] (0.00ns)   --->   "%p_2_0_0_0127_1_1356_phi_loc = alloca i64 1"   --->   Operation 40 'alloca' 'p_2_0_0_0127_1_1356_phi_loc' <Predicate = true> <Delay = 0.00>
ST_1 : Operation 41 [1/1] (0.00ns)   --->   "%p_3_0_0_0128_1_1357_phi_loc = alloca i64 1"   --->   Operation 41 'alloca' 'p_3_0_0_0128_1_1357_phi_loc' <Predicate = true> <Delay = 0.00>
ST_1 : Operation 42 [1/1] (0.00ns)   --->   "%p_4_0_0_0129_1_1358_phi_loc = alloca i64 1"   --->   Operation 42 'alloca' 'p_4_0_0_0129_1_1358_phi_loc' <Predicate = true> <Delay = 0.00>
ST_1 : Operation 43 [1/1] (0.00ns)   --->   "%p_5_0_0_0130_1_1359_phi_loc = alloca i64 1"   --->   Operation 43 'alloca' 'p_5_0_0_0130_1_1359_phi_loc' <Predicate = true> <Delay = 0.00>
ST_1 : Operation 44 [1/1] (0.00ns)   --->   "%p_6_0_0_0131_1_1360_phi_loc = alloca i64 1"   --->   Operation 44 'alloca' 'p_6_0_0_0131_1_1360_phi_loc' <Predicate = true> <Delay = 0.00>
ST_1 : Operation 45 [1/1] (0.00ns)   --->   "%p_1_0_0_0126_1_2362_phi_loc = alloca i64 1"   --->   Operation 45 'alloca' 'p_1_0_0_0126_1_2362_phi_loc' <Predicate = true> <Delay = 0.00>
ST_1 : Operation 46 [1/1] (0.00ns)   --->   "%p_2_0_0_0127_1_2363_phi_loc = alloca i64 1"   --->   Operation 46 'alloca' 'p_2_0_0_0127_1_2363_phi_loc' <Predicate = true> <Delay = 0.00>
ST_1 : Operation 47 [1/1] (0.00ns)   --->   "%p_3_0_0_0128_1_2364_phi_loc = alloca i64 1"   --->   Operation 47 'alloca' 'p_3_0_0_0128_1_2364_phi_loc' <Predicate = true> <Delay = 0.00>
ST_1 : Operation 48 [1/1] (0.00ns)   --->   "%p_4_0_0_0129_1_2365_phi_loc = alloca i64 1"   --->   Operation 48 'alloca' 'p_4_0_0_0129_1_2365_phi_loc' <Predicate = true> <Delay = 0.00>
ST_1 : Operation 49 [1/1] (0.00ns)   --->   "%p_5_0_0_0130_1_2366_phi_loc = alloca i64 1"   --->   Operation 49 'alloca' 'p_5_0_0_0130_1_2366_phi_loc' <Predicate = true> <Delay = 0.00>
ST_1 : Operation 50 [1/1] (0.00ns)   --->   "%p_6_0_0_0131_1_2367_phi_loc = alloca i64 1"   --->   Operation 50 'alloca' 'p_6_0_0_0131_1_2367_phi_loc' <Predicate = true> <Delay = 0.00>
ST_1 : Operation 51 [1/1] (0.00ns)   --->   "%p_1_0_0_0126_1348_loc = alloca i64 1"   --->   Operation 51 'alloca' 'p_1_0_0_0126_1348_loc' <Predicate = true> <Delay = 0.00>
ST_1 : Operation 52 [1/1] (0.00ns)   --->   "%p_2_0_0_0127_1349_loc = alloca i64 1"   --->   Operation 52 'alloca' 'p_2_0_0_0127_1349_loc' <Predicate = true> <Delay = 0.00>
ST_1 : Operation 53 [1/1] (0.00ns)   --->   "%p_3_0_0_0128_1350_loc = alloca i64 1"   --->   Operation 53 'alloca' 'p_3_0_0_0128_1350_loc' <Predicate = true> <Delay = 0.00>
ST_1 : Operation 54 [1/1] (0.00ns)   --->   "%p_4_0_0_0129_1351_loc = alloca i64 1"   --->   Operation 54 'alloca' 'p_4_0_0_0129_1351_loc' <Predicate = true> <Delay = 0.00>
ST_1 : Operation 55 [1/1] (0.00ns)   --->   "%p_5_0_0_0130_1352_loc = alloca i64 1"   --->   Operation 55 'alloca' 'p_5_0_0_0130_1352_loc' <Predicate = true> <Delay = 0.00>
ST_1 : Operation 56 [1/1] (0.00ns)   --->   "%p_6_0_0_0131_1353_loc = alloca i64 1"   --->   Operation 56 'alloca' 'p_6_0_0_0131_1353_loc' <Predicate = true> <Delay = 0.00>
ST_1 : Operation 57 [1/1] (0.00ns)   --->   "%p_1_0_0_0126_1370_loc = alloca i64 1"   --->   Operation 57 'alloca' 'p_1_0_0_0126_1370_loc' <Predicate = true> <Delay = 0.00>
ST_1 : Operation 58 [1/1] (0.00ns)   --->   "%p_2_0_0_0127_1372_loc = alloca i64 1"   --->   Operation 58 'alloca' 'p_2_0_0_0127_1372_loc' <Predicate = true> <Delay = 0.00>
ST_1 : Operation 59 [1/1] (0.00ns)   --->   "%p_3_0_0_0128_1374_loc = alloca i64 1"   --->   Operation 59 'alloca' 'p_3_0_0_0128_1374_loc' <Predicate = true> <Delay = 0.00>
ST_1 : Operation 60 [1/1] (0.00ns)   --->   "%p_4_0_0_0129_1376_loc = alloca i64 1"   --->   Operation 60 'alloca' 'p_4_0_0_0129_1376_loc' <Predicate = true> <Delay = 0.00>
ST_1 : Operation 61 [1/1] (0.00ns)   --->   "%p_5_0_0_0130_1378_loc = alloca i64 1"   --->   Operation 61 'alloca' 'p_5_0_0_0130_1378_loc' <Predicate = true> <Delay = 0.00>
ST_1 : Operation 62 [1/1] (0.00ns)   --->   "%p_6_0_0_0131_1380_loc = alloca i64 1"   --->   Operation 62 'alloca' 'p_6_0_0_0131_1380_loc' <Predicate = true> <Delay = 0.00>
ST_1 : Operation 63 [1/1] (0.00ns)   --->   "%p_1_0_0_0126_1_1384_loc = alloca i64 1"   --->   Operation 63 'alloca' 'p_1_0_0_0126_1_1384_loc' <Predicate = true> <Delay = 0.00>
ST_1 : Operation 64 [1/1] (0.00ns)   --->   "%p_2_0_0_0127_1_1386_loc = alloca i64 1"   --->   Operation 64 'alloca' 'p_2_0_0_0127_1_1386_loc' <Predicate = true> <Delay = 0.00>
ST_1 : Operation 65 [1/1] (0.00ns)   --->   "%p_3_0_0_0128_1_1388_loc = alloca i64 1"   --->   Operation 65 'alloca' 'p_3_0_0_0128_1_1388_loc' <Predicate = true> <Delay = 0.00>
ST_1 : Operation 66 [1/1] (0.00ns)   --->   "%p_4_0_0_0129_1_1390_loc = alloca i64 1"   --->   Operation 66 'alloca' 'p_4_0_0_0129_1_1390_loc' <Predicate = true> <Delay = 0.00>
ST_1 : Operation 67 [1/1] (0.00ns)   --->   "%p_5_0_0_0130_1_1392_loc = alloca i64 1"   --->   Operation 67 'alloca' 'p_5_0_0_0130_1_1392_loc' <Predicate = true> <Delay = 0.00>
ST_1 : Operation 68 [1/1] (0.00ns)   --->   "%p_6_0_0_0131_1_1394_loc = alloca i64 1"   --->   Operation 68 'alloca' 'p_6_0_0_0131_1_1394_loc' <Predicate = true> <Delay = 0.00>
ST_1 : Operation 69 [1/1] (0.00ns)   --->   "%p_1_0_0_0126_1_2397_loc = alloca i64 1"   --->   Operation 69 'alloca' 'p_1_0_0_0126_1_2397_loc' <Predicate = true> <Delay = 0.00>
ST_1 : Operation 70 [1/1] (0.00ns)   --->   "%p_2_0_0_0127_1_2398_loc = alloca i64 1"   --->   Operation 70 'alloca' 'p_2_0_0_0127_1_2398_loc' <Predicate = true> <Delay = 0.00>
ST_1 : Operation 71 [1/1] (0.00ns)   --->   "%p_3_0_0_0128_1_2399_loc = alloca i64 1"   --->   Operation 71 'alloca' 'p_3_0_0_0128_1_2399_loc' <Predicate = true> <Delay = 0.00>
ST_1 : Operation 72 [1/1] (0.00ns)   --->   "%p_4_0_0_0129_1_2400_loc = alloca i64 1"   --->   Operation 72 'alloca' 'p_4_0_0_0129_1_2400_loc' <Predicate = true> <Delay = 0.00>
ST_1 : Operation 73 [1/1] (0.00ns)   --->   "%p_5_0_0_0130_1_2401_loc = alloca i64 1"   --->   Operation 73 'alloca' 'p_5_0_0_0130_1_2401_loc' <Predicate = true> <Delay = 0.00>
ST_1 : Operation 74 [1/1] (0.00ns)   --->   "%p_6_0_0_0131_1_2402_loc = alloca i64 1"   --->   Operation 74 'alloca' 'p_6_0_0_0131_1_2402_loc' <Predicate = true> <Delay = 0.00>
ST_1 : Operation 75 [1/1] (0.00ns)   --->   "%spectopmodule_ln7 = spectopmodule void @_ssdm_op_SpecTopModule, void @empty_9" [Sobel.cpp:7]   --->   Operation 75 'spectopmodule' 'spectopmodule_ln7' <Predicate = true> <Delay = 0.00>
ST_1 : Operation 76 [1/1] (0.00ns)   --->   "%specinterface_ln0 = specinterface void @_ssdm_op_SpecInterface, i32 %input_r_V_data_V, i4 %input_r_V_keep_V, i4 %input_r_V_strb_V, i2 %input_r_V_user_V, i1 %input_r_V_last_V, i5 %input_r_V_id_V, i6 %input_r_V_dest_V, void @empty, i32 1, i32 1, void @empty_0, i32 0, i32 0, void @empty_1, void @empty_1, void @empty_1, i32 0, i32 0, i32 0, i32 0, void @empty_1, void @empty_1, i32 4294967295, i32 0, i32 0, i32 0"   --->   Operation 76 'specinterface' 'specinterface_ln0' <Predicate = true> <Delay = 0.00>
ST_1 : Operation 77 [1/1] (0.00ns)   --->   "%specbitsmap_ln0 = specbitsmap void @_ssdm_op_SpecBitsMap, i32 %input_r_V_data_V"   --->   Operation 77 'specbitsmap' 'specbitsmap_ln0' <Predicate = true> <Delay = 0.00>
ST_1 : Operation 78 [1/1] (0.00ns)   --->   "%specbitsmap_ln0 = specbitsmap void @_ssdm_op_SpecBitsMap, i4 %input_r_V_keep_V"   --->   Operation 78 'specbitsmap' 'specbitsmap_ln0' <Predicate = true> <Delay = 0.00>
ST_1 : Operation 79 [1/1] (0.00ns)   --->   "%specbitsmap_ln0 = specbitsmap void @_ssdm_op_SpecBitsMap, i4 %input_r_V_strb_V"   --->   Operation 79 'specbitsmap' 'specbitsmap_ln0' <Predicate = true> <Delay = 0.00>
ST_1 : Operation 80 [1/1] (0.00ns)   --->   "%specbitsmap_ln0 = specbitsmap void @_ssdm_op_SpecBitsMap, i2 %input_r_V_user_V"   --->   Operation 80 'specbitsmap' 'specbitsmap_ln0' <Predicate = true> <Delay = 0.00>
ST_1 : Operation 81 [1/1] (0.00ns)   --->   "%specbitsmap_ln0 = specbitsmap void @_ssdm_op_SpecBitsMap, i1 %input_r_V_last_V"   --->   Operation 81 'specbitsmap' 'specbitsmap_ln0' <Predicate = true> <Delay = 0.00>
ST_1 : Operation 82 [1/1] (0.00ns)   --->   "%specbitsmap_ln0 = specbitsmap void @_ssdm_op_SpecBitsMap, i5 %input_r_V_id_V"   --->   Operation 82 'specbitsmap' 'specbitsmap_ln0' <Predicate = true> <Delay = 0.00>
ST_1 : Operation 83 [1/1] (0.00ns)   --->   "%specbitsmap_ln0 = specbitsmap void @_ssdm_op_SpecBitsMap, i6 %input_r_V_dest_V"   --->   Operation 83 'specbitsmap' 'specbitsmap_ln0' <Predicate = true> <Delay = 0.00>
ST_1 : Operation 84 [1/1] (0.00ns)   --->   "%specinterface_ln0 = specinterface void @_ssdm_op_SpecInterface, i32 %output_r_V_data_V, i4 %output_r_V_keep_V, i4 %output_r_V_strb_V, i2 %output_r_V_user_V, i1 %output_r_V_last_V, i5 %output_r_V_id_V, i6 %output_r_V_dest_V, void @empty, i32 1, i32 1, void @empty_0, i32 0, i32 0, void @empty_1, void @empty_1, void @empty_1, i32 0, i32 0, i32 0, i32 0, void @empty_1, void @empty_1, i32 4294967295, i32 0, i32 0, i32 0"   --->   Operation 84 'specinterface' 'specinterface_ln0' <Predicate = true> <Delay = 0.00>
ST_1 : Operation 85 [1/1] (0.00ns)   --->   "%specbitsmap_ln0 = specbitsmap void @_ssdm_op_SpecBitsMap, i32 %output_r_V_data_V"   --->   Operation 85 'specbitsmap' 'specbitsmap_ln0' <Predicate = true> <Delay = 0.00>
ST_1 : Operation 86 [1/1] (0.00ns)   --->   "%specbitsmap_ln0 = specbitsmap void @_ssdm_op_SpecBitsMap, i4 %output_r_V_keep_V"   --->   Operation 86 'specbitsmap' 'specbitsmap_ln0' <Predicate = true> <Delay = 0.00>
ST_1 : Operation 87 [1/1] (0.00ns)   --->   "%specbitsmap_ln0 = specbitsmap void @_ssdm_op_SpecBitsMap, i4 %output_r_V_strb_V"   --->   Operation 87 'specbitsmap' 'specbitsmap_ln0' <Predicate = true> <Delay = 0.00>
ST_1 : Operation 88 [1/1] (0.00ns)   --->   "%specbitsmap_ln0 = specbitsmap void @_ssdm_op_SpecBitsMap, i2 %output_r_V_user_V"   --->   Operation 88 'specbitsmap' 'specbitsmap_ln0' <Predicate = true> <Delay = 0.00>
ST_1 : Operation 89 [1/1] (0.00ns)   --->   "%specbitsmap_ln0 = specbitsmap void @_ssdm_op_SpecBitsMap, i1 %output_r_V_last_V"   --->   Operation 89 'specbitsmap' 'specbitsmap_ln0' <Predicate = true> <Delay = 0.00>
ST_1 : Operation 90 [1/1] (0.00ns)   --->   "%specbitsmap_ln0 = specbitsmap void @_ssdm_op_SpecBitsMap, i5 %output_r_V_id_V"   --->   Operation 90 'specbitsmap' 'specbitsmap_ln0' <Predicate = true> <Delay = 0.00>
ST_1 : Operation 91 [1/1] (0.00ns)   --->   "%specbitsmap_ln0 = specbitsmap void @_ssdm_op_SpecBitsMap, i6 %output_r_V_dest_V"   --->   Operation 91 'specbitsmap' 'specbitsmap_ln0' <Predicate = true> <Delay = 0.00>
ST_1 : Operation 92 [1/1] (0.00ns)   --->   "%specbitsmap_ln0 = specbitsmap void @_ssdm_op_SpecBitsMap, i32 %rows"   --->   Operation 92 'specbitsmap' 'specbitsmap_ln0' <Predicate = true> <Delay = 0.00>
ST_1 : Operation 93 [1/1] (0.00ns)   --->   "%specinterface_ln0 = specinterface void @_ssdm_op_SpecInterface, i32 %rows, void @empty_2, i32 0, i32 0, void @empty_1, i32 0, i32 0, void @empty_3, void @empty_4, void @empty_1, i32 0, i32 0, i32 0, i32 0, void @empty_1, void @empty_1, i32 4294967295, i32 0, i32 0, i32 0"   --->   Operation 93 'specinterface' 'specinterface_ln0' <Predicate = true> <Delay = 0.00>
ST_1 : Operation 94 [1/1] (0.00ns)   --->   "%specinterface_ln0 = specinterface void @_ssdm_op_SpecInterface, i32 %rows, void @empty_5, i32 0, i32 0, void @empty_1, i32 0, i32 0, void @empty_1, void @empty_1, void @empty_1, i32 0, i32 0, i32 0, i32 0, void @empty_1, void @empty_1, i32 4294967295, i32 0, i32 0, i32 0"   --->   Operation 94 'specinterface' 'specinterface_ln0' <Predicate = true> <Delay = 0.00>
ST_1 : Operation 95 [1/1] (0.00ns)   --->   "%specbitsmap_ln0 = specbitsmap void @_ssdm_op_SpecBitsMap, i32 %cols"   --->   Operation 95 'specbitsmap' 'specbitsmap_ln0' <Predicate = true> <Delay = 0.00>
ST_1 : Operation 96 [1/1] (0.00ns)   --->   "%specinterface_ln0 = specinterface void @_ssdm_op_SpecInterface, i32 %cols, void @empty_2, i32 0, i32 0, void @empty_1, i32 0, i32 0, void @empty_3, void @empty_6, void @empty_1, i32 0, i32 0, i32 0, i32 0, void @empty_1, void @empty_1, i32 4294967295, i32 0, i32 0, i32 0"   --->   Operation 96 'specinterface' 'specinterface_ln0' <Predicate = true> <Delay = 0.00>
ST_1 : Operation 97 [1/1] (0.00ns)   --->   "%specinterface_ln0 = specinterface void @_ssdm_op_SpecInterface, i32 %cols, void @empty_5, i32 0, i32 0, void @empty_1, i32 0, i32 0, void @empty_1, void @empty_1, void @empty_1, i32 0, i32 0, i32 0, i32 0, void @empty_1, void @empty_1, i32 4294967295, i32 0, i32 0, i32 0"   --->   Operation 97 'specinterface' 'specinterface_ln0' <Predicate = true> <Delay = 0.00>
ST_1 : Operation 98 [1/1] (0.00ns)   --->   "%specinterface_ln0 = specinterface void @_ssdm_op_SpecInterface, i32 0, void @empty_2, i32 0, i32 0, void @empty_1, i32 0, i32 0, void @empty_3, void @empty_1, void @empty_1, i32 0, i32 0, i32 0, i32 0, void @empty_1, void @empty_1, i32 0, i32 0, i32 0, i32 0"   --->   Operation 98 'specinterface' 'specinterface_ln0' <Predicate = true> <Delay = 0.00>
ST_1 : Operation 99 [1/1] (2.32ns)   --->   "%window_keep = alloca i64 1" [Sobel.cpp:17]   --->   Operation 99 'alloca' 'window_keep' <Predicate = true> <Delay = 2.32> <CoreInst = "RAM">   --->   Core 81 'RAM' <Latency = 1> <II = 1> <Delay = 2.32> <Storage> <Opcode : 'load' 'store'> <Ports = 2> <Width = 4> <Depth = 9> <RAM>
ST_1 : Operation 100 [1/1] (0.00ns)   --->   "%window_keep_addr = getelementptr i4 %window_keep, i64 0, i64 7" [Sobel.cpp:28]   --->   Operation 100 'getelementptr' 'window_keep_addr' <Predicate = true> <Delay = 0.00>
ST_1 : Operation 101 [1/1] (0.00ns)   --->   "%window_keep_addr_1 = getelementptr i4 %window_keep, i64 0, i64 6" [Sobel.cpp:28]   --->   Operation 101 'getelementptr' 'window_keep_addr_1' <Predicate = true> <Delay = 0.00>
ST_1 : Operation 102 [1/1] (0.00ns)   --->   "%window_keep_addr_2 = getelementptr i4 %window_keep, i64 0, i64 8" [Sobel.cpp:29]   --->   Operation 102 'getelementptr' 'window_keep_addr_2' <Predicate = true> <Delay = 0.00>
ST_1 : Operation 103 [1/1] (0.00ns)   --->   "%window_keep_addr_3 = getelementptr i4 %window_keep, i64 0, i64 3" [Sobel.cpp:25]   --->   Operation 103 'getelementptr' 'window_keep_addr_3' <Predicate = true> <Delay = 0.00>
ST_1 : Operation 104 [1/1] (0.00ns)   --->   "%window_keep_addr_4 = getelementptr i4 %window_keep, i64 0, i64 0" [Sobel.cpp:25]   --->   Operation 104 'getelementptr' 'window_keep_addr_4' <Predicate = true> <Delay = 0.00>
ST_1 : Operation 105 [1/1] (0.00ns)   --->   "%window_keep_addr_5 = getelementptr i4 %window_keep, i64 0, i64 4" [Sobel.cpp:25]   --->   Operation 105 'getelementptr' 'window_keep_addr_5' <Predicate = true> <Delay = 0.00>
ST_1 : Operation 106 [1/1] (0.00ns)   --->   "%window_keep_addr_6 = getelementptr i4 %window_keep, i64 0, i64 1" [Sobel.cpp:25]   --->   Operation 106 'getelementptr' 'window_keep_addr_6' <Predicate = true> <Delay = 0.00>
ST_1 : Operation 107 [1/1] (0.00ns)   --->   "%window_keep_addr_7 = getelementptr i4 %window_keep, i64 0, i64 5" [Sobel.cpp:25]   --->   Operation 107 'getelementptr' 'window_keep_addr_7' <Predicate = true> <Delay = 0.00>
ST_1 : Operation 108 [1/1] (0.00ns)   --->   "%window_keep_addr_8 = getelementptr i4 %window_keep, i64 0, i64 2" [Sobel.cpp:25]   --->   Operation 108 'getelementptr' 'window_keep_addr_8' <Predicate = true> <Delay = 0.00>
ST_1 : Operation 109 [1/1] (2.32ns)   --->   "%window_strb = alloca i64 1" [Sobel.cpp:17]   --->   Operation 109 'alloca' 'window_strb' <Predicate = true> <Delay = 2.32> <CoreInst = "RAM">   --->   Core 81 'RAM' <Latency = 1> <II = 1> <Delay = 2.32> <Storage> <Opcode : 'load' 'store'> <Ports = 2> <Width = 4> <Depth = 9> <RAM>
ST_1 : Operation 110 [1/1] (0.00ns)   --->   "%window_strb_addr = getelementptr i4 %window_strb, i64 0, i64 7" [Sobel.cpp:28]   --->   Operation 110 'getelementptr' 'window_strb_addr' <Predicate = true> <Delay = 0.00>
ST_1 : Operation 111 [1/1] (0.00ns)   --->   "%window_strb_addr_1 = getelementptr i4 %window_strb, i64 0, i64 6" [Sobel.cpp:28]   --->   Operation 111 'getelementptr' 'window_strb_addr_1' <Predicate = true> <Delay = 0.00>
ST_1 : Operation 112 [1/1] (0.00ns)   --->   "%window_strb_addr_2 = getelementptr i4 %window_strb, i64 0, i64 8" [Sobel.cpp:29]   --->   Operation 112 'getelementptr' 'window_strb_addr_2' <Predicate = true> <Delay = 0.00>
ST_1 : Operation 113 [1/1] (0.00ns)   --->   "%window_strb_addr_3 = getelementptr i4 %window_strb, i64 0, i64 3" [Sobel.cpp:25]   --->   Operation 113 'getelementptr' 'window_strb_addr_3' <Predicate = true> <Delay = 0.00>
ST_1 : Operation 114 [1/1] (0.00ns)   --->   "%window_strb_addr_4 = getelementptr i4 %window_strb, i64 0, i64 0" [Sobel.cpp:25]   --->   Operation 114 'getelementptr' 'window_strb_addr_4' <Predicate = true> <Delay = 0.00>
ST_1 : Operation 115 [1/1] (0.00ns)   --->   "%window_strb_addr_5 = getelementptr i4 %window_strb, i64 0, i64 4" [Sobel.cpp:25]   --->   Operation 115 'getelementptr' 'window_strb_addr_5' <Predicate = true> <Delay = 0.00>
ST_1 : Operation 116 [1/1] (0.00ns)   --->   "%window_strb_addr_6 = getelementptr i4 %window_strb, i64 0, i64 1" [Sobel.cpp:25]   --->   Operation 116 'getelementptr' 'window_strb_addr_6' <Predicate = true> <Delay = 0.00>
ST_1 : Operation 117 [1/1] (0.00ns)   --->   "%window_strb_addr_7 = getelementptr i4 %window_strb, i64 0, i64 5" [Sobel.cpp:25]   --->   Operation 117 'getelementptr' 'window_strb_addr_7' <Predicate = true> <Delay = 0.00>
ST_1 : Operation 118 [1/1] (0.00ns)   --->   "%window_strb_addr_8 = getelementptr i4 %window_strb, i64 0, i64 2" [Sobel.cpp:25]   --->   Operation 118 'getelementptr' 'window_strb_addr_8' <Predicate = true> <Delay = 0.00>
ST_1 : Operation 119 [1/1] (2.32ns)   --->   "%window_user = alloca i64 1" [Sobel.cpp:17]   --->   Operation 119 'alloca' 'window_user' <Predicate = true> <Delay = 2.32> <CoreInst = "RAM">   --->   Core 81 'RAM' <Latency = 1> <II = 1> <Delay = 2.32> <Storage> <Opcode : 'load' 'store'> <Ports = 2> <Width = 2> <Depth = 9> <RAM>
ST_1 : Operation 120 [1/1] (0.00ns)   --->   "%window_user_addr = getelementptr i2 %window_user, i64 0, i64 7" [Sobel.cpp:28]   --->   Operation 120 'getelementptr' 'window_user_addr' <Predicate = true> <Delay = 0.00>
ST_1 : Operation 121 [1/1] (0.00ns)   --->   "%window_user_addr_1 = getelementptr i2 %window_user, i64 0, i64 6" [Sobel.cpp:28]   --->   Operation 121 'getelementptr' 'window_user_addr_1' <Predicate = true> <Delay = 0.00>
ST_1 : Operation 122 [1/1] (0.00ns)   --->   "%window_user_addr_2 = getelementptr i2 %window_user, i64 0, i64 8" [Sobel.cpp:29]   --->   Operation 122 'getelementptr' 'window_user_addr_2' <Predicate = true> <Delay = 0.00>
ST_1 : Operation 123 [1/1] (0.00ns)   --->   "%window_user_addr_3 = getelementptr i2 %window_user, i64 0, i64 3" [Sobel.cpp:25]   --->   Operation 123 'getelementptr' 'window_user_addr_3' <Predicate = true> <Delay = 0.00>
ST_1 : Operation 124 [1/1] (0.00ns)   --->   "%window_user_addr_4 = getelementptr i2 %window_user, i64 0, i64 0" [Sobel.cpp:25]   --->   Operation 124 'getelementptr' 'window_user_addr_4' <Predicate = true> <Delay = 0.00>
ST_1 : Operation 125 [1/1] (0.00ns)   --->   "%window_user_addr_5 = getelementptr i2 %window_user, i64 0, i64 4" [Sobel.cpp:25]   --->   Operation 125 'getelementptr' 'window_user_addr_5' <Predicate = true> <Delay = 0.00>
ST_1 : Operation 126 [1/1] (0.00ns)   --->   "%window_user_addr_6 = getelementptr i2 %window_user, i64 0, i64 1" [Sobel.cpp:25]   --->   Operation 126 'getelementptr' 'window_user_addr_6' <Predicate = true> <Delay = 0.00>
ST_1 : Operation 127 [1/1] (0.00ns)   --->   "%window_user_addr_7 = getelementptr i2 %window_user, i64 0, i64 5" [Sobel.cpp:25]   --->   Operation 127 'getelementptr' 'window_user_addr_7' <Predicate = true> <Delay = 0.00>
ST_1 : Operation 128 [1/1] (0.00ns)   --->   "%window_user_addr_8 = getelementptr i2 %window_user, i64 0, i64 2" [Sobel.cpp:25]   --->   Operation 128 'getelementptr' 'window_user_addr_8' <Predicate = true> <Delay = 0.00>
ST_1 : Operation 129 [1/1] (2.32ns)   --->   "%window_last = alloca i64 1" [Sobel.cpp:17]   --->   Operation 129 'alloca' 'window_last' <Predicate = true> <Delay = 2.32> <CoreInst = "RAM">   --->   Core 81 'RAM' <Latency = 1> <II = 1> <Delay = 2.32> <Storage> <Opcode : 'load' 'store'> <Ports = 2> <Width = 1> <Depth = 9> <RAM>
ST_1 : Operation 130 [1/1] (0.00ns)   --->   "%window_last_addr = getelementptr i1 %window_last, i64 0, i64 7" [Sobel.cpp:28]   --->   Operation 130 'getelementptr' 'window_last_addr' <Predicate = true> <Delay = 0.00>
ST_1 : Operation 131 [1/1] (0.00ns)   --->   "%window_last_addr_1 = getelementptr i1 %window_last, i64 0, i64 6" [Sobel.cpp:28]   --->   Operation 131 'getelementptr' 'window_last_addr_1' <Predicate = true> <Delay = 0.00>
ST_1 : Operation 132 [1/1] (0.00ns)   --->   "%window_last_addr_2 = getelementptr i1 %window_last, i64 0, i64 8" [Sobel.cpp:29]   --->   Operation 132 'getelementptr' 'window_last_addr_2' <Predicate = true> <Delay = 0.00>
ST_1 : Operation 133 [1/1] (0.00ns)   --->   "%window_last_addr_3 = getelementptr i1 %window_last, i64 0, i64 3" [Sobel.cpp:25]   --->   Operation 133 'getelementptr' 'window_last_addr_3' <Predicate = true> <Delay = 0.00>
ST_1 : Operation 134 [1/1] (0.00ns)   --->   "%window_last_addr_4 = getelementptr i1 %window_last, i64 0, i64 0" [Sobel.cpp:25]   --->   Operation 134 'getelementptr' 'window_last_addr_4' <Predicate = true> <Delay = 0.00>
ST_1 : Operation 135 [1/1] (0.00ns)   --->   "%window_last_addr_5 = getelementptr i1 %window_last, i64 0, i64 4" [Sobel.cpp:25]   --->   Operation 135 'getelementptr' 'window_last_addr_5' <Predicate = true> <Delay = 0.00>
ST_1 : Operation 136 [1/1] (0.00ns)   --->   "%window_last_addr_6 = getelementptr i1 %window_last, i64 0, i64 1" [Sobel.cpp:25]   --->   Operation 136 'getelementptr' 'window_last_addr_6' <Predicate = true> <Delay = 0.00>
ST_1 : Operation 137 [1/1] (0.00ns)   --->   "%window_last_addr_7 = getelementptr i1 %window_last, i64 0, i64 5" [Sobel.cpp:25]   --->   Operation 137 'getelementptr' 'window_last_addr_7' <Predicate = true> <Delay = 0.00>
ST_1 : Operation 138 [1/1] (0.00ns)   --->   "%window_last_addr_8 = getelementptr i1 %window_last, i64 0, i64 2" [Sobel.cpp:25]   --->   Operation 138 'getelementptr' 'window_last_addr_8' <Predicate = true> <Delay = 0.00>
ST_1 : Operation 139 [1/1] (2.32ns)   --->   "%window_id = alloca i64 1" [Sobel.cpp:17]   --->   Operation 139 'alloca' 'window_id' <Predicate = true> <Delay = 2.32> <CoreInst = "RAM">   --->   Core 81 'RAM' <Latency = 1> <II = 1> <Delay = 2.32> <Storage> <Opcode : 'load' 'store'> <Ports = 2> <Width = 5> <Depth = 9> <RAM>
ST_1 : Operation 140 [1/1] (0.00ns)   --->   "%window_id_addr = getelementptr i5 %window_id, i64 0, i64 7" [Sobel.cpp:28]   --->   Operation 140 'getelementptr' 'window_id_addr' <Predicate = true> <Delay = 0.00>
ST_1 : Operation 141 [1/1] (0.00ns)   --->   "%window_id_addr_1 = getelementptr i5 %window_id, i64 0, i64 6" [Sobel.cpp:28]   --->   Operation 141 'getelementptr' 'window_id_addr_1' <Predicate = true> <Delay = 0.00>
ST_1 : Operation 142 [1/1] (0.00ns)   --->   "%window_id_addr_2 = getelementptr i5 %window_id, i64 0, i64 8" [Sobel.cpp:29]   --->   Operation 142 'getelementptr' 'window_id_addr_2' <Predicate = true> <Delay = 0.00>
ST_1 : Operation 143 [1/1] (0.00ns)   --->   "%window_id_addr_3 = getelementptr i5 %window_id, i64 0, i64 3" [Sobel.cpp:25]   --->   Operation 143 'getelementptr' 'window_id_addr_3' <Predicate = true> <Delay = 0.00>
ST_1 : Operation 144 [1/1] (0.00ns)   --->   "%window_id_addr_4 = getelementptr i5 %window_id, i64 0, i64 0" [Sobel.cpp:25]   --->   Operation 144 'getelementptr' 'window_id_addr_4' <Predicate = true> <Delay = 0.00>
ST_1 : Operation 145 [1/1] (0.00ns)   --->   "%window_id_addr_5 = getelementptr i5 %window_id, i64 0, i64 4" [Sobel.cpp:25]   --->   Operation 145 'getelementptr' 'window_id_addr_5' <Predicate = true> <Delay = 0.00>
ST_1 : Operation 146 [1/1] (0.00ns)   --->   "%window_id_addr_6 = getelementptr i5 %window_id, i64 0, i64 1" [Sobel.cpp:25]   --->   Operation 146 'getelementptr' 'window_id_addr_6' <Predicate = true> <Delay = 0.00>
ST_1 : Operation 147 [1/1] (0.00ns)   --->   "%window_id_addr_7 = getelementptr i5 %window_id, i64 0, i64 5" [Sobel.cpp:25]   --->   Operation 147 'getelementptr' 'window_id_addr_7' <Predicate = true> <Delay = 0.00>
ST_1 : Operation 148 [1/1] (0.00ns)   --->   "%window_id_addr_8 = getelementptr i5 %window_id, i64 0, i64 2" [Sobel.cpp:25]   --->   Operation 148 'getelementptr' 'window_id_addr_8' <Predicate = true> <Delay = 0.00>
ST_1 : Operation 149 [1/1] (2.32ns)   --->   "%window_dest = alloca i64 1" [Sobel.cpp:17]   --->   Operation 149 'alloca' 'window_dest' <Predicate = true> <Delay = 2.32> <CoreInst = "RAM">   --->   Core 81 'RAM' <Latency = 1> <II = 1> <Delay = 2.32> <Storage> <Opcode : 'load' 'store'> <Ports = 2> <Width = 6> <Depth = 9> <RAM>
ST_1 : Operation 150 [1/1] (0.00ns)   --->   "%window_dest_addr = getelementptr i6 %window_dest, i64 0, i64 7" [Sobel.cpp:28]   --->   Operation 150 'getelementptr' 'window_dest_addr' <Predicate = true> <Delay = 0.00>
ST_1 : Operation 151 [1/1] (0.00ns)   --->   "%window_dest_addr_1 = getelementptr i6 %window_dest, i64 0, i64 6" [Sobel.cpp:28]   --->   Operation 151 'getelementptr' 'window_dest_addr_1' <Predicate = true> <Delay = 0.00>
ST_1 : Operation 152 [1/1] (0.00ns)   --->   "%window_dest_addr_2 = getelementptr i6 %window_dest, i64 0, i64 8" [Sobel.cpp:29]   --->   Operation 152 'getelementptr' 'window_dest_addr_2' <Predicate = true> <Delay = 0.00>
ST_1 : Operation 153 [1/1] (0.00ns)   --->   "%window_dest_addr_3 = getelementptr i6 %window_dest, i64 0, i64 3" [Sobel.cpp:25]   --->   Operation 153 'getelementptr' 'window_dest_addr_3' <Predicate = true> <Delay = 0.00>
ST_1 : Operation 154 [1/1] (0.00ns)   --->   "%window_dest_addr_4 = getelementptr i6 %window_dest, i64 0, i64 0" [Sobel.cpp:25]   --->   Operation 154 'getelementptr' 'window_dest_addr_4' <Predicate = true> <Delay = 0.00>
ST_1 : Operation 155 [1/1] (0.00ns)   --->   "%window_dest_addr_5 = getelementptr i6 %window_dest, i64 0, i64 4" [Sobel.cpp:25]   --->   Operation 155 'getelementptr' 'window_dest_addr_5' <Predicate = true> <Delay = 0.00>
ST_1 : Operation 156 [1/1] (0.00ns)   --->   "%window_dest_addr_6 = getelementptr i6 %window_dest, i64 0, i64 1" [Sobel.cpp:25]   --->   Operation 156 'getelementptr' 'window_dest_addr_6' <Predicate = true> <Delay = 0.00>
ST_1 : Operation 157 [1/1] (0.00ns)   --->   "%window_dest_addr_7 = getelementptr i6 %window_dest, i64 0, i64 5" [Sobel.cpp:25]   --->   Operation 157 'getelementptr' 'window_dest_addr_7' <Predicate = true> <Delay = 0.00>
ST_1 : Operation 158 [1/1] (0.00ns)   --->   "%window_dest_addr_8 = getelementptr i6 %window_dest, i64 0, i64 2" [Sobel.cpp:25]   --->   Operation 158 'getelementptr' 'window_dest_addr_8' <Predicate = true> <Delay = 0.00>
ST_1 : Operation 159 [1/1] (0.00ns)   --->   "%specaxissidechannel_ln17 = specaxissidechannel void @_ssdm_op_SpecAXISSideChannel, i32 %output_r_V_data_V, i4 %output_r_V_keep_V, i4 %output_r_V_strb_V, i2 %output_r_V_user_V, i1 %output_r_V_last_V, i5 %output_r_V_id_V, i6 %output_r_V_dest_V, void @empty_7" [Sobel.cpp:17]   --->   Operation 159 'specaxissidechannel' 'specaxissidechannel_ln17' <Predicate = true> <Delay = 0.00>
ST_1 : Operation 160 [1/1] (0.00ns)   --->   "%specaxissidechannel_ln17 = specaxissidechannel void @_ssdm_op_SpecAXISSideChannel, i32 %input_r_V_data_V, i4 %input_r_V_keep_V, i4 %input_r_V_strb_V, i2 %input_r_V_user_V, i1 %input_r_V_last_V, i5 %input_r_V_id_V, i6 %input_r_V_dest_V, void @empty_8" [Sobel.cpp:17]   --->   Operation 160 'specaxissidechannel' 'specaxissidechannel_ln17' <Predicate = true> <Delay = 0.00>
ST_1 : Operation 161 [1/1] (1.58ns)   --->   "%store_ln0 = store i2 0, i2 %indvars_iv572"   --->   Operation 161 'store' 'store_ln0' <Predicate = true> <Delay = 1.58>
ST_1 : Operation 162 [1/1] (0.00ns)   --->   "%br_ln17 = br void %arrayctor.loop" [Sobel.cpp:17]   --->   Operation 162 'br' 'br_ln17' <Predicate = true> <Delay = 0.00>

State 2 <SV = 1> <Delay = 5.62>
ST_2 : Operation 163 [1/1] (0.00ns)   --->   "%indvars_iv572_load = load i2 %indvars_iv572" [Sobel.cpp:17]   --->   Operation 163 'load' 'indvars_iv572_load' <Predicate = true> <Delay = 0.00>
ST_2 : Operation 164 [1/1] (0.00ns)   --->   "%trunc_ln17 = trunc i2 %indvars_iv572_load" [Sobel.cpp:17]   --->   Operation 164 'trunc' 'trunc_ln17' <Predicate = true> <Delay = 0.00>
ST_2 : Operation 165 [1/1] (0.00ns)   --->   "%tmp = bitconcatenate i3 @_ssdm_op_BitConcatenate.i3.i1.i2, i1 %trunc_ln17, i2 0" [Sobel.cpp:17]   --->   Operation 165 'bitconcatenate' 'tmp' <Predicate = true> <Delay = 0.00>
ST_2 : Operation 166 [1/1] (0.00ns)   --->   "%zext_ln17 = zext i2 %indvars_iv572_load" [Sobel.cpp:17]   --->   Operation 166 'zext' 'zext_ln17' <Predicate = true> <Delay = 0.00>
ST_2 : Operation 167 [1/1] (1.65ns)   --->   "%sub_ln17 = sub i3 %tmp, i3 %zext_ln17" [Sobel.cpp:17]   --->   Operation 167 'sub' 'sub_ln17' <Predicate = true> <Delay = 1.65> <CoreInst = "Adder">   --->   Core 1 'Adder' <Latency = 0> <II = 1> <Delay = 1.65> <FuncUnit> <Opcode : 'add' 'sub'> <InPorts = 2> <OutPorts = 1>
ST_2 : Operation 168 [1/1] (1.56ns)   --->   "%add_ln17_1 = add i2 %indvars_iv572_load, i2 1" [Sobel.cpp:17]   --->   Operation 168 'add' 'add_ln17_1' <Predicate = true> <Delay = 1.56> <CoreInst = "Adder">   --->   Core 1 'Adder' <Latency = 0> <II = 1> <Delay = 1.56> <FuncUnit> <Opcode : 'add' 'sub'> <InPorts = 2> <OutPorts = 1>
ST_2 : Operation 169 [2/2] (3.97ns)   --->   "%call_ln17 = call void @sobel_filter_Pipeline_1, i3 %sub_ln17, i4 %window_keep, i4 %window_strb, i2 %window_user, i1 %window_last, i5 %window_id, i6 %window_dest" [Sobel.cpp:17]   --->   Operation 169 'call' 'call_ln17' <Predicate = true> <Delay = 3.97> <CoreType = "Generic">   --->   Generic Core
ST_2 : Operation 170 [1/1] (1.56ns)   --->   "%icmp_ln17 = icmp_eq  i2 %indvars_iv572_load, i2 2" [Sobel.cpp:17]   --->   Operation 170 'icmp' 'icmp_ln17' <Predicate = true> <Delay = 1.56> <CoreInst = "Cmp">   --->   Core 9 'Cmp' <Latency = 0> <II = 1> <Delay = 1.56> <FuncUnit> <Opcode : 'seteq' 'setne' 'setle' 'setge' 'setlt' 'setgt'> <InPorts = 2> <OutPorts = 1>
ST_2 : Operation 171 [1/1] (1.58ns)   --->   "%store_ln17 = store i2 %add_ln17_1, i2 %indvars_iv572" [Sobel.cpp:17]   --->   Operation 171 'store' 'store_ln17' <Predicate = true> <Delay = 1.58>

State 3 <SV = 2> <Delay = 4.74>
ST_3 : Operation 172 [1/1] (0.00ns)   --->   "%speclooptripcount_ln17 = speclooptripcount void @_ssdm_op_SpecLoopTripCount, i64 3, i64 3, i64 3" [Sobel.cpp:17]   --->   Operation 172 'speclooptripcount' 'speclooptripcount_ln17' <Predicate = true> <Delay = 0.00>
ST_3 : Operation 173 [1/2] (4.74ns)   --->   "%call_ln17 = call void @sobel_filter_Pipeline_1, i3 %sub_ln17, i4 %window_keep, i4 %window_strb, i2 %window_user, i1 %window_last, i5 %window_id, i6 %window_dest" [Sobel.cpp:17]   --->   Operation 173 'call' 'call_ln17' <Predicate = true> <Delay = 4.74> <CoreType = "Generic">   --->   Generic Core
ST_3 : Operation 174 [1/1] (0.00ns)   --->   "%br_ln17 = br i1 %icmp_ln17, void %arrayctor.loop, void %VITIS_LOOP_18_1" [Sobel.cpp:17]   --->   Operation 174 'br' 'br_ln17' <Predicate = true> <Delay = 0.00>
ST_3 : Operation 175 [1/1] (2.55ns)   --->   "%empty_16 = icmp_sgt  i32 %rows_read, i32 0"   --->   Operation 175 'icmp' 'empty_16' <Predicate = (icmp_ln17)> <Delay = 2.55> <CoreInst = "Cmp">   --->   Core 9 'Cmp' <Latency = 0> <II = 1> <Delay = 2.55> <FuncUnit> <Opcode : 'seteq' 'setne' 'setle' 'setge' 'setlt' 'setgt'> <InPorts = 2> <OutPorts = 1>

State 4 <SV = 3> <Delay = 0.00>
ST_4 : Operation 176 [2/2] (2.32ns)   --->   "%window_keep_load = load i4 %window_keep_addr_3" [Sobel.cpp:25]   --->   Operation 176 'load' 'window_keep_load' <Predicate = true> <Delay = 2.32> <CoreInst = "RAM">   --->   Core 81 'RAM' <Latency = 1> <II = 1> <Delay = 2.32> <Storage> <Opcode : 'load' 'store'> <Ports = 2> <Width = 4> <Depth = 9> <RAM>
ST_4 : Operation 177 [2/2] (2.32ns)   --->   "%window_strb_load = load i4 %window_strb_addr_3" [Sobel.cpp:25]   --->   Operation 177 'load' 'window_strb_load' <Predicate = true> <Delay = 2.32> <CoreInst = "RAM">   --->   Core 81 'RAM' <Latency = 1> <II = 1> <Delay = 2.32> <Storage> <Opcode : 'load' 'store'> <Ports = 2> <Width = 4> <Depth = 9> <RAM>
ST_4 : Operation 178 [2/2] (2.32ns)   --->   "%window_user_load = load i4 %window_user_addr_3" [Sobel.cpp:25]   --->   Operation 178 'load' 'window_user_load' <Predicate = true> <Delay = 2.32> <CoreInst = "RAM">   --->   Core 81 'RAM' <Latency = 1> <II = 1> <Delay = 2.32> <Storage> <Opcode : 'load' 'store'> <Ports = 2> <Width = 2> <Depth = 9> <RAM>
ST_4 : Operation 179 [2/2] (2.32ns)   --->   "%window_last_load = load i4 %window_last_addr_3" [Sobel.cpp:25]   --->   Operation 179 'load' 'window_last_load' <Predicate = true> <Delay = 2.32> <CoreInst = "RAM">   --->   Core 81 'RAM' <Latency = 1> <II = 1> <Delay = 2.32> <Storage> <Opcode : 'load' 'store'> <Ports = 2> <Width = 1> <Depth = 9> <RAM>
ST_4 : Operation 180 [2/2] (2.32ns)   --->   "%window_id_load = load i4 %window_id_addr_3" [Sobel.cpp:25]   --->   Operation 180 'load' 'window_id_load' <Predicate = true> <Delay = 2.32> <CoreInst = "RAM">   --->   Core 81 'RAM' <Latency = 1> <II = 1> <Delay = 2.32> <Storage> <Opcode : 'load' 'store'> <Ports = 2> <Width = 5> <Depth = 9> <RAM>
ST_4 : Operation 181 [2/2] (2.32ns)   --->   "%window_dest_load = load i4 %window_dest_addr_3" [Sobel.cpp:25]   --->   Operation 181 'load' 'window_dest_load' <Predicate = true> <Delay = 2.32> <CoreInst = "RAM">   --->   Core 81 'RAM' <Latency = 1> <II = 1> <Delay = 2.32> <Storage> <Opcode : 'load' 'store'> <Ports = 2> <Width = 6> <Depth = 9> <RAM>

State 5 <SV = 4> <Delay = 2.32>
ST_5 : Operation 182 [1/2] ( I:2.32ns O:2.32ns )   --->   "%window_keep_load = load i4 %window_keep_addr_3" [Sobel.cpp:25]   --->   Operation 182 'load' 'window_keep_load' <Predicate = true> <Delay = 2.32> <CoreInst = "RAM">   --->   Core 81 'RAM' <Latency = 1> <II = 1> <Delay = 2.32> <Storage> <Opcode : 'load' 'store'> <Ports = 2> <Width = 4> <Depth = 9> <RAM>
ST_5 : Operation 183 [1/2] ( I:2.32ns O:2.32ns )   --->   "%window_strb_load = load i4 %window_strb_addr_3" [Sobel.cpp:25]   --->   Operation 183 'load' 'window_strb_load' <Predicate = true> <Delay = 2.32> <CoreInst = "RAM">   --->   Core 81 'RAM' <Latency = 1> <II = 1> <Delay = 2.32> <Storage> <Opcode : 'load' 'store'> <Ports = 2> <Width = 4> <Depth = 9> <RAM>
ST_5 : Operation 184 [1/2] ( I:2.32ns O:2.32ns )   --->   "%window_user_load = load i4 %window_user_addr_3" [Sobel.cpp:25]   --->   Operation 184 'load' 'window_user_load' <Predicate = true> <Delay = 2.32> <CoreInst = "RAM">   --->   Core 81 'RAM' <Latency = 1> <II = 1> <Delay = 2.32> <Storage> <Opcode : 'load' 'store'> <Ports = 2> <Width = 2> <Depth = 9> <RAM>
ST_5 : Operation 185 [1/2] ( I:2.32ns O:2.32ns )   --->   "%window_last_load = load i4 %window_last_addr_3" [Sobel.cpp:25]   --->   Operation 185 'load' 'window_last_load' <Predicate = true> <Delay = 2.32> <CoreInst = "RAM">   --->   Core 81 'RAM' <Latency = 1> <II = 1> <Delay = 2.32> <Storage> <Opcode : 'load' 'store'> <Ports = 2> <Width = 1> <Depth = 9> <RAM>
ST_5 : Operation 186 [1/2] ( I:2.32ns O:2.32ns )   --->   "%window_id_load = load i4 %window_id_addr_3" [Sobel.cpp:25]   --->   Operation 186 'load' 'window_id_load' <Predicate = true> <Delay = 2.32> <CoreInst = "RAM">   --->   Core 81 'RAM' <Latency = 1> <II = 1> <Delay = 2.32> <Storage> <Opcode : 'load' 'store'> <Ports = 2> <Width = 5> <Depth = 9> <RAM>
ST_5 : Operation 187 [1/2] ( I:2.32ns O:2.32ns )   --->   "%window_dest_load = load i4 %window_dest_addr_3" [Sobel.cpp:25]   --->   Operation 187 'load' 'window_dest_load' <Predicate = true> <Delay = 2.32> <CoreInst = "RAM">   --->   Core 81 'RAM' <Latency = 1> <II = 1> <Delay = 2.32> <Storage> <Opcode : 'load' 'store'> <Ports = 2> <Width = 6> <Depth = 9> <RAM>
ST_5 : Operation 188 [2/2] (2.32ns)   --->   "%window_keep_load_1 = load i4 %window_keep_addr_4" [Sobel.cpp:25]   --->   Operation 188 'load' 'window_keep_load_1' <Predicate = true> <Delay = 2.32> <CoreInst = "RAM">   --->   Core 81 'RAM' <Latency = 1> <II = 1> <Delay = 2.32> <Storage> <Opcode : 'load' 'store'> <Ports = 2> <Width = 4> <Depth = 9> <RAM>
ST_5 : Operation 189 [2/2] (2.32ns)   --->   "%window_strb_load_1 = load i4 %window_strb_addr_4" [Sobel.cpp:25]   --->   Operation 189 'load' 'window_strb_load_1' <Predicate = true> <Delay = 2.32> <CoreInst = "RAM">   --->   Core 81 'RAM' <Latency = 1> <II = 1> <Delay = 2.32> <Storage> <Opcode : 'load' 'store'> <Ports = 2> <Width = 4> <Depth = 9> <RAM>
ST_5 : Operation 190 [2/2] (2.32ns)   --->   "%window_user_load_1 = load i4 %window_user_addr_4" [Sobel.cpp:25]   --->   Operation 190 'load' 'window_user_load_1' <Predicate = true> <Delay = 2.32> <CoreInst = "RAM">   --->   Core 81 'RAM' <Latency = 1> <II = 1> <Delay = 2.32> <Storage> <Opcode : 'load' 'store'> <Ports = 2> <Width = 2> <Depth = 9> <RAM>
ST_5 : Operation 191 [2/2] (2.32ns)   --->   "%window_last_load_1 = load i4 %window_last_addr_4" [Sobel.cpp:25]   --->   Operation 191 'load' 'window_last_load_1' <Predicate = true> <Delay = 2.32> <CoreInst = "RAM">   --->   Core 81 'RAM' <Latency = 1> <II = 1> <Delay = 2.32> <Storage> <Opcode : 'load' 'store'> <Ports = 2> <Width = 1> <Depth = 9> <RAM>
ST_5 : Operation 192 [2/2] (2.32ns)   --->   "%window_id_load_1 = load i4 %window_id_addr_4" [Sobel.cpp:25]   --->   Operation 192 'load' 'window_id_load_1' <Predicate = true> <Delay = 2.32> <CoreInst = "RAM">   --->   Core 81 'RAM' <Latency = 1> <II = 1> <Delay = 2.32> <Storage> <Opcode : 'load' 'store'> <Ports = 2> <Width = 5> <Depth = 9> <RAM>
ST_5 : Operation 193 [2/2] (2.32ns)   --->   "%window_dest_load_1 = load i4 %window_dest_addr_4" [Sobel.cpp:25]   --->   Operation 193 'load' 'window_dest_load_1' <Predicate = true> <Delay = 2.32> <CoreInst = "RAM">   --->   Core 81 'RAM' <Latency = 1> <II = 1> <Delay = 2.32> <Storage> <Opcode : 'load' 'store'> <Ports = 2> <Width = 6> <Depth = 9> <RAM>
ST_5 : Operation 194 [2/2] (2.32ns)   --->   "%window_keep_load_2 = load i4 %window_keep_addr_5" [Sobel.cpp:25]   --->   Operation 194 'load' 'window_keep_load_2' <Predicate = true> <Delay = 2.32> <CoreInst = "RAM">   --->   Core 81 'RAM' <Latency = 1> <II = 1> <Delay = 2.32> <Storage> <Opcode : 'load' 'store'> <Ports = 2> <Width = 4> <Depth = 9> <RAM>
ST_5 : Operation 195 [2/2] (2.32ns)   --->   "%window_strb_load_2 = load i4 %window_strb_addr_5" [Sobel.cpp:25]   --->   Operation 195 'load' 'window_strb_load_2' <Predicate = true> <Delay = 2.32> <CoreInst = "RAM">   --->   Core 81 'RAM' <Latency = 1> <II = 1> <Delay = 2.32> <Storage> <Opcode : 'load' 'store'> <Ports = 2> <Width = 4> <Depth = 9> <RAM>
ST_5 : Operation 196 [2/2] (2.32ns)   --->   "%window_user_load_2 = load i4 %window_user_addr_5" [Sobel.cpp:25]   --->   Operation 196 'load' 'window_user_load_2' <Predicate = true> <Delay = 2.32> <CoreInst = "RAM">   --->   Core 81 'RAM' <Latency = 1> <II = 1> <Delay = 2.32> <Storage> <Opcode : 'load' 'store'> <Ports = 2> <Width = 2> <Depth = 9> <RAM>
ST_5 : Operation 197 [2/2] (2.32ns)   --->   "%window_last_load_2 = load i4 %window_last_addr_5" [Sobel.cpp:25]   --->   Operation 197 'load' 'window_last_load_2' <Predicate = true> <Delay = 2.32> <CoreInst = "RAM">   --->   Core 81 'RAM' <Latency = 1> <II = 1> <Delay = 2.32> <Storage> <Opcode : 'load' 'store'> <Ports = 2> <Width = 1> <Depth = 9> <RAM>
ST_5 : Operation 198 [2/2] (2.32ns)   --->   "%window_id_load_2 = load i4 %window_id_addr_5" [Sobel.cpp:25]   --->   Operation 198 'load' 'window_id_load_2' <Predicate = true> <Delay = 2.32> <CoreInst = "RAM">   --->   Core 81 'RAM' <Latency = 1> <II = 1> <Delay = 2.32> <Storage> <Opcode : 'load' 'store'> <Ports = 2> <Width = 5> <Depth = 9> <RAM>
ST_5 : Operation 199 [2/2] (2.32ns)   --->   "%window_dest_load_2 = load i4 %window_dest_addr_5" [Sobel.cpp:25]   --->   Operation 199 'load' 'window_dest_load_2' <Predicate = true> <Delay = 2.32> <CoreInst = "RAM">   --->   Core 81 'RAM' <Latency = 1> <II = 1> <Delay = 2.32> <Storage> <Opcode : 'load' 'store'> <Ports = 2> <Width = 6> <Depth = 9> <RAM>

State 6 <SV = 5> <Delay = 3.28>
ST_6 : Operation 200 [1/1] (2.55ns)   --->   "%icmp_ln19 = icmp_sgt  i32 %cols_read, i32 0" [Sobel.cpp:19]   --->   Operation 200 'icmp' 'icmp_ln19' <Predicate = true> <Delay = 2.55> <CoreInst = "Cmp">   --->   Core 9 'Cmp' <Latency = 0> <II = 1> <Delay = 2.55> <FuncUnit> <Opcode : 'seteq' 'setne' 'setle' 'setge' 'setlt' 'setgt'> <InPorts = 2> <OutPorts = 1>
ST_6 : Operation 201 [1/2] ( I:2.32ns O:2.32ns )   --->   "%window_keep_load_1 = load i4 %window_keep_addr_4" [Sobel.cpp:25]   --->   Operation 201 'load' 'window_keep_load_1' <Predicate = true> <Delay = 2.32> <CoreInst = "RAM">   --->   Core 81 'RAM' <Latency = 1> <II = 1> <Delay = 2.32> <Storage> <Opcode : 'load' 'store'> <Ports = 2> <Width = 4> <Depth = 9> <RAM>
ST_6 : Operation 202 [1/2] ( I:2.32ns O:2.32ns )   --->   "%window_strb_load_1 = load i4 %window_strb_addr_4" [Sobel.cpp:25]   --->   Operation 202 'load' 'window_strb_load_1' <Predicate = true> <Delay = 2.32> <CoreInst = "RAM">   --->   Core 81 'RAM' <Latency = 1> <II = 1> <Delay = 2.32> <Storage> <Opcode : 'load' 'store'> <Ports = 2> <Width = 4> <Depth = 9> <RAM>
ST_6 : Operation 203 [1/2] ( I:2.32ns O:2.32ns )   --->   "%window_user_load_1 = load i4 %window_user_addr_4" [Sobel.cpp:25]   --->   Operation 203 'load' 'window_user_load_1' <Predicate = true> <Delay = 2.32> <CoreInst = "RAM">   --->   Core 81 'RAM' <Latency = 1> <II = 1> <Delay = 2.32> <Storage> <Opcode : 'load' 'store'> <Ports = 2> <Width = 2> <Depth = 9> <RAM>
ST_6 : Operation 204 [1/2] ( I:2.32ns O:2.32ns )   --->   "%window_last_load_1 = load i4 %window_last_addr_4" [Sobel.cpp:25]   --->   Operation 204 'load' 'window_last_load_1' <Predicate = true> <Delay = 2.32> <CoreInst = "RAM">   --->   Core 81 'RAM' <Latency = 1> <II = 1> <Delay = 2.32> <Storage> <Opcode : 'load' 'store'> <Ports = 2> <Width = 1> <Depth = 9> <RAM>
ST_6 : Operation 205 [1/2] ( I:2.32ns O:2.32ns )   --->   "%window_id_load_1 = load i4 %window_id_addr_4" [Sobel.cpp:25]   --->   Operation 205 'load' 'window_id_load_1' <Predicate = true> <Delay = 2.32> <CoreInst = "RAM">   --->   Core 81 'RAM' <Latency = 1> <II = 1> <Delay = 2.32> <Storage> <Opcode : 'load' 'store'> <Ports = 2> <Width = 5> <Depth = 9> <RAM>
ST_6 : Operation 206 [1/2] ( I:2.32ns O:2.32ns )   --->   "%window_dest_load_1 = load i4 %window_dest_addr_4" [Sobel.cpp:25]   --->   Operation 206 'load' 'window_dest_load_1' <Predicate = true> <Delay = 2.32> <CoreInst = "RAM">   --->   Core 81 'RAM' <Latency = 1> <II = 1> <Delay = 2.32> <Storage> <Opcode : 'load' 'store'> <Ports = 2> <Width = 6> <Depth = 9> <RAM>
ST_6 : Operation 207 [1/2] ( I:2.32ns O:2.32ns )   --->   "%window_keep_load_2 = load i4 %window_keep_addr_5" [Sobel.cpp:25]   --->   Operation 207 'load' 'window_keep_load_2' <Predicate = true> <Delay = 2.32> <CoreInst = "RAM">   --->   Core 81 'RAM' <Latency = 1> <II = 1> <Delay = 2.32> <Storage> <Opcode : 'load' 'store'> <Ports = 2> <Width = 4> <Depth = 9> <RAM>
ST_6 : Operation 208 [1/2] ( I:2.32ns O:2.32ns )   --->   "%window_strb_load_2 = load i4 %window_strb_addr_5" [Sobel.cpp:25]   --->   Operation 208 'load' 'window_strb_load_2' <Predicate = true> <Delay = 2.32> <CoreInst = "RAM">   --->   Core 81 'RAM' <Latency = 1> <II = 1> <Delay = 2.32> <Storage> <Opcode : 'load' 'store'> <Ports = 2> <Width = 4> <Depth = 9> <RAM>
ST_6 : Operation 209 [1/2] ( I:2.32ns O:2.32ns )   --->   "%window_user_load_2 = load i4 %window_user_addr_5" [Sobel.cpp:25]   --->   Operation 209 'load' 'window_user_load_2' <Predicate = true> <Delay = 2.32> <CoreInst = "RAM">   --->   Core 81 'RAM' <Latency = 1> <II = 1> <Delay = 2.32> <Storage> <Opcode : 'load' 'store'> <Ports = 2> <Width = 2> <Depth = 9> <RAM>
ST_6 : Operation 210 [1/2] ( I:2.32ns O:2.32ns )   --->   "%window_last_load_2 = load i4 %window_last_addr_5" [Sobel.cpp:25]   --->   Operation 210 'load' 'window_last_load_2' <Predicate = true> <Delay = 2.32> <CoreInst = "RAM">   --->   Core 81 'RAM' <Latency = 1> <II = 1> <Delay = 2.32> <Storage> <Opcode : 'load' 'store'> <Ports = 2> <Width = 1> <Depth = 9> <RAM>
ST_6 : Operation 211 [1/2] ( I:2.32ns O:2.32ns )   --->   "%window_id_load_2 = load i4 %window_id_addr_5" [Sobel.cpp:25]   --->   Operation 211 'load' 'window_id_load_2' <Predicate = true> <Delay = 2.32> <CoreInst = "RAM">   --->   Core 81 'RAM' <Latency = 1> <II = 1> <Delay = 2.32> <Storage> <Opcode : 'load' 'store'> <Ports = 2> <Width = 5> <Depth = 9> <RAM>
ST_6 : Operation 212 [1/2] ( I:2.32ns O:2.32ns )   --->   "%window_dest_load_2 = load i4 %window_dest_addr_5" [Sobel.cpp:25]   --->   Operation 212 'load' 'window_dest_load_2' <Predicate = true> <Delay = 2.32> <CoreInst = "RAM">   --->   Core 81 'RAM' <Latency = 1> <II = 1> <Delay = 2.32> <Storage> <Opcode : 'load' 'store'> <Ports = 2> <Width = 6> <Depth = 9> <RAM>
ST_6 : Operation 213 [2/2] (2.32ns)   --->   "%window_keep_load_3 = load i4 %window_keep_addr_6" [Sobel.cpp:25]   --->   Operation 213 'load' 'window_keep_load_3' <Predicate = true> <Delay = 2.32> <CoreInst = "RAM">   --->   Core 81 'RAM' <Latency = 1> <II = 1> <Delay = 2.32> <Storage> <Opcode : 'load' 'store'> <Ports = 2> <Width = 4> <Depth = 9> <RAM>
ST_6 : Operation 214 [2/2] (2.32ns)   --->   "%window_strb_load_3 = load i4 %window_strb_addr_6" [Sobel.cpp:25]   --->   Operation 214 'load' 'window_strb_load_3' <Predicate = true> <Delay = 2.32> <CoreInst = "RAM">   --->   Core 81 'RAM' <Latency = 1> <II = 1> <Delay = 2.32> <Storage> <Opcode : 'load' 'store'> <Ports = 2> <Width = 4> <Depth = 9> <RAM>
ST_6 : Operation 215 [2/2] (2.32ns)   --->   "%window_user_load_3 = load i4 %window_user_addr_6" [Sobel.cpp:25]   --->   Operation 215 'load' 'window_user_load_3' <Predicate = true> <Delay = 2.32> <CoreInst = "RAM">   --->   Core 81 'RAM' <Latency = 1> <II = 1> <Delay = 2.32> <Storage> <Opcode : 'load' 'store'> <Ports = 2> <Width = 2> <Depth = 9> <RAM>
ST_6 : Operation 216 [2/2] (2.32ns)   --->   "%window_last_load_3 = load i4 %window_last_addr_6" [Sobel.cpp:25]   --->   Operation 216 'load' 'window_last_load_3' <Predicate = true> <Delay = 2.32> <CoreInst = "RAM">   --->   Core 81 'RAM' <Latency = 1> <II = 1> <Delay = 2.32> <Storage> <Opcode : 'load' 'store'> <Ports = 2> <Width = 1> <Depth = 9> <RAM>
ST_6 : Operation 217 [2/2] (2.32ns)   --->   "%window_id_load_3 = load i4 %window_id_addr_6" [Sobel.cpp:25]   --->   Operation 217 'load' 'window_id_load_3' <Predicate = true> <Delay = 2.32> <CoreInst = "RAM">   --->   Core 81 'RAM' <Latency = 1> <II = 1> <Delay = 2.32> <Storage> <Opcode : 'load' 'store'> <Ports = 2> <Width = 5> <Depth = 9> <RAM>
ST_6 : Operation 218 [2/2] (2.32ns)   --->   "%window_dest_load_3 = load i4 %window_dest_addr_6" [Sobel.cpp:25]   --->   Operation 218 'load' 'window_dest_load_3' <Predicate = true> <Delay = 2.32> <CoreInst = "RAM">   --->   Core 81 'RAM' <Latency = 1> <II = 1> <Delay = 2.32> <Storage> <Opcode : 'load' 'store'> <Ports = 2> <Width = 6> <Depth = 9> <RAM>
ST_6 : Operation 219 [2/2] (2.32ns)   --->   "%window_keep_load_4 = load i4 %window_keep_addr_7" [Sobel.cpp:25]   --->   Operation 219 'load' 'window_keep_load_4' <Predicate = true> <Delay = 2.32> <CoreInst = "RAM">   --->   Core 81 'RAM' <Latency = 1> <II = 1> <Delay = 2.32> <Storage> <Opcode : 'load' 'store'> <Ports = 2> <Width = 4> <Depth = 9> <RAM>
ST_6 : Operation 220 [2/2] (2.32ns)   --->   "%window_strb_load_4 = load i4 %window_strb_addr_7" [Sobel.cpp:25]   --->   Operation 220 'load' 'window_strb_load_4' <Predicate = true> <Delay = 2.32> <CoreInst = "RAM">   --->   Core 81 'RAM' <Latency = 1> <II = 1> <Delay = 2.32> <Storage> <Opcode : 'load' 'store'> <Ports = 2> <Width = 4> <Depth = 9> <RAM>
ST_6 : Operation 221 [2/2] (2.32ns)   --->   "%window_user_load_4 = load i4 %window_user_addr_7" [Sobel.cpp:25]   --->   Operation 221 'load' 'window_user_load_4' <Predicate = true> <Delay = 2.32> <CoreInst = "RAM">   --->   Core 81 'RAM' <Latency = 1> <II = 1> <Delay = 2.32> <Storage> <Opcode : 'load' 'store'> <Ports = 2> <Width = 2> <Depth = 9> <RAM>
ST_6 : Operation 222 [2/2] (2.32ns)   --->   "%window_last_load_4 = load i4 %window_last_addr_7" [Sobel.cpp:25]   --->   Operation 222 'load' 'window_last_load_4' <Predicate = true> <Delay = 2.32> <CoreInst = "RAM">   --->   Core 81 'RAM' <Latency = 1> <II = 1> <Delay = 2.32> <Storage> <Opcode : 'load' 'store'> <Ports = 2> <Width = 1> <Depth = 9> <RAM>
ST_6 : Operation 223 [2/2] (2.32ns)   --->   "%window_id_load_4 = load i4 %window_id_addr_7" [Sobel.cpp:25]   --->   Operation 223 'load' 'window_id_load_4' <Predicate = true> <Delay = 2.32> <CoreInst = "RAM">   --->   Core 81 'RAM' <Latency = 1> <II = 1> <Delay = 2.32> <Storage> <Opcode : 'load' 'store'> <Ports = 2> <Width = 5> <Depth = 9> <RAM>
ST_6 : Operation 224 [2/2] (2.32ns)   --->   "%window_dest_load_4 = load i4 %window_dest_addr_7" [Sobel.cpp:25]   --->   Operation 224 'load' 'window_dest_load_4' <Predicate = true> <Delay = 2.32> <CoreInst = "RAM">   --->   Core 81 'RAM' <Latency = 1> <II = 1> <Delay = 2.32> <Storage> <Opcode : 'load' 'store'> <Ports = 2> <Width = 6> <Depth = 9> <RAM>
ST_6 : Operation 225 [1/1] (0.73ns)   --->   "%smax = select i1 %icmp_ln19, i31 %empty_15, i31 0" [Sobel.cpp:19]   --->   Operation 225 'select' 'smax' <Predicate = true> <Delay = 0.73> <CoreInst = "Sel">   --->   Core 73 'Sel' <Latency = 0> <II = 1> <Delay = 0.73> <FuncUnit> <Opcode : 'select'> <InPorts = 3> <OutPorts = 1>
ST_6 : Operation 226 [1/1] (0.73ns)   --->   "%smax1 = select i1 %empty_16, i31 %empty, i31 0"   --->   Operation 226 'select' 'smax1' <Predicate = true> <Delay = 0.73> <CoreInst = "Sel">   --->   Core 73 'Sel' <Latency = 0> <II = 1> <Delay = 0.73> <FuncUnit> <Opcode : 'select'> <InPorts = 3> <OutPorts = 1>

State 7 <SV = 6> <Delay = 6.91>
ST_7 : Operation 227 [1/2] ( I:2.32ns O:2.32ns )   --->   "%window_keep_load_3 = load i4 %window_keep_addr_6" [Sobel.cpp:25]   --->   Operation 227 'load' 'window_keep_load_3' <Predicate = true> <Delay = 2.32> <CoreInst = "RAM">   --->   Core 81 'RAM' <Latency = 1> <II = 1> <Delay = 2.32> <Storage> <Opcode : 'load' 'store'> <Ports = 2> <Width = 4> <Depth = 9> <RAM>
ST_7 : Operation 228 [1/2] ( I:2.32ns O:2.32ns )   --->   "%window_strb_load_3 = load i4 %window_strb_addr_6" [Sobel.cpp:25]   --->   Operation 228 'load' 'window_strb_load_3' <Predicate = true> <Delay = 2.32> <CoreInst = "RAM">   --->   Core 81 'RAM' <Latency = 1> <II = 1> <Delay = 2.32> <Storage> <Opcode : 'load' 'store'> <Ports = 2> <Width = 4> <Depth = 9> <RAM>
ST_7 : Operation 229 [1/2] ( I:2.32ns O:2.32ns )   --->   "%window_user_load_3 = load i4 %window_user_addr_6" [Sobel.cpp:25]   --->   Operation 229 'load' 'window_user_load_3' <Predicate = true> <Delay = 2.32> <CoreInst = "RAM">   --->   Core 81 'RAM' <Latency = 1> <II = 1> <Delay = 2.32> <Storage> <Opcode : 'load' 'store'> <Ports = 2> <Width = 2> <Depth = 9> <RAM>
ST_7 : Operation 230 [1/2] ( I:2.32ns O:2.32ns )   --->   "%window_last_load_3 = load i4 %window_last_addr_6" [Sobel.cpp:25]   --->   Operation 230 'load' 'window_last_load_3' <Predicate = true> <Delay = 2.32> <CoreInst = "RAM">   --->   Core 81 'RAM' <Latency = 1> <II = 1> <Delay = 2.32> <Storage> <Opcode : 'load' 'store'> <Ports = 2> <Width = 1> <Depth = 9> <RAM>
ST_7 : Operation 231 [1/2] ( I:2.32ns O:2.32ns )   --->   "%window_id_load_3 = load i4 %window_id_addr_6" [Sobel.cpp:25]   --->   Operation 231 'load' 'window_id_load_3' <Predicate = true> <Delay = 2.32> <CoreInst = "RAM">   --->   Core 81 'RAM' <Latency = 1> <II = 1> <Delay = 2.32> <Storage> <Opcode : 'load' 'store'> <Ports = 2> <Width = 5> <Depth = 9> <RAM>
ST_7 : Operation 232 [1/2] ( I:2.32ns O:2.32ns )   --->   "%window_dest_load_3 = load i4 %window_dest_addr_6" [Sobel.cpp:25]   --->   Operation 232 'load' 'window_dest_load_3' <Predicate = true> <Delay = 2.32> <CoreInst = "RAM">   --->   Core 81 'RAM' <Latency = 1> <II = 1> <Delay = 2.32> <Storage> <Opcode : 'load' 'store'> <Ports = 2> <Width = 6> <Depth = 9> <RAM>
ST_7 : Operation 233 [1/2] ( I:2.32ns O:2.32ns )   --->   "%window_keep_load_4 = load i4 %window_keep_addr_7" [Sobel.cpp:25]   --->   Operation 233 'load' 'window_keep_load_4' <Predicate = true> <Delay = 2.32> <CoreInst = "RAM">   --->   Core 81 'RAM' <Latency = 1> <II = 1> <Delay = 2.32> <Storage> <Opcode : 'load' 'store'> <Ports = 2> <Width = 4> <Depth = 9> <RAM>
ST_7 : Operation 234 [1/2] ( I:2.32ns O:2.32ns )   --->   "%window_strb_load_4 = load i4 %window_strb_addr_7" [Sobel.cpp:25]   --->   Operation 234 'load' 'window_strb_load_4' <Predicate = true> <Delay = 2.32> <CoreInst = "RAM">   --->   Core 81 'RAM' <Latency = 1> <II = 1> <Delay = 2.32> <Storage> <Opcode : 'load' 'store'> <Ports = 2> <Width = 4> <Depth = 9> <RAM>
ST_7 : Operation 235 [1/2] ( I:2.32ns O:2.32ns )   --->   "%window_user_load_4 = load i4 %window_user_addr_7" [Sobel.cpp:25]   --->   Operation 235 'load' 'window_user_load_4' <Predicate = true> <Delay = 2.32> <CoreInst = "RAM">   --->   Core 81 'RAM' <Latency = 1> <II = 1> <Delay = 2.32> <Storage> <Opcode : 'load' 'store'> <Ports = 2> <Width = 2> <Depth = 9> <RAM>
ST_7 : Operation 236 [1/2] ( I:2.32ns O:2.32ns )   --->   "%window_last_load_4 = load i4 %window_last_addr_7" [Sobel.cpp:25]   --->   Operation 236 'load' 'window_last_load_4' <Predicate = true> <Delay = 2.32> <CoreInst = "RAM">   --->   Core 81 'RAM' <Latency = 1> <II = 1> <Delay = 2.32> <Storage> <Opcode : 'load' 'store'> <Ports = 2> <Width = 1> <Depth = 9> <RAM>
ST_7 : Operation 237 [1/2] ( I:2.32ns O:2.32ns )   --->   "%window_id_load_4 = load i4 %window_id_addr_7" [Sobel.cpp:25]   --->   Operation 237 'load' 'window_id_load_4' <Predicate = true> <Delay = 2.32> <CoreInst = "RAM">   --->   Core 81 'RAM' <Latency = 1> <II = 1> <Delay = 2.32> <Storage> <Opcode : 'load' 'store'> <Ports = 2> <Width = 5> <Depth = 9> <RAM>
ST_7 : Operation 238 [1/2] ( I:2.32ns O:2.32ns )   --->   "%window_dest_load_4 = load i4 %window_dest_addr_7" [Sobel.cpp:25]   --->   Operation 238 'load' 'window_dest_load_4' <Predicate = true> <Delay = 2.32> <CoreInst = "RAM">   --->   Core 81 'RAM' <Latency = 1> <II = 1> <Delay = 2.32> <Storage> <Opcode : 'load' 'store'> <Ports = 2> <Width = 6> <Depth = 9> <RAM>
ST_7 : Operation 239 [2/2] (2.32ns)   --->   "%window_keep_load_5 = load i4 %window_keep_addr_8" [Sobel.cpp:25]   --->   Operation 239 'load' 'window_keep_load_5' <Predicate = true> <Delay = 2.32> <CoreInst = "RAM">   --->   Core 81 'RAM' <Latency = 1> <II = 1> <Delay = 2.32> <Storage> <Opcode : 'load' 'store'> <Ports = 2> <Width = 4> <Depth = 9> <RAM>
ST_7 : Operation 240 [2/2] (2.32ns)   --->   "%window_strb_load_5 = load i4 %window_strb_addr_8" [Sobel.cpp:25]   --->   Operation 240 'load' 'window_strb_load_5' <Predicate = true> <Delay = 2.32> <CoreInst = "RAM">   --->   Core 81 'RAM' <Latency = 1> <II = 1> <Delay = 2.32> <Storage> <Opcode : 'load' 'store'> <Ports = 2> <Width = 4> <Depth = 9> <RAM>
ST_7 : Operation 241 [2/2] (2.32ns)   --->   "%window_user_load_5 = load i4 %window_user_addr_8" [Sobel.cpp:25]   --->   Operation 241 'load' 'window_user_load_5' <Predicate = true> <Delay = 2.32> <CoreInst = "RAM">   --->   Core 81 'RAM' <Latency = 1> <II = 1> <Delay = 2.32> <Storage> <Opcode : 'load' 'store'> <Ports = 2> <Width = 2> <Depth = 9> <RAM>
ST_7 : Operation 242 [2/2] (2.32ns)   --->   "%window_last_load_5 = load i4 %window_last_addr_8" [Sobel.cpp:25]   --->   Operation 242 'load' 'window_last_load_5' <Predicate = true> <Delay = 2.32> <CoreInst = "RAM">   --->   Core 81 'RAM' <Latency = 1> <II = 1> <Delay = 2.32> <Storage> <Opcode : 'load' 'store'> <Ports = 2> <Width = 1> <Depth = 9> <RAM>
ST_7 : Operation 243 [2/2] (2.32ns)   --->   "%window_id_load_5 = load i4 %window_id_addr_8" [Sobel.cpp:25]   --->   Operation 243 'load' 'window_id_load_5' <Predicate = true> <Delay = 2.32> <CoreInst = "RAM">   --->   Core 81 'RAM' <Latency = 1> <II = 1> <Delay = 2.32> <Storage> <Opcode : 'load' 'store'> <Ports = 2> <Width = 5> <Depth = 9> <RAM>
ST_7 : Operation 244 [2/2] (2.32ns)   --->   "%window_dest_load_5 = load i4 %window_dest_addr_8" [Sobel.cpp:25]   --->   Operation 244 'load' 'window_dest_load_5' <Predicate = true> <Delay = 2.32> <CoreInst = "RAM">   --->   Core 81 'RAM' <Latency = 1> <II = 1> <Delay = 2.32> <Storage> <Opcode : 'load' 'store'> <Ports = 2> <Width = 6> <Depth = 9> <RAM>
ST_7 : Operation 245 [2/2] (2.32ns)   --->   "%window_keep_load_6 = load i4 %window_keep_addr_1" [Sobel.cpp:25]   --->   Operation 245 'load' 'window_keep_load_6' <Predicate = true> <Delay = 2.32> <CoreInst = "RAM">   --->   Core 81 'RAM' <Latency = 1> <II = 1> <Delay = 2.32> <Storage> <Opcode : 'load' 'store'> <Ports = 2> <Width = 4> <Depth = 9> <RAM>
ST_7 : Operation 246 [2/2] (2.32ns)   --->   "%window_strb_load_6 = load i4 %window_strb_addr_1" [Sobel.cpp:25]   --->   Operation 246 'load' 'window_strb_load_6' <Predicate = true> <Delay = 2.32> <CoreInst = "RAM">   --->   Core 81 'RAM' <Latency = 1> <II = 1> <Delay = 2.32> <Storage> <Opcode : 'load' 'store'> <Ports = 2> <Width = 4> <Depth = 9> <RAM>
ST_7 : Operation 247 [2/2] (2.32ns)   --->   "%window_user_load_6 = load i4 %window_user_addr_1" [Sobel.cpp:25]   --->   Operation 247 'load' 'window_user_load_6' <Predicate = true> <Delay = 2.32> <CoreInst = "RAM">   --->   Core 81 'RAM' <Latency = 1> <II = 1> <Delay = 2.32> <Storage> <Opcode : 'load' 'store'> <Ports = 2> <Width = 2> <Depth = 9> <RAM>
ST_7 : Operation 248 [2/2] (2.32ns)   --->   "%window_last_load_6 = load i4 %window_last_addr_1" [Sobel.cpp:25]   --->   Operation 248 'load' 'window_last_load_6' <Predicate = true> <Delay = 2.32> <CoreInst = "RAM">   --->   Core 81 'RAM' <Latency = 1> <II = 1> <Delay = 2.32> <Storage> <Opcode : 'load' 'store'> <Ports = 2> <Width = 1> <Depth = 9> <RAM>
ST_7 : Operation 249 [2/2] (2.32ns)   --->   "%window_id_load_6 = load i4 %window_id_addr_1" [Sobel.cpp:25]   --->   Operation 249 'load' 'window_id_load_6' <Predicate = true> <Delay = 2.32> <CoreInst = "RAM">   --->   Core 81 'RAM' <Latency = 1> <II = 1> <Delay = 2.32> <Storage> <Opcode : 'load' 'store'> <Ports = 2> <Width = 5> <Depth = 9> <RAM>
ST_7 : Operation 250 [2/2] (2.32ns)   --->   "%window_dest_load_6 = load i4 %window_dest_addr_1" [Sobel.cpp:25]   --->   Operation 250 'load' 'window_dest_load_6' <Predicate = true> <Delay = 2.32> <CoreInst = "RAM">   --->   Core 81 'RAM' <Latency = 1> <II = 1> <Delay = 2.32> <Storage> <Opcode : 'load' 'store'> <Ports = 2> <Width = 6> <Depth = 9> <RAM>
ST_7 : Operation 251 [1/1] (0.00ns)   --->   "%zext_ln28 = zext i31 %smax1" [Sobel.cpp:28]   --->   Operation 251 'zext' 'zext_ln28' <Predicate = true> <Delay = 0.00>
ST_7 : Operation 252 [1/1] (0.00ns)   --->   "%zext_ln28_1 = zext i31 %smax" [Sobel.cpp:28]   --->   Operation 252 'zext' 'zext_ln28_1' <Predicate = true> <Delay = 0.00>
ST_7 : Operation 253 [2/2] (6.91ns)   --->   "%mul_ln28 = mul i62 %zext_ln28, i62 %zext_ln28_1" [Sobel.cpp:28]   --->   Operation 253 'mul' 'mul_ln28' <Predicate = true> <Delay = 6.91> <CoreInst = "Multiplier">   --->   Core 3 'Multiplier' <Latency = 1> <II = 1> <Delay = 6.91> <FuncUnit> <Opcode : 'mul'> <InPorts = 2> <OutPorts = 1>

State 8 <SV = 7> <Delay = 6.91>
ST_8 : Operation 254 [1/2] ( I:2.32ns O:2.32ns )   --->   "%window_keep_load_5 = load i4 %window_keep_addr_8" [Sobel.cpp:25]   --->   Operation 254 'load' 'window_keep_load_5' <Predicate = true> <Delay = 2.32> <CoreInst = "RAM">   --->   Core 81 'RAM' <Latency = 1> <II = 1> <Delay = 2.32> <Storage> <Opcode : 'load' 'store'> <Ports = 2> <Width = 4> <Depth = 9> <RAM>
ST_8 : Operation 255 [1/2] ( I:2.32ns O:2.32ns )   --->   "%window_strb_load_5 = load i4 %window_strb_addr_8" [Sobel.cpp:25]   --->   Operation 255 'load' 'window_strb_load_5' <Predicate = true> <Delay = 2.32> <CoreInst = "RAM">   --->   Core 81 'RAM' <Latency = 1> <II = 1> <Delay = 2.32> <Storage> <Opcode : 'load' 'store'> <Ports = 2> <Width = 4> <Depth = 9> <RAM>
ST_8 : Operation 256 [1/2] ( I:2.32ns O:2.32ns )   --->   "%window_user_load_5 = load i4 %window_user_addr_8" [Sobel.cpp:25]   --->   Operation 256 'load' 'window_user_load_5' <Predicate = true> <Delay = 2.32> <CoreInst = "RAM">   --->   Core 81 'RAM' <Latency = 1> <II = 1> <Delay = 2.32> <Storage> <Opcode : 'load' 'store'> <Ports = 2> <Width = 2> <Depth = 9> <RAM>
ST_8 : Operation 257 [1/2] ( I:2.32ns O:2.32ns )   --->   "%window_last_load_5 = load i4 %window_last_addr_8" [Sobel.cpp:25]   --->   Operation 257 'load' 'window_last_load_5' <Predicate = true> <Delay = 2.32> <CoreInst = "RAM">   --->   Core 81 'RAM' <Latency = 1> <II = 1> <Delay = 2.32> <Storage> <Opcode : 'load' 'store'> <Ports = 2> <Width = 1> <Depth = 9> <RAM>
ST_8 : Operation 258 [1/2] ( I:2.32ns O:2.32ns )   --->   "%window_id_load_5 = load i4 %window_id_addr_8" [Sobel.cpp:25]   --->   Operation 258 'load' 'window_id_load_5' <Predicate = true> <Delay = 2.32> <CoreInst = "RAM">   --->   Core 81 'RAM' <Latency = 1> <II = 1> <Delay = 2.32> <Storage> <Opcode : 'load' 'store'> <Ports = 2> <Width = 5> <Depth = 9> <RAM>
ST_8 : Operation 259 [1/2] ( I:2.32ns O:2.32ns )   --->   "%window_dest_load_5 = load i4 %window_dest_addr_8" [Sobel.cpp:25]   --->   Operation 259 'load' 'window_dest_load_5' <Predicate = true> <Delay = 2.32> <CoreInst = "RAM">   --->   Core 81 'RAM' <Latency = 1> <II = 1> <Delay = 2.32> <Storage> <Opcode : 'load' 'store'> <Ports = 2> <Width = 6> <Depth = 9> <RAM>
ST_8 : Operation 260 [1/2] ( I:2.32ns O:2.32ns )   --->   "%window_keep_load_6 = load i4 %window_keep_addr_1" [Sobel.cpp:25]   --->   Operation 260 'load' 'window_keep_load_6' <Predicate = true> <Delay = 2.32> <CoreInst = "RAM">   --->   Core 81 'RAM' <Latency = 1> <II = 1> <Delay = 2.32> <Storage> <Opcode : 'load' 'store'> <Ports = 2> <Width = 4> <Depth = 9> <RAM>
ST_8 : Operation 261 [1/2] ( I:2.32ns O:2.32ns )   --->   "%window_strb_load_6 = load i4 %window_strb_addr_1" [Sobel.cpp:25]   --->   Operation 261 'load' 'window_strb_load_6' <Predicate = true> <Delay = 2.32> <CoreInst = "RAM">   --->   Core 81 'RAM' <Latency = 1> <II = 1> <Delay = 2.32> <Storage> <Opcode : 'load' 'store'> <Ports = 2> <Width = 4> <Depth = 9> <RAM>
ST_8 : Operation 262 [1/2] ( I:2.32ns O:2.32ns )   --->   "%window_user_load_6 = load i4 %window_user_addr_1" [Sobel.cpp:25]   --->   Operation 262 'load' 'window_user_load_6' <Predicate = true> <Delay = 2.32> <CoreInst = "RAM">   --->   Core 81 'RAM' <Latency = 1> <II = 1> <Delay = 2.32> <Storage> <Opcode : 'load' 'store'> <Ports = 2> <Width = 2> <Depth = 9> <RAM>
ST_8 : Operation 263 [1/2] ( I:2.32ns O:2.32ns )   --->   "%window_last_load_6 = load i4 %window_last_addr_1" [Sobel.cpp:25]   --->   Operation 263 'load' 'window_last_load_6' <Predicate = true> <Delay = 2.32> <CoreInst = "RAM">   --->   Core 81 'RAM' <Latency = 1> <II = 1> <Delay = 2.32> <Storage> <Opcode : 'load' 'store'> <Ports = 2> <Width = 1> <Depth = 9> <RAM>
ST_8 : Operation 264 [1/2] ( I:2.32ns O:2.32ns )   --->   "%window_id_load_6 = load i4 %window_id_addr_1" [Sobel.cpp:25]   --->   Operation 264 'load' 'window_id_load_6' <Predicate = true> <Delay = 2.32> <CoreInst = "RAM">   --->   Core 81 'RAM' <Latency = 1> <II = 1> <Delay = 2.32> <Storage> <Opcode : 'load' 'store'> <Ports = 2> <Width = 5> <Depth = 9> <RAM>
ST_8 : Operation 265 [1/2] ( I:2.32ns O:2.32ns )   --->   "%window_dest_load_6 = load i4 %window_dest_addr_1" [Sobel.cpp:25]   --->   Operation 265 'load' 'window_dest_load_6' <Predicate = true> <Delay = 2.32> <CoreInst = "RAM">   --->   Core 81 'RAM' <Latency = 1> <II = 1> <Delay = 2.32> <Storage> <Opcode : 'load' 'store'> <Ports = 2> <Width = 6> <Depth = 9> <RAM>
ST_8 : Operation 266 [2/2] (2.32ns)   --->   "%window_keep_load_7 = load i4 %window_keep_addr" [Sobel.cpp:25]   --->   Operation 266 'load' 'window_keep_load_7' <Predicate = true> <Delay = 2.32> <CoreInst = "RAM">   --->   Core 81 'RAM' <Latency = 1> <II = 1> <Delay = 2.32> <Storage> <Opcode : 'load' 'store'> <Ports = 2> <Width = 4> <Depth = 9> <RAM>
ST_8 : Operation 267 [2/2] (2.32ns)   --->   "%window_strb_load_7 = load i4 %window_strb_addr" [Sobel.cpp:25]   --->   Operation 267 'load' 'window_strb_load_7' <Predicate = true> <Delay = 2.32> <CoreInst = "RAM">   --->   Core 81 'RAM' <Latency = 1> <II = 1> <Delay = 2.32> <Storage> <Opcode : 'load' 'store'> <Ports = 2> <Width = 4> <Depth = 9> <RAM>
ST_8 : Operation 268 [2/2] (2.32ns)   --->   "%window_user_load_7 = load i4 %window_user_addr" [Sobel.cpp:25]   --->   Operation 268 'load' 'window_user_load_7' <Predicate = true> <Delay = 2.32> <CoreInst = "RAM">   --->   Core 81 'RAM' <Latency = 1> <II = 1> <Delay = 2.32> <Storage> <Opcode : 'load' 'store'> <Ports = 2> <Width = 2> <Depth = 9> <RAM>
ST_8 : Operation 269 [2/2] (2.32ns)   --->   "%window_last_load_7 = load i4 %window_last_addr" [Sobel.cpp:25]   --->   Operation 269 'load' 'window_last_load_7' <Predicate = true> <Delay = 2.32> <CoreInst = "RAM">   --->   Core 81 'RAM' <Latency = 1> <II = 1> <Delay = 2.32> <Storage> <Opcode : 'load' 'store'> <Ports = 2> <Width = 1> <Depth = 9> <RAM>
ST_8 : Operation 270 [2/2] (2.32ns)   --->   "%window_id_load_7 = load i4 %window_id_addr" [Sobel.cpp:25]   --->   Operation 270 'load' 'window_id_load_7' <Predicate = true> <Delay = 2.32> <CoreInst = "RAM">   --->   Core 81 'RAM' <Latency = 1> <II = 1> <Delay = 2.32> <Storage> <Opcode : 'load' 'store'> <Ports = 2> <Width = 5> <Depth = 9> <RAM>
ST_8 : Operation 271 [2/2] (2.32ns)   --->   "%window_dest_load_7 = load i4 %window_dest_addr" [Sobel.cpp:25]   --->   Operation 271 'load' 'window_dest_load_7' <Predicate = true> <Delay = 2.32> <CoreInst = "RAM">   --->   Core 81 'RAM' <Latency = 1> <II = 1> <Delay = 2.32> <Storage> <Opcode : 'load' 'store'> <Ports = 2> <Width = 6> <Depth = 9> <RAM>
ST_8 : Operation 272 [2/2] (2.32ns)   --->   "%window_keep_load_8 = load i4 %window_keep_addr_2" [Sobel.cpp:25]   --->   Operation 272 'load' 'window_keep_load_8' <Predicate = true> <Delay = 2.32> <CoreInst = "RAM">   --->   Core 81 'RAM' <Latency = 1> <II = 1> <Delay = 2.32> <Storage> <Opcode : 'load' 'store'> <Ports = 2> <Width = 4> <Depth = 9> <RAM>
ST_8 : Operation 273 [2/2] (2.32ns)   --->   "%window_strb_load_8 = load i4 %window_strb_addr_2" [Sobel.cpp:25]   --->   Operation 273 'load' 'window_strb_load_8' <Predicate = true> <Delay = 2.32> <CoreInst = "RAM">   --->   Core 81 'RAM' <Latency = 1> <II = 1> <Delay = 2.32> <Storage> <Opcode : 'load' 'store'> <Ports = 2> <Width = 4> <Depth = 9> <RAM>
ST_8 : Operation 274 [2/2] (2.32ns)   --->   "%window_user_load_8 = load i4 %window_user_addr_2" [Sobel.cpp:25]   --->   Operation 274 'load' 'window_user_load_8' <Predicate = true> <Delay = 2.32> <CoreInst = "RAM">   --->   Core 81 'RAM' <Latency = 1> <II = 1> <Delay = 2.32> <Storage> <Opcode : 'load' 'store'> <Ports = 2> <Width = 2> <Depth = 9> <RAM>
ST_8 : Operation 275 [2/2] (2.32ns)   --->   "%window_last_load_8 = load i4 %window_last_addr_2" [Sobel.cpp:25]   --->   Operation 275 'load' 'window_last_load_8' <Predicate = true> <Delay = 2.32> <CoreInst = "RAM">   --->   Core 81 'RAM' <Latency = 1> <II = 1> <Delay = 2.32> <Storage> <Opcode : 'load' 'store'> <Ports = 2> <Width = 1> <Depth = 9> <RAM>
ST_8 : Operation 276 [2/2] (2.32ns)   --->   "%window_id_load_8 = load i4 %window_id_addr_2" [Sobel.cpp:25]   --->   Operation 276 'load' 'window_id_load_8' <Predicate = true> <Delay = 2.32> <CoreInst = "RAM">   --->   Core 81 'RAM' <Latency = 1> <II = 1> <Delay = 2.32> <Storage> <Opcode : 'load' 'store'> <Ports = 2> <Width = 5> <Depth = 9> <RAM>
ST_8 : Operation 277 [2/2] (2.32ns)   --->   "%window_dest_load_8 = load i4 %window_dest_addr_2" [Sobel.cpp:25]   --->   Operation 277 'load' 'window_dest_load_8' <Predicate = true> <Delay = 2.32> <CoreInst = "RAM">   --->   Core 81 'RAM' <Latency = 1> <II = 1> <Delay = 2.32> <Storage> <Opcode : 'load' 'store'> <Ports = 2> <Width = 6> <Depth = 9> <RAM>
ST_8 : Operation 278 [1/2] (6.91ns)   --->   "%mul_ln28 = mul i62 %zext_ln28, i62 %zext_ln28_1" [Sobel.cpp:28]   --->   Operation 278 'mul' 'mul_ln28' <Predicate = true> <Delay = 6.91> <CoreInst = "Multiplier">   --->   Core 3 'Multiplier' <Latency = 1> <II = 1> <Delay = 6.91> <FuncUnit> <Opcode : 'mul'> <InPorts = 2> <OutPorts = 1>

State 9 <SV = 8> <Delay = 4.87>
ST_9 : Operation 279 [1/2] ( I:2.32ns O:2.32ns )   --->   "%window_keep_load_7 = load i4 %window_keep_addr" [Sobel.cpp:25]   --->   Operation 279 'load' 'window_keep_load_7' <Predicate = true> <Delay = 2.32> <CoreInst = "RAM">   --->   Core 81 'RAM' <Latency = 1> <II = 1> <Delay = 2.32> <Storage> <Opcode : 'load' 'store'> <Ports = 2> <Width = 4> <Depth = 9> <RAM>
ST_9 : Operation 280 [1/2] ( I:2.32ns O:2.32ns )   --->   "%window_strb_load_7 = load i4 %window_strb_addr" [Sobel.cpp:25]   --->   Operation 280 'load' 'window_strb_load_7' <Predicate = true> <Delay = 2.32> <CoreInst = "RAM">   --->   Core 81 'RAM' <Latency = 1> <II = 1> <Delay = 2.32> <Storage> <Opcode : 'load' 'store'> <Ports = 2> <Width = 4> <Depth = 9> <RAM>
ST_9 : Operation 281 [1/2] ( I:2.32ns O:2.32ns )   --->   "%window_user_load_7 = load i4 %window_user_addr" [Sobel.cpp:25]   --->   Operation 281 'load' 'window_user_load_7' <Predicate = true> <Delay = 2.32> <CoreInst = "RAM">   --->   Core 81 'RAM' <Latency = 1> <II = 1> <Delay = 2.32> <Storage> <Opcode : 'load' 'store'> <Ports = 2> <Width = 2> <Depth = 9> <RAM>
ST_9 : Operation 282 [1/2] ( I:2.32ns O:2.32ns )   --->   "%window_last_load_7 = load i4 %window_last_addr" [Sobel.cpp:25]   --->   Operation 282 'load' 'window_last_load_7' <Predicate = true> <Delay = 2.32> <CoreInst = "RAM">   --->   Core 81 'RAM' <Latency = 1> <II = 1> <Delay = 2.32> <Storage> <Opcode : 'load' 'store'> <Ports = 2> <Width = 1> <Depth = 9> <RAM>
ST_9 : Operation 283 [1/2] ( I:2.32ns O:2.32ns )   --->   "%window_id_load_7 = load i4 %window_id_addr" [Sobel.cpp:25]   --->   Operation 283 'load' 'window_id_load_7' <Predicate = true> <Delay = 2.32> <CoreInst = "RAM">   --->   Core 81 'RAM' <Latency = 1> <II = 1> <Delay = 2.32> <Storage> <Opcode : 'load' 'store'> <Ports = 2> <Width = 5> <Depth = 9> <RAM>
ST_9 : Operation 284 [1/2] ( I:2.32ns O:2.32ns )   --->   "%window_dest_load_7 = load i4 %window_dest_addr" [Sobel.cpp:25]   --->   Operation 284 'load' 'window_dest_load_7' <Predicate = true> <Delay = 2.32> <CoreInst = "RAM">   --->   Core 81 'RAM' <Latency = 1> <II = 1> <Delay = 2.32> <Storage> <Opcode : 'load' 'store'> <Ports = 2> <Width = 6> <Depth = 9> <RAM>
ST_9 : Operation 285 [1/2] ( I:2.32ns O:2.32ns )   --->   "%window_keep_load_8 = load i4 %window_keep_addr_2" [Sobel.cpp:25]   --->   Operation 285 'load' 'window_keep_load_8' <Predicate = true> <Delay = 2.32> <CoreInst = "RAM">   --->   Core 81 'RAM' <Latency = 1> <II = 1> <Delay = 2.32> <Storage> <Opcode : 'load' 'store'> <Ports = 2> <Width = 4> <Depth = 9> <RAM>
ST_9 : Operation 286 [1/2] ( I:2.32ns O:2.32ns )   --->   "%window_strb_load_8 = load i4 %window_strb_addr_2" [Sobel.cpp:25]   --->   Operation 286 'load' 'window_strb_load_8' <Predicate = true> <Delay = 2.32> <CoreInst = "RAM">   --->   Core 81 'RAM' <Latency = 1> <II = 1> <Delay = 2.32> <Storage> <Opcode : 'load' 'store'> <Ports = 2> <Width = 4> <Depth = 9> <RAM>
ST_9 : Operation 287 [1/2] ( I:2.32ns O:2.32ns )   --->   "%window_user_load_8 = load i4 %window_user_addr_2" [Sobel.cpp:25]   --->   Operation 287 'load' 'window_user_load_8' <Predicate = true> <Delay = 2.32> <CoreInst = "RAM">   --->   Core 81 'RAM' <Latency = 1> <II = 1> <Delay = 2.32> <Storage> <Opcode : 'load' 'store'> <Ports = 2> <Width = 2> <Depth = 9> <RAM>
ST_9 : Operation 288 [1/2] ( I:2.32ns O:2.32ns )   --->   "%window_last_load_8 = load i4 %window_last_addr_2" [Sobel.cpp:25]   --->   Operation 288 'load' 'window_last_load_8' <Predicate = true> <Delay = 2.32> <CoreInst = "RAM">   --->   Core 81 'RAM' <Latency = 1> <II = 1> <Delay = 2.32> <Storage> <Opcode : 'load' 'store'> <Ports = 2> <Width = 1> <Depth = 9> <RAM>
ST_9 : Operation 289 [1/2] ( I:2.32ns O:2.32ns )   --->   "%window_id_load_8 = load i4 %window_id_addr_2" [Sobel.cpp:25]   --->   Operation 289 'load' 'window_id_load_8' <Predicate = true> <Delay = 2.32> <CoreInst = "RAM">   --->   Core 81 'RAM' <Latency = 1> <II = 1> <Delay = 2.32> <Storage> <Opcode : 'load' 'store'> <Ports = 2> <Width = 5> <Depth = 9> <RAM>
ST_9 : Operation 290 [1/2] ( I:2.32ns O:2.32ns )   --->   "%window_dest_load_8 = load i4 %window_dest_addr_2" [Sobel.cpp:25]   --->   Operation 290 'load' 'window_dest_load_8' <Predicate = true> <Delay = 2.32> <CoreInst = "RAM">   --->   Core 81 'RAM' <Latency = 1> <II = 1> <Delay = 2.32> <Storage> <Opcode : 'load' 'store'> <Ports = 2> <Width = 6> <Depth = 9> <RAM>
ST_9 : Operation 291 [2/2] (2.55ns)   --->   "%call_ln25 = call void @sobel_filter_Pipeline_VITIS_LOOP_18_1_VITIS_LOOP_19_2, i6 %window_dest_load_4, i5 %window_id_load_4, i1 %window_last_load_4, i2 %window_user_load_4, i4 %window_strb_load_4, i4 %window_keep_load_4, i6 %window_dest_load_2, i5 %window_id_load_2, i1 %window_last_load_2, i2 %window_user_load_2, i4 %window_strb_load_2, i4 %window_keep_load_2, i6 %window_dest_load_8, i5 %window_id_load_8, i1 %window_last_load_8, i2 %window_user_load_8, i4 %window_strb_load_8, i4 %window_keep_load_8, i6 %window_dest_load_7, i5 %window_id_load_7, i1 %window_last_load_7, i2 %window_user_load_7, i4 %window_strb_load_7, i4 %window_keep_load_7, i6 %window_dest_load_6, i5 %window_id_load_6, i1 %window_last_load_6, i2 %window_user_load_6, i4 %window_strb_load_6, i4 %window_keep_load_6, i6 %window_dest_load, i5 %window_id_load, i1 %window_last_load, i2 %window_user_load, i4 %window_strb_load, i4 %window_keep_load, i6 %window_dest_load_5, i5 %window_id_load_5, i1 %window_last_load_5, i2 %window_user_load_5, i4 %window_strb_load_5, i4 %window_keep_load_5, i6 %window_dest_load_3, i5 %window_id_load_3, i1 %window_last_load_3, i2 %window_user_load_3, i4 %window_strb_load_3, i4 %window_keep_load_3, i6 %window_dest_load_1, i5 %window_id_load_1, i1 %window_last_load_1, i2 %window_user_load_1, i4 %window_strb_load_1, i4 %window_keep_load_1, i32 %cols_read, i62 %mul_ln28, i32 %input_r_V_data_V, i4 %input_r_V_keep_V, i4 %input_r_V_strb_V, i2 %input_r_V_user_V, i1 %input_r_V_last_V, i5 %input_r_V_id_V, i6 %input_r_V_dest_V, i32 %output_r_V_data_V, i4 %output_r_V_keep_V, i4 %output_r_V_strb_V, i2 %output_r_V_user_V, i1 %output_r_V_last_V, i5 %output_r_V_id_V, i6 %output_r_V_dest_V, i6 %p_6_0_0_0131_1_2402_loc, i5 %p_5_0_0_0130_1_2401_loc, i1 %p_4_0_0_0129_1_2400_loc, i2 %p_3_0_0_0128_1_2399_loc, i4 %p_2_0_0_0127_1_2398_loc, i4 %p_1_0_0_0126_1_2397_loc, i6 %p_6_0_0_0131_1_1394_loc, i5 %p_5_0_0_0130_1_1392_loc, i1 %p_4_0_0_0129_1_1390_loc, i2 %p_3_0_0_0128_1_1388_loc, i4 %p_2_0_0_0127_1_1386_loc, i4 %p_1_0_0_0126_1_1384_loc, i6 %p_6_0_0_0131_1380_loc, i5 %p_5_0_0_0130_1378_loc, i1 %p_4_0_0_0129_1376_loc, i2 %p_3_0_0_0128_1374_loc, i4 %p_2_0_0_0127_1372_loc, i4 %p_1_0_0_0126_1370_loc, i6 %p_6_0_0_0131_1353_loc, i5 %p_5_0_0_0130_1352_loc, i1 %p_4_0_0_0129_1351_loc, i2 %p_3_0_0_0128_1350_loc, i4 %p_2_0_0_0127_1349_loc, i4 %p_1_0_0_0126_1348_loc, i6 %p_6_0_0_0131_1_2367_phi_loc, i5 %p_5_0_0_0130_1_2366_phi_loc, i1 %p_4_0_0_0129_1_2365_phi_loc, i2 %p_3_0_0_0128_1_2364_phi_loc, i4 %p_2_0_0_0127_1_2363_phi_loc, i4 %p_1_0_0_0126_1_2362_phi_loc, i6 %p_6_0_0_0131_1_1360_phi_loc, i5 %p_5_0_0_0130_1_1359_phi_loc, i1 %p_4_0_0_0129_1_1358_phi_loc, i2 %p_3_0_0_0128_1_1357_phi_loc, i4 %p_2_0_0_0127_1_1356_phi_loc, i4 %p_1_0_0_0126_1_1355_phi_loc, i6 %p_6_0_0_0131_1353_phi_loc, i5 %p_5_0_0_0130_1352_phi_loc, i1 %p_4_0_0_0129_1351_phi_loc, i2 %p_3_0_0_0128_1350_phi_loc, i4 %p_2_0_0_0127_1349_phi_loc, i4 %p_1_0_0_0126_1348_phi_loc, i6 %select_ln18_loc, i5 %select_ln18_1_loc, i1 %select_ln18_2_loc, i2 %select_ln18_3_loc, i4 %select_ln18_4_loc, i4 %select_ln18_5_loc, i6 %select_ln18_7_loc, i5 %select_ln18_8_loc, i1 %select_ln18_9_loc, i2 %select_ln18_10_loc, i4 %select_ln18_11_loc, i4 %select_ln18_12_loc" [Sobel.cpp:25]   --->   Operation 291 'call' 'call_ln25' <Predicate = true> <Delay = 2.55> <CoreType = "Generic">   --->   Generic Core

State 10 <SV = 9> <Delay = 6.85>
ST_10 : Operation 292 [1/2] (6.85ns)   --->   "%call_ln25 = call void @sobel_filter_Pipeline_VITIS_LOOP_18_1_VITIS_LOOP_19_2, i6 %window_dest_load_4, i5 %window_id_load_4, i1 %window_last_load_4, i2 %window_user_load_4, i4 %window_strb_load_4, i4 %window_keep_load_4, i6 %window_dest_load_2, i5 %window_id_load_2, i1 %window_last_load_2, i2 %window_user_load_2, i4 %window_strb_load_2, i4 %window_keep_load_2, i6 %window_dest_load_8, i5 %window_id_load_8, i1 %window_last_load_8, i2 %window_user_load_8, i4 %window_strb_load_8, i4 %window_keep_load_8, i6 %window_dest_load_7, i5 %window_id_load_7, i1 %window_last_load_7, i2 %window_user_load_7, i4 %window_strb_load_7, i4 %window_keep_load_7, i6 %window_dest_load_6, i5 %window_id_load_6, i1 %window_last_load_6, i2 %window_user_load_6, i4 %window_strb_load_6, i4 %window_keep_load_6, i6 %window_dest_load, i5 %window_id_load, i1 %window_last_load, i2 %window_user_load, i4 %window_strb_load, i4 %window_keep_load, i6 %window_dest_load_5, i5 %window_id_load_5, i1 %window_last_load_5, i2 %window_user_load_5, i4 %window_strb_load_5, i4 %window_keep_load_5, i6 %window_dest_load_3, i5 %window_id_load_3, i1 %window_last_load_3, i2 %window_user_load_3, i4 %window_strb_load_3, i4 %window_keep_load_3, i6 %window_dest_load_1, i5 %window_id_load_1, i1 %window_last_load_1, i2 %window_user_load_1, i4 %window_strb_load_1, i4 %window_keep_load_1, i32 %cols_read, i62 %mul_ln28, i32 %input_r_V_data_V, i4 %input_r_V_keep_V, i4 %input_r_V_strb_V, i2 %input_r_V_user_V, i1 %input_r_V_last_V, i5 %input_r_V_id_V, i6 %input_r_V_dest_V, i32 %output_r_V_data_V, i4 %output_r_V_keep_V, i4 %output_r_V_strb_V, i2 %output_r_V_user_V, i1 %output_r_V_last_V, i5 %output_r_V_id_V, i6 %output_r_V_dest_V, i6 %p_6_0_0_0131_1_2402_loc, i5 %p_5_0_0_0130_1_2401_loc, i1 %p_4_0_0_0129_1_2400_loc, i2 %p_3_0_0_0128_1_2399_loc, i4 %p_2_0_0_0127_1_2398_loc, i4 %p_1_0_0_0126_1_2397_loc, i6 %p_6_0_0_0131_1_1394_loc, i5 %p_5_0_0_0130_1_1392_loc, i1 %p_4_0_0_0129_1_1390_loc, i2 %p_3_0_0_0128_1_1388_loc, i4 %p_2_0_0_0127_1_1386_loc, i4 %p_1_0_0_0126_1_1384_loc, i6 %p_6_0_0_0131_1380_loc, i5 %p_5_0_0_0130_1378_loc, i1 %p_4_0_0_0129_1376_loc, i2 %p_3_0_0_0128_1374_loc, i4 %p_2_0_0_0127_1372_loc, i4 %p_1_0_0_0126_1370_loc, i6 %p_6_0_0_0131_1353_loc, i5 %p_5_0_0_0130_1352_loc, i1 %p_4_0_0_0129_1351_loc, i2 %p_3_0_0_0128_1350_loc, i4 %p_2_0_0_0127_1349_loc, i4 %p_1_0_0_0126_1348_loc, i6 %p_6_0_0_0131_1_2367_phi_loc, i5 %p_5_0_0_0130_1_2366_phi_loc, i1 %p_4_0_0_0129_1_2365_phi_loc, i2 %p_3_0_0_0128_1_2364_phi_loc, i4 %p_2_0_0_0127_1_2363_phi_loc, i4 %p_1_0_0_0126_1_2362_phi_loc, i6 %p_6_0_0_0131_1_1360_phi_loc, i5 %p_5_0_0_0130_1_1359_phi_loc, i1 %p_4_0_0_0129_1_1358_phi_loc, i2 %p_3_0_0_0128_1_1357_phi_loc, i4 %p_2_0_0_0127_1_1356_phi_loc, i4 %p_1_0_0_0126_1_1355_phi_loc, i6 %p_6_0_0_0131_1353_phi_loc, i5 %p_5_0_0_0130_1352_phi_loc, i1 %p_4_0_0_0129_1351_phi_loc, i2 %p_3_0_0_0128_1350_phi_loc, i4 %p_2_0_0_0127_1349_phi_loc, i4 %p_1_0_0_0126_1348_phi_loc, i6 %select_ln18_loc, i5 %select_ln18_1_loc, i1 %select_ln18_2_loc, i2 %select_ln18_3_loc, i4 %select_ln18_4_loc, i4 %select_ln18_5_loc, i6 %select_ln18_7_loc, i5 %select_ln18_8_loc, i1 %select_ln18_9_loc, i2 %select_ln18_10_loc, i4 %select_ln18_11_loc, i4 %select_ln18_12_loc" [Sobel.cpp:25]   --->   Operation 292 'call' 'call_ln25' <Predicate = true> <Delay = 6.85> <CoreType = "Generic">   --->   Generic Core

State 11 <SV = 10> <Delay = 2.32>
ST_11 : Operation 293 [1/1] (0.00ns)   --->   "%p_6_0_0_0131_1_2402_loc_load = load i6 %p_6_0_0_0131_1_2402_loc"   --->   Operation 293 'load' 'p_6_0_0_0131_1_2402_loc_load' <Predicate = true> <Delay = 0.00>
ST_11 : Operation 294 [1/1] (0.00ns)   --->   "%p_5_0_0_0130_1_2401_loc_load = load i5 %p_5_0_0_0130_1_2401_loc"   --->   Operation 294 'load' 'p_5_0_0_0130_1_2401_loc_load' <Predicate = true> <Delay = 0.00>
ST_11 : Operation 295 [1/1] (0.00ns)   --->   "%p_4_0_0_0129_1_2400_loc_load = load i1 %p_4_0_0_0129_1_2400_loc"   --->   Operation 295 'load' 'p_4_0_0_0129_1_2400_loc_load' <Predicate = true> <Delay = 0.00>
ST_11 : Operation 296 [1/1] (0.00ns)   --->   "%p_3_0_0_0128_1_2399_loc_load = load i2 %p_3_0_0_0128_1_2399_loc"   --->   Operation 296 'load' 'p_3_0_0_0128_1_2399_loc_load' <Predicate = true> <Delay = 0.00>
ST_11 : Operation 297 [1/1] (0.00ns)   --->   "%p_2_0_0_0127_1_2398_loc_load = load i4 %p_2_0_0_0127_1_2398_loc"   --->   Operation 297 'load' 'p_2_0_0_0127_1_2398_loc_load' <Predicate = true> <Delay = 0.00>
ST_11 : Operation 298 [1/1] (0.00ns)   --->   "%p_1_0_0_0126_1_2397_loc_load = load i4 %p_1_0_0_0126_1_2397_loc"   --->   Operation 298 'load' 'p_1_0_0_0126_1_2397_loc_load' <Predicate = true> <Delay = 0.00>
ST_11 : Operation 299 [1/1] (0.00ns)   --->   "%p_6_0_0_0131_1_1394_loc_load = load i6 %p_6_0_0_0131_1_1394_loc"   --->   Operation 299 'load' 'p_6_0_0_0131_1_1394_loc_load' <Predicate = true> <Delay = 0.00>
ST_11 : Operation 300 [1/1] (0.00ns)   --->   "%p_5_0_0_0130_1_1392_loc_load = load i5 %p_5_0_0_0130_1_1392_loc"   --->   Operation 300 'load' 'p_5_0_0_0130_1_1392_loc_load' <Predicate = true> <Delay = 0.00>
ST_11 : Operation 301 [1/1] (0.00ns)   --->   "%p_4_0_0_0129_1_1390_loc_load = load i1 %p_4_0_0_0129_1_1390_loc"   --->   Operation 301 'load' 'p_4_0_0_0129_1_1390_loc_load' <Predicate = true> <Delay = 0.00>
ST_11 : Operation 302 [1/1] (0.00ns)   --->   "%p_3_0_0_0128_1_1388_loc_load = load i2 %p_3_0_0_0128_1_1388_loc"   --->   Operation 302 'load' 'p_3_0_0_0128_1_1388_loc_load' <Predicate = true> <Delay = 0.00>
ST_11 : Operation 303 [1/1] (0.00ns)   --->   "%p_2_0_0_0127_1_1386_loc_load = load i4 %p_2_0_0_0127_1_1386_loc"   --->   Operation 303 'load' 'p_2_0_0_0127_1_1386_loc_load' <Predicate = true> <Delay = 0.00>
ST_11 : Operation 304 [1/1] (0.00ns)   --->   "%p_1_0_0_0126_1_1384_loc_load = load i4 %p_1_0_0_0126_1_1384_loc"   --->   Operation 304 'load' 'p_1_0_0_0126_1_1384_loc_load' <Predicate = true> <Delay = 0.00>
ST_11 : Operation 305 [1/1] (0.00ns)   --->   "%p_6_0_0_0131_1380_loc_load = load i6 %p_6_0_0_0131_1380_loc"   --->   Operation 305 'load' 'p_6_0_0_0131_1380_loc_load' <Predicate = true> <Delay = 0.00>
ST_11 : Operation 306 [1/1] (0.00ns)   --->   "%p_5_0_0_0130_1378_loc_load = load i5 %p_5_0_0_0130_1378_loc"   --->   Operation 306 'load' 'p_5_0_0_0130_1378_loc_load' <Predicate = true> <Delay = 0.00>
ST_11 : Operation 307 [1/1] (0.00ns)   --->   "%p_4_0_0_0129_1376_loc_load = load i1 %p_4_0_0_0129_1376_loc"   --->   Operation 307 'load' 'p_4_0_0_0129_1376_loc_load' <Predicate = true> <Delay = 0.00>
ST_11 : Operation 308 [1/1] (0.00ns)   --->   "%p_3_0_0_0128_1374_loc_load = load i2 %p_3_0_0_0128_1374_loc"   --->   Operation 308 'load' 'p_3_0_0_0128_1374_loc_load' <Predicate = true> <Delay = 0.00>
ST_11 : Operation 309 [1/1] (0.00ns)   --->   "%p_2_0_0_0127_1372_loc_load = load i4 %p_2_0_0_0127_1372_loc"   --->   Operation 309 'load' 'p_2_0_0_0127_1372_loc_load' <Predicate = true> <Delay = 0.00>
ST_11 : Operation 310 [1/1] (0.00ns)   --->   "%p_1_0_0_0126_1370_loc_load = load i4 %p_1_0_0_0126_1370_loc"   --->   Operation 310 'load' 'p_1_0_0_0126_1370_loc_load' <Predicate = true> <Delay = 0.00>
ST_11 : Operation 311 [1/1] (0.00ns)   --->   "%p_6_0_0_0131_1353_loc_load = load i6 %p_6_0_0_0131_1353_loc"   --->   Operation 311 'load' 'p_6_0_0_0131_1353_loc_load' <Predicate = true> <Delay = 0.00>
ST_11 : Operation 312 [1/1] (0.00ns)   --->   "%p_5_0_0_0130_1352_loc_load = load i5 %p_5_0_0_0130_1352_loc"   --->   Operation 312 'load' 'p_5_0_0_0130_1352_loc_load' <Predicate = true> <Delay = 0.00>
ST_11 : Operation 313 [1/1] (0.00ns)   --->   "%p_4_0_0_0129_1351_loc_load = load i1 %p_4_0_0_0129_1351_loc"   --->   Operation 313 'load' 'p_4_0_0_0129_1351_loc_load' <Predicate = true> <Delay = 0.00>
ST_11 : Operation 314 [1/1] (0.00ns)   --->   "%p_3_0_0_0128_1350_loc_load = load i2 %p_3_0_0_0128_1350_loc"   --->   Operation 314 'load' 'p_3_0_0_0128_1350_loc_load' <Predicate = true> <Delay = 0.00>
ST_11 : Operation 315 [1/1] (0.00ns)   --->   "%p_2_0_0_0127_1349_loc_load = load i4 %p_2_0_0_0127_1349_loc"   --->   Operation 315 'load' 'p_2_0_0_0127_1349_loc_load' <Predicate = true> <Delay = 0.00>
ST_11 : Operation 316 [1/1] (0.00ns)   --->   "%p_1_0_0_0126_1348_loc_load = load i4 %p_1_0_0_0126_1348_loc"   --->   Operation 316 'load' 'p_1_0_0_0126_1348_loc_load' <Predicate = true> <Delay = 0.00>
ST_11 : Operation 317 [1/1] (0.00ns)   --->   "%p_6_0_0_0131_1_2367_phi_loc_load = load i6 %p_6_0_0_0131_1_2367_phi_loc"   --->   Operation 317 'load' 'p_6_0_0_0131_1_2367_phi_loc_load' <Predicate = true> <Delay = 0.00>
ST_11 : Operation 318 [1/1] (0.00ns)   --->   "%p_5_0_0_0130_1_2366_phi_loc_load = load i5 %p_5_0_0_0130_1_2366_phi_loc"   --->   Operation 318 'load' 'p_5_0_0_0130_1_2366_phi_loc_load' <Predicate = true> <Delay = 0.00>
ST_11 : Operation 319 [1/1] (0.00ns)   --->   "%p_4_0_0_0129_1_2365_phi_loc_load = load i1 %p_4_0_0_0129_1_2365_phi_loc"   --->   Operation 319 'load' 'p_4_0_0_0129_1_2365_phi_loc_load' <Predicate = true> <Delay = 0.00>
ST_11 : Operation 320 [1/1] (0.00ns)   --->   "%p_3_0_0_0128_1_2364_phi_loc_load = load i2 %p_3_0_0_0128_1_2364_phi_loc"   --->   Operation 320 'load' 'p_3_0_0_0128_1_2364_phi_loc_load' <Predicate = true> <Delay = 0.00>
ST_11 : Operation 321 [1/1] (0.00ns)   --->   "%p_2_0_0_0127_1_2363_phi_loc_load = load i4 %p_2_0_0_0127_1_2363_phi_loc"   --->   Operation 321 'load' 'p_2_0_0_0127_1_2363_phi_loc_load' <Predicate = true> <Delay = 0.00>
ST_11 : Operation 322 [1/1] (0.00ns)   --->   "%p_1_0_0_0126_1_2362_phi_loc_load = load i4 %p_1_0_0_0126_1_2362_phi_loc"   --->   Operation 322 'load' 'p_1_0_0_0126_1_2362_phi_loc_load' <Predicate = true> <Delay = 0.00>
ST_11 : Operation 323 [1/1] (0.00ns)   --->   "%p_6_0_0_0131_1_1360_phi_loc_load = load i6 %p_6_0_0_0131_1_1360_phi_loc"   --->   Operation 323 'load' 'p_6_0_0_0131_1_1360_phi_loc_load' <Predicate = true> <Delay = 0.00>
ST_11 : Operation 324 [1/1] (0.00ns)   --->   "%p_5_0_0_0130_1_1359_phi_loc_load = load i5 %p_5_0_0_0130_1_1359_phi_loc"   --->   Operation 324 'load' 'p_5_0_0_0130_1_1359_phi_loc_load' <Predicate = true> <Delay = 0.00>
ST_11 : Operation 325 [1/1] (0.00ns)   --->   "%p_4_0_0_0129_1_1358_phi_loc_load = load i1 %p_4_0_0_0129_1_1358_phi_loc"   --->   Operation 325 'load' 'p_4_0_0_0129_1_1358_phi_loc_load' <Predicate = true> <Delay = 0.00>
ST_11 : Operation 326 [1/1] (0.00ns)   --->   "%p_3_0_0_0128_1_1357_phi_loc_load = load i2 %p_3_0_0_0128_1_1357_phi_loc"   --->   Operation 326 'load' 'p_3_0_0_0128_1_1357_phi_loc_load' <Predicate = true> <Delay = 0.00>
ST_11 : Operation 327 [1/1] (0.00ns)   --->   "%p_2_0_0_0127_1_1356_phi_loc_load = load i4 %p_2_0_0_0127_1_1356_phi_loc"   --->   Operation 327 'load' 'p_2_0_0_0127_1_1356_phi_loc_load' <Predicate = true> <Delay = 0.00>
ST_11 : Operation 328 [1/1] (0.00ns)   --->   "%p_1_0_0_0126_1_1355_phi_loc_load = load i4 %p_1_0_0_0126_1_1355_phi_loc"   --->   Operation 328 'load' 'p_1_0_0_0126_1_1355_phi_loc_load' <Predicate = true> <Delay = 0.00>
ST_11 : Operation 329 [1/1] (0.00ns)   --->   "%p_6_0_0_0131_1353_phi_loc_load = load i6 %p_6_0_0_0131_1353_phi_loc"   --->   Operation 329 'load' 'p_6_0_0_0131_1353_phi_loc_load' <Predicate = true> <Delay = 0.00>
ST_11 : Operation 330 [1/1] (0.00ns)   --->   "%p_5_0_0_0130_1352_phi_loc_load = load i5 %p_5_0_0_0130_1352_phi_loc"   --->   Operation 330 'load' 'p_5_0_0_0130_1352_phi_loc_load' <Predicate = true> <Delay = 0.00>
ST_11 : Operation 331 [1/1] (0.00ns)   --->   "%p_4_0_0_0129_1351_phi_loc_load = load i1 %p_4_0_0_0129_1351_phi_loc"   --->   Operation 331 'load' 'p_4_0_0_0129_1351_phi_loc_load' <Predicate = true> <Delay = 0.00>
ST_11 : Operation 332 [1/1] (0.00ns)   --->   "%p_3_0_0_0128_1350_phi_loc_load = load i2 %p_3_0_0_0128_1350_phi_loc"   --->   Operation 332 'load' 'p_3_0_0_0128_1350_phi_loc_load' <Predicate = true> <Delay = 0.00>
ST_11 : Operation 333 [1/1] (0.00ns)   --->   "%p_2_0_0_0127_1349_phi_loc_load = load i4 %p_2_0_0_0127_1349_phi_loc"   --->   Operation 333 'load' 'p_2_0_0_0127_1349_phi_loc_load' <Predicate = true> <Delay = 0.00>
ST_11 : Operation 334 [1/1] (0.00ns)   --->   "%p_1_0_0_0126_1348_phi_loc_load = load i4 %p_1_0_0_0126_1348_phi_loc"   --->   Operation 334 'load' 'p_1_0_0_0126_1348_phi_loc_load' <Predicate = true> <Delay = 0.00>
ST_11 : Operation 335 [1/1] (0.00ns)   --->   "%select_ln18_loc_load = load i6 %select_ln18_loc"   --->   Operation 335 'load' 'select_ln18_loc_load' <Predicate = true> <Delay = 0.00>
ST_11 : Operation 336 [1/1] (0.00ns)   --->   "%select_ln18_1_loc_load = load i5 %select_ln18_1_loc"   --->   Operation 336 'load' 'select_ln18_1_loc_load' <Predicate = true> <Delay = 0.00>
ST_11 : Operation 337 [1/1] (0.00ns)   --->   "%select_ln18_2_loc_load = load i1 %select_ln18_2_loc"   --->   Operation 337 'load' 'select_ln18_2_loc_load' <Predicate = true> <Delay = 0.00>
ST_11 : Operation 338 [1/1] (0.00ns)   --->   "%select_ln18_3_loc_load = load i2 %select_ln18_3_loc"   --->   Operation 338 'load' 'select_ln18_3_loc_load' <Predicate = true> <Delay = 0.00>
ST_11 : Operation 339 [1/1] (0.00ns)   --->   "%select_ln18_4_loc_load = load i4 %select_ln18_4_loc"   --->   Operation 339 'load' 'select_ln18_4_loc_load' <Predicate = true> <Delay = 0.00>
ST_11 : Operation 340 [1/1] (0.00ns)   --->   "%select_ln18_5_loc_load = load i4 %select_ln18_5_loc"   --->   Operation 340 'load' 'select_ln18_5_loc_load' <Predicate = true> <Delay = 0.00>
ST_11 : Operation 341 [1/1] (0.00ns)   --->   "%select_ln18_7_loc_load = load i6 %select_ln18_7_loc"   --->   Operation 341 'load' 'select_ln18_7_loc_load' <Predicate = true> <Delay = 0.00>
ST_11 : Operation 342 [1/1] (0.00ns)   --->   "%select_ln18_8_loc_load = load i5 %select_ln18_8_loc"   --->   Operation 342 'load' 'select_ln18_8_loc_load' <Predicate = true> <Delay = 0.00>
ST_11 : Operation 343 [1/1] (0.00ns)   --->   "%select_ln18_9_loc_load = load i1 %select_ln18_9_loc"   --->   Operation 343 'load' 'select_ln18_9_loc_load' <Predicate = true> <Delay = 0.00>
ST_11 : Operation 344 [1/1] (0.00ns)   --->   "%select_ln18_10_loc_load = load i2 %select_ln18_10_loc"   --->   Operation 344 'load' 'select_ln18_10_loc_load' <Predicate = true> <Delay = 0.00>
ST_11 : Operation 345 [1/1] (0.00ns)   --->   "%select_ln18_11_loc_load = load i4 %select_ln18_11_loc"   --->   Operation 345 'load' 'select_ln18_11_loc_load' <Predicate = true> <Delay = 0.00>
ST_11 : Operation 346 [1/1] (0.00ns)   --->   "%select_ln18_12_loc_load = load i4 %select_ln18_12_loc"   --->   Operation 346 'load' 'select_ln18_12_loc_load' <Predicate = true> <Delay = 0.00>
ST_11 : Operation 347 [1/1] (0.00ns)   --->   "%br_ln18 = br i1 %empty_16, void %for.end106, void %for.end106.loopexit.split" [Sobel.cpp:18]   --->   Operation 347 'br' 'br_ln18' <Predicate = true> <Delay = 0.00>
ST_11 : Operation 348 [1/1] ( I:2.32ns O:2.32ns )   --->   "%store_ln25 = store i4 %p_1_0_0_0126_1348_loc_load, i4 %window_keep_addr_3" [Sobel.cpp:25]   --->   Operation 348 'store' 'store_ln25' <Predicate = (empty_16)> <Delay = 2.32> <CoreInst = "RAM">   --->   Core 81 'RAM' <Latency = 1> <II = 1> <Delay = 2.32> <Storage> <Opcode : 'load' 'store'> <Ports = 2> <Width = 4> <Depth = 9> <RAM>
ST_11 : Operation 349 [1/1] ( I:2.32ns O:2.32ns )   --->   "%store_ln25 = store i4 %p_2_0_0_0127_1349_loc_load, i4 %window_strb_addr_3" [Sobel.cpp:25]   --->   Operation 349 'store' 'store_ln25' <Predicate = (empty_16)> <Delay = 2.32> <CoreInst = "RAM">   --->   Core 81 'RAM' <Latency = 1> <II = 1> <Delay = 2.32> <Storage> <Opcode : 'load' 'store'> <Ports = 2> <Width = 4> <Depth = 9> <RAM>
ST_11 : Operation 350 [1/1] ( I:2.32ns O:2.32ns )   --->   "%store_ln25 = store i2 %p_3_0_0_0128_1350_loc_load, i4 %window_user_addr_3" [Sobel.cpp:25]   --->   Operation 350 'store' 'store_ln25' <Predicate = (empty_16)> <Delay = 2.32> <CoreInst = "RAM">   --->   Core 81 'RAM' <Latency = 1> <II = 1> <Delay = 2.32> <Storage> <Opcode : 'load' 'store'> <Ports = 2> <Width = 2> <Depth = 9> <RAM>
ST_11 : Operation 351 [1/1] ( I:2.32ns O:2.32ns )   --->   "%store_ln25 = store i1 %p_4_0_0_0129_1351_loc_load, i4 %window_last_addr_3" [Sobel.cpp:25]   --->   Operation 351 'store' 'store_ln25' <Predicate = (empty_16)> <Delay = 2.32> <CoreInst = "RAM">   --->   Core 81 'RAM' <Latency = 1> <II = 1> <Delay = 2.32> <Storage> <Opcode : 'load' 'store'> <Ports = 2> <Width = 1> <Depth = 9> <RAM>
ST_11 : Operation 352 [1/1] ( I:2.32ns O:2.32ns )   --->   "%store_ln25 = store i5 %p_5_0_0_0130_1352_loc_load, i4 %window_id_addr_3" [Sobel.cpp:25]   --->   Operation 352 'store' 'store_ln25' <Predicate = (empty_16)> <Delay = 2.32> <CoreInst = "RAM">   --->   Core 81 'RAM' <Latency = 1> <II = 1> <Delay = 2.32> <Storage> <Opcode : 'load' 'store'> <Ports = 2> <Width = 5> <Depth = 9> <RAM>
ST_11 : Operation 353 [1/1] ( I:2.32ns O:2.32ns )   --->   "%store_ln25 = store i6 %p_6_0_0_0131_1353_loc_load, i4 %window_dest_addr_3" [Sobel.cpp:25]   --->   Operation 353 'store' 'store_ln25' <Predicate = (empty_16)> <Delay = 2.32> <CoreInst = "RAM">   --->   Core 81 'RAM' <Latency = 1> <II = 1> <Delay = 2.32> <Storage> <Opcode : 'load' 'store'> <Ports = 2> <Width = 6> <Depth = 9> <RAM>
ST_11 : Operation 354 [1/1] ( I:2.32ns O:2.32ns )   --->   "%store_ln25 = store i4 %p_1_0_0_0126_1348_phi_loc_load, i4 %window_keep_addr_4" [Sobel.cpp:25]   --->   Operation 354 'store' 'store_ln25' <Predicate = (empty_16)> <Delay = 2.32> <CoreInst = "RAM">   --->   Core 81 'RAM' <Latency = 1> <II = 1> <Delay = 2.32> <Storage> <Opcode : 'load' 'store'> <Ports = 2> <Width = 4> <Depth = 9> <RAM>
ST_11 : Operation 355 [1/1] ( I:2.32ns O:2.32ns )   --->   "%store_ln25 = store i4 %p_2_0_0_0127_1349_phi_loc_load, i4 %window_strb_addr_4" [Sobel.cpp:25]   --->   Operation 355 'store' 'store_ln25' <Predicate = (empty_16)> <Delay = 2.32> <CoreInst = "RAM">   --->   Core 81 'RAM' <Latency = 1> <II = 1> <Delay = 2.32> <Storage> <Opcode : 'load' 'store'> <Ports = 2> <Width = 4> <Depth = 9> <RAM>
ST_11 : Operation 356 [1/1] ( I:2.32ns O:2.32ns )   --->   "%store_ln25 = store i2 %p_3_0_0_0128_1350_phi_loc_load, i4 %window_user_addr_4" [Sobel.cpp:25]   --->   Operation 356 'store' 'store_ln25' <Predicate = (empty_16)> <Delay = 2.32> <CoreInst = "RAM">   --->   Core 81 'RAM' <Latency = 1> <II = 1> <Delay = 2.32> <Storage> <Opcode : 'load' 'store'> <Ports = 2> <Width = 2> <Depth = 9> <RAM>
ST_11 : Operation 357 [1/1] ( I:2.32ns O:2.32ns )   --->   "%store_ln25 = store i1 %p_4_0_0_0129_1351_phi_loc_load, i4 %window_last_addr_4" [Sobel.cpp:25]   --->   Operation 357 'store' 'store_ln25' <Predicate = (empty_16)> <Delay = 2.32> <CoreInst = "RAM">   --->   Core 81 'RAM' <Latency = 1> <II = 1> <Delay = 2.32> <Storage> <Opcode : 'load' 'store'> <Ports = 2> <Width = 1> <Depth = 9> <RAM>
ST_11 : Operation 358 [1/1] ( I:2.32ns O:2.32ns )   --->   "%store_ln25 = store i5 %p_5_0_0_0130_1352_phi_loc_load, i4 %window_id_addr_4" [Sobel.cpp:25]   --->   Operation 358 'store' 'store_ln25' <Predicate = (empty_16)> <Delay = 2.32> <CoreInst = "RAM">   --->   Core 81 'RAM' <Latency = 1> <II = 1> <Delay = 2.32> <Storage> <Opcode : 'load' 'store'> <Ports = 2> <Width = 5> <Depth = 9> <RAM>
ST_11 : Operation 359 [1/1] ( I:2.32ns O:2.32ns )   --->   "%store_ln25 = store i6 %p_6_0_0_0131_1353_phi_loc_load, i4 %window_dest_addr_4" [Sobel.cpp:25]   --->   Operation 359 'store' 'store_ln25' <Predicate = (empty_16)> <Delay = 2.32> <CoreInst = "RAM">   --->   Core 81 'RAM' <Latency = 1> <II = 1> <Delay = 2.32> <Storage> <Opcode : 'load' 'store'> <Ports = 2> <Width = 6> <Depth = 9> <RAM>

State 12 <SV = 11> <Delay = 2.32>
ST_12 : Operation 360 [1/1] ( I:2.32ns O:2.32ns )   --->   "%store_ln25 = store i4 %select_ln18_12_loc_load, i4 %window_keep_addr_5" [Sobel.cpp:25]   --->   Operation 360 'store' 'store_ln25' <Predicate = true> <Delay = 2.32> <CoreInst = "RAM">   --->   Core 81 'RAM' <Latency = 1> <II = 1> <Delay = 2.32> <Storage> <Opcode : 'load' 'store'> <Ports = 2> <Width = 4> <Depth = 9> <RAM>
ST_12 : Operation 361 [1/1] ( I:2.32ns O:2.32ns )   --->   "%store_ln25 = store i4 %select_ln18_11_loc_load, i4 %window_strb_addr_5" [Sobel.cpp:25]   --->   Operation 361 'store' 'store_ln25' <Predicate = true> <Delay = 2.32> <CoreInst = "RAM">   --->   Core 81 'RAM' <Latency = 1> <II = 1> <Delay = 2.32> <Storage> <Opcode : 'load' 'store'> <Ports = 2> <Width = 4> <Depth = 9> <RAM>
ST_12 : Operation 362 [1/1] ( I:2.32ns O:2.32ns )   --->   "%store_ln25 = store i2 %select_ln18_10_loc_load, i4 %window_user_addr_5" [Sobel.cpp:25]   --->   Operation 362 'store' 'store_ln25' <Predicate = true> <Delay = 2.32> <CoreInst = "RAM">   --->   Core 81 'RAM' <Latency = 1> <II = 1> <Delay = 2.32> <Storage> <Opcode : 'load' 'store'> <Ports = 2> <Width = 2> <Depth = 9> <RAM>
ST_12 : Operation 363 [1/1] ( I:2.32ns O:2.32ns )   --->   "%store_ln25 = store i1 %select_ln18_9_loc_load, i4 %window_last_addr_5" [Sobel.cpp:25]   --->   Operation 363 'store' 'store_ln25' <Predicate = true> <Delay = 2.32> <CoreInst = "RAM">   --->   Core 81 'RAM' <Latency = 1> <II = 1> <Delay = 2.32> <Storage> <Opcode : 'load' 'store'> <Ports = 2> <Width = 1> <Depth = 9> <RAM>
ST_12 : Operation 364 [1/1] ( I:2.32ns O:2.32ns )   --->   "%store_ln25 = store i5 %select_ln18_8_loc_load, i4 %window_id_addr_5" [Sobel.cpp:25]   --->   Operation 364 'store' 'store_ln25' <Predicate = true> <Delay = 2.32> <CoreInst = "RAM">   --->   Core 81 'RAM' <Latency = 1> <II = 1> <Delay = 2.32> <Storage> <Opcode : 'load' 'store'> <Ports = 2> <Width = 5> <Depth = 9> <RAM>
ST_12 : Operation 365 [1/1] ( I:2.32ns O:2.32ns )   --->   "%store_ln25 = store i6 %select_ln18_7_loc_load, i4 %window_dest_addr_5" [Sobel.cpp:25]   --->   Operation 365 'store' 'store_ln25' <Predicate = true> <Delay = 2.32> <CoreInst = "RAM">   --->   Core 81 'RAM' <Latency = 1> <II = 1> <Delay = 2.32> <Storage> <Opcode : 'load' 'store'> <Ports = 2> <Width = 6> <Depth = 9> <RAM>
ST_12 : Operation 366 [1/1] ( I:2.32ns O:2.32ns )   --->   "%store_ln25 = store i4 %p_1_0_0_0126_1_1355_phi_loc_load, i4 %window_keep_addr_6" [Sobel.cpp:25]   --->   Operation 366 'store' 'store_ln25' <Predicate = true> <Delay = 2.32> <CoreInst = "RAM">   --->   Core 81 'RAM' <Latency = 1> <II = 1> <Delay = 2.32> <Storage> <Opcode : 'load' 'store'> <Ports = 2> <Width = 4> <Depth = 9> <RAM>
ST_12 : Operation 367 [1/1] ( I:2.32ns O:2.32ns )   --->   "%store_ln25 = store i4 %p_2_0_0_0127_1_1356_phi_loc_load, i4 %window_strb_addr_6" [Sobel.cpp:25]   --->   Operation 367 'store' 'store_ln25' <Predicate = true> <Delay = 2.32> <CoreInst = "RAM">   --->   Core 81 'RAM' <Latency = 1> <II = 1> <Delay = 2.32> <Storage> <Opcode : 'load' 'store'> <Ports = 2> <Width = 4> <Depth = 9> <RAM>
ST_12 : Operation 368 [1/1] ( I:2.32ns O:2.32ns )   --->   "%store_ln25 = store i2 %p_3_0_0_0128_1_1357_phi_loc_load, i4 %window_user_addr_6" [Sobel.cpp:25]   --->   Operation 368 'store' 'store_ln25' <Predicate = true> <Delay = 2.32> <CoreInst = "RAM">   --->   Core 81 'RAM' <Latency = 1> <II = 1> <Delay = 2.32> <Storage> <Opcode : 'load' 'store'> <Ports = 2> <Width = 2> <Depth = 9> <RAM>
ST_12 : Operation 369 [1/1] ( I:2.32ns O:2.32ns )   --->   "%store_ln25 = store i1 %p_4_0_0_0129_1_1358_phi_loc_load, i4 %window_last_addr_6" [Sobel.cpp:25]   --->   Operation 369 'store' 'store_ln25' <Predicate = true> <Delay = 2.32> <CoreInst = "RAM">   --->   Core 81 'RAM' <Latency = 1> <II = 1> <Delay = 2.32> <Storage> <Opcode : 'load' 'store'> <Ports = 2> <Width = 1> <Depth = 9> <RAM>
ST_12 : Operation 370 [1/1] ( I:2.32ns O:2.32ns )   --->   "%store_ln25 = store i5 %p_5_0_0_0130_1_1359_phi_loc_load, i4 %window_id_addr_6" [Sobel.cpp:25]   --->   Operation 370 'store' 'store_ln25' <Predicate = true> <Delay = 2.32> <CoreInst = "RAM">   --->   Core 81 'RAM' <Latency = 1> <II = 1> <Delay = 2.32> <Storage> <Opcode : 'load' 'store'> <Ports = 2> <Width = 5> <Depth = 9> <RAM>
ST_12 : Operation 371 [1/1] ( I:2.32ns O:2.32ns )   --->   "%store_ln25 = store i6 %p_6_0_0_0131_1_1360_phi_loc_load, i4 %window_dest_addr_6" [Sobel.cpp:25]   --->   Operation 371 'store' 'store_ln25' <Predicate = true> <Delay = 2.32> <CoreInst = "RAM">   --->   Core 81 'RAM' <Latency = 1> <II = 1> <Delay = 2.32> <Storage> <Opcode : 'load' 'store'> <Ports = 2> <Width = 6> <Depth = 9> <RAM>

State 13 <SV = 12> <Delay = 2.32>
ST_13 : Operation 372 [1/1] ( I:2.32ns O:2.32ns )   --->   "%store_ln25 = store i4 %select_ln18_5_loc_load, i4 %window_keep_addr_7" [Sobel.cpp:25]   --->   Operation 372 'store' 'store_ln25' <Predicate = true> <Delay = 2.32> <CoreInst = "RAM">   --->   Core 81 'RAM' <Latency = 1> <II = 1> <Delay = 2.32> <Storage> <Opcode : 'load' 'store'> <Ports = 2> <Width = 4> <Depth = 9> <RAM>
ST_13 : Operation 373 [1/1] ( I:2.32ns O:2.32ns )   --->   "%store_ln25 = store i4 %select_ln18_4_loc_load, i4 %window_strb_addr_7" [Sobel.cpp:25]   --->   Operation 373 'store' 'store_ln25' <Predicate = true> <Delay = 2.32> <CoreInst = "RAM">   --->   Core 81 'RAM' <Latency = 1> <II = 1> <Delay = 2.32> <Storage> <Opcode : 'load' 'store'> <Ports = 2> <Width = 4> <Depth = 9> <RAM>
ST_13 : Operation 374 [1/1] ( I:2.32ns O:2.32ns )   --->   "%store_ln25 = store i2 %select_ln18_3_loc_load, i4 %window_user_addr_7" [Sobel.cpp:25]   --->   Operation 374 'store' 'store_ln25' <Predicate = true> <Delay = 2.32> <CoreInst = "RAM">   --->   Core 81 'RAM' <Latency = 1> <II = 1> <Delay = 2.32> <Storage> <Opcode : 'load' 'store'> <Ports = 2> <Width = 2> <Depth = 9> <RAM>
ST_13 : Operation 375 [1/1] ( I:2.32ns O:2.32ns )   --->   "%store_ln25 = store i1 %select_ln18_2_loc_load, i4 %window_last_addr_7" [Sobel.cpp:25]   --->   Operation 375 'store' 'store_ln25' <Predicate = true> <Delay = 2.32> <CoreInst = "RAM">   --->   Core 81 'RAM' <Latency = 1> <II = 1> <Delay = 2.32> <Storage> <Opcode : 'load' 'store'> <Ports = 2> <Width = 1> <Depth = 9> <RAM>
ST_13 : Operation 376 [1/1] ( I:2.32ns O:2.32ns )   --->   "%store_ln25 = store i5 %select_ln18_1_loc_load, i4 %window_id_addr_7" [Sobel.cpp:25]   --->   Operation 376 'store' 'store_ln25' <Predicate = true> <Delay = 2.32> <CoreInst = "RAM">   --->   Core 81 'RAM' <Latency = 1> <II = 1> <Delay = 2.32> <Storage> <Opcode : 'load' 'store'> <Ports = 2> <Width = 5> <Depth = 9> <RAM>
ST_13 : Operation 377 [1/1] ( I:2.32ns O:2.32ns )   --->   "%store_ln25 = store i6 %select_ln18_loc_load, i4 %window_dest_addr_7" [Sobel.cpp:25]   --->   Operation 377 'store' 'store_ln25' <Predicate = true> <Delay = 2.32> <CoreInst = "RAM">   --->   Core 81 'RAM' <Latency = 1> <II = 1> <Delay = 2.32> <Storage> <Opcode : 'load' 'store'> <Ports = 2> <Width = 6> <Depth = 9> <RAM>
ST_13 : Operation 378 [1/1] ( I:2.32ns O:2.32ns )   --->   "%store_ln25 = store i4 %p_1_0_0_0126_1_2362_phi_loc_load, i4 %window_keep_addr_8" [Sobel.cpp:25]   --->   Operation 378 'store' 'store_ln25' <Predicate = true> <Delay = 2.32> <CoreInst = "RAM">   --->   Core 81 'RAM' <Latency = 1> <II = 1> <Delay = 2.32> <Storage> <Opcode : 'load' 'store'> <Ports = 2> <Width = 4> <Depth = 9> <RAM>
ST_13 : Operation 379 [1/1] ( I:2.32ns O:2.32ns )   --->   "%store_ln25 = store i4 %p_2_0_0_0127_1_2363_phi_loc_load, i4 %window_strb_addr_8" [Sobel.cpp:25]   --->   Operation 379 'store' 'store_ln25' <Predicate = true> <Delay = 2.32> <CoreInst = "RAM">   --->   Core 81 'RAM' <Latency = 1> <II = 1> <Delay = 2.32> <Storage> <Opcode : 'load' 'store'> <Ports = 2> <Width = 4> <Depth = 9> <RAM>
ST_13 : Operation 380 [1/1] ( I:2.32ns O:2.32ns )   --->   "%store_ln25 = store i2 %p_3_0_0_0128_1_2364_phi_loc_load, i4 %window_user_addr_8" [Sobel.cpp:25]   --->   Operation 380 'store' 'store_ln25' <Predicate = true> <Delay = 2.32> <CoreInst = "RAM">   --->   Core 81 'RAM' <Latency = 1> <II = 1> <Delay = 2.32> <Storage> <Opcode : 'load' 'store'> <Ports = 2> <Width = 2> <Depth = 9> <RAM>
ST_13 : Operation 381 [1/1] ( I:2.32ns O:2.32ns )   --->   "%store_ln25 = store i1 %p_4_0_0_0129_1_2365_phi_loc_load, i4 %window_last_addr_8" [Sobel.cpp:25]   --->   Operation 381 'store' 'store_ln25' <Predicate = true> <Delay = 2.32> <CoreInst = "RAM">   --->   Core 81 'RAM' <Latency = 1> <II = 1> <Delay = 2.32> <Storage> <Opcode : 'load' 'store'> <Ports = 2> <Width = 1> <Depth = 9> <RAM>
ST_13 : Operation 382 [1/1] ( I:2.32ns O:2.32ns )   --->   "%store_ln25 = store i5 %p_5_0_0_0130_1_2366_phi_loc_load, i4 %window_id_addr_8" [Sobel.cpp:25]   --->   Operation 382 'store' 'store_ln25' <Predicate = true> <Delay = 2.32> <CoreInst = "RAM">   --->   Core 81 'RAM' <Latency = 1> <II = 1> <Delay = 2.32> <Storage> <Opcode : 'load' 'store'> <Ports = 2> <Width = 5> <Depth = 9> <RAM>
ST_13 : Operation 383 [1/1] ( I:2.32ns O:2.32ns )   --->   "%store_ln25 = store i6 %p_6_0_0_0131_1_2367_phi_loc_load, i4 %window_dest_addr_8" [Sobel.cpp:25]   --->   Operation 383 'store' 'store_ln25' <Predicate = true> <Delay = 2.32> <CoreInst = "RAM">   --->   Core 81 'RAM' <Latency = 1> <II = 1> <Delay = 2.32> <Storage> <Opcode : 'load' 'store'> <Ports = 2> <Width = 6> <Depth = 9> <RAM>

State 14 <SV = 13> <Delay = 2.32>
ST_14 : Operation 384 [1/1] ( I:2.32ns O:2.32ns )   --->   "%store_ln25 = store i4 %p_1_0_0_0126_1370_loc_load, i4 %window_keep_addr_1" [Sobel.cpp:25]   --->   Operation 384 'store' 'store_ln25' <Predicate = true> <Delay = 2.32> <CoreInst = "RAM">   --->   Core 81 'RAM' <Latency = 1> <II = 1> <Delay = 2.32> <Storage> <Opcode : 'load' 'store'> <Ports = 2> <Width = 4> <Depth = 9> <RAM>
ST_14 : Operation 385 [1/1] ( I:2.32ns O:2.32ns )   --->   "%store_ln25 = store i4 %p_2_0_0_0127_1372_loc_load, i4 %window_strb_addr_1" [Sobel.cpp:25]   --->   Operation 385 'store' 'store_ln25' <Predicate = true> <Delay = 2.32> <CoreInst = "RAM">   --->   Core 81 'RAM' <Latency = 1> <II = 1> <Delay = 2.32> <Storage> <Opcode : 'load' 'store'> <Ports = 2> <Width = 4> <Depth = 9> <RAM>
ST_14 : Operation 386 [1/1] ( I:2.32ns O:2.32ns )   --->   "%store_ln25 = store i2 %p_3_0_0_0128_1374_loc_load, i4 %window_user_addr_1" [Sobel.cpp:25]   --->   Operation 386 'store' 'store_ln25' <Predicate = true> <Delay = 2.32> <CoreInst = "RAM">   --->   Core 81 'RAM' <Latency = 1> <II = 1> <Delay = 2.32> <Storage> <Opcode : 'load' 'store'> <Ports = 2> <Width = 2> <Depth = 9> <RAM>
ST_14 : Operation 387 [1/1] ( I:2.32ns O:2.32ns )   --->   "%store_ln25 = store i1 %p_4_0_0_0129_1376_loc_load, i4 %window_last_addr_1" [Sobel.cpp:25]   --->   Operation 387 'store' 'store_ln25' <Predicate = true> <Delay = 2.32> <CoreInst = "RAM">   --->   Core 81 'RAM' <Latency = 1> <II = 1> <Delay = 2.32> <Storage> <Opcode : 'load' 'store'> <Ports = 2> <Width = 1> <Depth = 9> <RAM>
ST_14 : Operation 388 [1/1] ( I:2.32ns O:2.32ns )   --->   "%store_ln25 = store i5 %p_5_0_0_0130_1378_loc_load, i4 %window_id_addr_1" [Sobel.cpp:25]   --->   Operation 388 'store' 'store_ln25' <Predicate = true> <Delay = 2.32> <CoreInst = "RAM">   --->   Core 81 'RAM' <Latency = 1> <II = 1> <Delay = 2.32> <Storage> <Opcode : 'load' 'store'> <Ports = 2> <Width = 5> <Depth = 9> <RAM>
ST_14 : Operation 389 [1/1] ( I:2.32ns O:2.32ns )   --->   "%store_ln25 = store i6 %p_6_0_0_0131_1380_loc_load, i4 %window_dest_addr_1" [Sobel.cpp:25]   --->   Operation 389 'store' 'store_ln25' <Predicate = true> <Delay = 2.32> <CoreInst = "RAM">   --->   Core 81 'RAM' <Latency = 1> <II = 1> <Delay = 2.32> <Storage> <Opcode : 'load' 'store'> <Ports = 2> <Width = 6> <Depth = 9> <RAM>
ST_14 : Operation 390 [1/1] ( I:2.32ns O:2.32ns )   --->   "%store_ln25 = store i4 %p_1_0_0_0126_1_1384_loc_load, i4 %window_keep_addr" [Sobel.cpp:25]   --->   Operation 390 'store' 'store_ln25' <Predicate = true> <Delay = 2.32> <CoreInst = "RAM">   --->   Core 81 'RAM' <Latency = 1> <II = 1> <Delay = 2.32> <Storage> <Opcode : 'load' 'store'> <Ports = 2> <Width = 4> <Depth = 9> <RAM>
ST_14 : Operation 391 [1/1] ( I:2.32ns O:2.32ns )   --->   "%store_ln25 = store i4 %p_2_0_0_0127_1_1386_loc_load, i4 %window_strb_addr" [Sobel.cpp:25]   --->   Operation 391 'store' 'store_ln25' <Predicate = true> <Delay = 2.32> <CoreInst = "RAM">   --->   Core 81 'RAM' <Latency = 1> <II = 1> <Delay = 2.32> <Storage> <Opcode : 'load' 'store'> <Ports = 2> <Width = 4> <Depth = 9> <RAM>
ST_14 : Operation 392 [1/1] ( I:2.32ns O:2.32ns )   --->   "%store_ln25 = store i2 %p_3_0_0_0128_1_1388_loc_load, i4 %window_user_addr" [Sobel.cpp:25]   --->   Operation 392 'store' 'store_ln25' <Predicate = true> <Delay = 2.32> <CoreInst = "RAM">   --->   Core 81 'RAM' <Latency = 1> <II = 1> <Delay = 2.32> <Storage> <Opcode : 'load' 'store'> <Ports = 2> <Width = 2> <Depth = 9> <RAM>
ST_14 : Operation 393 [1/1] ( I:2.32ns O:2.32ns )   --->   "%store_ln25 = store i1 %p_4_0_0_0129_1_1390_loc_load, i4 %window_last_addr" [Sobel.cpp:25]   --->   Operation 393 'store' 'store_ln25' <Predicate = true> <Delay = 2.32> <CoreInst = "RAM">   --->   Core 81 'RAM' <Latency = 1> <II = 1> <Delay = 2.32> <Storage> <Opcode : 'load' 'store'> <Ports = 2> <Width = 1> <Depth = 9> <RAM>
ST_14 : Operation 394 [1/1] ( I:2.32ns O:2.32ns )   --->   "%store_ln25 = store i5 %p_5_0_0_0130_1_1392_loc_load, i4 %window_id_addr" [Sobel.cpp:25]   --->   Operation 394 'store' 'store_ln25' <Predicate = true> <Delay = 2.32> <CoreInst = "RAM">   --->   Core 81 'RAM' <Latency = 1> <II = 1> <Delay = 2.32> <Storage> <Opcode : 'load' 'store'> <Ports = 2> <Width = 5> <Depth = 9> <RAM>
ST_14 : Operation 395 [1/1] ( I:2.32ns O:2.32ns )   --->   "%store_ln25 = store i6 %p_6_0_0_0131_1_1394_loc_load, i4 %window_dest_addr" [Sobel.cpp:25]   --->   Operation 395 'store' 'store_ln25' <Predicate = true> <Delay = 2.32> <CoreInst = "RAM">   --->   Core 81 'RAM' <Latency = 1> <II = 1> <Delay = 2.32> <Storage> <Opcode : 'load' 'store'> <Ports = 2> <Width = 6> <Depth = 9> <RAM>

State 15 <SV = 14> <Delay = 2.32>
ST_15 : Operation 396 [1/1] ( I:2.32ns O:2.32ns )   --->   "%store_ln25 = store i4 %p_1_0_0_0126_1_2397_loc_load, i4 %window_keep_addr_2" [Sobel.cpp:25]   --->   Operation 396 'store' 'store_ln25' <Predicate = (empty_16)> <Delay = 2.32> <CoreInst = "RAM">   --->   Core 81 'RAM' <Latency = 1> <II = 1> <Delay = 2.32> <Storage> <Opcode : 'load' 'store'> <Ports = 2> <Width = 4> <Depth = 9> <RAM>
ST_15 : Operation 397 [1/1] ( I:2.32ns O:2.32ns )   --->   "%store_ln25 = store i4 %p_2_0_0_0127_1_2398_loc_load, i4 %window_strb_addr_2" [Sobel.cpp:25]   --->   Operation 397 'store' 'store_ln25' <Predicate = (empty_16)> <Delay = 2.32> <CoreInst = "RAM">   --->   Core 81 'RAM' <Latency = 1> <II = 1> <Delay = 2.32> <Storage> <Opcode : 'load' 'store'> <Ports = 2> <Width = 4> <Depth = 9> <RAM>
ST_15 : Operation 398 [1/1] ( I:2.32ns O:2.32ns )   --->   "%store_ln25 = store i2 %p_3_0_0_0128_1_2399_loc_load, i4 %window_user_addr_2" [Sobel.cpp:25]   --->   Operation 398 'store' 'store_ln25' <Predicate = (empty_16)> <Delay = 2.32> <CoreInst = "RAM">   --->   Core 81 'RAM' <Latency = 1> <II = 1> <Delay = 2.32> <Storage> <Opcode : 'load' 'store'> <Ports = 2> <Width = 2> <Depth = 9> <RAM>
ST_15 : Operation 399 [1/1] ( I:2.32ns O:2.32ns )   --->   "%store_ln25 = store i1 %p_4_0_0_0129_1_2400_loc_load, i4 %window_last_addr_2" [Sobel.cpp:25]   --->   Operation 399 'store' 'store_ln25' <Predicate = (empty_16)> <Delay = 2.32> <CoreInst = "RAM">   --->   Core 81 'RAM' <Latency = 1> <II = 1> <Delay = 2.32> <Storage> <Opcode : 'load' 'store'> <Ports = 2> <Width = 1> <Depth = 9> <RAM>
ST_15 : Operation 400 [1/1] ( I:2.32ns O:2.32ns )   --->   "%store_ln25 = store i5 %p_5_0_0_0130_1_2401_loc_load, i4 %window_id_addr_2" [Sobel.cpp:25]   --->   Operation 400 'store' 'store_ln25' <Predicate = (empty_16)> <Delay = 2.32> <CoreInst = "RAM">   --->   Core 81 'RAM' <Latency = 1> <II = 1> <Delay = 2.32> <Storage> <Opcode : 'load' 'store'> <Ports = 2> <Width = 5> <Depth = 9> <RAM>
ST_15 : Operation 401 [1/1] ( I:2.32ns O:2.32ns )   --->   "%store_ln25 = store i6 %p_6_0_0_0131_1_2402_loc_load, i4 %window_dest_addr_2" [Sobel.cpp:25]   --->   Operation 401 'store' 'store_ln25' <Predicate = (empty_16)> <Delay = 2.32> <CoreInst = "RAM">   --->   Core 81 'RAM' <Latency = 1> <II = 1> <Delay = 2.32> <Storage> <Opcode : 'load' 'store'> <Ports = 2> <Width = 6> <Depth = 9> <RAM>
ST_15 : Operation 402 [1/1] (0.00ns)   --->   "%br_ln57 = br void %for.end106" [Sobel.cpp:57]   --->   Operation 402 'br' 'br_ln57' <Predicate = (empty_16)> <Delay = 0.00>
ST_15 : Operation 403 [1/1] (0.00ns)   --->   "%ret_ln57 = ret" [Sobel.cpp:57]   --->   Operation 403 'ret' 'ret_ln57' <Predicate = true> <Delay = 0.00>


============================================================
+ Verbose Summary: Binding
============================================================
STG Binding: 
---------------- STG Properties BEGIN ----------------
- Is combinational: 0
- Is one-state seq: 0
- Is datapath-only: 0
- Is pipelined: 0
- Is top level: 1
Port [ Return ] is wired: 1; IO mode=ap_ctrl_hs:ce=0
Port [ input_r_V_data_V]:  wired=1; compound=1; hidden=0; nouse=0; global=0; static=0; extern=0; dir=0; type=0; pingpong=0; private_global=0; IO mode=axis:ce=0
Port [ input_r_V_keep_V]:  wired=1; compound=1; hidden=0; nouse=0; global=0; static=0; extern=0; dir=0; type=0; pingpong=0; private_global=0; IO mode=axis:ce=0
Port [ input_r_V_strb_V]:  wired=1; compound=1; hidden=0; nouse=0; global=0; static=0; extern=0; dir=0; type=0; pingpong=0; private_global=0; IO mode=axis:ce=0
Port [ input_r_V_user_V]:  wired=1; compound=1; hidden=0; nouse=0; global=0; static=0; extern=0; dir=0; type=0; pingpong=0; private_global=0; IO mode=axis:ce=0
Port [ input_r_V_last_V]:  wired=1; compound=1; hidden=0; nouse=0; global=0; static=0; extern=0; dir=0; type=0; pingpong=0; private_global=0; IO mode=axis:ce=0
Port [ input_r_V_id_V]:  wired=1; compound=1; hidden=0; nouse=0; global=0; static=0; extern=0; dir=0; type=0; pingpong=0; private_global=0; IO mode=axis:ce=0
Port [ input_r_V_dest_V]:  wired=1; compound=1; hidden=0; nouse=0; global=0; static=0; extern=0; dir=0; type=0; pingpong=0; private_global=0; IO mode=axis:ce=0
Port [ output_r_V_data_V]:  wired=1; compound=1; hidden=0; nouse=0; global=0; static=0; extern=0; dir=1; type=0; pingpong=0; private_global=0; IO mode=axis:ce=0
Port [ output_r_V_keep_V]:  wired=1; compound=1; hidden=0; nouse=0; global=0; static=0; extern=0; dir=1; type=0; pingpong=0; private_global=0; IO mode=axis:ce=0
Port [ output_r_V_strb_V]:  wired=1; compound=1; hidden=0; nouse=0; global=0; static=0; extern=0; dir=1; type=0; pingpong=0; private_global=0; IO mode=axis:ce=0
Port [ output_r_V_user_V]:  wired=1; compound=1; hidden=0; nouse=0; global=0; static=0; extern=0; dir=1; type=0; pingpong=0; private_global=0; IO mode=axis:ce=0
Port [ output_r_V_last_V]:  wired=1; compound=1; hidden=0; nouse=0; global=0; static=0; extern=0; dir=1; type=0; pingpong=0; private_global=0; IO mode=axis:ce=0
Port [ output_r_V_id_V]:  wired=1; compound=1; hidden=0; nouse=0; global=0; static=0; extern=0; dir=1; type=0; pingpong=0; private_global=0; IO mode=axis:ce=0
Port [ output_r_V_dest_V]:  wired=1; compound=1; hidden=0; nouse=0; global=0; static=0; extern=0; dir=1; type=0; pingpong=0; private_global=0; IO mode=axis:ce=0
Port [ rows]:  wired=1; compound=0; hidden=0; nouse=0; global=0; static=0; extern=0; dir=0; type=0; pingpong=0; private_global=0; IO mode=ap_none:ce=0
Port [ cols]:  wired=1; compound=0; hidden=0; nouse=0; global=0; static=0; extern=0; dir=0; type=0; pingpong=0; private_global=0; IO mode=ap_none:ce=0
---------------- STG Properties END ------------------

---------------- Datapath Model BEGIN ----------------

<LifeTime>
<method=bitvector/>
indvars_iv572                    (alloca             ) [ 0111000000000000]
cols_read                        (read               ) [ 0011111111100000]
rows_read                        (read               ) [ 0011000000000000]
empty                            (trunc              ) [ 0011111000000000]
empty_15                         (trunc              ) [ 0011111000000000]
select_ln18_12_loc               (alloca             ) [ 0011111111110000]
select_ln18_11_loc               (alloca             ) [ 0011111111110000]
select_ln18_10_loc               (alloca             ) [ 0011111111110000]
select_ln18_9_loc                (alloca             ) [ 0011111111110000]
select_ln18_8_loc                (alloca             ) [ 0011111111110000]
select_ln18_7_loc                (alloca             ) [ 0011111111110000]
select_ln18_5_loc                (alloca             ) [ 0011111111110000]
select_ln18_4_loc                (alloca             ) [ 0011111111110000]
select_ln18_3_loc                (alloca             ) [ 0011111111110000]
select_ln18_2_loc                (alloca             ) [ 0011111111110000]
select_ln18_1_loc                (alloca             ) [ 0011111111110000]
select_ln18_loc                  (alloca             ) [ 0011111111110000]
p_1_0_0_0126_1348_phi_loc        (alloca             ) [ 0011111111110000]
p_2_0_0_0127_1349_phi_loc        (alloca             ) [ 0011111111110000]
p_3_0_0_0128_1350_phi_loc        (alloca             ) [ 0011111111110000]
p_4_0_0_0129_1351_phi_loc        (alloca             ) [ 0011111111110000]
p_5_0_0_0130_1352_phi_loc        (alloca             ) [ 0011111111110000]
p_6_0_0_0131_1353_phi_loc        (alloca             ) [ 0011111111110000]
p_1_0_0_0126_1_1355_phi_loc      (alloca             ) [ 0011111111110000]
p_2_0_0_0127_1_1356_phi_loc      (alloca             ) [ 0011111111110000]
p_3_0_0_0128_1_1357_phi_loc      (alloca             ) [ 0011111111110000]
p_4_0_0_0129_1_1358_phi_loc      (alloca             ) [ 0011111111110000]
p_5_0_0_0130_1_1359_phi_loc      (alloca             ) [ 0011111111110000]
p_6_0_0_0131_1_1360_phi_loc      (alloca             ) [ 0011111111110000]
p_1_0_0_0126_1_2362_phi_loc      (alloca             ) [ 0011111111110000]
p_2_0_0_0127_1_2363_phi_loc      (alloca             ) [ 0011111111110000]
p_3_0_0_0128_1_2364_phi_loc      (alloca             ) [ 0011111111110000]
p_4_0_0_0129_1_2365_phi_loc      (alloca             ) [ 0011111111110000]
p_5_0_0_0130_1_2366_phi_loc      (alloca             ) [ 0011111111110000]
p_6_0_0_0131_1_2367_phi_loc      (alloca             ) [ 0011111111110000]
p_1_0_0_0126_1348_loc            (alloca             ) [ 0011111111110000]
p_2_0_0_0127_1349_loc            (alloca             ) [ 0011111111110000]
p_3_0_0_0128_1350_loc            (alloca             ) [ 0011111111110000]
p_4_0_0_0129_1351_loc            (alloca             ) [ 0011111111110000]
p_5_0_0_0130_1352_loc            (alloca             ) [ 0011111111110000]
p_6_0_0_0131_1353_loc            (alloca             ) [ 0011111111110000]
p_1_0_0_0126_1370_loc            (alloca             ) [ 0011111111110000]
p_2_0_0_0127_1372_loc            (alloca             ) [ 0011111111110000]
p_3_0_0_0128_1374_loc            (alloca             ) [ 0011111111110000]
p_4_0_0_0129_1376_loc            (alloca             ) [ 0011111111110000]
p_5_0_0_0130_1378_loc            (alloca             ) [ 0011111111110000]
p_6_0_0_0131_1380_loc            (alloca             ) [ 0011111111110000]
p_1_0_0_0126_1_1384_loc          (alloca             ) [ 0011111111110000]
p_2_0_0_0127_1_1386_loc          (alloca             ) [ 0011111111110000]
p_3_0_0_0128_1_1388_loc          (alloca             ) [ 0011111111110000]
p_4_0_0_0129_1_1390_loc          (alloca             ) [ 0011111111110000]
p_5_0_0_0130_1_1392_loc          (alloca             ) [ 0011111111110000]
p_6_0_0_0131_1_1394_loc          (alloca             ) [ 0011111111110000]
p_1_0_0_0126_1_2397_loc          (alloca             ) [ 0011111111110000]
p_2_0_0_0127_1_2398_loc          (alloca             ) [ 0011111111110000]
p_3_0_0_0128_1_2399_loc          (alloca             ) [ 0011111111110000]
p_4_0_0_0129_1_2400_loc          (alloca             ) [ 0011111111110000]
p_5_0_0_0130_1_2401_loc          (alloca             ) [ 0011111111110000]
p_6_0_0_0131_1_2402_loc          (alloca             ) [ 0011111111110000]
spectopmodule_ln7                (spectopmodule      ) [ 0000000000000000]
specinterface_ln0                (specinterface      ) [ 0000000000000000]
specbitsmap_ln0                  (specbitsmap        ) [ 0000000000000000]
specbitsmap_ln0                  (specbitsmap        ) [ 0000000000000000]
specbitsmap_ln0                  (specbitsmap        ) [ 0000000000000000]
specbitsmap_ln0                  (specbitsmap        ) [ 0000000000000000]
specbitsmap_ln0                  (specbitsmap        ) [ 0000000000000000]
specbitsmap_ln0                  (specbitsmap        ) [ 0000000000000000]
specbitsmap_ln0                  (specbitsmap        ) [ 0000000000000000]
specinterface_ln0                (specinterface      ) [ 0000000000000000]
specbitsmap_ln0                  (specbitsmap        ) [ 0000000000000000]
specbitsmap_ln0                  (specbitsmap        ) [ 0000000000000000]
specbitsmap_ln0                  (specbitsmap        ) [ 0000000000000000]
specbitsmap_ln0                  (specbitsmap        ) [ 0000000000000000]
specbitsmap_ln0                  (specbitsmap        ) [ 0000000000000000]
specbitsmap_ln0                  (specbitsmap        ) [ 0000000000000000]
specbitsmap_ln0                  (specbitsmap        ) [ 0000000000000000]
specbitsmap_ln0                  (specbitsmap        ) [ 0000000000000000]
specinterface_ln0                (specinterface      ) [ 0000000000000000]
specinterface_ln0                (specinterface      ) [ 0000000000000000]
specbitsmap_ln0                  (specbitsmap        ) [ 0000000000000000]
specinterface_ln0                (specinterface      ) [ 0000000000000000]
specinterface_ln0                (specinterface      ) [ 0000000000000000]
specinterface_ln0                (specinterface      ) [ 0000000000000000]
window_keep                      (alloca             ) [ 0011000000000000]
window_keep_addr                 (getelementptr      ) [ 0011111111111110]
window_keep_addr_1               (getelementptr      ) [ 0011111111111110]
window_keep_addr_2               (getelementptr      ) [ 0011111111111111]
window_keep_addr_3               (getelementptr      ) [ 0011111111110000]
window_keep_addr_4               (getelementptr      ) [ 0011111111110000]
window_keep_addr_5               (getelementptr      ) [ 0011111111111000]
window_keep_addr_6               (getelementptr      ) [ 0011111111111000]
window_keep_addr_7               (getelementptr      ) [ 0011111111111100]
window_keep_addr_8               (getelementptr      ) [ 0011111111111100]
window_strb                      (alloca             ) [ 0011000000000000]
window_strb_addr                 (getelementptr      ) [ 0011111111111110]
window_strb_addr_1               (getelementptr      ) [ 0011111111111110]
window_strb_addr_2               (getelementptr      ) [ 0011111111111111]
window_strb_addr_3               (getelementptr      ) [ 0011111111110000]
window_strb_addr_4               (getelementptr      ) [ 0011111111110000]
window_strb_addr_5               (getelementptr      ) [ 0011111111111000]
window_strb_addr_6               (getelementptr      ) [ 0011111111111000]
window_strb_addr_7               (getelementptr      ) [ 0011111111111100]
window_strb_addr_8               (getelementptr      ) [ 0011111111111100]
window_user                      (alloca             ) [ 0011000000000000]
window_user_addr                 (getelementptr      ) [ 0011111111111110]
window_user_addr_1               (getelementptr      ) [ 0011111111111110]
window_user_addr_2               (getelementptr      ) [ 0011111111111111]
window_user_addr_3               (getelementptr      ) [ 0011111111110000]
window_user_addr_4               (getelementptr      ) [ 0011111111110000]
window_user_addr_5               (getelementptr      ) [ 0011111111111000]
window_user_addr_6               (getelementptr      ) [ 0011111111111000]
window_user_addr_7               (getelementptr      ) [ 0011111111111100]
window_user_addr_8               (getelementptr      ) [ 0011111111111100]
window_last                      (alloca             ) [ 0011000000000000]
window_last_addr                 (getelementptr      ) [ 0011111111111110]
window_last_addr_1               (getelementptr      ) [ 0011111111111110]
window_last_addr_2               (getelementptr      ) [ 0011111111111111]
window_last_addr_3               (getelementptr      ) [ 0011111111110000]
window_last_addr_4               (getelementptr      ) [ 0011111111110000]
window_last_addr_5               (getelementptr      ) [ 0011111111111000]
window_last_addr_6               (getelementptr      ) [ 0011111111111000]
window_last_addr_7               (getelementptr      ) [ 0011111111111100]
window_last_addr_8               (getelementptr      ) [ 0011111111111100]
window_id                        (alloca             ) [ 0011000000000000]
window_id_addr                   (getelementptr      ) [ 0011111111111110]
window_id_addr_1                 (getelementptr      ) [ 0011111111111110]
window_id_addr_2                 (getelementptr      ) [ 0011111111111111]
window_id_addr_3                 (getelementptr      ) [ 0011111111110000]
window_id_addr_4                 (getelementptr      ) [ 0011111111110000]
window_id_addr_5                 (getelementptr      ) [ 0011111111111000]
window_id_addr_6                 (getelementptr      ) [ 0011111111111000]
window_id_addr_7                 (getelementptr      ) [ 0011111111111100]
window_id_addr_8                 (getelementptr      ) [ 0011111111111100]
window_dest                      (alloca             ) [ 0011000000000000]
window_dest_addr                 (getelementptr      ) [ 0011111111111110]
window_dest_addr_1               (getelementptr      ) [ 0011111111111110]
window_dest_addr_2               (getelementptr      ) [ 0011111111111111]
window_dest_addr_3               (getelementptr      ) [ 0011111111110000]
window_dest_addr_4               (getelementptr      ) [ 0011111111110000]
window_dest_addr_5               (getelementptr      ) [ 0011111111111000]
window_dest_addr_6               (getelementptr      ) [ 0011111111111000]
window_dest_addr_7               (getelementptr      ) [ 0011111111111100]
window_dest_addr_8               (getelementptr      ) [ 0011111111111100]
specaxissidechannel_ln17         (specaxissidechannel) [ 0000000000000000]
specaxissidechannel_ln17         (specaxissidechannel) [ 0000000000000000]
store_ln0                        (store              ) [ 0000000000000000]
br_ln17                          (br                 ) [ 0000000000000000]
indvars_iv572_load               (load               ) [ 0000000000000000]
trunc_ln17                       (trunc              ) [ 0000000000000000]
tmp                              (bitconcatenate     ) [ 0000000000000000]
zext_ln17                        (zext               ) [ 0000000000000000]
sub_ln17                         (sub                ) [ 0001000000000000]
add_ln17_1                       (add                ) [ 0000000000000000]
icmp_ln17                        (icmp               ) [ 0001000000000000]
store_ln17                       (store              ) [ 0000000000000000]
speclooptripcount_ln17           (speclooptripcount  ) [ 0000000000000000]
call_ln17                        (call               ) [ 0000000000000000]
br_ln17                          (br                 ) [ 0000000000000000]
empty_16                         (icmp               ) [ 0000111111111111]
window_keep_load                 (load               ) [ 0000001111100000]
window_strb_load                 (load               ) [ 0000001111100000]
window_user_load                 (load               ) [ 0000001111100000]
window_last_load                 (load               ) [ 0000001111100000]
window_id_load                   (load               ) [ 0000001111100000]
window_dest_load                 (load               ) [ 0000001111100000]
icmp_ln19                        (icmp               ) [ 0000000000000000]
window_keep_load_1               (load               ) [ 0000000111100000]
window_strb_load_1               (load               ) [ 0000000111100000]
window_user_load_1               (load               ) [ 0000000111100000]
window_last_load_1               (load               ) [ 0000000111100000]
window_id_load_1                 (load               ) [ 0000000111100000]
window_dest_load_1               (load               ) [ 0000000111100000]
window_keep_load_2               (load               ) [ 0000000111100000]
window_strb_load_2               (load               ) [ 0000000111100000]
window_user_load_2               (load               ) [ 0000000111100000]
window_last_load_2               (load               ) [ 0000000111100000]
window_id_load_2                 (load               ) [ 0000000111100000]
window_dest_load_2               (load               ) [ 0000000111100000]
smax                             (select             ) [ 0000000100000000]
smax1                            (select             ) [ 0000000100000000]
window_keep_load_3               (load               ) [ 0000000011100000]
window_strb_load_3               (load               ) [ 0000000011100000]
window_user_load_3               (load               ) [ 0000000011100000]
window_last_load_3               (load               ) [ 0000000011100000]
window_id_load_3                 (load               ) [ 0000000011100000]
window_dest_load_3               (load               ) [ 0000000011100000]
window_keep_load_4               (load               ) [ 0000000011100000]
window_strb_load_4               (load               ) [ 0000000011100000]
window_user_load_4               (load               ) [ 0000000011100000]
window_last_load_4               (load               ) [ 0000000011100000]
window_id_load_4                 (load               ) [ 0000000011100000]
window_dest_load_4               (load               ) [ 0000000011100000]
zext_ln28                        (zext               ) [ 0000000010000000]
zext_ln28_1                      (zext               ) [ 0000000010000000]
window_keep_load_5               (load               ) [ 0000000001100000]
window_strb_load_5               (load               ) [ 0000000001100000]
window_user_load_5               (load               ) [ 0000000001100000]
window_last_load_5               (load               ) [ 0000000001100000]
window_id_load_5                 (load               ) [ 0000000001100000]
window_dest_load_5               (load               ) [ 0000000001100000]
window_keep_load_6               (load               ) [ 0000000001100000]
window_strb_load_6               (load               ) [ 0000000001100000]
window_user_load_6               (load               ) [ 0000000001100000]
window_last_load_6               (load               ) [ 0000000001100000]
window_id_load_6                 (load               ) [ 0000000001100000]
window_dest_load_6               (load               ) [ 0000000001100000]
mul_ln28                         (mul                ) [ 0000000001100000]
window_keep_load_7               (load               ) [ 0000000000100000]
window_strb_load_7               (load               ) [ 0000000000100000]
window_user_load_7               (load               ) [ 0000000000100000]
window_last_load_7               (load               ) [ 0000000000100000]
window_id_load_7                 (load               ) [ 0000000000100000]
window_dest_load_7               (load               ) [ 0000000000100000]
window_keep_load_8               (load               ) [ 0000000000100000]
window_strb_load_8               (load               ) [ 0000000000100000]
window_user_load_8               (load               ) [ 0000000000100000]
window_last_load_8               (load               ) [ 0000000000100000]
window_id_load_8                 (load               ) [ 0000000000100000]
window_dest_load_8               (load               ) [ 0000000000100000]
call_ln25                        (call               ) [ 0000000000000000]
p_6_0_0_0131_1_2402_loc_load     (load               ) [ 0000000000001111]
p_5_0_0_0130_1_2401_loc_load     (load               ) [ 0000000000001111]
p_4_0_0_0129_1_2400_loc_load     (load               ) [ 0000000000001111]
p_3_0_0_0128_1_2399_loc_load     (load               ) [ 0000000000001111]
p_2_0_0_0127_1_2398_loc_load     (load               ) [ 0000000000001111]
p_1_0_0_0126_1_2397_loc_load     (load               ) [ 0000000000001111]
p_6_0_0_0131_1_1394_loc_load     (load               ) [ 0000000000001110]
p_5_0_0_0130_1_1392_loc_load     (load               ) [ 0000000000001110]
p_4_0_0_0129_1_1390_loc_load     (load               ) [ 0000000000001110]
p_3_0_0_0128_1_1388_loc_load     (load               ) [ 0000000000001110]
p_2_0_0_0127_1_1386_loc_load     (load               ) [ 0000000000001110]
p_1_0_0_0126_1_1384_loc_load     (load               ) [ 0000000000001110]
p_6_0_0_0131_1380_loc_load       (load               ) [ 0000000000001110]
p_5_0_0_0130_1378_loc_load       (load               ) [ 0000000000001110]
p_4_0_0_0129_1376_loc_load       (load               ) [ 0000000000001110]
p_3_0_0_0128_1374_loc_load       (load               ) [ 0000000000001110]
p_2_0_0_0127_1372_loc_load       (load               ) [ 0000000000001110]
p_1_0_0_0126_1370_loc_load       (load               ) [ 0000000000001110]
p_6_0_0_0131_1353_loc_load       (load               ) [ 0000000000000000]
p_5_0_0_0130_1352_loc_load       (load               ) [ 0000000000000000]
p_4_0_0_0129_1351_loc_load       (load               ) [ 0000000000000000]
p_3_0_0_0128_1350_loc_load       (load               ) [ 0000000000000000]
p_2_0_0_0127_1349_loc_load       (load               ) [ 0000000000000000]
p_1_0_0_0126_1348_loc_load       (load               ) [ 0000000000000000]
p_6_0_0_0131_1_2367_phi_loc_load (load               ) [ 0000000000001100]
p_5_0_0_0130_1_2366_phi_loc_load (load               ) [ 0000000000001100]
p_4_0_0_0129_1_2365_phi_loc_load (load               ) [ 0000000000001100]
p_3_0_0_0128_1_2364_phi_loc_load (load               ) [ 0000000000001100]
p_2_0_0_0127_1_2363_phi_loc_load (load               ) [ 0000000000001100]
p_1_0_0_0126_1_2362_phi_loc_load (load               ) [ 0000000000001100]
p_6_0_0_0131_1_1360_phi_loc_load (load               ) [ 0000000000001000]
p_5_0_0_0130_1_1359_phi_loc_load (load               ) [ 0000000000001000]
p_4_0_0_0129_1_1358_phi_loc_load (load               ) [ 0000000000001000]
p_3_0_0_0128_1_1357_phi_loc_load (load               ) [ 0000000000001000]
p_2_0_0_0127_1_1356_phi_loc_load (load               ) [ 0000000000001000]
p_1_0_0_0126_1_1355_phi_loc_load (load               ) [ 0000000000001000]
p_6_0_0_0131_1353_phi_loc_load   (load               ) [ 0000000000000000]
p_5_0_0_0130_1352_phi_loc_load   (load               ) [ 0000000000000000]
p_4_0_0_0129_1351_phi_loc_load   (load               ) [ 0000000000000000]
p_3_0_0_0128_1350_phi_loc_load   (load               ) [ 0000000000000000]
p_2_0_0_0127_1349_phi_loc_load   (load               ) [ 0000000000000000]
p_1_0_0_0126_1348_phi_loc_load   (load               ) [ 0000000000000000]
select_ln18_loc_load             (load               ) [ 0000000000001100]
select_ln18_1_loc_load           (load               ) [ 0000000000001100]
select_ln18_2_loc_load           (load               ) [ 0000000000001100]
select_ln18_3_loc_load           (load               ) [ 0000000000001100]
select_ln18_4_loc_load           (load               ) [ 0000000000001100]
select_ln18_5_loc_load           (load               ) [ 0000000000001100]
select_ln18_7_loc_load           (load               ) [ 0000000000001000]
select_ln18_8_loc_load           (load               ) [ 0000000000001000]
select_ln18_9_loc_load           (load               ) [ 0000000000001000]
select_ln18_10_loc_load          (load               ) [ 0000000000001000]
select_ln18_11_loc_load          (load               ) [ 0000000000001000]
select_ln18_12_loc_load          (load               ) [ 0000000000001000]
br_ln18                          (br                 ) [ 0000000000000000]
store_ln25                       (store              ) [ 0000000000000000]
store_ln25                       (store              ) [ 0000000000000000]
store_ln25                       (store              ) [ 0000000000000000]
store_ln25                       (store              ) [ 0000000000000000]
store_ln25                       (store              ) [ 0000000000000000]
store_ln25                       (store              ) [ 0000000000000000]
store_ln25                       (store              ) [ 0000000000000000]
store_ln25                       (store              ) [ 0000000000000000]
store_ln25                       (store              ) [ 0000000000000000]
store_ln25                       (store              ) [ 0000000000000000]
store_ln25                       (store              ) [ 0000000000000000]
store_ln25                       (store              ) [ 0000000000000000]
store_ln25                       (store              ) [ 0000000000000000]
store_ln25                       (store              ) [ 0000000000000000]
store_ln25                       (store              ) [ 0000000000000000]
store_ln25                       (store              ) [ 0000000000000000]
store_ln25                       (store              ) [ 0000000000000000]
store_ln25                       (store              ) [ 0000000000000000]
store_ln25                       (store              ) [ 0000000000000000]
store_ln25                       (store              ) [ 0000000000000000]
store_ln25                       (store              ) [ 0000000000000000]
store_ln25                       (store              ) [ 0000000000000000]
store_ln25                       (store              ) [ 0000000000000000]
store_ln25                       (store              ) [ 0000000000000000]
store_ln25                       (store              ) [ 0000000000000000]
store_ln25                       (store              ) [ 0000000000000000]
store_ln25                       (store              ) [ 0000000000000000]
store_ln25                       (store              ) [ 0000000000000000]
store_ln25                       (store              ) [ 0000000000000000]
store_ln25                       (store              ) [ 0000000000000000]
store_ln25                       (store              ) [ 0000000000000000]
store_ln25                       (store              ) [ 0000000000000000]
store_ln25                       (store              ) [ 0000000000000000]
store_ln25                       (store              ) [ 0000000000000000]
store_ln25                       (store              ) [ 0000000000000000]
store_ln25                       (store              ) [ 0000000000000000]
store_ln25                       (store              ) [ 0000000000000000]
store_ln25                       (store              ) [ 0000000000000000]
store_ln25                       (store              ) [ 0000000000000000]
store_ln25                       (store              ) [ 0000000000000000]
store_ln25                       (store              ) [ 0000000000000000]
store_ln25                       (store              ) [ 0000000000000000]
store_ln25                       (store              ) [ 0000000000000000]
store_ln25                       (store              ) [ 0000000000000000]
store_ln25                       (store              ) [ 0000000000000000]
store_ln25                       (store              ) [ 0000000000000000]
store_ln25                       (store              ) [ 0000000000000000]
store_ln25                       (store              ) [ 0000000000000000]
store_ln25                       (store              ) [ 0000000000000000]
store_ln25                       (store              ) [ 0000000000000000]
store_ln25                       (store              ) [ 0000000000000000]
store_ln25                       (store              ) [ 0000000000000000]
store_ln25                       (store              ) [ 0000000000000000]
store_ln25                       (store              ) [ 0000000000000000]
br_ln57                          (br                 ) [ 0000000000000000]
ret_ln57                         (ret                ) [ 0000000000000000]
</LifeTime>

<model>

<comp_list>
<comp id="0" class="1000" name="input_r_V_data_V">
<pin_list>
<pin id="1" dir="1" index="0" bw="1" slack="0"/>
</pin_list>
<bind>
<StgValue><ssdm name="input_r_V_data_V"/></StgValue>
</bind>
</comp>

<comp id="2" class="1000" name="input_r_V_keep_V">
<pin_list>
<pin id="3" dir="1" index="0" bw="1" slack="0"/>
</pin_list>
<bind>
<StgValue><ssdm name="input_r_V_keep_V"/></StgValue>
</bind>
</comp>

<comp id="4" class="1000" name="input_r_V_strb_V">
<pin_list>
<pin id="5" dir="1" index="0" bw="1" slack="0"/>
</pin_list>
<bind>
<StgValue><ssdm name="input_r_V_strb_V"/></StgValue>
</bind>
</comp>

<comp id="6" class="1000" name="input_r_V_user_V">
<pin_list>
<pin id="7" dir="1" index="0" bw="1" slack="0"/>
</pin_list>
<bind>
<StgValue><ssdm name="input_r_V_user_V"/></StgValue>
</bind>
</comp>

<comp id="8" class="1000" name="input_r_V_last_V">
<pin_list>
<pin id="9" dir="1" index="0" bw="1" slack="0"/>
</pin_list>
<bind>
<StgValue><ssdm name="input_r_V_last_V"/></StgValue>
</bind>
</comp>

<comp id="10" class="1000" name="input_r_V_id_V">
<pin_list>
<pin id="11" dir="1" index="0" bw="1" slack="0"/>
</pin_list>
<bind>
<StgValue><ssdm name="input_r_V_id_V"/></StgValue>
</bind>
</comp>

<comp id="12" class="1000" name="input_r_V_dest_V">
<pin_list>
<pin id="13" dir="1" index="0" bw="1" slack="0"/>
</pin_list>
<bind>
<StgValue><ssdm name="input_r_V_dest_V"/></StgValue>
</bind>
</comp>

<comp id="14" class="1000" name="output_r_V_data_V">
<pin_list>
<pin id="15" dir="1" index="0" bw="1" slack="0"/>
</pin_list>
<bind>
<StgValue><ssdm name="output_r_V_data_V"/></StgValue>
</bind>
</comp>

<comp id="16" class="1000" name="output_r_V_keep_V">
<pin_list>
<pin id="17" dir="1" index="0" bw="1" slack="0"/>
</pin_list>
<bind>
<StgValue><ssdm name="output_r_V_keep_V"/></StgValue>
</bind>
</comp>

<comp id="18" class="1000" name="output_r_V_strb_V">
<pin_list>
<pin id="19" dir="1" index="0" bw="1" slack="0"/>
</pin_list>
<bind>
<StgValue><ssdm name="output_r_V_strb_V"/></StgValue>
</bind>
</comp>

<comp id="20" class="1000" name="output_r_V_user_V">
<pin_list>
<pin id="21" dir="1" index="0" bw="1" slack="0"/>
</pin_list>
<bind>
<StgValue><ssdm name="output_r_V_user_V"/></StgValue>
</bind>
</comp>

<comp id="22" class="1000" name="output_r_V_last_V">
<pin_list>
<pin id="23" dir="1" index="0" bw="1" slack="0"/>
</pin_list>
<bind>
<StgValue><ssdm name="output_r_V_last_V"/></StgValue>
</bind>
</comp>

<comp id="24" class="1000" name="output_r_V_id_V">
<pin_list>
<pin id="25" dir="1" index="0" bw="1" slack="0"/>
</pin_list>
<bind>
<StgValue><ssdm name="output_r_V_id_V"/></StgValue>
</bind>
</comp>

<comp id="26" class="1000" name="output_r_V_dest_V">
<pin_list>
<pin id="27" dir="1" index="0" bw="1" slack="0"/>
</pin_list>
<bind>
<StgValue><ssdm name="output_r_V_dest_V"/></StgValue>
</bind>
</comp>

<comp id="28" class="1000" name="rows">
<pin_list>
<pin id="29" dir="1" index="0" bw="1" slack="0"/>
</pin_list>
<bind>
<StgValue><ssdm name="rows"/></StgValue>
</bind>
</comp>

<comp id="30" class="1000" name="cols">
<pin_list>
<pin id="31" dir="1" index="0" bw="1" slack="0"/>
</pin_list>
<bind>
<StgValue><ssdm name="cols"/></StgValue>
</bind>
</comp>

<comp id="32" class="1001" name="const_32">
<pin_list>
<pin id="33" dir="1" index="0" bw="1" slack="0"/>
</pin_list>
<bind>
<StgValue><ssdm name=""/></StgValue>
</bind>
</comp>

<comp id="34" class="1001" name="const_34">
<pin_list>
<pin id="35" dir="1" index="0" bw="1" slack="0"/>
</pin_list>
<bind>
<StgValue><ssdm name="_ssdm_op_Read.s_axilite.i32"/></StgValue>
</bind>
</comp>

<comp id="36" class="1001" name="const_36">
<pin_list>
<pin id="37" dir="1" index="0" bw="1" slack="0"/>
</pin_list>
<bind>
<StgValue><ssdm name=""/></StgValue>
</bind>
</comp>

<comp id="38" class="1001" name="const_38">
<pin_list>
<pin id="39" dir="1" index="0" bw="1" slack="2147483647"/>
</pin_list>
<bind>
<StgValue><ssdm name="_ssdm_op_SpecTopModule"/></StgValue>
</bind>
</comp>

<comp id="40" class="1001" name="const_40">
<pin_list>
<pin id="41" dir="1" index="0" bw="1" slack="2147483647"/>
</pin_list>
<bind>
<StgValue><ssdm name="empty_9"/></StgValue>
</bind>
</comp>

<comp id="42" class="1001" name="const_42">
<pin_list>
<pin id="43" dir="1" index="0" bw="1" slack="2147483647"/>
</pin_list>
<bind>
<StgValue><ssdm name="_ssdm_op_SpecInterface"/></StgValue>
</bind>
</comp>

<comp id="44" class="1001" name="const_44">
<pin_list>
<pin id="45" dir="1" index="0" bw="1" slack="2147483647"/>
</pin_list>
<bind>
<StgValue><ssdm name="empty"/></StgValue>
</bind>
</comp>

<comp id="46" class="1001" name="const_46">
<pin_list>
<pin id="47" dir="1" index="0" bw="1" slack="2147483647"/>
</pin_list>
<bind>
<StgValue><ssdm name="empty_0"/></StgValue>
</bind>
</comp>

<comp id="48" class="1001" name="const_48">
<pin_list>
<pin id="49" dir="1" index="0" bw="1" slack="0"/>
</pin_list>
<bind>
<StgValue><ssdm name=""/></StgValue>
</bind>
</comp>

<comp id="50" class="1001" name="const_50">
<pin_list>
<pin id="51" dir="1" index="0" bw="1" slack="2147483647"/>
</pin_list>
<bind>
<StgValue><ssdm name="empty_1"/></StgValue>
</bind>
</comp>

<comp id="52" class="1001" name="const_52">
<pin_list>
<pin id="53" dir="1" index="0" bw="1" slack="2147483647"/>
</pin_list>
<bind>
<StgValue><ssdm name=""/></StgValue>
</bind>
</comp>

<comp id="54" class="1001" name="const_54">
<pin_list>
<pin id="55" dir="1" index="0" bw="1" slack="2147483647"/>
</pin_list>
<bind>
<StgValue><ssdm name="_ssdm_op_SpecBitsMap"/></StgValue>
</bind>
</comp>

<comp id="56" class="1001" name="const_56">
<pin_list>
<pin id="57" dir="1" index="0" bw="1" slack="2147483647"/>
</pin_list>
<bind>
<StgValue><ssdm name="empty_2"/></StgValue>
</bind>
</comp>

<comp id="58" class="1001" name="const_58">
<pin_list>
<pin id="59" dir="1" index="0" bw="1" slack="2147483647"/>
</pin_list>
<bind>
<StgValue><ssdm name="empty_3"/></StgValue>
</bind>
</comp>

<comp id="60" class="1001" name="const_60">
<pin_list>
<pin id="61" dir="1" index="0" bw="1" slack="2147483647"/>
</pin_list>
<bind>
<StgValue><ssdm name="empty_4"/></StgValue>
</bind>
</comp>

<comp id="62" class="1001" name="const_62">
<pin_list>
<pin id="63" dir="1" index="0" bw="1" slack="2147483647"/>
</pin_list>
<bind>
<StgValue><ssdm name="empty_5"/></StgValue>
</bind>
</comp>

<comp id="64" class="1001" name="const_64">
<pin_list>
<pin id="65" dir="1" index="0" bw="1" slack="2147483647"/>
</pin_list>
<bind>
<StgValue><ssdm name="empty_6"/></StgValue>
</bind>
</comp>

<comp id="66" class="1001" name="const_66">
<pin_list>
<pin id="67" dir="1" index="0" bw="1" slack="0"/>
</pin_list>
<bind>
<StgValue><ssdm name=""/></StgValue>
</bind>
</comp>

<comp id="68" class="1001" name="const_68">
<pin_list>
<pin id="69" dir="1" index="0" bw="1" slack="0"/>
</pin_list>
<bind>
<StgValue><ssdm name=""/></StgValue>
</bind>
</comp>

<comp id="70" class="1001" name="const_70">
<pin_list>
<pin id="71" dir="1" index="0" bw="1" slack="0"/>
</pin_list>
<bind>
<StgValue><ssdm name=""/></StgValue>
</bind>
</comp>

<comp id="72" class="1001" name="const_72">
<pin_list>
<pin id="73" dir="1" index="0" bw="1" slack="0"/>
</pin_list>
<bind>
<StgValue><ssdm name=""/></StgValue>
</bind>
</comp>

<comp id="74" class="1001" name="const_74">
<pin_list>
<pin id="75" dir="1" index="0" bw="1" slack="0"/>
</pin_list>
<bind>
<StgValue><ssdm name=""/></StgValue>
</bind>
</comp>

<comp id="76" class="1001" name="const_76">
<pin_list>
<pin id="77" dir="1" index="0" bw="1" slack="0"/>
</pin_list>
<bind>
<StgValue><ssdm name=""/></StgValue>
</bind>
</comp>

<comp id="78" class="1001" name="const_78">
<pin_list>
<pin id="79" dir="1" index="0" bw="1" slack="0"/>
</pin_list>
<bind>
<StgValue><ssdm name=""/></StgValue>
</bind>
</comp>

<comp id="80" class="1001" name="const_80">
<pin_list>
<pin id="81" dir="1" index="0" bw="1" slack="0"/>
</pin_list>
<bind>
<StgValue><ssdm name=""/></StgValue>
</bind>
</comp>

<comp id="82" class="1001" name="const_82">
<pin_list>
<pin id="83" dir="1" index="0" bw="1" slack="2147483647"/>
</pin_list>
<bind>
<StgValue><ssdm name="_ssdm_op_SpecAXISSideChannel"/></StgValue>
</bind>
</comp>

<comp id="84" class="1001" name="const_84">
<pin_list>
<pin id="85" dir="1" index="0" bw="1" slack="2147483647"/>
</pin_list>
<bind>
<StgValue><ssdm name="empty_7"/></StgValue>
</bind>
</comp>

<comp id="86" class="1001" name="const_86">
<pin_list>
<pin id="87" dir="1" index="0" bw="1" slack="2147483647"/>
</pin_list>
<bind>
<StgValue><ssdm name="empty_8"/></StgValue>
</bind>
</comp>

<comp id="88" class="1001" name="const_88">
<pin_list>
<pin id="89" dir="1" index="0" bw="1" slack="0"/>
</pin_list>
<bind>
<StgValue><ssdm name=""/></StgValue>
</bind>
</comp>

<comp id="90" class="1001" name="const_90">
<pin_list>
<pin id="91" dir="1" index="0" bw="1" slack="0"/>
</pin_list>
<bind>
<StgValue><ssdm name="_ssdm_op_BitConcatenate.i3.i1.i2"/></StgValue>
</bind>
</comp>

<comp id="92" class="1001" name="const_92">
<pin_list>
<pin id="93" dir="1" index="0" bw="1" slack="0"/>
</pin_list>
<bind>
<StgValue><ssdm name=""/></StgValue>
</bind>
</comp>

<comp id="94" class="1001" name="const_94">
<pin_list>
<pin id="95" dir="1" index="0" bw="1" slack="0"/>
</pin_list>
<bind>
<StgValue><ssdm name="sobel_filter_Pipeline_1"/></StgValue>
</bind>
</comp>

<comp id="96" class="1001" name="const_96">
<pin_list>
<pin id="97" dir="1" index="0" bw="1" slack="0"/>
</pin_list>
<bind>
<StgValue><ssdm name=""/></StgValue>
</bind>
</comp>

<comp id="98" class="1001" name="const_98">
<pin_list>
<pin id="99" dir="1" index="0" bw="1" slack="2147483647"/>
</pin_list>
<bind>
<StgValue><ssdm name="_ssdm_op_SpecLoopTripCount"/></StgValue>
</bind>
</comp>

<comp id="100" class="1001" name="const_100">
<pin_list>
<pin id="101" dir="1" index="0" bw="1" slack="0"/>
</pin_list>
<bind>
<StgValue><ssdm name=""/></StgValue>
</bind>
</comp>

<comp id="102" class="1001" name="const_102">
<pin_list>
<pin id="103" dir="1" index="0" bw="1" slack="0"/>
</pin_list>
<bind>
<StgValue><ssdm name="sobel_filter_Pipeline_VITIS_LOOP_18_1_VITIS_LOOP_19_2"/></StgValue>
</bind>
</comp>

<comp id="104" class="1004" name="indvars_iv572_fu_104">
<pin_list>
<pin id="105" dir="0" index="0" bw="1" slack="0"/>
<pin id="106" dir="1" index="1" bw="2" slack="0"/>
</pin_list>
<bind>
<opcode="alloca(26) " fcode="alloca"/>
<opset="indvars_iv572/1 "/>
</bind>
</comp>

<comp id="108" class="1004" name="select_ln18_12_loc_fu_108">
<pin_list>
<pin id="109" dir="0" index="0" bw="1" slack="0"/>
<pin id="110" dir="1" index="1" bw="4" slack="8"/>
</pin_list>
<bind>
<opcode="alloca(26) " fcode="alloca"/>
<opset="select_ln18_12_loc/1 "/>
</bind>
</comp>

<comp id="112" class="1004" name="select_ln18_11_loc_fu_112">
<pin_list>
<pin id="113" dir="0" index="0" bw="1" slack="0"/>
<pin id="114" dir="1" index="1" bw="4" slack="8"/>
</pin_list>
<bind>
<opcode="alloca(26) " fcode="alloca"/>
<opset="select_ln18_11_loc/1 "/>
</bind>
</comp>

<comp id="116" class="1004" name="select_ln18_10_loc_fu_116">
<pin_list>
<pin id="117" dir="0" index="0" bw="1" slack="0"/>
<pin id="118" dir="1" index="1" bw="2" slack="8"/>
</pin_list>
<bind>
<opcode="alloca(26) " fcode="alloca"/>
<opset="select_ln18_10_loc/1 "/>
</bind>
</comp>

<comp id="120" class="1004" name="select_ln18_9_loc_fu_120">
<pin_list>
<pin id="121" dir="0" index="0" bw="1" slack="0"/>
<pin id="122" dir="1" index="1" bw="1" slack="8"/>
</pin_list>
<bind>
<opcode="alloca(26) " fcode="alloca"/>
<opset="select_ln18_9_loc/1 "/>
</bind>
</comp>

<comp id="124" class="1004" name="select_ln18_8_loc_fu_124">
<pin_list>
<pin id="125" dir="0" index="0" bw="1" slack="0"/>
<pin id="126" dir="1" index="1" bw="5" slack="8"/>
</pin_list>
<bind>
<opcode="alloca(26) " fcode="alloca"/>
<opset="select_ln18_8_loc/1 "/>
</bind>
</comp>

<comp id="128" class="1004" name="select_ln18_7_loc_fu_128">
<pin_list>
<pin id="129" dir="0" index="0" bw="1" slack="0"/>
<pin id="130" dir="1" index="1" bw="6" slack="8"/>
</pin_list>
<bind>
<opcode="alloca(26) " fcode="alloca"/>
<opset="select_ln18_7_loc/1 "/>
</bind>
</comp>

<comp id="132" class="1004" name="select_ln18_5_loc_fu_132">
<pin_list>
<pin id="133" dir="0" index="0" bw="1" slack="0"/>
<pin id="134" dir="1" index="1" bw="4" slack="8"/>
</pin_list>
<bind>
<opcode="alloca(26) " fcode="alloca"/>
<opset="select_ln18_5_loc/1 "/>
</bind>
</comp>

<comp id="136" class="1004" name="select_ln18_4_loc_fu_136">
<pin_list>
<pin id="137" dir="0" index="0" bw="1" slack="0"/>
<pin id="138" dir="1" index="1" bw="4" slack="8"/>
</pin_list>
<bind>
<opcode="alloca(26) " fcode="alloca"/>
<opset="select_ln18_4_loc/1 "/>
</bind>
</comp>

<comp id="140" class="1004" name="select_ln18_3_loc_fu_140">
<pin_list>
<pin id="141" dir="0" index="0" bw="1" slack="0"/>
<pin id="142" dir="1" index="1" bw="2" slack="8"/>
</pin_list>
<bind>
<opcode="alloca(26) " fcode="alloca"/>
<opset="select_ln18_3_loc/1 "/>
</bind>
</comp>

<comp id="144" class="1004" name="select_ln18_2_loc_fu_144">
<pin_list>
<pin id="145" dir="0" index="0" bw="1" slack="0"/>
<pin id="146" dir="1" index="1" bw="1" slack="8"/>
</pin_list>
<bind>
<opcode="alloca(26) " fcode="alloca"/>
<opset="select_ln18_2_loc/1 "/>
</bind>
</comp>

<comp id="148" class="1004" name="select_ln18_1_loc_fu_148">
<pin_list>
<pin id="149" dir="0" index="0" bw="1" slack="0"/>
<pin id="150" dir="1" index="1" bw="5" slack="8"/>
</pin_list>
<bind>
<opcode="alloca(26) " fcode="alloca"/>
<opset="select_ln18_1_loc/1 "/>
</bind>
</comp>

<comp id="152" class="1004" name="select_ln18_loc_fu_152">
<pin_list>
<pin id="153" dir="0" index="0" bw="1" slack="0"/>
<pin id="154" dir="1" index="1" bw="6" slack="8"/>
</pin_list>
<bind>
<opcode="alloca(26) " fcode="alloca"/>
<opset="select_ln18_loc/1 "/>
</bind>
</comp>

<comp id="156" class="1004" name="p_1_0_0_0126_1348_phi_loc_fu_156">
<pin_list>
<pin id="157" dir="0" index="0" bw="1" slack="0"/>
<pin id="158" dir="1" index="1" bw="4" slack="8"/>
</pin_list>
<bind>
<opcode="alloca(26) " fcode="alloca"/>
<opset="p_1_0_0_0126_1348_phi_loc/1 "/>
</bind>
</comp>

<comp id="160" class="1004" name="p_2_0_0_0127_1349_phi_loc_fu_160">
<pin_list>
<pin id="161" dir="0" index="0" bw="1" slack="0"/>
<pin id="162" dir="1" index="1" bw="4" slack="8"/>
</pin_list>
<bind>
<opcode="alloca(26) " fcode="alloca"/>
<opset="p_2_0_0_0127_1349_phi_loc/1 "/>
</bind>
</comp>

<comp id="164" class="1004" name="p_3_0_0_0128_1350_phi_loc_fu_164">
<pin_list>
<pin id="165" dir="0" index="0" bw="1" slack="0"/>
<pin id="166" dir="1" index="1" bw="2" slack="8"/>
</pin_list>
<bind>
<opcode="alloca(26) " fcode="alloca"/>
<opset="p_3_0_0_0128_1350_phi_loc/1 "/>
</bind>
</comp>

<comp id="168" class="1004" name="p_4_0_0_0129_1351_phi_loc_fu_168">
<pin_list>
<pin id="169" dir="0" index="0" bw="1" slack="0"/>
<pin id="170" dir="1" index="1" bw="1" slack="8"/>
</pin_list>
<bind>
<opcode="alloca(26) " fcode="alloca"/>
<opset="p_4_0_0_0129_1351_phi_loc/1 "/>
</bind>
</comp>

<comp id="172" class="1004" name="p_5_0_0_0130_1352_phi_loc_fu_172">
<pin_list>
<pin id="173" dir="0" index="0" bw="1" slack="0"/>
<pin id="174" dir="1" index="1" bw="5" slack="8"/>
</pin_list>
<bind>
<opcode="alloca(26) " fcode="alloca"/>
<opset="p_5_0_0_0130_1352_phi_loc/1 "/>
</bind>
</comp>

<comp id="176" class="1004" name="p_6_0_0_0131_1353_phi_loc_fu_176">
<pin_list>
<pin id="177" dir="0" index="0" bw="1" slack="0"/>
<pin id="178" dir="1" index="1" bw="6" slack="8"/>
</pin_list>
<bind>
<opcode="alloca(26) " fcode="alloca"/>
<opset="p_6_0_0_0131_1353_phi_loc/1 "/>
</bind>
</comp>

<comp id="180" class="1004" name="p_1_0_0_0126_1_1355_phi_loc_fu_180">
<pin_list>
<pin id="181" dir="0" index="0" bw="1" slack="0"/>
<pin id="182" dir="1" index="1" bw="4" slack="8"/>
</pin_list>
<bind>
<opcode="alloca(26) " fcode="alloca"/>
<opset="p_1_0_0_0126_1_1355_phi_loc/1 "/>
</bind>
</comp>

<comp id="184" class="1004" name="p_2_0_0_0127_1_1356_phi_loc_fu_184">
<pin_list>
<pin id="185" dir="0" index="0" bw="1" slack="0"/>
<pin id="186" dir="1" index="1" bw="4" slack="8"/>
</pin_list>
<bind>
<opcode="alloca(26) " fcode="alloca"/>
<opset="p_2_0_0_0127_1_1356_phi_loc/1 "/>
</bind>
</comp>

<comp id="188" class="1004" name="p_3_0_0_0128_1_1357_phi_loc_fu_188">
<pin_list>
<pin id="189" dir="0" index="0" bw="1" slack="0"/>
<pin id="190" dir="1" index="1" bw="2" slack="8"/>
</pin_list>
<bind>
<opcode="alloca(26) " fcode="alloca"/>
<opset="p_3_0_0_0128_1_1357_phi_loc/1 "/>
</bind>
</comp>

<comp id="192" class="1004" name="p_4_0_0_0129_1_1358_phi_loc_fu_192">
<pin_list>
<pin id="193" dir="0" index="0" bw="1" slack="0"/>
<pin id="194" dir="1" index="1" bw="1" slack="8"/>
</pin_list>
<bind>
<opcode="alloca(26) " fcode="alloca"/>
<opset="p_4_0_0_0129_1_1358_phi_loc/1 "/>
</bind>
</comp>

<comp id="196" class="1004" name="p_5_0_0_0130_1_1359_phi_loc_fu_196">
<pin_list>
<pin id="197" dir="0" index="0" bw="1" slack="0"/>
<pin id="198" dir="1" index="1" bw="5" slack="8"/>
</pin_list>
<bind>
<opcode="alloca(26) " fcode="alloca"/>
<opset="p_5_0_0_0130_1_1359_phi_loc/1 "/>
</bind>
</comp>

<comp id="200" class="1004" name="p_6_0_0_0131_1_1360_phi_loc_fu_200">
<pin_list>
<pin id="201" dir="0" index="0" bw="1" slack="0"/>
<pin id="202" dir="1" index="1" bw="6" slack="8"/>
</pin_list>
<bind>
<opcode="alloca(26) " fcode="alloca"/>
<opset="p_6_0_0_0131_1_1360_phi_loc/1 "/>
</bind>
</comp>

<comp id="204" class="1004" name="p_1_0_0_0126_1_2362_phi_loc_fu_204">
<pin_list>
<pin id="205" dir="0" index="0" bw="1" slack="0"/>
<pin id="206" dir="1" index="1" bw="4" slack="8"/>
</pin_list>
<bind>
<opcode="alloca(26) " fcode="alloca"/>
<opset="p_1_0_0_0126_1_2362_phi_loc/1 "/>
</bind>
</comp>

<comp id="208" class="1004" name="p_2_0_0_0127_1_2363_phi_loc_fu_208">
<pin_list>
<pin id="209" dir="0" index="0" bw="1" slack="0"/>
<pin id="210" dir="1" index="1" bw="4" slack="8"/>
</pin_list>
<bind>
<opcode="alloca(26) " fcode="alloca"/>
<opset="p_2_0_0_0127_1_2363_phi_loc/1 "/>
</bind>
</comp>

<comp id="212" class="1004" name="p_3_0_0_0128_1_2364_phi_loc_fu_212">
<pin_list>
<pin id="213" dir="0" index="0" bw="1" slack="0"/>
<pin id="214" dir="1" index="1" bw="2" slack="8"/>
</pin_list>
<bind>
<opcode="alloca(26) " fcode="alloca"/>
<opset="p_3_0_0_0128_1_2364_phi_loc/1 "/>
</bind>
</comp>

<comp id="216" class="1004" name="p_4_0_0_0129_1_2365_phi_loc_fu_216">
<pin_list>
<pin id="217" dir="0" index="0" bw="1" slack="0"/>
<pin id="218" dir="1" index="1" bw="1" slack="8"/>
</pin_list>
<bind>
<opcode="alloca(26) " fcode="alloca"/>
<opset="p_4_0_0_0129_1_2365_phi_loc/1 "/>
</bind>
</comp>

<comp id="220" class="1004" name="p_5_0_0_0130_1_2366_phi_loc_fu_220">
<pin_list>
<pin id="221" dir="0" index="0" bw="1" slack="0"/>
<pin id="222" dir="1" index="1" bw="5" slack="8"/>
</pin_list>
<bind>
<opcode="alloca(26) " fcode="alloca"/>
<opset="p_5_0_0_0130_1_2366_phi_loc/1 "/>
</bind>
</comp>

<comp id="224" class="1004" name="p_6_0_0_0131_1_2367_phi_loc_fu_224">
<pin_list>
<pin id="225" dir="0" index="0" bw="1" slack="0"/>
<pin id="226" dir="1" index="1" bw="6" slack="8"/>
</pin_list>
<bind>
<opcode="alloca(26) " fcode="alloca"/>
<opset="p_6_0_0_0131_1_2367_phi_loc/1 "/>
</bind>
</comp>

<comp id="228" class="1004" name="p_1_0_0_0126_1348_loc_fu_228">
<pin_list>
<pin id="229" dir="0" index="0" bw="1" slack="0"/>
<pin id="230" dir="1" index="1" bw="4" slack="8"/>
</pin_list>
<bind>
<opcode="alloca(26) " fcode="alloca"/>
<opset="p_1_0_0_0126_1348_loc/1 "/>
</bind>
</comp>

<comp id="232" class="1004" name="p_2_0_0_0127_1349_loc_fu_232">
<pin_list>
<pin id="233" dir="0" index="0" bw="1" slack="0"/>
<pin id="234" dir="1" index="1" bw="4" slack="8"/>
</pin_list>
<bind>
<opcode="alloca(26) " fcode="alloca"/>
<opset="p_2_0_0_0127_1349_loc/1 "/>
</bind>
</comp>

<comp id="236" class="1004" name="p_3_0_0_0128_1350_loc_fu_236">
<pin_list>
<pin id="237" dir="0" index="0" bw="1" slack="0"/>
<pin id="238" dir="1" index="1" bw="2" slack="8"/>
</pin_list>
<bind>
<opcode="alloca(26) " fcode="alloca"/>
<opset="p_3_0_0_0128_1350_loc/1 "/>
</bind>
</comp>

<comp id="240" class="1004" name="p_4_0_0_0129_1351_loc_fu_240">
<pin_list>
<pin id="241" dir="0" index="0" bw="1" slack="0"/>
<pin id="242" dir="1" index="1" bw="1" slack="8"/>
</pin_list>
<bind>
<opcode="alloca(26) " fcode="alloca"/>
<opset="p_4_0_0_0129_1351_loc/1 "/>
</bind>
</comp>

<comp id="244" class="1004" name="p_5_0_0_0130_1352_loc_fu_244">
<pin_list>
<pin id="245" dir="0" index="0" bw="1" slack="0"/>
<pin id="246" dir="1" index="1" bw="5" slack="8"/>
</pin_list>
<bind>
<opcode="alloca(26) " fcode="alloca"/>
<opset="p_5_0_0_0130_1352_loc/1 "/>
</bind>
</comp>

<comp id="248" class="1004" name="p_6_0_0_0131_1353_loc_fu_248">
<pin_list>
<pin id="249" dir="0" index="0" bw="1" slack="0"/>
<pin id="250" dir="1" index="1" bw="6" slack="8"/>
</pin_list>
<bind>
<opcode="alloca(26) " fcode="alloca"/>
<opset="p_6_0_0_0131_1353_loc/1 "/>
</bind>
</comp>

<comp id="252" class="1004" name="p_1_0_0_0126_1370_loc_fu_252">
<pin_list>
<pin id="253" dir="0" index="0" bw="1" slack="0"/>
<pin id="254" dir="1" index="1" bw="4" slack="8"/>
</pin_list>
<bind>
<opcode="alloca(26) " fcode="alloca"/>
<opset="p_1_0_0_0126_1370_loc/1 "/>
</bind>
</comp>

<comp id="256" class="1004" name="p_2_0_0_0127_1372_loc_fu_256">
<pin_list>
<pin id="257" dir="0" index="0" bw="1" slack="0"/>
<pin id="258" dir="1" index="1" bw="4" slack="8"/>
</pin_list>
<bind>
<opcode="alloca(26) " fcode="alloca"/>
<opset="p_2_0_0_0127_1372_loc/1 "/>
</bind>
</comp>

<comp id="260" class="1004" name="p_3_0_0_0128_1374_loc_fu_260">
<pin_list>
<pin id="261" dir="0" index="0" bw="1" slack="0"/>
<pin id="262" dir="1" index="1" bw="2" slack="8"/>
</pin_list>
<bind>
<opcode="alloca(26) " fcode="alloca"/>
<opset="p_3_0_0_0128_1374_loc/1 "/>
</bind>
</comp>

<comp id="264" class="1004" name="p_4_0_0_0129_1376_loc_fu_264">
<pin_list>
<pin id="265" dir="0" index="0" bw="1" slack="0"/>
<pin id="266" dir="1" index="1" bw="1" slack="8"/>
</pin_list>
<bind>
<opcode="alloca(26) " fcode="alloca"/>
<opset="p_4_0_0_0129_1376_loc/1 "/>
</bind>
</comp>

<comp id="268" class="1004" name="p_5_0_0_0130_1378_loc_fu_268">
<pin_list>
<pin id="269" dir="0" index="0" bw="1" slack="0"/>
<pin id="270" dir="1" index="1" bw="5" slack="8"/>
</pin_list>
<bind>
<opcode="alloca(26) " fcode="alloca"/>
<opset="p_5_0_0_0130_1378_loc/1 "/>
</bind>
</comp>

<comp id="272" class="1004" name="p_6_0_0_0131_1380_loc_fu_272">
<pin_list>
<pin id="273" dir="0" index="0" bw="1" slack="0"/>
<pin id="274" dir="1" index="1" bw="6" slack="8"/>
</pin_list>
<bind>
<opcode="alloca(26) " fcode="alloca"/>
<opset="p_6_0_0_0131_1380_loc/1 "/>
</bind>
</comp>

<comp id="276" class="1004" name="p_1_0_0_0126_1_1384_loc_fu_276">
<pin_list>
<pin id="277" dir="0" index="0" bw="1" slack="0"/>
<pin id="278" dir="1" index="1" bw="4" slack="8"/>
</pin_list>
<bind>
<opcode="alloca(26) " fcode="alloca"/>
<opset="p_1_0_0_0126_1_1384_loc/1 "/>
</bind>
</comp>

<comp id="280" class="1004" name="p_2_0_0_0127_1_1386_loc_fu_280">
<pin_list>
<pin id="281" dir="0" index="0" bw="1" slack="0"/>
<pin id="282" dir="1" index="1" bw="4" slack="8"/>
</pin_list>
<bind>
<opcode="alloca(26) " fcode="alloca"/>
<opset="p_2_0_0_0127_1_1386_loc/1 "/>
</bind>
</comp>

<comp id="284" class="1004" name="p_3_0_0_0128_1_1388_loc_fu_284">
<pin_list>
<pin id="285" dir="0" index="0" bw="1" slack="0"/>
<pin id="286" dir="1" index="1" bw="2" slack="8"/>
</pin_list>
<bind>
<opcode="alloca(26) " fcode="alloca"/>
<opset="p_3_0_0_0128_1_1388_loc/1 "/>
</bind>
</comp>

<comp id="288" class="1004" name="p_4_0_0_0129_1_1390_loc_fu_288">
<pin_list>
<pin id="289" dir="0" index="0" bw="1" slack="0"/>
<pin id="290" dir="1" index="1" bw="1" slack="8"/>
</pin_list>
<bind>
<opcode="alloca(26) " fcode="alloca"/>
<opset="p_4_0_0_0129_1_1390_loc/1 "/>
</bind>
</comp>

<comp id="292" class="1004" name="p_5_0_0_0130_1_1392_loc_fu_292">
<pin_list>
<pin id="293" dir="0" index="0" bw="1" slack="0"/>
<pin id="294" dir="1" index="1" bw="5" slack="8"/>
</pin_list>
<bind>
<opcode="alloca(26) " fcode="alloca"/>
<opset="p_5_0_0_0130_1_1392_loc/1 "/>
</bind>
</comp>

<comp id="296" class="1004" name="p_6_0_0_0131_1_1394_loc_fu_296">
<pin_list>
<pin id="297" dir="0" index="0" bw="1" slack="0"/>
<pin id="298" dir="1" index="1" bw="6" slack="8"/>
</pin_list>
<bind>
<opcode="alloca(26) " fcode="alloca"/>
<opset="p_6_0_0_0131_1_1394_loc/1 "/>
</bind>
</comp>

<comp id="300" class="1004" name="p_1_0_0_0126_1_2397_loc_fu_300">
<pin_list>
<pin id="301" dir="0" index="0" bw="1" slack="0"/>
<pin id="302" dir="1" index="1" bw="4" slack="8"/>
</pin_list>
<bind>
<opcode="alloca(26) " fcode="alloca"/>
<opset="p_1_0_0_0126_1_2397_loc/1 "/>
</bind>
</comp>

<comp id="304" class="1004" name="p_2_0_0_0127_1_2398_loc_fu_304">
<pin_list>
<pin id="305" dir="0" index="0" bw="1" slack="0"/>
<pin id="306" dir="1" index="1" bw="4" slack="8"/>
</pin_list>
<bind>
<opcode="alloca(26) " fcode="alloca"/>
<opset="p_2_0_0_0127_1_2398_loc/1 "/>
</bind>
</comp>

<comp id="308" class="1004" name="p_3_0_0_0128_1_2399_loc_fu_308">
<pin_list>
<pin id="309" dir="0" index="0" bw="1" slack="0"/>
<pin id="310" dir="1" index="1" bw="2" slack="8"/>
</pin_list>
<bind>
<opcode="alloca(26) " fcode="alloca"/>
<opset="p_3_0_0_0128_1_2399_loc/1 "/>
</bind>
</comp>

<comp id="312" class="1004" name="p_4_0_0_0129_1_2400_loc_fu_312">
<pin_list>
<pin id="313" dir="0" index="0" bw="1" slack="0"/>
<pin id="314" dir="1" index="1" bw="1" slack="8"/>
</pin_list>
<bind>
<opcode="alloca(26) " fcode="alloca"/>
<opset="p_4_0_0_0129_1_2400_loc/1 "/>
</bind>
</comp>

<comp id="316" class="1004" name="p_5_0_0_0130_1_2401_loc_fu_316">
<pin_list>
<pin id="317" dir="0" index="0" bw="1" slack="0"/>
<pin id="318" dir="1" index="1" bw="5" slack="8"/>
</pin_list>
<bind>
<opcode="alloca(26) " fcode="alloca"/>
<opset="p_5_0_0_0130_1_2401_loc/1 "/>
</bind>
</comp>

<comp id="320" class="1004" name="p_6_0_0_0131_1_2402_loc_fu_320">
<pin_list>
<pin id="321" dir="0" index="0" bw="1" slack="0"/>
<pin id="322" dir="1" index="1" bw="6" slack="8"/>
</pin_list>
<bind>
<opcode="alloca(26) " fcode="alloca"/>
<opset="p_6_0_0_0131_1_2402_loc/1 "/>
</bind>
</comp>

<comp id="324" class="1004" name="window_keep_alloca_fu_324">
<pin_list>
<pin id="325" dir="0" index="0" bw="1" slack="0"/>
<pin id="326" dir="1" index="1" bw="4" slack="0"/>
</pin_list>
<bind>
<opcode="alloca(26) " fcode="alloca"/>
<opset="window_keep/1 "/>
</bind>
</comp>

<comp id="328" class="1004" name="window_strb_alloca_fu_328">
<pin_list>
<pin id="329" dir="0" index="0" bw="1" slack="0"/>
<pin id="330" dir="1" index="1" bw="4" slack="0"/>
</pin_list>
<bind>
<opcode="alloca(26) " fcode="alloca"/>
<opset="window_strb/1 "/>
</bind>
</comp>

<comp id="332" class="1004" name="window_user_alloca_fu_332">
<pin_list>
<pin id="333" dir="0" index="0" bw="1" slack="0"/>
<pin id="334" dir="1" index="1" bw="2" slack="0"/>
</pin_list>
<bind>
<opcode="alloca(26) " fcode="alloca"/>
<opset="window_user/1 "/>
</bind>
</comp>

<comp id="336" class="1004" name="window_last_alloca_fu_336">
<pin_list>
<pin id="337" dir="0" index="0" bw="1" slack="0"/>
<pin id="338" dir="1" index="1" bw="1" slack="0"/>
</pin_list>
<bind>
<opcode="alloca(26) " fcode="alloca"/>
<opset="window_last/1 "/>
</bind>
</comp>

<comp id="340" class="1004" name="window_id_alloca_fu_340">
<pin_list>
<pin id="341" dir="0" index="0" bw="1" slack="0"/>
<pin id="342" dir="1" index="1" bw="5" slack="0"/>
</pin_list>
<bind>
<opcode="alloca(26) " fcode="alloca"/>
<opset="window_id/1 "/>
</bind>
</comp>

<comp id="344" class="1004" name="window_dest_alloca_fu_344">
<pin_list>
<pin id="345" dir="0" index="0" bw="1" slack="0"/>
<pin id="346" dir="1" index="1" bw="6" slack="0"/>
</pin_list>
<bind>
<opcode="alloca(26) " fcode="alloca"/>
<opset="window_dest/1 "/>
</bind>
</comp>

<comp id="348" class="1004" name="cols_read_read_fu_348">
<pin_list>
<pin id="349" dir="0" index="0" bw="32" slack="0"/>
<pin id="350" dir="0" index="1" bw="32" slack="0"/>
<pin id="351" dir="1" index="2" bw="32" slack="0"/>
</pin_list>
<bind>
<opcode="read(1150) " fcode="read"/>
<opset="cols_read/1 "/>
</bind>
</comp>

<comp id="354" class="1004" name="rows_read_read_fu_354">
<pin_list>
<pin id="355" dir="0" index="0" bw="32" slack="0"/>
<pin id="356" dir="0" index="1" bw="32" slack="0"/>
<pin id="357" dir="1" index="2" bw="32" slack="0"/>
</pin_list>
<bind>
<opcode="read(1150) " fcode="read"/>
<opset="rows_read/1 "/>
</bind>
</comp>

<comp id="360" class="1004" name="window_keep_addr_gep_fu_360">
<pin_list>
<pin id="361" dir="0" index="0" bw="4" slack="0"/>
<pin id="362" dir="0" index="1" bw="1" slack="0"/>
<pin id="363" dir="0" index="2" bw="4" slack="0"/>
<pin id="364" dir="1" index="3" bw="4" slack="7"/>
</pin_list>
<bind>
<opcode="getelementptr(29) " fcode="getelementptr"/>
<opset="window_keep_addr/1 "/>
</bind>
</comp>

<comp id="368" class="1004" name="window_keep_addr_1_gep_fu_368">
<pin_list>
<pin id="369" dir="0" index="0" bw="4" slack="0"/>
<pin id="370" dir="0" index="1" bw="1" slack="0"/>
<pin id="371" dir="0" index="2" bw="4" slack="0"/>
<pin id="372" dir="1" index="3" bw="4" slack="6"/>
</pin_list>
<bind>
<opcode="getelementptr(29) " fcode="getelementptr"/>
<opset="window_keep_addr_1/1 "/>
</bind>
</comp>

<comp id="376" class="1004" name="window_keep_addr_2_gep_fu_376">
<pin_list>
<pin id="377" dir="0" index="0" bw="4" slack="0"/>
<pin id="378" dir="0" index="1" bw="1" slack="0"/>
<pin id="379" dir="0" index="2" bw="5" slack="0"/>
<pin id="380" dir="1" index="3" bw="4" slack="7"/>
</pin_list>
<bind>
<opcode="getelementptr(29) " fcode="getelementptr"/>
<opset="window_keep_addr_2/1 "/>
</bind>
</comp>

<comp id="384" class="1004" name="window_keep_addr_3_gep_fu_384">
<pin_list>
<pin id="385" dir="0" index="0" bw="4" slack="0"/>
<pin id="386" dir="0" index="1" bw="1" slack="0"/>
<pin id="387" dir="0" index="2" bw="3" slack="0"/>
<pin id="388" dir="1" index="3" bw="4" slack="3"/>
</pin_list>
<bind>
<opcode="getelementptr(29) " fcode="getelementptr"/>
<opset="window_keep_addr_3/1 "/>
</bind>
</comp>

<comp id="392" class="1004" name="window_keep_addr_4_gep_fu_392">
<pin_list>
<pin id="393" dir="0" index="0" bw="4" slack="0"/>
<pin id="394" dir="0" index="1" bw="1" slack="0"/>
<pin id="395" dir="0" index="2" bw="1" slack="0"/>
<pin id="396" dir="1" index="3" bw="4" slack="4"/>
</pin_list>
<bind>
<opcode="getelementptr(29) " fcode="getelementptr"/>
<opset="window_keep_addr_4/1 "/>
</bind>
</comp>

<comp id="400" class="1004" name="window_keep_addr_5_gep_fu_400">
<pin_list>
<pin id="401" dir="0" index="0" bw="4" slack="0"/>
<pin id="402" dir="0" index="1" bw="1" slack="0"/>
<pin id="403" dir="0" index="2" bw="4" slack="0"/>
<pin id="404" dir="1" index="3" bw="4" slack="4"/>
</pin_list>
<bind>
<opcode="getelementptr(29) " fcode="getelementptr"/>
<opset="window_keep_addr_5/1 "/>
</bind>
</comp>

<comp id="408" class="1004" name="window_keep_addr_6_gep_fu_408">
<pin_list>
<pin id="409" dir="0" index="0" bw="4" slack="0"/>
<pin id="410" dir="0" index="1" bw="1" slack="0"/>
<pin id="411" dir="0" index="2" bw="1" slack="0"/>
<pin id="412" dir="1" index="3" bw="4" slack="5"/>
</pin_list>
<bind>
<opcode="getelementptr(29) " fcode="getelementptr"/>
<opset="window_keep_addr_6/1 "/>
</bind>
</comp>

<comp id="416" class="1004" name="window_keep_addr_7_gep_fu_416">
<pin_list>
<pin id="417" dir="0" index="0" bw="4" slack="0"/>
<pin id="418" dir="0" index="1" bw="1" slack="0"/>
<pin id="419" dir="0" index="2" bw="4" slack="0"/>
<pin id="420" dir="1" index="3" bw="4" slack="5"/>
</pin_list>
<bind>
<opcode="getelementptr(29) " fcode="getelementptr"/>
<opset="window_keep_addr_7/1 "/>
</bind>
</comp>

<comp id="424" class="1004" name="window_keep_addr_8_gep_fu_424">
<pin_list>
<pin id="425" dir="0" index="0" bw="4" slack="0"/>
<pin id="426" dir="0" index="1" bw="1" slack="0"/>
<pin id="427" dir="0" index="2" bw="3" slack="0"/>
<pin id="428" dir="1" index="3" bw="4" slack="6"/>
</pin_list>
<bind>
<opcode="getelementptr(29) " fcode="getelementptr"/>
<opset="window_keep_addr_8/1 "/>
</bind>
</comp>

<comp id="432" class="1004" name="window_strb_addr_gep_fu_432">
<pin_list>
<pin id="433" dir="0" index="0" bw="4" slack="0"/>
<pin id="434" dir="0" index="1" bw="1" slack="0"/>
<pin id="435" dir="0" index="2" bw="4" slack="0"/>
<pin id="436" dir="1" index="3" bw="4" slack="7"/>
</pin_list>
<bind>
<opcode="getelementptr(29) " fcode="getelementptr"/>
<opset="window_strb_addr/1 "/>
</bind>
</comp>

<comp id="440" class="1004" name="window_strb_addr_1_gep_fu_440">
<pin_list>
<pin id="441" dir="0" index="0" bw="4" slack="0"/>
<pin id="442" dir="0" index="1" bw="1" slack="0"/>
<pin id="443" dir="0" index="2" bw="4" slack="0"/>
<pin id="444" dir="1" index="3" bw="4" slack="6"/>
</pin_list>
<bind>
<opcode="getelementptr(29) " fcode="getelementptr"/>
<opset="window_strb_addr_1/1 "/>
</bind>
</comp>

<comp id="448" class="1004" name="window_strb_addr_2_gep_fu_448">
<pin_list>
<pin id="449" dir="0" index="0" bw="4" slack="0"/>
<pin id="450" dir="0" index="1" bw="1" slack="0"/>
<pin id="451" dir="0" index="2" bw="5" slack="0"/>
<pin id="452" dir="1" index="3" bw="4" slack="7"/>
</pin_list>
<bind>
<opcode="getelementptr(29) " fcode="getelementptr"/>
<opset="window_strb_addr_2/1 "/>
</bind>
</comp>

<comp id="456" class="1004" name="window_strb_addr_3_gep_fu_456">
<pin_list>
<pin id="457" dir="0" index="0" bw="4" slack="0"/>
<pin id="458" dir="0" index="1" bw="1" slack="0"/>
<pin id="459" dir="0" index="2" bw="3" slack="0"/>
<pin id="460" dir="1" index="3" bw="4" slack="3"/>
</pin_list>
<bind>
<opcode="getelementptr(29) " fcode="getelementptr"/>
<opset="window_strb_addr_3/1 "/>
</bind>
</comp>

<comp id="464" class="1004" name="window_strb_addr_4_gep_fu_464">
<pin_list>
<pin id="465" dir="0" index="0" bw="4" slack="0"/>
<pin id="466" dir="0" index="1" bw="1" slack="0"/>
<pin id="467" dir="0" index="2" bw="1" slack="0"/>
<pin id="468" dir="1" index="3" bw="4" slack="4"/>
</pin_list>
<bind>
<opcode="getelementptr(29) " fcode="getelementptr"/>
<opset="window_strb_addr_4/1 "/>
</bind>
</comp>

<comp id="472" class="1004" name="window_strb_addr_5_gep_fu_472">
<pin_list>
<pin id="473" dir="0" index="0" bw="4" slack="0"/>
<pin id="474" dir="0" index="1" bw="1" slack="0"/>
<pin id="475" dir="0" index="2" bw="4" slack="0"/>
<pin id="476" dir="1" index="3" bw="4" slack="4"/>
</pin_list>
<bind>
<opcode="getelementptr(29) " fcode="getelementptr"/>
<opset="window_strb_addr_5/1 "/>
</bind>
</comp>

<comp id="480" class="1004" name="window_strb_addr_6_gep_fu_480">
<pin_list>
<pin id="481" dir="0" index="0" bw="4" slack="0"/>
<pin id="482" dir="0" index="1" bw="1" slack="0"/>
<pin id="483" dir="0" index="2" bw="1" slack="0"/>
<pin id="484" dir="1" index="3" bw="4" slack="5"/>
</pin_list>
<bind>
<opcode="getelementptr(29) " fcode="getelementptr"/>
<opset="window_strb_addr_6/1 "/>
</bind>
</comp>

<comp id="488" class="1004" name="window_strb_addr_7_gep_fu_488">
<pin_list>
<pin id="489" dir="0" index="0" bw="4" slack="0"/>
<pin id="490" dir="0" index="1" bw="1" slack="0"/>
<pin id="491" dir="0" index="2" bw="4" slack="0"/>
<pin id="492" dir="1" index="3" bw="4" slack="5"/>
</pin_list>
<bind>
<opcode="getelementptr(29) " fcode="getelementptr"/>
<opset="window_strb_addr_7/1 "/>
</bind>
</comp>

<comp id="496" class="1004" name="window_strb_addr_8_gep_fu_496">
<pin_list>
<pin id="497" dir="0" index="0" bw="4" slack="0"/>
<pin id="498" dir="0" index="1" bw="1" slack="0"/>
<pin id="499" dir="0" index="2" bw="3" slack="0"/>
<pin id="500" dir="1" index="3" bw="4" slack="6"/>
</pin_list>
<bind>
<opcode="getelementptr(29) " fcode="getelementptr"/>
<opset="window_strb_addr_8/1 "/>
</bind>
</comp>

<comp id="504" class="1004" name="window_user_addr_gep_fu_504">
<pin_list>
<pin id="505" dir="0" index="0" bw="2" slack="0"/>
<pin id="506" dir="0" index="1" bw="1" slack="0"/>
<pin id="507" dir="0" index="2" bw="4" slack="0"/>
<pin id="508" dir="1" index="3" bw="4" slack="7"/>
</pin_list>
<bind>
<opcode="getelementptr(29) " fcode="getelementptr"/>
<opset="window_user_addr/1 "/>
</bind>
</comp>

<comp id="512" class="1004" name="window_user_addr_1_gep_fu_512">
<pin_list>
<pin id="513" dir="0" index="0" bw="2" slack="0"/>
<pin id="514" dir="0" index="1" bw="1" slack="0"/>
<pin id="515" dir="0" index="2" bw="4" slack="0"/>
<pin id="516" dir="1" index="3" bw="4" slack="6"/>
</pin_list>
<bind>
<opcode="getelementptr(29) " fcode="getelementptr"/>
<opset="window_user_addr_1/1 "/>
</bind>
</comp>

<comp id="520" class="1004" name="window_user_addr_2_gep_fu_520">
<pin_list>
<pin id="521" dir="0" index="0" bw="2" slack="0"/>
<pin id="522" dir="0" index="1" bw="1" slack="0"/>
<pin id="523" dir="0" index="2" bw="5" slack="0"/>
<pin id="524" dir="1" index="3" bw="4" slack="7"/>
</pin_list>
<bind>
<opcode="getelementptr(29) " fcode="getelementptr"/>
<opset="window_user_addr_2/1 "/>
</bind>
</comp>

<comp id="528" class="1004" name="window_user_addr_3_gep_fu_528">
<pin_list>
<pin id="529" dir="0" index="0" bw="2" slack="0"/>
<pin id="530" dir="0" index="1" bw="1" slack="0"/>
<pin id="531" dir="0" index="2" bw="3" slack="0"/>
<pin id="532" dir="1" index="3" bw="4" slack="3"/>
</pin_list>
<bind>
<opcode="getelementptr(29) " fcode="getelementptr"/>
<opset="window_user_addr_3/1 "/>
</bind>
</comp>

<comp id="536" class="1004" name="window_user_addr_4_gep_fu_536">
<pin_list>
<pin id="537" dir="0" index="0" bw="2" slack="0"/>
<pin id="538" dir="0" index="1" bw="1" slack="0"/>
<pin id="539" dir="0" index="2" bw="1" slack="0"/>
<pin id="540" dir="1" index="3" bw="4" slack="4"/>
</pin_list>
<bind>
<opcode="getelementptr(29) " fcode="getelementptr"/>
<opset="window_user_addr_4/1 "/>
</bind>
</comp>

<comp id="544" class="1004" name="window_user_addr_5_gep_fu_544">
<pin_list>
<pin id="545" dir="0" index="0" bw="2" slack="0"/>
<pin id="546" dir="0" index="1" bw="1" slack="0"/>
<pin id="547" dir="0" index="2" bw="4" slack="0"/>
<pin id="548" dir="1" index="3" bw="4" slack="4"/>
</pin_list>
<bind>
<opcode="getelementptr(29) " fcode="getelementptr"/>
<opset="window_user_addr_5/1 "/>
</bind>
</comp>

<comp id="552" class="1004" name="window_user_addr_6_gep_fu_552">
<pin_list>
<pin id="553" dir="0" index="0" bw="2" slack="0"/>
<pin id="554" dir="0" index="1" bw="1" slack="0"/>
<pin id="555" dir="0" index="2" bw="1" slack="0"/>
<pin id="556" dir="1" index="3" bw="4" slack="5"/>
</pin_list>
<bind>
<opcode="getelementptr(29) " fcode="getelementptr"/>
<opset="window_user_addr_6/1 "/>
</bind>
</comp>

<comp id="560" class="1004" name="window_user_addr_7_gep_fu_560">
<pin_list>
<pin id="561" dir="0" index="0" bw="2" slack="0"/>
<pin id="562" dir="0" index="1" bw="1" slack="0"/>
<pin id="563" dir="0" index="2" bw="4" slack="0"/>
<pin id="564" dir="1" index="3" bw="4" slack="5"/>
</pin_list>
<bind>
<opcode="getelementptr(29) " fcode="getelementptr"/>
<opset="window_user_addr_7/1 "/>
</bind>
</comp>

<comp id="568" class="1004" name="window_user_addr_8_gep_fu_568">
<pin_list>
<pin id="569" dir="0" index="0" bw="2" slack="0"/>
<pin id="570" dir="0" index="1" bw="1" slack="0"/>
<pin id="571" dir="0" index="2" bw="3" slack="0"/>
<pin id="572" dir="1" index="3" bw="4" slack="6"/>
</pin_list>
<bind>
<opcode="getelementptr(29) " fcode="getelementptr"/>
<opset="window_user_addr_8/1 "/>
</bind>
</comp>

<comp id="576" class="1004" name="window_last_addr_gep_fu_576">
<pin_list>
<pin id="577" dir="0" index="0" bw="1" slack="0"/>
<pin id="578" dir="0" index="1" bw="1" slack="0"/>
<pin id="579" dir="0" index="2" bw="4" slack="0"/>
<pin id="580" dir="1" index="3" bw="4" slack="7"/>
</pin_list>
<bind>
<opcode="getelementptr(29) " fcode="getelementptr"/>
<opset="window_last_addr/1 "/>
</bind>
</comp>

<comp id="584" class="1004" name="window_last_addr_1_gep_fu_584">
<pin_list>
<pin id="585" dir="0" index="0" bw="1" slack="0"/>
<pin id="586" dir="0" index="1" bw="1" slack="0"/>
<pin id="587" dir="0" index="2" bw="4" slack="0"/>
<pin id="588" dir="1" index="3" bw="4" slack="6"/>
</pin_list>
<bind>
<opcode="getelementptr(29) " fcode="getelementptr"/>
<opset="window_last_addr_1/1 "/>
</bind>
</comp>

<comp id="592" class="1004" name="window_last_addr_2_gep_fu_592">
<pin_list>
<pin id="593" dir="0" index="0" bw="1" slack="0"/>
<pin id="594" dir="0" index="1" bw="1" slack="0"/>
<pin id="595" dir="0" index="2" bw="5" slack="0"/>
<pin id="596" dir="1" index="3" bw="4" slack="7"/>
</pin_list>
<bind>
<opcode="getelementptr(29) " fcode="getelementptr"/>
<opset="window_last_addr_2/1 "/>
</bind>
</comp>

<comp id="600" class="1004" name="window_last_addr_3_gep_fu_600">
<pin_list>
<pin id="601" dir="0" index="0" bw="1" slack="0"/>
<pin id="602" dir="0" index="1" bw="1" slack="0"/>
<pin id="603" dir="0" index="2" bw="3" slack="0"/>
<pin id="604" dir="1" index="3" bw="4" slack="3"/>
</pin_list>
<bind>
<opcode="getelementptr(29) " fcode="getelementptr"/>
<opset="window_last_addr_3/1 "/>
</bind>
</comp>

<comp id="608" class="1004" name="window_last_addr_4_gep_fu_608">
<pin_list>
<pin id="609" dir="0" index="0" bw="1" slack="0"/>
<pin id="610" dir="0" index="1" bw="1" slack="0"/>
<pin id="611" dir="0" index="2" bw="1" slack="0"/>
<pin id="612" dir="1" index="3" bw="4" slack="4"/>
</pin_list>
<bind>
<opcode="getelementptr(29) " fcode="getelementptr"/>
<opset="window_last_addr_4/1 "/>
</bind>
</comp>

<comp id="616" class="1004" name="window_last_addr_5_gep_fu_616">
<pin_list>
<pin id="617" dir="0" index="0" bw="1" slack="0"/>
<pin id="618" dir="0" index="1" bw="1" slack="0"/>
<pin id="619" dir="0" index="2" bw="4" slack="0"/>
<pin id="620" dir="1" index="3" bw="4" slack="4"/>
</pin_list>
<bind>
<opcode="getelementptr(29) " fcode="getelementptr"/>
<opset="window_last_addr_5/1 "/>
</bind>
</comp>

<comp id="624" class="1004" name="window_last_addr_6_gep_fu_624">
<pin_list>
<pin id="625" dir="0" index="0" bw="1" slack="0"/>
<pin id="626" dir="0" index="1" bw="1" slack="0"/>
<pin id="627" dir="0" index="2" bw="1" slack="0"/>
<pin id="628" dir="1" index="3" bw="4" slack="5"/>
</pin_list>
<bind>
<opcode="getelementptr(29) " fcode="getelementptr"/>
<opset="window_last_addr_6/1 "/>
</bind>
</comp>

<comp id="632" class="1004" name="window_last_addr_7_gep_fu_632">
<pin_list>
<pin id="633" dir="0" index="0" bw="1" slack="0"/>
<pin id="634" dir="0" index="1" bw="1" slack="0"/>
<pin id="635" dir="0" index="2" bw="4" slack="0"/>
<pin id="636" dir="1" index="3" bw="4" slack="5"/>
</pin_list>
<bind>
<opcode="getelementptr(29) " fcode="getelementptr"/>
<opset="window_last_addr_7/1 "/>
</bind>
</comp>

<comp id="640" class="1004" name="window_last_addr_8_gep_fu_640">
<pin_list>
<pin id="641" dir="0" index="0" bw="1" slack="0"/>
<pin id="642" dir="0" index="1" bw="1" slack="0"/>
<pin id="643" dir="0" index="2" bw="3" slack="0"/>
<pin id="644" dir="1" index="3" bw="4" slack="6"/>
</pin_list>
<bind>
<opcode="getelementptr(29) " fcode="getelementptr"/>
<opset="window_last_addr_8/1 "/>
</bind>
</comp>

<comp id="648" class="1004" name="window_id_addr_gep_fu_648">
<pin_list>
<pin id="649" dir="0" index="0" bw="5" slack="0"/>
<pin id="650" dir="0" index="1" bw="1" slack="0"/>
<pin id="651" dir="0" index="2" bw="4" slack="0"/>
<pin id="652" dir="1" index="3" bw="4" slack="7"/>
</pin_list>
<bind>
<opcode="getelementptr(29) " fcode="getelementptr"/>
<opset="window_id_addr/1 "/>
</bind>
</comp>

<comp id="656" class="1004" name="window_id_addr_1_gep_fu_656">
<pin_list>
<pin id="657" dir="0" index="0" bw="5" slack="0"/>
<pin id="658" dir="0" index="1" bw="1" slack="0"/>
<pin id="659" dir="0" index="2" bw="4" slack="0"/>
<pin id="660" dir="1" index="3" bw="4" slack="6"/>
</pin_list>
<bind>
<opcode="getelementptr(29) " fcode="getelementptr"/>
<opset="window_id_addr_1/1 "/>
</bind>
</comp>

<comp id="664" class="1004" name="window_id_addr_2_gep_fu_664">
<pin_list>
<pin id="665" dir="0" index="0" bw="5" slack="0"/>
<pin id="666" dir="0" index="1" bw="1" slack="0"/>
<pin id="667" dir="0" index="2" bw="5" slack="0"/>
<pin id="668" dir="1" index="3" bw="4" slack="7"/>
</pin_list>
<bind>
<opcode="getelementptr(29) " fcode="getelementptr"/>
<opset="window_id_addr_2/1 "/>
</bind>
</comp>

<comp id="672" class="1004" name="window_id_addr_3_gep_fu_672">
<pin_list>
<pin id="673" dir="0" index="0" bw="5" slack="0"/>
<pin id="674" dir="0" index="1" bw="1" slack="0"/>
<pin id="675" dir="0" index="2" bw="3" slack="0"/>
<pin id="676" dir="1" index="3" bw="4" slack="3"/>
</pin_list>
<bind>
<opcode="getelementptr(29) " fcode="getelementptr"/>
<opset="window_id_addr_3/1 "/>
</bind>
</comp>

<comp id="680" class="1004" name="window_id_addr_4_gep_fu_680">
<pin_list>
<pin id="681" dir="0" index="0" bw="5" slack="0"/>
<pin id="682" dir="0" index="1" bw="1" slack="0"/>
<pin id="683" dir="0" index="2" bw="1" slack="0"/>
<pin id="684" dir="1" index="3" bw="4" slack="4"/>
</pin_list>
<bind>
<opcode="getelementptr(29) " fcode="getelementptr"/>
<opset="window_id_addr_4/1 "/>
</bind>
</comp>

<comp id="688" class="1004" name="window_id_addr_5_gep_fu_688">
<pin_list>
<pin id="689" dir="0" index="0" bw="5" slack="0"/>
<pin id="690" dir="0" index="1" bw="1" slack="0"/>
<pin id="691" dir="0" index="2" bw="4" slack="0"/>
<pin id="692" dir="1" index="3" bw="4" slack="4"/>
</pin_list>
<bind>
<opcode="getelementptr(29) " fcode="getelementptr"/>
<opset="window_id_addr_5/1 "/>
</bind>
</comp>

<comp id="696" class="1004" name="window_id_addr_6_gep_fu_696">
<pin_list>
<pin id="697" dir="0" index="0" bw="5" slack="0"/>
<pin id="698" dir="0" index="1" bw="1" slack="0"/>
<pin id="699" dir="0" index="2" bw="1" slack="0"/>
<pin id="700" dir="1" index="3" bw="4" slack="5"/>
</pin_list>
<bind>
<opcode="getelementptr(29) " fcode="getelementptr"/>
<opset="window_id_addr_6/1 "/>
</bind>
</comp>

<comp id="704" class="1004" name="window_id_addr_7_gep_fu_704">
<pin_list>
<pin id="705" dir="0" index="0" bw="5" slack="0"/>
<pin id="706" dir="0" index="1" bw="1" slack="0"/>
<pin id="707" dir="0" index="2" bw="4" slack="0"/>
<pin id="708" dir="1" index="3" bw="4" slack="5"/>
</pin_list>
<bind>
<opcode="getelementptr(29) " fcode="getelementptr"/>
<opset="window_id_addr_7/1 "/>
</bind>
</comp>

<comp id="712" class="1004" name="window_id_addr_8_gep_fu_712">
<pin_list>
<pin id="713" dir="0" index="0" bw="5" slack="0"/>
<pin id="714" dir="0" index="1" bw="1" slack="0"/>
<pin id="715" dir="0" index="2" bw="3" slack="0"/>
<pin id="716" dir="1" index="3" bw="4" slack="6"/>
</pin_list>
<bind>
<opcode="getelementptr(29) " fcode="getelementptr"/>
<opset="window_id_addr_8/1 "/>
</bind>
</comp>

<comp id="720" class="1004" name="window_dest_addr_gep_fu_720">
<pin_list>
<pin id="721" dir="0" index="0" bw="6" slack="0"/>
<pin id="722" dir="0" index="1" bw="1" slack="0"/>
<pin id="723" dir="0" index="2" bw="4" slack="0"/>
<pin id="724" dir="1" index="3" bw="4" slack="7"/>
</pin_list>
<bind>
<opcode="getelementptr(29) " fcode="getelementptr"/>
<opset="window_dest_addr/1 "/>
</bind>
</comp>

<comp id="728" class="1004" name="window_dest_addr_1_gep_fu_728">
<pin_list>
<pin id="729" dir="0" index="0" bw="6" slack="0"/>
<pin id="730" dir="0" index="1" bw="1" slack="0"/>
<pin id="731" dir="0" index="2" bw="4" slack="0"/>
<pin id="732" dir="1" index="3" bw="4" slack="6"/>
</pin_list>
<bind>
<opcode="getelementptr(29) " fcode="getelementptr"/>
<opset="window_dest_addr_1/1 "/>
</bind>
</comp>

<comp id="736" class="1004" name="window_dest_addr_2_gep_fu_736">
<pin_list>
<pin id="737" dir="0" index="0" bw="6" slack="0"/>
<pin id="738" dir="0" index="1" bw="1" slack="0"/>
<pin id="739" dir="0" index="2" bw="5" slack="0"/>
<pin id="740" dir="1" index="3" bw="4" slack="7"/>
</pin_list>
<bind>
<opcode="getelementptr(29) " fcode="getelementptr"/>
<opset="window_dest_addr_2/1 "/>
</bind>
</comp>

<comp id="744" class="1004" name="window_dest_addr_3_gep_fu_744">
<pin_list>
<pin id="745" dir="0" index="0" bw="6" slack="0"/>
<pin id="746" dir="0" index="1" bw="1" slack="0"/>
<pin id="747" dir="0" index="2" bw="3" slack="0"/>
<pin id="748" dir="1" index="3" bw="4" slack="3"/>
</pin_list>
<bind>
<opcode="getelementptr(29) " fcode="getelementptr"/>
<opset="window_dest_addr_3/1 "/>
</bind>
</comp>

<comp id="752" class="1004" name="window_dest_addr_4_gep_fu_752">
<pin_list>
<pin id="753" dir="0" index="0" bw="6" slack="0"/>
<pin id="754" dir="0" index="1" bw="1" slack="0"/>
<pin id="755" dir="0" index="2" bw="1" slack="0"/>
<pin id="756" dir="1" index="3" bw="4" slack="4"/>
</pin_list>
<bind>
<opcode="getelementptr(29) " fcode="getelementptr"/>
<opset="window_dest_addr_4/1 "/>
</bind>
</comp>

<comp id="760" class="1004" name="window_dest_addr_5_gep_fu_760">
<pin_list>
<pin id="761" dir="0" index="0" bw="6" slack="0"/>
<pin id="762" dir="0" index="1" bw="1" slack="0"/>
<pin id="763" dir="0" index="2" bw="4" slack="0"/>
<pin id="764" dir="1" index="3" bw="4" slack="4"/>
</pin_list>
<bind>
<opcode="getelementptr(29) " fcode="getelementptr"/>
<opset="window_dest_addr_5/1 "/>
</bind>
</comp>

<comp id="768" class="1004" name="window_dest_addr_6_gep_fu_768">
<pin_list>
<pin id="769" dir="0" index="0" bw="6" slack="0"/>
<pin id="770" dir="0" index="1" bw="1" slack="0"/>
<pin id="771" dir="0" index="2" bw="1" slack="0"/>
<pin id="772" dir="1" index="3" bw="4" slack="5"/>
</pin_list>
<bind>
<opcode="getelementptr(29) " fcode="getelementptr"/>
<opset="window_dest_addr_6/1 "/>
</bind>
</comp>

<comp id="776" class="1004" name="window_dest_addr_7_gep_fu_776">
<pin_list>
<pin id="777" dir="0" index="0" bw="6" slack="0"/>
<pin id="778" dir="0" index="1" bw="1" slack="0"/>
<pin id="779" dir="0" index="2" bw="4" slack="0"/>
<pin id="780" dir="1" index="3" bw="4" slack="5"/>
</pin_list>
<bind>
<opcode="getelementptr(29) " fcode="getelementptr"/>
<opset="window_dest_addr_7/1 "/>
</bind>
</comp>

<comp id="784" class="1004" name="window_dest_addr_8_gep_fu_784">
<pin_list>
<pin id="785" dir="0" index="0" bw="6" slack="0"/>
<pin id="786" dir="0" index="1" bw="1" slack="0"/>
<pin id="787" dir="0" index="2" bw="3" slack="0"/>
<pin id="788" dir="1" index="3" bw="4" slack="6"/>
</pin_list>
<bind>
<opcode="getelementptr(29) " fcode="getelementptr"/>
<opset="window_dest_addr_8/1 "/>
</bind>
</comp>

<comp id="792" class="1004" name="grp_access_fu_792">
<pin_list>
<pin id="793" dir="0" index="0" bw="4" slack="3"/>
<pin id="794" dir="0" index="1" bw="4" slack="0"/>
<pin id="795" dir="0" index="2" bw="0" slack="4"/>
<pin id="822" dir="0" index="4" bw="4" slack="0"/>
<pin id="823" dir="0" index="5" bw="4" slack="2147483647"/>
<pin id="824" dir="0" index="6" bw="0" slack="2147483647"/>
<pin id="796" dir="1" index="3" bw="4" slack="0"/>
<pin id="825" dir="1" index="7" bw="4" slack="0"/>
</pin_list>
<bind>
<opcode="load(27) store(28) " fcode="store"/>
<opset="window_keep_load/4 window_keep_load_1/5 window_keep_load_2/5 window_keep_load_3/6 window_keep_load_4/6 window_keep_load_5/7 window_keep_load_6/7 window_keep_load_7/8 window_keep_load_8/8 store_ln25/11 store_ln25/11 store_ln25/12 store_ln25/12 store_ln25/13 store_ln25/13 store_ln25/14 store_ln25/14 store_ln25/15 "/>
</bind>
</comp>

<comp id="797" class="1004" name="grp_access_fu_797">
<pin_list>
<pin id="798" dir="0" index="0" bw="4" slack="3"/>
<pin id="799" dir="0" index="1" bw="4" slack="0"/>
<pin id="800" dir="0" index="2" bw="0" slack="4"/>
<pin id="826" dir="0" index="4" bw="4" slack="0"/>
<pin id="827" dir="0" index="5" bw="4" slack="2147483647"/>
<pin id="828" dir="0" index="6" bw="0" slack="2147483647"/>
<pin id="801" dir="1" index="3" bw="4" slack="0"/>
<pin id="829" dir="1" index="7" bw="4" slack="0"/>
</pin_list>
<bind>
<opcode="load(27) store(28) " fcode="store"/>
<opset="window_strb_load/4 window_strb_load_1/5 window_strb_load_2/5 window_strb_load_3/6 window_strb_load_4/6 window_strb_load_5/7 window_strb_load_6/7 window_strb_load_7/8 window_strb_load_8/8 store_ln25/11 store_ln25/11 store_ln25/12 store_ln25/12 store_ln25/13 store_ln25/13 store_ln25/14 store_ln25/14 store_ln25/15 "/>
</bind>
</comp>

<comp id="802" class="1004" name="grp_access_fu_802">
<pin_list>
<pin id="803" dir="0" index="0" bw="4" slack="3"/>
<pin id="804" dir="0" index="1" bw="2" slack="0"/>
<pin id="805" dir="0" index="2" bw="0" slack="4"/>
<pin id="830" dir="0" index="4" bw="4" slack="0"/>
<pin id="831" dir="0" index="5" bw="2" slack="2147483647"/>
<pin id="832" dir="0" index="6" bw="0" slack="2147483647"/>
<pin id="806" dir="1" index="3" bw="2" slack="0"/>
<pin id="833" dir="1" index="7" bw="2" slack="0"/>
</pin_list>
<bind>
<opcode="load(27) store(28) " fcode="store"/>
<opset="window_user_load/4 window_user_load_1/5 window_user_load_2/5 window_user_load_3/6 window_user_load_4/6 window_user_load_5/7 window_user_load_6/7 window_user_load_7/8 window_user_load_8/8 store_ln25/11 store_ln25/11 store_ln25/12 store_ln25/12 store_ln25/13 store_ln25/13 store_ln25/14 store_ln25/14 store_ln25/15 "/>
</bind>
</comp>

<comp id="807" class="1004" name="grp_access_fu_807">
<pin_list>
<pin id="808" dir="0" index="0" bw="4" slack="3"/>
<pin id="809" dir="0" index="1" bw="1" slack="0"/>
<pin id="810" dir="0" index="2" bw="0" slack="4"/>
<pin id="834" dir="0" index="4" bw="4" slack="0"/>
<pin id="835" dir="0" index="5" bw="1" slack="2147483647"/>
<pin id="836" dir="0" index="6" bw="0" slack="2147483647"/>
<pin id="811" dir="1" index="3" bw="1" slack="0"/>
<pin id="837" dir="1" index="7" bw="1" slack="0"/>
</pin_list>
<bind>
<opcode="load(27) store(28) " fcode="store"/>
<opset="window_last_load/4 window_last_load_1/5 window_last_load_2/5 window_last_load_3/6 window_last_load_4/6 window_last_load_5/7 window_last_load_6/7 window_last_load_7/8 window_last_load_8/8 store_ln25/11 store_ln25/11 store_ln25/12 store_ln25/12 store_ln25/13 store_ln25/13 store_ln25/14 store_ln25/14 store_ln25/15 "/>
</bind>
</comp>

<comp id="812" class="1004" name="grp_access_fu_812">
<pin_list>
<pin id="813" dir="0" index="0" bw="4" slack="3"/>
<pin id="814" dir="0" index="1" bw="5" slack="0"/>
<pin id="815" dir="0" index="2" bw="0" slack="4"/>
<pin id="838" dir="0" index="4" bw="4" slack="0"/>
<pin id="839" dir="0" index="5" bw="5" slack="2147483647"/>
<pin id="840" dir="0" index="6" bw="0" slack="2147483647"/>
<pin id="816" dir="1" index="3" bw="5" slack="0"/>
<pin id="841" dir="1" index="7" bw="5" slack="0"/>
</pin_list>
<bind>
<opcode="load(27) store(28) " fcode="store"/>
<opset="window_id_load/4 window_id_load_1/5 window_id_load_2/5 window_id_load_3/6 window_id_load_4/6 window_id_load_5/7 window_id_load_6/7 window_id_load_7/8 window_id_load_8/8 store_ln25/11 store_ln25/11 store_ln25/12 store_ln25/12 store_ln25/13 store_ln25/13 store_ln25/14 store_ln25/14 store_ln25/15 "/>
</bind>
</comp>

<comp id="817" class="1004" name="grp_access_fu_817">
<pin_list>
<pin id="818" dir="0" index="0" bw="4" slack="3"/>
<pin id="819" dir="0" index="1" bw="6" slack="0"/>
<pin id="820" dir="0" index="2" bw="0" slack="4"/>
<pin id="842" dir="0" index="4" bw="4" slack="0"/>
<pin id="843" dir="0" index="5" bw="6" slack="2147483647"/>
<pin id="844" dir="0" index="6" bw="0" slack="2147483647"/>
<pin id="821" dir="1" index="3" bw="6" slack="0"/>
<pin id="845" dir="1" index="7" bw="6" slack="0"/>
</pin_list>
<bind>
<opcode="load(27) store(28) " fcode="store"/>
<opset="window_dest_load/4 window_dest_load_1/5 window_dest_load_2/5 window_dest_load_3/6 window_dest_load_4/6 window_dest_load_5/7 window_dest_load_6/7 window_dest_load_7/8 window_dest_load_8/8 store_ln25/11 store_ln25/11 store_ln25/12 store_ln25/12 store_ln25/13 store_ln25/13 store_ln25/14 store_ln25/14 store_ln25/15 "/>
</bind>
</comp>

<comp id="846" class="1004" name="grp_sobel_filter_Pipeline_1_fu_846">
<pin_list>
<pin id="847" dir="0" index="0" bw="0" slack="0"/>
<pin id="848" dir="0" index="1" bw="3" slack="0"/>
<pin id="849" dir="0" index="2" bw="4" slack="2147483647"/>
<pin id="850" dir="0" index="3" bw="4" slack="2147483647"/>
<pin id="851" dir="0" index="4" bw="2" slack="2147483647"/>
<pin id="852" dir="0" index="5" bw="1" slack="2147483647"/>
<pin id="853" dir="0" index="6" bw="5" slack="2147483647"/>
<pin id="854" dir="0" index="7" bw="6" slack="2147483647"/>
<pin id="855" dir="1" index="8" bw="0" slack="2147483647"/>
</pin_list>
<bind>
<opcode="call(48) " fcode="call"/>
<opset="call_ln17/2 "/>
</bind>
</comp>

<comp id="857" class="1004" name="grp_sobel_filter_Pipeline_VITIS_LOOP_18_1_VITIS_LOOP_19_2_fu_857">
<pin_list>
<pin id="858" dir="0" index="0" bw="0" slack="0"/>
<pin id="859" dir="0" index="1" bw="6" slack="2"/>
<pin id="860" dir="0" index="2" bw="5" slack="2"/>
<pin id="861" dir="0" index="3" bw="1" slack="2"/>
<pin id="862" dir="0" index="4" bw="2" slack="2"/>
<pin id="863" dir="0" index="5" bw="4" slack="2"/>
<pin id="864" dir="0" index="6" bw="4" slack="2"/>
<pin id="865" dir="0" index="7" bw="6" slack="3"/>
<pin id="866" dir="0" index="8" bw="5" slack="3"/>
<pin id="867" dir="0" index="9" bw="1" slack="3"/>
<pin id="868" dir="0" index="10" bw="2" slack="3"/>
<pin id="869" dir="0" index="11" bw="4" slack="3"/>
<pin id="870" dir="0" index="12" bw="4" slack="3"/>
<pin id="871" dir="0" index="13" bw="6" slack="0"/>
<pin id="872" dir="0" index="14" bw="5" slack="0"/>
<pin id="873" dir="0" index="15" bw="1" slack="0"/>
<pin id="874" dir="0" index="16" bw="2" slack="0"/>
<pin id="875" dir="0" index="17" bw="4" slack="0"/>
<pin id="876" dir="0" index="18" bw="4" slack="0"/>
<pin id="877" dir="0" index="19" bw="6" slack="0"/>
<pin id="878" dir="0" index="20" bw="5" slack="0"/>
<pin id="879" dir="0" index="21" bw="1" slack="0"/>
<pin id="880" dir="0" index="22" bw="2" slack="0"/>
<pin id="881" dir="0" index="23" bw="4" slack="0"/>
<pin id="882" dir="0" index="24" bw="4" slack="0"/>
<pin id="883" dir="0" index="25" bw="6" slack="1"/>
<pin id="884" dir="0" index="26" bw="5" slack="1"/>
<pin id="885" dir="0" index="27" bw="1" slack="1"/>
<pin id="886" dir="0" index="28" bw="2" slack="1"/>
<pin id="887" dir="0" index="29" bw="4" slack="1"/>
<pin id="888" dir="0" index="30" bw="4" slack="1"/>
<pin id="889" dir="0" index="31" bw="6" slack="4"/>
<pin id="890" dir="0" index="32" bw="5" slack="4"/>
<pin id="891" dir="0" index="33" bw="1" slack="4"/>
<pin id="892" dir="0" index="34" bw="2" slack="4"/>
<pin id="893" dir="0" index="35" bw="4" slack="4"/>
<pin id="894" dir="0" index="36" bw="4" slack="4"/>
<pin id="895" dir="0" index="37" bw="6" slack="1"/>
<pin id="896" dir="0" index="38" bw="5" slack="1"/>
<pin id="897" dir="0" index="39" bw="1" slack="1"/>
<pin id="898" dir="0" index="40" bw="2" slack="1"/>
<pin id="899" dir="0" index="41" bw="4" slack="1"/>
<pin id="900" dir="0" index="42" bw="4" slack="1"/>
<pin id="901" dir="0" index="43" bw="6" slack="2"/>
<pin id="902" dir="0" index="44" bw="5" slack="2"/>
<pin id="903" dir="0" index="45" bw="1" slack="2"/>
<pin id="904" dir="0" index="46" bw="2" slack="2"/>
<pin id="905" dir="0" index="47" bw="4" slack="2"/>
<pin id="906" dir="0" index="48" bw="4" slack="2"/>
<pin id="907" dir="0" index="49" bw="6" slack="3"/>
<pin id="908" dir="0" index="50" bw="5" slack="3"/>
<pin id="909" dir="0" index="51" bw="1" slack="3"/>
<pin id="910" dir="0" index="52" bw="2" slack="3"/>
<pin id="911" dir="0" index="53" bw="4" slack="3"/>
<pin id="912" dir="0" index="54" bw="4" slack="3"/>
<pin id="913" dir="0" index="55" bw="32" slack="8"/>
<pin id="914" dir="0" index="56" bw="62" slack="1"/>
<pin id="915" dir="0" index="57" bw="32" slack="0"/>
<pin id="916" dir="0" index="58" bw="4" slack="0"/>
<pin id="917" dir="0" index="59" bw="4" slack="0"/>
<pin id="918" dir="0" index="60" bw="2" slack="0"/>
<pin id="919" dir="0" index="61" bw="1" slack="0"/>
<pin id="920" dir="0" index="62" bw="5" slack="0"/>
<pin id="921" dir="0" index="63" bw="6" slack="0"/>
<pin id="922" dir="0" index="64" bw="32" slack="0"/>
<pin id="923" dir="0" index="65" bw="4" slack="0"/>
<pin id="924" dir="0" index="66" bw="4" slack="0"/>
<pin id="925" dir="0" index="67" bw="2" slack="0"/>
<pin id="926" dir="0" index="68" bw="1" slack="0"/>
<pin id="927" dir="0" index="69" bw="5" slack="0"/>
<pin id="928" dir="0" index="70" bw="6" slack="0"/>
<pin id="929" dir="0" index="71" bw="6" slack="8"/>
<pin id="930" dir="0" index="72" bw="5" slack="8"/>
<pin id="931" dir="0" index="73" bw="1" slack="8"/>
<pin id="932" dir="0" index="74" bw="2" slack="8"/>
<pin id="933" dir="0" index="75" bw="4" slack="8"/>
<pin id="934" dir="0" index="76" bw="4" slack="8"/>
<pin id="935" dir="0" index="77" bw="6" slack="8"/>
<pin id="936" dir="0" index="78" bw="5" slack="8"/>
<pin id="937" dir="0" index="79" bw="1" slack="8"/>
<pin id="938" dir="0" index="80" bw="2" slack="8"/>
<pin id="939" dir="0" index="81" bw="4" slack="8"/>
<pin id="940" dir="0" index="82" bw="4" slack="8"/>
<pin id="941" dir="0" index="83" bw="6" slack="8"/>
<pin id="942" dir="0" index="84" bw="5" slack="8"/>
<pin id="943" dir="0" index="85" bw="1" slack="8"/>
<pin id="944" dir="0" index="86" bw="2" slack="8"/>
<pin id="945" dir="0" index="87" bw="4" slack="8"/>
<pin id="946" dir="0" index="88" bw="4" slack="8"/>
<pin id="947" dir="0" index="89" bw="6" slack="8"/>
<pin id="948" dir="0" index="90" bw="5" slack="8"/>
<pin id="949" dir="0" index="91" bw="1" slack="8"/>
<pin id="950" dir="0" index="92" bw="2" slack="8"/>
<pin id="951" dir="0" index="93" bw="4" slack="8"/>
<pin id="952" dir="0" index="94" bw="4" slack="8"/>
<pin id="953" dir="0" index="95" bw="6" slack="8"/>
<pin id="954" dir="0" index="96" bw="5" slack="8"/>
<pin id="955" dir="0" index="97" bw="1" slack="8"/>
<pin id="956" dir="0" index="98" bw="2" slack="8"/>
<pin id="957" dir="0" index="99" bw="4" slack="8"/>
<pin id="958" dir="0" index="100" bw="4" slack="8"/>
<pin id="959" dir="0" index="101" bw="6" slack="8"/>
<pin id="960" dir="0" index="102" bw="5" slack="8"/>
<pin id="961" dir="0" index="103" bw="1" slack="8"/>
<pin id="962" dir="0" index="104" bw="2" slack="8"/>
<pin id="963" dir="0" index="105" bw="4" slack="8"/>
<pin id="964" dir="0" index="106" bw="4" slack="8"/>
<pin id="965" dir="0" index="107" bw="6" slack="8"/>
<pin id="966" dir="0" index="108" bw="5" slack="8"/>
<pin id="967" dir="0" index="109" bw="1" slack="8"/>
<pin id="968" dir="0" index="110" bw="2" slack="8"/>
<pin id="969" dir="0" index="111" bw="4" slack="8"/>
<pin id="970" dir="0" index="112" bw="4" slack="8"/>
<pin id="971" dir="0" index="113" bw="6" slack="8"/>
<pin id="972" dir="0" index="114" bw="5" slack="8"/>
<pin id="973" dir="0" index="115" bw="1" slack="8"/>
<pin id="974" dir="0" index="116" bw="2" slack="8"/>
<pin id="975" dir="0" index="117" bw="4" slack="8"/>
<pin id="976" dir="0" index="118" bw="4" slack="8"/>
<pin id="977" dir="0" index="119" bw="6" slack="8"/>
<pin id="978" dir="0" index="120" bw="5" slack="8"/>
<pin id="979" dir="0" index="121" bw="1" slack="8"/>
<pin id="980" dir="0" index="122" bw="2" slack="8"/>
<pin id="981" dir="0" index="123" bw="4" slack="8"/>
<pin id="982" dir="0" index="124" bw="4" slack="8"/>
<pin id="983" dir="1" index="125" bw="0" slack="2147483647"/>
</pin_list>
<bind>
<opcode="call(48) " fcode="call"/>
<opset="call_ln25/9 "/>
</bind>
</comp>

<comp id="1011" class="1004" name="grp_fu_1011">
<pin_list>
<pin id="1012" dir="0" index="0" bw="31" slack="0"/>
<pin id="1013" dir="0" index="1" bw="31" slack="0"/>
<pin id="1014" dir="1" index="2" bw="62" slack="1"/>
</pin_list>
<bind>
<opcode="mul(12) " fcode="mul"/>
<opset="mul_ln28/7 "/>
</bind>
</comp>

<comp id="1015" class="1004" name="empty_fu_1015">
<pin_list>
<pin id="1016" dir="0" index="0" bw="32" slack="0"/>
<pin id="1017" dir="1" index="1" bw="31" slack="5"/>
</pin_list>
<bind>
<opcode="trunc(33) " fcode="trunc"/>
<opset="empty/1 "/>
</bind>
</comp>

<comp id="1019" class="1004" name="empty_15_fu_1019">
<pin_list>
<pin id="1020" dir="0" index="0" bw="32" slack="0"/>
<pin id="1021" dir="1" index="1" bw="31" slack="5"/>
</pin_list>
<bind>
<opcode="trunc(33) " fcode="trunc"/>
<opset="empty_15/1 "/>
</bind>
</comp>

<comp id="1023" class="1004" name="store_ln0_store_fu_1023">
<pin_list>
<pin id="1024" dir="0" index="0" bw="1" slack="0"/>
<pin id="1025" dir="0" index="1" bw="2" slack="0"/>
<pin id="1026" dir="1" index="2" bw="0" slack="2147483647"/>
</pin_list>
<bind>
<opcode="store(28) " fcode="store"/>
<opset="store_ln0/1 "/>
</bind>
</comp>

<comp id="1028" class="1004" name="indvars_iv572_load_load_fu_1028">
<pin_list>
<pin id="1029" dir="0" index="0" bw="2" slack="1"/>
<pin id="1030" dir="1" index="1" bw="2" slack="0"/>
</pin_list>
<bind>
<opcode="load(27) " fcode="load"/>
<opset="indvars_iv572_load/2 "/>
</bind>
</comp>

<comp id="1031" class="1004" name="trunc_ln17_fu_1031">
<pin_list>
<pin id="1032" dir="0" index="0" bw="2" slack="0"/>
<pin id="1033" dir="1" index="1" bw="1" slack="0"/>
</pin_list>
<bind>
<opcode="trunc(33) " fcode="trunc"/>
<opset="trunc_ln17/2 "/>
</bind>
</comp>

<comp id="1035" class="1004" name="tmp_fu_1035">
<pin_list>
<pin id="1036" dir="0" index="0" bw="3" slack="0"/>
<pin id="1037" dir="0" index="1" bw="1" slack="0"/>
<pin id="1038" dir="0" index="2" bw="1" slack="0"/>
<pin id="1039" dir="1" index="3" bw="3" slack="0"/>
</pin_list>
<bind>
<opcode="bitconcatenate(1004) " fcode="bitconcatenate"/>
<opset="tmp/2 "/>
</bind>
</comp>

<comp id="1043" class="1004" name="zext_ln17_fu_1043">
<pin_list>
<pin id="1044" dir="0" index="0" bw="2" slack="0"/>
<pin id="1045" dir="1" index="1" bw="3" slack="0"/>
</pin_list>
<bind>
<opcode="zext(34) " fcode="zext"/>
<opset="zext_ln17/2 "/>
</bind>
</comp>

<comp id="1047" class="1004" name="sub_ln17_fu_1047">
<pin_list>
<pin id="1048" dir="0" index="0" bw="3" slack="0"/>
<pin id="1049" dir="0" index="1" bw="2" slack="0"/>
<pin id="1050" dir="1" index="2" bw="3" slack="0"/>
</pin_list>
<bind>
<opcode="sub(10) " fcode="sub"/>
<opset="sub_ln17/2 "/>
</bind>
</comp>

<comp id="1054" class="1004" name="add_ln17_1_fu_1054">
<pin_list>
<pin id="1055" dir="0" index="0" bw="2" slack="0"/>
<pin id="1056" dir="0" index="1" bw="1" slack="0"/>
<pin id="1057" dir="1" index="2" bw="2" slack="0"/>
</pin_list>
<bind>
<opcode="add(8) " fcode="add"/>
<opset="add_ln17_1/2 "/>
</bind>
</comp>

<comp id="1060" class="1004" name="icmp_ln17_fu_1060">
<pin_list>
<pin id="1061" dir="0" index="0" bw="2" slack="0"/>
<pin id="1062" dir="0" index="1" bw="2" slack="0"/>
<pin id="1063" dir="1" index="2" bw="1" slack="1"/>
</pin_list>
<bind>
<opcode="icmp(45) " fcode="icmp"/>
<opset="icmp_ln17/2 "/>
</bind>
</comp>

<comp id="1066" class="1004" name="store_ln17_store_fu_1066">
<pin_list>
<pin id="1067" dir="0" index="0" bw="2" slack="0"/>
<pin id="1068" dir="0" index="1" bw="2" slack="1"/>
<pin id="1069" dir="1" index="2" bw="0" slack="2147483647"/>
</pin_list>
<bind>
<opcode="store(28) " fcode="store"/>
<opset="store_ln17/2 "/>
</bind>
</comp>

<comp id="1071" class="1004" name="empty_16_fu_1071">
<pin_list>
<pin id="1072" dir="0" index="0" bw="32" slack="2"/>
<pin id="1073" dir="0" index="1" bw="1" slack="0"/>
<pin id="1074" dir="1" index="2" bw="1" slack="3"/>
</pin_list>
<bind>
<opcode="icmp(45) " fcode="icmp"/>
<opset="empty_16/3 "/>
</bind>
</comp>

<comp id="1076" class="1004" name="icmp_ln19_fu_1076">
<pin_list>
<pin id="1077" dir="0" index="0" bw="32" slack="5"/>
<pin id="1078" dir="0" index="1" bw="1" slack="0"/>
<pin id="1079" dir="1" index="2" bw="1" slack="0"/>
</pin_list>
<bind>
<opcode="icmp(45) " fcode="icmp"/>
<opset="icmp_ln19/6 "/>
</bind>
</comp>

<comp id="1081" class="1004" name="smax_fu_1081">
<pin_list>
<pin id="1082" dir="0" index="0" bw="1" slack="0"/>
<pin id="1083" dir="0" index="1" bw="31" slack="5"/>
<pin id="1084" dir="0" index="2" bw="1" slack="0"/>
<pin id="1085" dir="1" index="3" bw="31" slack="1"/>
</pin_list>
<bind>
<opcode="select(49) " fcode="select"/>
<opset="smax/6 "/>
</bind>
</comp>

<comp id="1088" class="1004" name="smax1_fu_1088">
<pin_list>
<pin id="1089" dir="0" index="0" bw="1" slack="3"/>
<pin id="1090" dir="0" index="1" bw="31" slack="5"/>
<pin id="1091" dir="0" index="2" bw="1" slack="0"/>
<pin id="1092" dir="1" index="3" bw="31" slack="1"/>
</pin_list>
<bind>
<opcode="select(49) " fcode="select"/>
<opset="smax1/6 "/>
</bind>
</comp>

<comp id="1094" class="1004" name="zext_ln28_fu_1094">
<pin_list>
<pin id="1095" dir="0" index="0" bw="31" slack="1"/>
<pin id="1096" dir="1" index="1" bw="62" slack="0"/>
</pin_list>
<bind>
<opcode="zext(34) " fcode="zext"/>
<opset="zext_ln28/7 "/>
</bind>
</comp>

<comp id="1098" class="1004" name="zext_ln28_1_fu_1098">
<pin_list>
<pin id="1099" dir="0" index="0" bw="31" slack="1"/>
<pin id="1100" dir="1" index="1" bw="62" slack="0"/>
</pin_list>
<bind>
<opcode="zext(34) " fcode="zext"/>
<opset="zext_ln28_1/7 "/>
</bind>
</comp>

<comp id="1102" class="1004" name="p_6_0_0_0131_1_2402_loc_load_load_fu_1102">
<pin_list>
<pin id="1103" dir="0" index="0" bw="6" slack="10"/>
<pin id="1104" dir="1" index="1" bw="6" slack="2147483647"/>
</pin_list>
<bind>
<opcode="load(27) " fcode="load"/>
<opset="p_6_0_0_0131_1_2402_loc_load/11 "/>
</bind>
</comp>

<comp id="1105" class="1004" name="p_5_0_0_0130_1_2401_loc_load_load_fu_1105">
<pin_list>
<pin id="1106" dir="0" index="0" bw="5" slack="10"/>
<pin id="1107" dir="1" index="1" bw="5" slack="2147483647"/>
</pin_list>
<bind>
<opcode="load(27) " fcode="load"/>
<opset="p_5_0_0_0130_1_2401_loc_load/11 "/>
</bind>
</comp>

<comp id="1108" class="1004" name="p_4_0_0_0129_1_2400_loc_load_load_fu_1108">
<pin_list>
<pin id="1109" dir="0" index="0" bw="1" slack="10"/>
<pin id="1110" dir="1" index="1" bw="1" slack="2147483647"/>
</pin_list>
<bind>
<opcode="load(27) " fcode="load"/>
<opset="p_4_0_0_0129_1_2400_loc_load/11 "/>
</bind>
</comp>

<comp id="1111" class="1004" name="p_3_0_0_0128_1_2399_loc_load_load_fu_1111">
<pin_list>
<pin id="1112" dir="0" index="0" bw="2" slack="10"/>
<pin id="1113" dir="1" index="1" bw="2" slack="2147483647"/>
</pin_list>
<bind>
<opcode="load(27) " fcode="load"/>
<opset="p_3_0_0_0128_1_2399_loc_load/11 "/>
</bind>
</comp>

<comp id="1114" class="1004" name="p_2_0_0_0127_1_2398_loc_load_load_fu_1114">
<pin_list>
<pin id="1115" dir="0" index="0" bw="4" slack="10"/>
<pin id="1116" dir="1" index="1" bw="4" slack="2147483647"/>
</pin_list>
<bind>
<opcode="load(27) " fcode="load"/>
<opset="p_2_0_0_0127_1_2398_loc_load/11 "/>
</bind>
</comp>

<comp id="1117" class="1004" name="p_1_0_0_0126_1_2397_loc_load_load_fu_1117">
<pin_list>
<pin id="1118" dir="0" index="0" bw="4" slack="10"/>
<pin id="1119" dir="1" index="1" bw="4" slack="2147483647"/>
</pin_list>
<bind>
<opcode="load(27) " fcode="load"/>
<opset="p_1_0_0_0126_1_2397_loc_load/11 "/>
</bind>
</comp>

<comp id="1120" class="1004" name="p_6_0_0_0131_1_1394_loc_load_load_fu_1120">
<pin_list>
<pin id="1121" dir="0" index="0" bw="6" slack="10"/>
<pin id="1122" dir="1" index="1" bw="6" slack="2147483647"/>
</pin_list>
<bind>
<opcode="load(27) " fcode="load"/>
<opset="p_6_0_0_0131_1_1394_loc_load/11 "/>
</bind>
</comp>

<comp id="1123" class="1004" name="p_5_0_0_0130_1_1392_loc_load_load_fu_1123">
<pin_list>
<pin id="1124" dir="0" index="0" bw="5" slack="10"/>
<pin id="1125" dir="1" index="1" bw="5" slack="2147483647"/>
</pin_list>
<bind>
<opcode="load(27) " fcode="load"/>
<opset="p_5_0_0_0130_1_1392_loc_load/11 "/>
</bind>
</comp>

<comp id="1126" class="1004" name="p_4_0_0_0129_1_1390_loc_load_load_fu_1126">
<pin_list>
<pin id="1127" dir="0" index="0" bw="1" slack="10"/>
<pin id="1128" dir="1" index="1" bw="1" slack="2147483647"/>
</pin_list>
<bind>
<opcode="load(27) " fcode="load"/>
<opset="p_4_0_0_0129_1_1390_loc_load/11 "/>
</bind>
</comp>

<comp id="1129" class="1004" name="p_3_0_0_0128_1_1388_loc_load_load_fu_1129">
<pin_list>
<pin id="1130" dir="0" index="0" bw="2" slack="10"/>
<pin id="1131" dir="1" index="1" bw="2" slack="2147483647"/>
</pin_list>
<bind>
<opcode="load(27) " fcode="load"/>
<opset="p_3_0_0_0128_1_1388_loc_load/11 "/>
</bind>
</comp>

<comp id="1132" class="1004" name="p_2_0_0_0127_1_1386_loc_load_load_fu_1132">
<pin_list>
<pin id="1133" dir="0" index="0" bw="4" slack="10"/>
<pin id="1134" dir="1" index="1" bw="4" slack="2147483647"/>
</pin_list>
<bind>
<opcode="load(27) " fcode="load"/>
<opset="p_2_0_0_0127_1_1386_loc_load/11 "/>
</bind>
</comp>

<comp id="1135" class="1004" name="p_1_0_0_0126_1_1384_loc_load_load_fu_1135">
<pin_list>
<pin id="1136" dir="0" index="0" bw="4" slack="10"/>
<pin id="1137" dir="1" index="1" bw="4" slack="2147483647"/>
</pin_list>
<bind>
<opcode="load(27) " fcode="load"/>
<opset="p_1_0_0_0126_1_1384_loc_load/11 "/>
</bind>
</comp>

<comp id="1138" class="1004" name="p_6_0_0_0131_1380_loc_load_load_fu_1138">
<pin_list>
<pin id="1139" dir="0" index="0" bw="6" slack="10"/>
<pin id="1140" dir="1" index="1" bw="6" slack="2147483647"/>
</pin_list>
<bind>
<opcode="load(27) " fcode="load"/>
<opset="p_6_0_0_0131_1380_loc_load/11 "/>
</bind>
</comp>

<comp id="1141" class="1004" name="p_5_0_0_0130_1378_loc_load_load_fu_1141">
<pin_list>
<pin id="1142" dir="0" index="0" bw="5" slack="10"/>
<pin id="1143" dir="1" index="1" bw="5" slack="2147483647"/>
</pin_list>
<bind>
<opcode="load(27) " fcode="load"/>
<opset="p_5_0_0_0130_1378_loc_load/11 "/>
</bind>
</comp>

<comp id="1144" class="1004" name="p_4_0_0_0129_1376_loc_load_load_fu_1144">
<pin_list>
<pin id="1145" dir="0" index="0" bw="1" slack="10"/>
<pin id="1146" dir="1" index="1" bw="1" slack="2147483647"/>
</pin_list>
<bind>
<opcode="load(27) " fcode="load"/>
<opset="p_4_0_0_0129_1376_loc_load/11 "/>
</bind>
</comp>

<comp id="1147" class="1004" name="p_3_0_0_0128_1374_loc_load_load_fu_1147">
<pin_list>
<pin id="1148" dir="0" index="0" bw="2" slack="10"/>
<pin id="1149" dir="1" index="1" bw="2" slack="2147483647"/>
</pin_list>
<bind>
<opcode="load(27) " fcode="load"/>
<opset="p_3_0_0_0128_1374_loc_load/11 "/>
</bind>
</comp>

<comp id="1150" class="1004" name="p_2_0_0_0127_1372_loc_load_load_fu_1150">
<pin_list>
<pin id="1151" dir="0" index="0" bw="4" slack="10"/>
<pin id="1152" dir="1" index="1" bw="4" slack="2147483647"/>
</pin_list>
<bind>
<opcode="load(27) " fcode="load"/>
<opset="p_2_0_0_0127_1372_loc_load/11 "/>
</bind>
</comp>

<comp id="1153" class="1004" name="p_1_0_0_0126_1370_loc_load_load_fu_1153">
<pin_list>
<pin id="1154" dir="0" index="0" bw="4" slack="10"/>
<pin id="1155" dir="1" index="1" bw="4" slack="2147483647"/>
</pin_list>
<bind>
<opcode="load(27) " fcode="load"/>
<opset="p_1_0_0_0126_1370_loc_load/11 "/>
</bind>
</comp>

<comp id="1156" class="1004" name="p_6_0_0_0131_1353_loc_load_load_fu_1156">
<pin_list>
<pin id="1157" dir="0" index="0" bw="6" slack="10"/>
<pin id="1158" dir="1" index="1" bw="6" slack="0"/>
</pin_list>
<bind>
<opcode="load(27) " fcode="load"/>
<opset="p_6_0_0_0131_1353_loc_load/11 "/>
</bind>
</comp>

<comp id="1160" class="1004" name="p_5_0_0_0130_1352_loc_load_load_fu_1160">
<pin_list>
<pin id="1161" dir="0" index="0" bw="5" slack="10"/>
<pin id="1162" dir="1" index="1" bw="5" slack="0"/>
</pin_list>
<bind>
<opcode="load(27) " fcode="load"/>
<opset="p_5_0_0_0130_1352_loc_load/11 "/>
</bind>
</comp>

<comp id="1164" class="1004" name="p_4_0_0_0129_1351_loc_load_load_fu_1164">
<pin_list>
<pin id="1165" dir="0" index="0" bw="1" slack="10"/>
<pin id="1166" dir="1" index="1" bw="1" slack="0"/>
</pin_list>
<bind>
<opcode="load(27) " fcode="load"/>
<opset="p_4_0_0_0129_1351_loc_load/11 "/>
</bind>
</comp>

<comp id="1168" class="1004" name="p_3_0_0_0128_1350_loc_load_load_fu_1168">
<pin_list>
<pin id="1169" dir="0" index="0" bw="2" slack="10"/>
<pin id="1170" dir="1" index="1" bw="2" slack="0"/>
</pin_list>
<bind>
<opcode="load(27) " fcode="load"/>
<opset="p_3_0_0_0128_1350_loc_load/11 "/>
</bind>
</comp>

<comp id="1172" class="1004" name="p_2_0_0_0127_1349_loc_load_load_fu_1172">
<pin_list>
<pin id="1173" dir="0" index="0" bw="4" slack="10"/>
<pin id="1174" dir="1" index="1" bw="4" slack="0"/>
</pin_list>
<bind>
<opcode="load(27) " fcode="load"/>
<opset="p_2_0_0_0127_1349_loc_load/11 "/>
</bind>
</comp>

<comp id="1176" class="1004" name="p_1_0_0_0126_1348_loc_load_load_fu_1176">
<pin_list>
<pin id="1177" dir="0" index="0" bw="4" slack="10"/>
<pin id="1178" dir="1" index="1" bw="4" slack="0"/>
</pin_list>
<bind>
<opcode="load(27) " fcode="load"/>
<opset="p_1_0_0_0126_1348_loc_load/11 "/>
</bind>
</comp>

<comp id="1180" class="1004" name="p_6_0_0_0131_1_2367_phi_loc_load_load_fu_1180">
<pin_list>
<pin id="1181" dir="0" index="0" bw="6" slack="10"/>
<pin id="1182" dir="1" index="1" bw="6" slack="2147483647"/>
</pin_list>
<bind>
<opcode="load(27) " fcode="load"/>
<opset="p_6_0_0_0131_1_2367_phi_loc_load/11 "/>
</bind>
</comp>

<comp id="1183" class="1004" name="p_5_0_0_0130_1_2366_phi_loc_load_load_fu_1183">
<pin_list>
<pin id="1184" dir="0" index="0" bw="5" slack="10"/>
<pin id="1185" dir="1" index="1" bw="5" slack="2147483647"/>
</pin_list>
<bind>
<opcode="load(27) " fcode="load"/>
<opset="p_5_0_0_0130_1_2366_phi_loc_load/11 "/>
</bind>
</comp>

<comp id="1186" class="1004" name="p_4_0_0_0129_1_2365_phi_loc_load_load_fu_1186">
<pin_list>
<pin id="1187" dir="0" index="0" bw="1" slack="10"/>
<pin id="1188" dir="1" index="1" bw="1" slack="2147483647"/>
</pin_list>
<bind>
<opcode="load(27) " fcode="load"/>
<opset="p_4_0_0_0129_1_2365_phi_loc_load/11 "/>
</bind>
</comp>

<comp id="1189" class="1004" name="p_3_0_0_0128_1_2364_phi_loc_load_load_fu_1189">
<pin_list>
<pin id="1190" dir="0" index="0" bw="2" slack="10"/>
<pin id="1191" dir="1" index="1" bw="2" slack="2147483647"/>
</pin_list>
<bind>
<opcode="load(27) " fcode="load"/>
<opset="p_3_0_0_0128_1_2364_phi_loc_load/11 "/>
</bind>
</comp>

<comp id="1192" class="1004" name="p_2_0_0_0127_1_2363_phi_loc_load_load_fu_1192">
<pin_list>
<pin id="1193" dir="0" index="0" bw="4" slack="10"/>
<pin id="1194" dir="1" index="1" bw="4" slack="2147483647"/>
</pin_list>
<bind>
<opcode="load(27) " fcode="load"/>
<opset="p_2_0_0_0127_1_2363_phi_loc_load/11 "/>
</bind>
</comp>

<comp id="1195" class="1004" name="p_1_0_0_0126_1_2362_phi_loc_load_load_fu_1195">
<pin_list>
<pin id="1196" dir="0" index="0" bw="4" slack="10"/>
<pin id="1197" dir="1" index="1" bw="4" slack="2147483647"/>
</pin_list>
<bind>
<opcode="load(27) " fcode="load"/>
<opset="p_1_0_0_0126_1_2362_phi_loc_load/11 "/>
</bind>
</comp>

<comp id="1198" class="1004" name="p_6_0_0_0131_1_1360_phi_loc_load_load_fu_1198">
<pin_list>
<pin id="1199" dir="0" index="0" bw="6" slack="10"/>
<pin id="1200" dir="1" index="1" bw="6" slack="2147483647"/>
</pin_list>
<bind>
<opcode="load(27) " fcode="load"/>
<opset="p_6_0_0_0131_1_1360_phi_loc_load/11 "/>
</bind>
</comp>

<comp id="1201" class="1004" name="p_5_0_0_0130_1_1359_phi_loc_load_load_fu_1201">
<pin_list>
<pin id="1202" dir="0" index="0" bw="5" slack="10"/>
<pin id="1203" dir="1" index="1" bw="5" slack="2147483647"/>
</pin_list>
<bind>
<opcode="load(27) " fcode="load"/>
<opset="p_5_0_0_0130_1_1359_phi_loc_load/11 "/>
</bind>
</comp>

<comp id="1204" class="1004" name="p_4_0_0_0129_1_1358_phi_loc_load_load_fu_1204">
<pin_list>
<pin id="1205" dir="0" index="0" bw="1" slack="10"/>
<pin id="1206" dir="1" index="1" bw="1" slack="2147483647"/>
</pin_list>
<bind>
<opcode="load(27) " fcode="load"/>
<opset="p_4_0_0_0129_1_1358_phi_loc_load/11 "/>
</bind>
</comp>

<comp id="1207" class="1004" name="p_3_0_0_0128_1_1357_phi_loc_load_load_fu_1207">
<pin_list>
<pin id="1208" dir="0" index="0" bw="2" slack="10"/>
<pin id="1209" dir="1" index="1" bw="2" slack="2147483647"/>
</pin_list>
<bind>
<opcode="load(27) " fcode="load"/>
<opset="p_3_0_0_0128_1_1357_phi_loc_load/11 "/>
</bind>
</comp>

<comp id="1210" class="1004" name="p_2_0_0_0127_1_1356_phi_loc_load_load_fu_1210">
<pin_list>
<pin id="1211" dir="0" index="0" bw="4" slack="10"/>
<pin id="1212" dir="1" index="1" bw="4" slack="2147483647"/>
</pin_list>
<bind>
<opcode="load(27) " fcode="load"/>
<opset="p_2_0_0_0127_1_1356_phi_loc_load/11 "/>
</bind>
</comp>

<comp id="1213" class="1004" name="p_1_0_0_0126_1_1355_phi_loc_load_load_fu_1213">
<pin_list>
<pin id="1214" dir="0" index="0" bw="4" slack="10"/>
<pin id="1215" dir="1" index="1" bw="4" slack="2147483647"/>
</pin_list>
<bind>
<opcode="load(27) " fcode="load"/>
<opset="p_1_0_0_0126_1_1355_phi_loc_load/11 "/>
</bind>
</comp>

<comp id="1216" class="1004" name="p_6_0_0_0131_1353_phi_loc_load_load_fu_1216">
<pin_list>
<pin id="1217" dir="0" index="0" bw="6" slack="10"/>
<pin id="1218" dir="1" index="1" bw="6" slack="0"/>
</pin_list>
<bind>
<opcode="load(27) " fcode="load"/>
<opset="p_6_0_0_0131_1353_phi_loc_load/11 "/>
</bind>
</comp>

<comp id="1220" class="1004" name="p_5_0_0_0130_1352_phi_loc_load_load_fu_1220">
<pin_list>
<pin id="1221" dir="0" index="0" bw="5" slack="10"/>
<pin id="1222" dir="1" index="1" bw="5" slack="0"/>
</pin_list>
<bind>
<opcode="load(27) " fcode="load"/>
<opset="p_5_0_0_0130_1352_phi_loc_load/11 "/>
</bind>
</comp>

<comp id="1224" class="1004" name="p_4_0_0_0129_1351_phi_loc_load_load_fu_1224">
<pin_list>
<pin id="1225" dir="0" index="0" bw="1" slack="10"/>
<pin id="1226" dir="1" index="1" bw="1" slack="0"/>
</pin_list>
<bind>
<opcode="load(27) " fcode="load"/>
<opset="p_4_0_0_0129_1351_phi_loc_load/11 "/>
</bind>
</comp>

<comp id="1228" class="1004" name="p_3_0_0_0128_1350_phi_loc_load_load_fu_1228">
<pin_list>
<pin id="1229" dir="0" index="0" bw="2" slack="10"/>
<pin id="1230" dir="1" index="1" bw="2" slack="0"/>
</pin_list>
<bind>
<opcode="load(27) " fcode="load"/>
<opset="p_3_0_0_0128_1350_phi_loc_load/11 "/>
</bind>
</comp>

<comp id="1232" class="1004" name="p_2_0_0_0127_1349_phi_loc_load_load_fu_1232">
<pin_list>
<pin id="1233" dir="0" index="0" bw="4" slack="10"/>
<pin id="1234" dir="1" index="1" bw="4" slack="0"/>
</pin_list>
<bind>
<opcode="load(27) " fcode="load"/>
<opset="p_2_0_0_0127_1349_phi_loc_load/11 "/>
</bind>
</comp>

<comp id="1236" class="1004" name="p_1_0_0_0126_1348_phi_loc_load_load_fu_1236">
<pin_list>
<pin id="1237" dir="0" index="0" bw="4" slack="10"/>
<pin id="1238" dir="1" index="1" bw="4" slack="0"/>
</pin_list>
<bind>
<opcode="load(27) " fcode="load"/>
<opset="p_1_0_0_0126_1348_phi_loc_load/11 "/>
</bind>
</comp>

<comp id="1240" class="1004" name="select_ln18_loc_load_load_fu_1240">
<pin_list>
<pin id="1241" dir="0" index="0" bw="6" slack="10"/>
<pin id="1242" dir="1" index="1" bw="6" slack="2147483647"/>
</pin_list>
<bind>
<opcode="load(27) " fcode="load"/>
<opset="select_ln18_loc_load/11 "/>
</bind>
</comp>

<comp id="1243" class="1004" name="select_ln18_1_loc_load_load_fu_1243">
<pin_list>
<pin id="1244" dir="0" index="0" bw="5" slack="10"/>
<pin id="1245" dir="1" index="1" bw="5" slack="2147483647"/>
</pin_list>
<bind>
<opcode="load(27) " fcode="load"/>
<opset="select_ln18_1_loc_load/11 "/>
</bind>
</comp>

<comp id="1246" class="1004" name="select_ln18_2_loc_load_load_fu_1246">
<pin_list>
<pin id="1247" dir="0" index="0" bw="1" slack="10"/>
<pin id="1248" dir="1" index="1" bw="1" slack="2147483647"/>
</pin_list>
<bind>
<opcode="load(27) " fcode="load"/>
<opset="select_ln18_2_loc_load/11 "/>
</bind>
</comp>

<comp id="1249" class="1004" name="select_ln18_3_loc_load_load_fu_1249">
<pin_list>
<pin id="1250" dir="0" index="0" bw="2" slack="10"/>
<pin id="1251" dir="1" index="1" bw="2" slack="2147483647"/>
</pin_list>
<bind>
<opcode="load(27) " fcode="load"/>
<opset="select_ln18_3_loc_load/11 "/>
</bind>
</comp>

<comp id="1252" class="1004" name="select_ln18_4_loc_load_load_fu_1252">
<pin_list>
<pin id="1253" dir="0" index="0" bw="4" slack="10"/>
<pin id="1254" dir="1" index="1" bw="4" slack="2147483647"/>
</pin_list>
<bind>
<opcode="load(27) " fcode="load"/>
<opset="select_ln18_4_loc_load/11 "/>
</bind>
</comp>

<comp id="1255" class="1004" name="select_ln18_5_loc_load_load_fu_1255">
<pin_list>
<pin id="1256" dir="0" index="0" bw="4" slack="10"/>
<pin id="1257" dir="1" index="1" bw="4" slack="2147483647"/>
</pin_list>
<bind>
<opcode="load(27) " fcode="load"/>
<opset="select_ln18_5_loc_load/11 "/>
</bind>
</comp>

<comp id="1258" class="1004" name="select_ln18_7_loc_load_load_fu_1258">
<pin_list>
<pin id="1259" dir="0" index="0" bw="6" slack="10"/>
<pin id="1260" dir="1" index="1" bw="6" slack="2147483647"/>
</pin_list>
<bind>
<opcode="load(27) " fcode="load"/>
<opset="select_ln18_7_loc_load/11 "/>
</bind>
</comp>

<comp id="1261" class="1004" name="select_ln18_8_loc_load_load_fu_1261">
<pin_list>
<pin id="1262" dir="0" index="0" bw="5" slack="10"/>
<pin id="1263" dir="1" index="1" bw="5" slack="2147483647"/>
</pin_list>
<bind>
<opcode="load(27) " fcode="load"/>
<opset="select_ln18_8_loc_load/11 "/>
</bind>
</comp>

<comp id="1264" class="1004" name="select_ln18_9_loc_load_load_fu_1264">
<pin_list>
<pin id="1265" dir="0" index="0" bw="1" slack="10"/>
<pin id="1266" dir="1" index="1" bw="1" slack="2147483647"/>
</pin_list>
<bind>
<opcode="load(27) " fcode="load"/>
<opset="select_ln18_9_loc_load/11 "/>
</bind>
</comp>

<comp id="1267" class="1004" name="select_ln18_10_loc_load_load_fu_1267">
<pin_list>
<pin id="1268" dir="0" index="0" bw="2" slack="10"/>
<pin id="1269" dir="1" index="1" bw="2" slack="2147483647"/>
</pin_list>
<bind>
<opcode="load(27) " fcode="load"/>
<opset="select_ln18_10_loc_load/11 "/>
</bind>
</comp>

<comp id="1270" class="1004" name="select_ln18_11_loc_load_load_fu_1270">
<pin_list>
<pin id="1271" dir="0" index="0" bw="4" slack="10"/>
<pin id="1272" dir="1" index="1" bw="4" slack="2147483647"/>
</pin_list>
<bind>
<opcode="load(27) " fcode="load"/>
<opset="select_ln18_11_loc_load/11 "/>
</bind>
</comp>

<comp id="1273" class="1004" name="select_ln18_12_loc_load_load_fu_1273">
<pin_list>
<pin id="1274" dir="0" index="0" bw="4" slack="10"/>
<pin id="1275" dir="1" index="1" bw="4" slack="2147483647"/>
</pin_list>
<bind>
<opcode="load(27) " fcode="load"/>
<opset="select_ln18_12_loc_load/11 "/>
</bind>
</comp>

<comp id="1276" class="1005" name="indvars_iv572_reg_1276">
<pin_list>
<pin id="1277" dir="0" index="0" bw="2" slack="0"/>
<pin id="1278" dir="1" index="1" bw="2" slack="0"/>
</pin_list>
<bind>
<opset="indvars_iv572 "/>
</bind>
</comp>

<comp id="1283" class="1005" name="cols_read_reg_1283">
<pin_list>
<pin id="1284" dir="0" index="0" bw="32" slack="5"/>
<pin id="1285" dir="1" index="1" bw="32" slack="5"/>
</pin_list>
<bind>
<opset="cols_read "/>
</bind>
</comp>

<comp id="1289" class="1005" name="rows_read_reg_1289">
<pin_list>
<pin id="1290" dir="0" index="0" bw="32" slack="2"/>
<pin id="1291" dir="1" index="1" bw="32" slack="2"/>
</pin_list>
<bind>
<opset="rows_read "/>
</bind>
</comp>

<comp id="1294" class="1005" name="empty_reg_1294">
<pin_list>
<pin id="1295" dir="0" index="0" bw="31" slack="5"/>
<pin id="1296" dir="1" index="1" bw="31" slack="5"/>
</pin_list>
<bind>
<opset="empty "/>
</bind>
</comp>

<comp id="1299" class="1005" name="empty_15_reg_1299">
<pin_list>
<pin id="1300" dir="0" index="0" bw="31" slack="5"/>
<pin id="1301" dir="1" index="1" bw="31" slack="5"/>
</pin_list>
<bind>
<opset="empty_15 "/>
</bind>
</comp>

<comp id="1304" class="1005" name="select_ln18_12_loc_reg_1304">
<pin_list>
<pin id="1305" dir="0" index="0" bw="4" slack="8"/>
<pin id="1306" dir="1" index="1" bw="4" slack="8"/>
</pin_list>
<bind>
<opset="select_ln18_12_loc "/>
</bind>
</comp>

<comp id="1310" class="1005" name="select_ln18_11_loc_reg_1310">
<pin_list>
<pin id="1311" dir="0" index="0" bw="4" slack="8"/>
<pin id="1312" dir="1" index="1" bw="4" slack="8"/>
</pin_list>
<bind>
<opset="select_ln18_11_loc "/>
</bind>
</comp>

<comp id="1316" class="1005" name="select_ln18_10_loc_reg_1316">
<pin_list>
<pin id="1317" dir="0" index="0" bw="2" slack="8"/>
<pin id="1318" dir="1" index="1" bw="2" slack="8"/>
</pin_list>
<bind>
<opset="select_ln18_10_loc "/>
</bind>
</comp>

<comp id="1322" class="1005" name="select_ln18_9_loc_reg_1322">
<pin_list>
<pin id="1323" dir="0" index="0" bw="1" slack="8"/>
<pin id="1324" dir="1" index="1" bw="1" slack="8"/>
</pin_list>
<bind>
<opset="select_ln18_9_loc "/>
</bind>
</comp>

<comp id="1328" class="1005" name="select_ln18_8_loc_reg_1328">
<pin_list>
<pin id="1329" dir="0" index="0" bw="5" slack="8"/>
<pin id="1330" dir="1" index="1" bw="5" slack="8"/>
</pin_list>
<bind>
<opset="select_ln18_8_loc "/>
</bind>
</comp>

<comp id="1334" class="1005" name="select_ln18_7_loc_reg_1334">
<pin_list>
<pin id="1335" dir="0" index="0" bw="6" slack="8"/>
<pin id="1336" dir="1" index="1" bw="6" slack="8"/>
</pin_list>
<bind>
<opset="select_ln18_7_loc "/>
</bind>
</comp>

<comp id="1340" class="1005" name="select_ln18_5_loc_reg_1340">
<pin_list>
<pin id="1341" dir="0" index="0" bw="4" slack="8"/>
<pin id="1342" dir="1" index="1" bw="4" slack="8"/>
</pin_list>
<bind>
<opset="select_ln18_5_loc "/>
</bind>
</comp>

<comp id="1346" class="1005" name="select_ln18_4_loc_reg_1346">
<pin_list>
<pin id="1347" dir="0" index="0" bw="4" slack="8"/>
<pin id="1348" dir="1" index="1" bw="4" slack="8"/>
</pin_list>
<bind>
<opset="select_ln18_4_loc "/>
</bind>
</comp>

<comp id="1352" class="1005" name="select_ln18_3_loc_reg_1352">
<pin_list>
<pin id="1353" dir="0" index="0" bw="2" slack="8"/>
<pin id="1354" dir="1" index="1" bw="2" slack="8"/>
</pin_list>
<bind>
<opset="select_ln18_3_loc "/>
</bind>
</comp>

<comp id="1358" class="1005" name="select_ln18_2_loc_reg_1358">
<pin_list>
<pin id="1359" dir="0" index="0" bw="1" slack="8"/>
<pin id="1360" dir="1" index="1" bw="1" slack="8"/>
</pin_list>
<bind>
<opset="select_ln18_2_loc "/>
</bind>
</comp>

<comp id="1364" class="1005" name="select_ln18_1_loc_reg_1364">
<pin_list>
<pin id="1365" dir="0" index="0" bw="5" slack="8"/>
<pin id="1366" dir="1" index="1" bw="5" slack="8"/>
</pin_list>
<bind>
<opset="select_ln18_1_loc "/>
</bind>
</comp>

<comp id="1370" class="1005" name="select_ln18_loc_reg_1370">
<pin_list>
<pin id="1371" dir="0" index="0" bw="6" slack="8"/>
<pin id="1372" dir="1" index="1" bw="6" slack="8"/>
</pin_list>
<bind>
<opset="select_ln18_loc "/>
</bind>
</comp>

<comp id="1376" class="1005" name="p_1_0_0_0126_1348_phi_loc_reg_1376">
<pin_list>
<pin id="1377" dir="0" index="0" bw="4" slack="8"/>
<pin id="1378" dir="1" index="1" bw="4" slack="8"/>
</pin_list>
<bind>
<opset="p_1_0_0_0126_1348_phi_loc "/>
</bind>
</comp>

<comp id="1382" class="1005" name="p_2_0_0_0127_1349_phi_loc_reg_1382">
<pin_list>
<pin id="1383" dir="0" index="0" bw="4" slack="8"/>
<pin id="1384" dir="1" index="1" bw="4" slack="8"/>
</pin_list>
<bind>
<opset="p_2_0_0_0127_1349_phi_loc "/>
</bind>
</comp>

<comp id="1388" class="1005" name="p_3_0_0_0128_1350_phi_loc_reg_1388">
<pin_list>
<pin id="1389" dir="0" index="0" bw="2" slack="8"/>
<pin id="1390" dir="1" index="1" bw="2" slack="8"/>
</pin_list>
<bind>
<opset="p_3_0_0_0128_1350_phi_loc "/>
</bind>
</comp>

<comp id="1394" class="1005" name="p_4_0_0_0129_1351_phi_loc_reg_1394">
<pin_list>
<pin id="1395" dir="0" index="0" bw="1" slack="8"/>
<pin id="1396" dir="1" index="1" bw="1" slack="8"/>
</pin_list>
<bind>
<opset="p_4_0_0_0129_1351_phi_loc "/>
</bind>
</comp>

<comp id="1400" class="1005" name="p_5_0_0_0130_1352_phi_loc_reg_1400">
<pin_list>
<pin id="1401" dir="0" index="0" bw="5" slack="8"/>
<pin id="1402" dir="1" index="1" bw="5" slack="8"/>
</pin_list>
<bind>
<opset="p_5_0_0_0130_1352_phi_loc "/>
</bind>
</comp>

<comp id="1406" class="1005" name="p_6_0_0_0131_1353_phi_loc_reg_1406">
<pin_list>
<pin id="1407" dir="0" index="0" bw="6" slack="8"/>
<pin id="1408" dir="1" index="1" bw="6" slack="8"/>
</pin_list>
<bind>
<opset="p_6_0_0_0131_1353_phi_loc "/>
</bind>
</comp>

<comp id="1412" class="1005" name="p_1_0_0_0126_1_1355_phi_loc_reg_1412">
<pin_list>
<pin id="1413" dir="0" index="0" bw="4" slack="8"/>
<pin id="1414" dir="1" index="1" bw="4" slack="8"/>
</pin_list>
<bind>
<opset="p_1_0_0_0126_1_1355_phi_loc "/>
</bind>
</comp>

<comp id="1418" class="1005" name="p_2_0_0_0127_1_1356_phi_loc_reg_1418">
<pin_list>
<pin id="1419" dir="0" index="0" bw="4" slack="8"/>
<pin id="1420" dir="1" index="1" bw="4" slack="8"/>
</pin_list>
<bind>
<opset="p_2_0_0_0127_1_1356_phi_loc "/>
</bind>
</comp>

<comp id="1424" class="1005" name="p_3_0_0_0128_1_1357_phi_loc_reg_1424">
<pin_list>
<pin id="1425" dir="0" index="0" bw="2" slack="8"/>
<pin id="1426" dir="1" index="1" bw="2" slack="8"/>
</pin_list>
<bind>
<opset="p_3_0_0_0128_1_1357_phi_loc "/>
</bind>
</comp>

<comp id="1430" class="1005" name="p_4_0_0_0129_1_1358_phi_loc_reg_1430">
<pin_list>
<pin id="1431" dir="0" index="0" bw="1" slack="8"/>
<pin id="1432" dir="1" index="1" bw="1" slack="8"/>
</pin_list>
<bind>
<opset="p_4_0_0_0129_1_1358_phi_loc "/>
</bind>
</comp>

<comp id="1436" class="1005" name="p_5_0_0_0130_1_1359_phi_loc_reg_1436">
<pin_list>
<pin id="1437" dir="0" index="0" bw="5" slack="8"/>
<pin id="1438" dir="1" index="1" bw="5" slack="8"/>
</pin_list>
<bind>
<opset="p_5_0_0_0130_1_1359_phi_loc "/>
</bind>
</comp>

<comp id="1442" class="1005" name="p_6_0_0_0131_1_1360_phi_loc_reg_1442">
<pin_list>
<pin id="1443" dir="0" index="0" bw="6" slack="8"/>
<pin id="1444" dir="1" index="1" bw="6" slack="8"/>
</pin_list>
<bind>
<opset="p_6_0_0_0131_1_1360_phi_loc "/>
</bind>
</comp>

<comp id="1448" class="1005" name="p_1_0_0_0126_1_2362_phi_loc_reg_1448">
<pin_list>
<pin id="1449" dir="0" index="0" bw="4" slack="8"/>
<pin id="1450" dir="1" index="1" bw="4" slack="8"/>
</pin_list>
<bind>
<opset="p_1_0_0_0126_1_2362_phi_loc "/>
</bind>
</comp>

<comp id="1454" class="1005" name="p_2_0_0_0127_1_2363_phi_loc_reg_1454">
<pin_list>
<pin id="1455" dir="0" index="0" bw="4" slack="8"/>
<pin id="1456" dir="1" index="1" bw="4" slack="8"/>
</pin_list>
<bind>
<opset="p_2_0_0_0127_1_2363_phi_loc "/>
</bind>
</comp>

<comp id="1460" class="1005" name="p_3_0_0_0128_1_2364_phi_loc_reg_1460">
<pin_list>
<pin id="1461" dir="0" index="0" bw="2" slack="8"/>
<pin id="1462" dir="1" index="1" bw="2" slack="8"/>
</pin_list>
<bind>
<opset="p_3_0_0_0128_1_2364_phi_loc "/>
</bind>
</comp>

<comp id="1466" class="1005" name="p_4_0_0_0129_1_2365_phi_loc_reg_1466">
<pin_list>
<pin id="1467" dir="0" index="0" bw="1" slack="8"/>
<pin id="1468" dir="1" index="1" bw="1" slack="8"/>
</pin_list>
<bind>
<opset="p_4_0_0_0129_1_2365_phi_loc "/>
</bind>
</comp>

<comp id="1472" class="1005" name="p_5_0_0_0130_1_2366_phi_loc_reg_1472">
<pin_list>
<pin id="1473" dir="0" index="0" bw="5" slack="8"/>
<pin id="1474" dir="1" index="1" bw="5" slack="8"/>
</pin_list>
<bind>
<opset="p_5_0_0_0130_1_2366_phi_loc "/>
</bind>
</comp>

<comp id="1478" class="1005" name="p_6_0_0_0131_1_2367_phi_loc_reg_1478">
<pin_list>
<pin id="1479" dir="0" index="0" bw="6" slack="8"/>
<pin id="1480" dir="1" index="1" bw="6" slack="8"/>
</pin_list>
<bind>
<opset="p_6_0_0_0131_1_2367_phi_loc "/>
</bind>
</comp>

<comp id="1484" class="1005" name="p_1_0_0_0126_1348_loc_reg_1484">
<pin_list>
<pin id="1485" dir="0" index="0" bw="4" slack="8"/>
<pin id="1486" dir="1" index="1" bw="4" slack="8"/>
</pin_list>
<bind>
<opset="p_1_0_0_0126_1348_loc "/>
</bind>
</comp>

<comp id="1490" class="1005" name="p_2_0_0_0127_1349_loc_reg_1490">
<pin_list>
<pin id="1491" dir="0" index="0" bw="4" slack="8"/>
<pin id="1492" dir="1" index="1" bw="4" slack="8"/>
</pin_list>
<bind>
<opset="p_2_0_0_0127_1349_loc "/>
</bind>
</comp>

<comp id="1496" class="1005" name="p_3_0_0_0128_1350_loc_reg_1496">
<pin_list>
<pin id="1497" dir="0" index="0" bw="2" slack="8"/>
<pin id="1498" dir="1" index="1" bw="2" slack="8"/>
</pin_list>
<bind>
<opset="p_3_0_0_0128_1350_loc "/>
</bind>
</comp>

<comp id="1502" class="1005" name="p_4_0_0_0129_1351_loc_reg_1502">
<pin_list>
<pin id="1503" dir="0" index="0" bw="1" slack="8"/>
<pin id="1504" dir="1" index="1" bw="1" slack="8"/>
</pin_list>
<bind>
<opset="p_4_0_0_0129_1351_loc "/>
</bind>
</comp>

<comp id="1508" class="1005" name="p_5_0_0_0130_1352_loc_reg_1508">
<pin_list>
<pin id="1509" dir="0" index="0" bw="5" slack="8"/>
<pin id="1510" dir="1" index="1" bw="5" slack="8"/>
</pin_list>
<bind>
<opset="p_5_0_0_0130_1352_loc "/>
</bind>
</comp>

<comp id="1514" class="1005" name="p_6_0_0_0131_1353_loc_reg_1514">
<pin_list>
<pin id="1515" dir="0" index="0" bw="6" slack="8"/>
<pin id="1516" dir="1" index="1" bw="6" slack="8"/>
</pin_list>
<bind>
<opset="p_6_0_0_0131_1353_loc "/>
</bind>
</comp>

<comp id="1520" class="1005" name="p_1_0_0_0126_1370_loc_reg_1520">
<pin_list>
<pin id="1521" dir="0" index="0" bw="4" slack="8"/>
<pin id="1522" dir="1" index="1" bw="4" slack="8"/>
</pin_list>
<bind>
<opset="p_1_0_0_0126_1370_loc "/>
</bind>
</comp>

<comp id="1526" class="1005" name="p_2_0_0_0127_1372_loc_reg_1526">
<pin_list>
<pin id="1527" dir="0" index="0" bw="4" slack="8"/>
<pin id="1528" dir="1" index="1" bw="4" slack="8"/>
</pin_list>
<bind>
<opset="p_2_0_0_0127_1372_loc "/>
</bind>
</comp>

<comp id="1532" class="1005" name="p_3_0_0_0128_1374_loc_reg_1532">
<pin_list>
<pin id="1533" dir="0" index="0" bw="2" slack="8"/>
<pin id="1534" dir="1" index="1" bw="2" slack="8"/>
</pin_list>
<bind>
<opset="p_3_0_0_0128_1374_loc "/>
</bind>
</comp>

<comp id="1538" class="1005" name="p_4_0_0_0129_1376_loc_reg_1538">
<pin_list>
<pin id="1539" dir="0" index="0" bw="1" slack="8"/>
<pin id="1540" dir="1" index="1" bw="1" slack="8"/>
</pin_list>
<bind>
<opset="p_4_0_0_0129_1376_loc "/>
</bind>
</comp>

<comp id="1544" class="1005" name="p_5_0_0_0130_1378_loc_reg_1544">
<pin_list>
<pin id="1545" dir="0" index="0" bw="5" slack="8"/>
<pin id="1546" dir="1" index="1" bw="5" slack="8"/>
</pin_list>
<bind>
<opset="p_5_0_0_0130_1378_loc "/>
</bind>
</comp>

<comp id="1550" class="1005" name="p_6_0_0_0131_1380_loc_reg_1550">
<pin_list>
<pin id="1551" dir="0" index="0" bw="6" slack="8"/>
<pin id="1552" dir="1" index="1" bw="6" slack="8"/>
</pin_list>
<bind>
<opset="p_6_0_0_0131_1380_loc "/>
</bind>
</comp>

<comp id="1556" class="1005" name="p_1_0_0_0126_1_1384_loc_reg_1556">
<pin_list>
<pin id="1557" dir="0" index="0" bw="4" slack="8"/>
<pin id="1558" dir="1" index="1" bw="4" slack="8"/>
</pin_list>
<bind>
<opset="p_1_0_0_0126_1_1384_loc "/>
</bind>
</comp>

<comp id="1562" class="1005" name="p_2_0_0_0127_1_1386_loc_reg_1562">
<pin_list>
<pin id="1563" dir="0" index="0" bw="4" slack="8"/>
<pin id="1564" dir="1" index="1" bw="4" slack="8"/>
</pin_list>
<bind>
<opset="p_2_0_0_0127_1_1386_loc "/>
</bind>
</comp>

<comp id="1568" class="1005" name="p_3_0_0_0128_1_1388_loc_reg_1568">
<pin_list>
<pin id="1569" dir="0" index="0" bw="2" slack="8"/>
<pin id="1570" dir="1" index="1" bw="2" slack="8"/>
</pin_list>
<bind>
<opset="p_3_0_0_0128_1_1388_loc "/>
</bind>
</comp>

<comp id="1574" class="1005" name="p_4_0_0_0129_1_1390_loc_reg_1574">
<pin_list>
<pin id="1575" dir="0" index="0" bw="1" slack="8"/>
<pin id="1576" dir="1" index="1" bw="1" slack="8"/>
</pin_list>
<bind>
<opset="p_4_0_0_0129_1_1390_loc "/>
</bind>
</comp>

<comp id="1580" class="1005" name="p_5_0_0_0130_1_1392_loc_reg_1580">
<pin_list>
<pin id="1581" dir="0" index="0" bw="5" slack="8"/>
<pin id="1582" dir="1" index="1" bw="5" slack="8"/>
</pin_list>
<bind>
<opset="p_5_0_0_0130_1_1392_loc "/>
</bind>
</comp>

<comp id="1586" class="1005" name="p_6_0_0_0131_1_1394_loc_reg_1586">
<pin_list>
<pin id="1587" dir="0" index="0" bw="6" slack="8"/>
<pin id="1588" dir="1" index="1" bw="6" slack="8"/>
</pin_list>
<bind>
<opset="p_6_0_0_0131_1_1394_loc "/>
</bind>
</comp>

<comp id="1592" class="1005" name="p_1_0_0_0126_1_2397_loc_reg_1592">
<pin_list>
<pin id="1593" dir="0" index="0" bw="4" slack="8"/>
<pin id="1594" dir="1" index="1" bw="4" slack="8"/>
</pin_list>
<bind>
<opset="p_1_0_0_0126_1_2397_loc "/>
</bind>
</comp>

<comp id="1598" class="1005" name="p_2_0_0_0127_1_2398_loc_reg_1598">
<pin_list>
<pin id="1599" dir="0" index="0" bw="4" slack="8"/>
<pin id="1600" dir="1" index="1" bw="4" slack="8"/>
</pin_list>
<bind>
<opset="p_2_0_0_0127_1_2398_loc "/>
</bind>
</comp>

<comp id="1604" class="1005" name="p_3_0_0_0128_1_2399_loc_reg_1604">
<pin_list>
<pin id="1605" dir="0" index="0" bw="2" slack="8"/>
<pin id="1606" dir="1" index="1" bw="2" slack="8"/>
</pin_list>
<bind>
<opset="p_3_0_0_0128_1_2399_loc "/>
</bind>
</comp>

<comp id="1610" class="1005" name="p_4_0_0_0129_1_2400_loc_reg_1610">
<pin_list>
<pin id="1611" dir="0" index="0" bw="1" slack="8"/>
<pin id="1612" dir="1" index="1" bw="1" slack="8"/>
</pin_list>
<bind>
<opset="p_4_0_0_0129_1_2400_loc "/>
</bind>
</comp>

<comp id="1616" class="1005" name="p_5_0_0_0130_1_2401_loc_reg_1616">
<pin_list>
<pin id="1617" dir="0" index="0" bw="5" slack="8"/>
<pin id="1618" dir="1" index="1" bw="5" slack="8"/>
</pin_list>
<bind>
<opset="p_5_0_0_0130_1_2401_loc "/>
</bind>
</comp>

<comp id="1622" class="1005" name="p_6_0_0_0131_1_2402_loc_reg_1622">
<pin_list>
<pin id="1623" dir="0" index="0" bw="6" slack="8"/>
<pin id="1624" dir="1" index="1" bw="6" slack="8"/>
</pin_list>
<bind>
<opset="p_6_0_0_0131_1_2402_loc "/>
</bind>
</comp>

<comp id="1628" class="1005" name="window_keep_addr_reg_1628">
<pin_list>
<pin id="1629" dir="0" index="0" bw="4" slack="7"/>
<pin id="1630" dir="1" index="1" bw="4" slack="7"/>
</pin_list>
<bind>
<opset="window_keep_addr "/>
</bind>
</comp>

<comp id="1634" class="1005" name="window_keep_addr_1_reg_1634">
<pin_list>
<pin id="1635" dir="0" index="0" bw="4" slack="6"/>
<pin id="1636" dir="1" index="1" bw="4" slack="6"/>
</pin_list>
<bind>
<opset="window_keep_addr_1 "/>
</bind>
</comp>

<comp id="1640" class="1005" name="window_keep_addr_2_reg_1640">
<pin_list>
<pin id="1641" dir="0" index="0" bw="4" slack="7"/>
<pin id="1642" dir="1" index="1" bw="4" slack="7"/>
</pin_list>
<bind>
<opset="window_keep_addr_2 "/>
</bind>
</comp>

<comp id="1645" class="1005" name="window_keep_addr_3_reg_1645">
<pin_list>
<pin id="1646" dir="0" index="0" bw="4" slack="3"/>
<pin id="1647" dir="1" index="1" bw="4" slack="3"/>
</pin_list>
<bind>
<opset="window_keep_addr_3 "/>
</bind>
</comp>

<comp id="1650" class="1005" name="window_keep_addr_4_reg_1650">
<pin_list>
<pin id="1651" dir="0" index="0" bw="4" slack="4"/>
<pin id="1652" dir="1" index="1" bw="4" slack="4"/>
</pin_list>
<bind>
<opset="window_keep_addr_4 "/>
</bind>
</comp>

<comp id="1655" class="1005" name="window_keep_addr_5_reg_1655">
<pin_list>
<pin id="1656" dir="0" index="0" bw="4" slack="4"/>
<pin id="1657" dir="1" index="1" bw="4" slack="4"/>
</pin_list>
<bind>
<opset="window_keep_addr_5 "/>
</bind>
</comp>

<comp id="1660" class="1005" name="window_keep_addr_6_reg_1660">
<pin_list>
<pin id="1661" dir="0" index="0" bw="4" slack="5"/>
<pin id="1662" dir="1" index="1" bw="4" slack="5"/>
</pin_list>
<bind>
<opset="window_keep_addr_6 "/>
</bind>
</comp>

<comp id="1666" class="1005" name="window_keep_addr_7_reg_1666">
<pin_list>
<pin id="1667" dir="0" index="0" bw="4" slack="5"/>
<pin id="1668" dir="1" index="1" bw="4" slack="5"/>
</pin_list>
<bind>
<opset="window_keep_addr_7 "/>
</bind>
</comp>

<comp id="1672" class="1005" name="window_keep_addr_8_reg_1672">
<pin_list>
<pin id="1673" dir="0" index="0" bw="4" slack="6"/>
<pin id="1674" dir="1" index="1" bw="4" slack="6"/>
</pin_list>
<bind>
<opset="window_keep_addr_8 "/>
</bind>
</comp>

<comp id="1678" class="1005" name="window_strb_addr_reg_1678">
<pin_list>
<pin id="1679" dir="0" index="0" bw="4" slack="7"/>
<pin id="1680" dir="1" index="1" bw="4" slack="7"/>
</pin_list>
<bind>
<opset="window_strb_addr "/>
</bind>
</comp>

<comp id="1684" class="1005" name="window_strb_addr_1_reg_1684">
<pin_list>
<pin id="1685" dir="0" index="0" bw="4" slack="6"/>
<pin id="1686" dir="1" index="1" bw="4" slack="6"/>
</pin_list>
<bind>
<opset="window_strb_addr_1 "/>
</bind>
</comp>

<comp id="1690" class="1005" name="window_strb_addr_2_reg_1690">
<pin_list>
<pin id="1691" dir="0" index="0" bw="4" slack="7"/>
<pin id="1692" dir="1" index="1" bw="4" slack="7"/>
</pin_list>
<bind>
<opset="window_strb_addr_2 "/>
</bind>
</comp>

<comp id="1695" class="1005" name="window_strb_addr_3_reg_1695">
<pin_list>
<pin id="1696" dir="0" index="0" bw="4" slack="3"/>
<pin id="1697" dir="1" index="1" bw="4" slack="3"/>
</pin_list>
<bind>
<opset="window_strb_addr_3 "/>
</bind>
</comp>

<comp id="1700" class="1005" name="window_strb_addr_4_reg_1700">
<pin_list>
<pin id="1701" dir="0" index="0" bw="4" slack="4"/>
<pin id="1702" dir="1" index="1" bw="4" slack="4"/>
</pin_list>
<bind>
<opset="window_strb_addr_4 "/>
</bind>
</comp>

<comp id="1705" class="1005" name="window_strb_addr_5_reg_1705">
<pin_list>
<pin id="1706" dir="0" index="0" bw="4" slack="4"/>
<pin id="1707" dir="1" index="1" bw="4" slack="4"/>
</pin_list>
<bind>
<opset="window_strb_addr_5 "/>
</bind>
</comp>

<comp id="1710" class="1005" name="window_strb_addr_6_reg_1710">
<pin_list>
<pin id="1711" dir="0" index="0" bw="4" slack="5"/>
<pin id="1712" dir="1" index="1" bw="4" slack="5"/>
</pin_list>
<bind>
<opset="window_strb_addr_6 "/>
</bind>
</comp>

<comp id="1716" class="1005" name="window_strb_addr_7_reg_1716">
<pin_list>
<pin id="1717" dir="0" index="0" bw="4" slack="5"/>
<pin id="1718" dir="1" index="1" bw="4" slack="5"/>
</pin_list>
<bind>
<opset="window_strb_addr_7 "/>
</bind>
</comp>

<comp id="1722" class="1005" name="window_strb_addr_8_reg_1722">
<pin_list>
<pin id="1723" dir="0" index="0" bw="4" slack="6"/>
<pin id="1724" dir="1" index="1" bw="4" slack="6"/>
</pin_list>
<bind>
<opset="window_strb_addr_8 "/>
</bind>
</comp>

<comp id="1728" class="1005" name="window_user_addr_reg_1728">
<pin_list>
<pin id="1729" dir="0" index="0" bw="4" slack="7"/>
<pin id="1730" dir="1" index="1" bw="4" slack="7"/>
</pin_list>
<bind>
<opset="window_user_addr "/>
</bind>
</comp>

<comp id="1734" class="1005" name="window_user_addr_1_reg_1734">
<pin_list>
<pin id="1735" dir="0" index="0" bw="4" slack="6"/>
<pin id="1736" dir="1" index="1" bw="4" slack="6"/>
</pin_list>
<bind>
<opset="window_user_addr_1 "/>
</bind>
</comp>

<comp id="1740" class="1005" name="window_user_addr_2_reg_1740">
<pin_list>
<pin id="1741" dir="0" index="0" bw="4" slack="7"/>
<pin id="1742" dir="1" index="1" bw="4" slack="7"/>
</pin_list>
<bind>
<opset="window_user_addr_2 "/>
</bind>
</comp>

<comp id="1745" class="1005" name="window_user_addr_3_reg_1745">
<pin_list>
<pin id="1746" dir="0" index="0" bw="4" slack="3"/>
<pin id="1747" dir="1" index="1" bw="4" slack="3"/>
</pin_list>
<bind>
<opset="window_user_addr_3 "/>
</bind>
</comp>

<comp id="1750" class="1005" name="window_user_addr_4_reg_1750">
<pin_list>
<pin id="1751" dir="0" index="0" bw="4" slack="4"/>
<pin id="1752" dir="1" index="1" bw="4" slack="4"/>
</pin_list>
<bind>
<opset="window_user_addr_4 "/>
</bind>
</comp>

<comp id="1755" class="1005" name="window_user_addr_5_reg_1755">
<pin_list>
<pin id="1756" dir="0" index="0" bw="4" slack="4"/>
<pin id="1757" dir="1" index="1" bw="4" slack="4"/>
</pin_list>
<bind>
<opset="window_user_addr_5 "/>
</bind>
</comp>

<comp id="1760" class="1005" name="window_user_addr_6_reg_1760">
<pin_list>
<pin id="1761" dir="0" index="0" bw="4" slack="5"/>
<pin id="1762" dir="1" index="1" bw="4" slack="5"/>
</pin_list>
<bind>
<opset="window_user_addr_6 "/>
</bind>
</comp>

<comp id="1766" class="1005" name="window_user_addr_7_reg_1766">
<pin_list>
<pin id="1767" dir="0" index="0" bw="4" slack="5"/>
<pin id="1768" dir="1" index="1" bw="4" slack="5"/>
</pin_list>
<bind>
<opset="window_user_addr_7 "/>
</bind>
</comp>

<comp id="1772" class="1005" name="window_user_addr_8_reg_1772">
<pin_list>
<pin id="1773" dir="0" index="0" bw="4" slack="6"/>
<pin id="1774" dir="1" index="1" bw="4" slack="6"/>
</pin_list>
<bind>
<opset="window_user_addr_8 "/>
</bind>
</comp>

<comp id="1778" class="1005" name="window_last_addr_reg_1778">
<pin_list>
<pin id="1779" dir="0" index="0" bw="4" slack="7"/>
<pin id="1780" dir="1" index="1" bw="4" slack="7"/>
</pin_list>
<bind>
<opset="window_last_addr "/>
</bind>
</comp>

<comp id="1784" class="1005" name="window_last_addr_1_reg_1784">
<pin_list>
<pin id="1785" dir="0" index="0" bw="4" slack="6"/>
<pin id="1786" dir="1" index="1" bw="4" slack="6"/>
</pin_list>
<bind>
<opset="window_last_addr_1 "/>
</bind>
</comp>

<comp id="1790" class="1005" name="window_last_addr_2_reg_1790">
<pin_list>
<pin id="1791" dir="0" index="0" bw="4" slack="7"/>
<pin id="1792" dir="1" index="1" bw="4" slack="7"/>
</pin_list>
<bind>
<opset="window_last_addr_2 "/>
</bind>
</comp>

<comp id="1795" class="1005" name="window_last_addr_3_reg_1795">
<pin_list>
<pin id="1796" dir="0" index="0" bw="4" slack="3"/>
<pin id="1797" dir="1" index="1" bw="4" slack="3"/>
</pin_list>
<bind>
<opset="window_last_addr_3 "/>
</bind>
</comp>

<comp id="1800" class="1005" name="window_last_addr_4_reg_1800">
<pin_list>
<pin id="1801" dir="0" index="0" bw="4" slack="4"/>
<pin id="1802" dir="1" index="1" bw="4" slack="4"/>
</pin_list>
<bind>
<opset="window_last_addr_4 "/>
</bind>
</comp>

<comp id="1805" class="1005" name="window_last_addr_5_reg_1805">
<pin_list>
<pin id="1806" dir="0" index="0" bw="4" slack="4"/>
<pin id="1807" dir="1" index="1" bw="4" slack="4"/>
</pin_list>
<bind>
<opset="window_last_addr_5 "/>
</bind>
</comp>

<comp id="1810" class="1005" name="window_last_addr_6_reg_1810">
<pin_list>
<pin id="1811" dir="0" index="0" bw="4" slack="5"/>
<pin id="1812" dir="1" index="1" bw="4" slack="5"/>
</pin_list>
<bind>
<opset="window_last_addr_6 "/>
</bind>
</comp>

<comp id="1816" class="1005" name="window_last_addr_7_reg_1816">
<pin_list>
<pin id="1817" dir="0" index="0" bw="4" slack="5"/>
<pin id="1818" dir="1" index="1" bw="4" slack="5"/>
</pin_list>
<bind>
<opset="window_last_addr_7 "/>
</bind>
</comp>

<comp id="1822" class="1005" name="window_last_addr_8_reg_1822">
<pin_list>
<pin id="1823" dir="0" index="0" bw="4" slack="6"/>
<pin id="1824" dir="1" index="1" bw="4" slack="6"/>
</pin_list>
<bind>
<opset="window_last_addr_8 "/>
</bind>
</comp>

<comp id="1828" class="1005" name="window_id_addr_reg_1828">
<pin_list>
<pin id="1829" dir="0" index="0" bw="4" slack="7"/>
<pin id="1830" dir="1" index="1" bw="4" slack="7"/>
</pin_list>
<bind>
<opset="window_id_addr "/>
</bind>
</comp>

<comp id="1834" class="1005" name="window_id_addr_1_reg_1834">
<pin_list>
<pin id="1835" dir="0" index="0" bw="4" slack="6"/>
<pin id="1836" dir="1" index="1" bw="4" slack="6"/>
</pin_list>
<bind>
<opset="window_id_addr_1 "/>
</bind>
</comp>

<comp id="1840" class="1005" name="window_id_addr_2_reg_1840">
<pin_list>
<pin id="1841" dir="0" index="0" bw="4" slack="7"/>
<pin id="1842" dir="1" index="1" bw="4" slack="7"/>
</pin_list>
<bind>
<opset="window_id_addr_2 "/>
</bind>
</comp>

<comp id="1845" class="1005" name="window_id_addr_3_reg_1845">
<pin_list>
<pin id="1846" dir="0" index="0" bw="4" slack="3"/>
<pin id="1847" dir="1" index="1" bw="4" slack="3"/>
</pin_list>
<bind>
<opset="window_id_addr_3 "/>
</bind>
</comp>

<comp id="1850" class="1005" name="window_id_addr_4_reg_1850">
<pin_list>
<pin id="1851" dir="0" index="0" bw="4" slack="4"/>
<pin id="1852" dir="1" index="1" bw="4" slack="4"/>
</pin_list>
<bind>
<opset="window_id_addr_4 "/>
</bind>
</comp>

<comp id="1855" class="1005" name="window_id_addr_5_reg_1855">
<pin_list>
<pin id="1856" dir="0" index="0" bw="4" slack="4"/>
<pin id="1857" dir="1" index="1" bw="4" slack="4"/>
</pin_list>
<bind>
<opset="window_id_addr_5 "/>
</bind>
</comp>

<comp id="1860" class="1005" name="window_id_addr_6_reg_1860">
<pin_list>
<pin id="1861" dir="0" index="0" bw="4" slack="5"/>
<pin id="1862" dir="1" index="1" bw="4" slack="5"/>
</pin_list>
<bind>
<opset="window_id_addr_6 "/>
</bind>
</comp>

<comp id="1866" class="1005" name="window_id_addr_7_reg_1866">
<pin_list>
<pin id="1867" dir="0" index="0" bw="4" slack="5"/>
<pin id="1868" dir="1" index="1" bw="4" slack="5"/>
</pin_list>
<bind>
<opset="window_id_addr_7 "/>
</bind>
</comp>

<comp id="1872" class="1005" name="window_id_addr_8_reg_1872">
<pin_list>
<pin id="1873" dir="0" index="0" bw="4" slack="6"/>
<pin id="1874" dir="1" index="1" bw="4" slack="6"/>
</pin_list>
<bind>
<opset="window_id_addr_8 "/>
</bind>
</comp>

<comp id="1878" class="1005" name="window_dest_addr_reg_1878">
<pin_list>
<pin id="1879" dir="0" index="0" bw="4" slack="7"/>
<pin id="1880" dir="1" index="1" bw="4" slack="7"/>
</pin_list>
<bind>
<opset="window_dest_addr "/>
</bind>
</comp>

<comp id="1884" class="1005" name="window_dest_addr_1_reg_1884">
<pin_list>
<pin id="1885" dir="0" index="0" bw="4" slack="6"/>
<pin id="1886" dir="1" index="1" bw="4" slack="6"/>
</pin_list>
<bind>
<opset="window_dest_addr_1 "/>
</bind>
</comp>

<comp id="1890" class="1005" name="window_dest_addr_2_reg_1890">
<pin_list>
<pin id="1891" dir="0" index="0" bw="4" slack="7"/>
<pin id="1892" dir="1" index="1" bw="4" slack="7"/>
</pin_list>
<bind>
<opset="window_dest_addr_2 "/>
</bind>
</comp>

<comp id="1895" class="1005" name="window_dest_addr_3_reg_1895">
<pin_list>
<pin id="1896" dir="0" index="0" bw="4" slack="3"/>
<pin id="1897" dir="1" index="1" bw="4" slack="3"/>
</pin_list>
<bind>
<opset="window_dest_addr_3 "/>
</bind>
</comp>

<comp id="1900" class="1005" name="window_dest_addr_4_reg_1900">
<pin_list>
<pin id="1901" dir="0" index="0" bw="4" slack="4"/>
<pin id="1902" dir="1" index="1" bw="4" slack="4"/>
</pin_list>
<bind>
<opset="window_dest_addr_4 "/>
</bind>
</comp>

<comp id="1905" class="1005" name="window_dest_addr_5_reg_1905">
<pin_list>
<pin id="1906" dir="0" index="0" bw="4" slack="4"/>
<pin id="1907" dir="1" index="1" bw="4" slack="4"/>
</pin_list>
<bind>
<opset="window_dest_addr_5 "/>
</bind>
</comp>

<comp id="1910" class="1005" name="window_dest_addr_6_reg_1910">
<pin_list>
<pin id="1911" dir="0" index="0" bw="4" slack="5"/>
<pin id="1912" dir="1" index="1" bw="4" slack="5"/>
</pin_list>
<bind>
<opset="window_dest_addr_6 "/>
</bind>
</comp>

<comp id="1916" class="1005" name="window_dest_addr_7_reg_1916">
<pin_list>
<pin id="1917" dir="0" index="0" bw="4" slack="5"/>
<pin id="1918" dir="1" index="1" bw="4" slack="5"/>
</pin_list>
<bind>
<opset="window_dest_addr_7 "/>
</bind>
</comp>

<comp id="1922" class="1005" name="window_dest_addr_8_reg_1922">
<pin_list>
<pin id="1923" dir="0" index="0" bw="4" slack="6"/>
<pin id="1924" dir="1" index="1" bw="4" slack="6"/>
</pin_list>
<bind>
<opset="window_dest_addr_8 "/>
</bind>
</comp>

<comp id="1928" class="1005" name="sub_ln17_reg_1928">
<pin_list>
<pin id="1929" dir="0" index="0" bw="3" slack="1"/>
<pin id="1930" dir="1" index="1" bw="3" slack="1"/>
</pin_list>
<bind>
<opset="sub_ln17 "/>
</bind>
</comp>

<comp id="1933" class="1005" name="icmp_ln17_reg_1933">
<pin_list>
<pin id="1934" dir="0" index="0" bw="1" slack="1"/>
<pin id="1935" dir="1" index="1" bw="1" slack="2147483647"/>
</pin_list>
<bind>
<opset="icmp_ln17 "/>
</bind>
</comp>

<comp id="1937" class="1005" name="empty_16_reg_1937">
<pin_list>
<pin id="1938" dir="0" index="0" bw="1" slack="3"/>
<pin id="1939" dir="1" index="1" bw="1" slack="3"/>
</pin_list>
<bind>
<opset="empty_16 "/>
</bind>
</comp>

<comp id="1942" class="1005" name="window_keep_load_reg_1942">
<pin_list>
<pin id="1943" dir="0" index="0" bw="4" slack="4"/>
<pin id="1944" dir="1" index="1" bw="4" slack="4"/>
</pin_list>
<bind>
<opset="window_keep_load "/>
</bind>
</comp>

<comp id="1947" class="1005" name="window_strb_load_reg_1947">
<pin_list>
<pin id="1948" dir="0" index="0" bw="4" slack="4"/>
<pin id="1949" dir="1" index="1" bw="4" slack="4"/>
</pin_list>
<bind>
<opset="window_strb_load "/>
</bind>
</comp>

<comp id="1952" class="1005" name="window_user_load_reg_1952">
<pin_list>
<pin id="1953" dir="0" index="0" bw="2" slack="4"/>
<pin id="1954" dir="1" index="1" bw="2" slack="4"/>
</pin_list>
<bind>
<opset="window_user_load "/>
</bind>
</comp>

<comp id="1957" class="1005" name="window_last_load_reg_1957">
<pin_list>
<pin id="1958" dir="0" index="0" bw="1" slack="4"/>
<pin id="1959" dir="1" index="1" bw="1" slack="4"/>
</pin_list>
<bind>
<opset="window_last_load "/>
</bind>
</comp>

<comp id="1962" class="1005" name="window_id_load_reg_1962">
<pin_list>
<pin id="1963" dir="0" index="0" bw="5" slack="4"/>
<pin id="1964" dir="1" index="1" bw="5" slack="4"/>
</pin_list>
<bind>
<opset="window_id_load "/>
</bind>
</comp>

<comp id="1967" class="1005" name="window_dest_load_reg_1967">
<pin_list>
<pin id="1968" dir="0" index="0" bw="6" slack="4"/>
<pin id="1969" dir="1" index="1" bw="6" slack="4"/>
</pin_list>
<bind>
<opset="window_dest_load "/>
</bind>
</comp>

<comp id="1972" class="1005" name="window_keep_load_1_reg_1972">
<pin_list>
<pin id="1973" dir="0" index="0" bw="4" slack="3"/>
<pin id="1974" dir="1" index="1" bw="4" slack="3"/>
</pin_list>
<bind>
<opset="window_keep_load_1 "/>
</bind>
</comp>

<comp id="1977" class="1005" name="window_strb_load_1_reg_1977">
<pin_list>
<pin id="1978" dir="0" index="0" bw="4" slack="3"/>
<pin id="1979" dir="1" index="1" bw="4" slack="3"/>
</pin_list>
<bind>
<opset="window_strb_load_1 "/>
</bind>
</comp>

<comp id="1982" class="1005" name="window_user_load_1_reg_1982">
<pin_list>
<pin id="1983" dir="0" index="0" bw="2" slack="3"/>
<pin id="1984" dir="1" index="1" bw="2" slack="3"/>
</pin_list>
<bind>
<opset="window_user_load_1 "/>
</bind>
</comp>

<comp id="1987" class="1005" name="window_last_load_1_reg_1987">
<pin_list>
<pin id="1988" dir="0" index="0" bw="1" slack="3"/>
<pin id="1989" dir="1" index="1" bw="1" slack="3"/>
</pin_list>
<bind>
<opset="window_last_load_1 "/>
</bind>
</comp>

<comp id="1992" class="1005" name="window_id_load_1_reg_1992">
<pin_list>
<pin id="1993" dir="0" index="0" bw="5" slack="3"/>
<pin id="1994" dir="1" index="1" bw="5" slack="3"/>
</pin_list>
<bind>
<opset="window_id_load_1 "/>
</bind>
</comp>

<comp id="1997" class="1005" name="window_dest_load_1_reg_1997">
<pin_list>
<pin id="1998" dir="0" index="0" bw="6" slack="3"/>
<pin id="1999" dir="1" index="1" bw="6" slack="3"/>
</pin_list>
<bind>
<opset="window_dest_load_1 "/>
</bind>
</comp>

<comp id="2002" class="1005" name="window_keep_load_2_reg_2002">
<pin_list>
<pin id="2003" dir="0" index="0" bw="4" slack="3"/>
<pin id="2004" dir="1" index="1" bw="4" slack="3"/>
</pin_list>
<bind>
<opset="window_keep_load_2 "/>
</bind>
</comp>

<comp id="2007" class="1005" name="window_strb_load_2_reg_2007">
<pin_list>
<pin id="2008" dir="0" index="0" bw="4" slack="3"/>
<pin id="2009" dir="1" index="1" bw="4" slack="3"/>
</pin_list>
<bind>
<opset="window_strb_load_2 "/>
</bind>
</comp>

<comp id="2012" class="1005" name="window_user_load_2_reg_2012">
<pin_list>
<pin id="2013" dir="0" index="0" bw="2" slack="3"/>
<pin id="2014" dir="1" index="1" bw="2" slack="3"/>
</pin_list>
<bind>
<opset="window_user_load_2 "/>
</bind>
</comp>

<comp id="2017" class="1005" name="window_last_load_2_reg_2017">
<pin_list>
<pin id="2018" dir="0" index="0" bw="1" slack="3"/>
<pin id="2019" dir="1" index="1" bw="1" slack="3"/>
</pin_list>
<bind>
<opset="window_last_load_2 "/>
</bind>
</comp>

<comp id="2022" class="1005" name="window_id_load_2_reg_2022">
<pin_list>
<pin id="2023" dir="0" index="0" bw="5" slack="3"/>
<pin id="2024" dir="1" index="1" bw="5" slack="3"/>
</pin_list>
<bind>
<opset="window_id_load_2 "/>
</bind>
</comp>

<comp id="2027" class="1005" name="window_dest_load_2_reg_2027">
<pin_list>
<pin id="2028" dir="0" index="0" bw="6" slack="3"/>
<pin id="2029" dir="1" index="1" bw="6" slack="3"/>
</pin_list>
<bind>
<opset="window_dest_load_2 "/>
</bind>
</comp>

<comp id="2032" class="1005" name="smax_reg_2032">
<pin_list>
<pin id="2033" dir="0" index="0" bw="31" slack="1"/>
<pin id="2034" dir="1" index="1" bw="31" slack="1"/>
</pin_list>
<bind>
<opset="smax "/>
</bind>
</comp>

<comp id="2037" class="1005" name="smax1_reg_2037">
<pin_list>
<pin id="2038" dir="0" index="0" bw="31" slack="1"/>
<pin id="2039" dir="1" index="1" bw="31" slack="1"/>
</pin_list>
<bind>
<opset="smax1 "/>
</bind>
</comp>

<comp id="2042" class="1005" name="window_keep_load_3_reg_2042">
<pin_list>
<pin id="2043" dir="0" index="0" bw="4" slack="2"/>
<pin id="2044" dir="1" index="1" bw="4" slack="2"/>
</pin_list>
<bind>
<opset="window_keep_load_3 "/>
</bind>
</comp>

<comp id="2047" class="1005" name="window_strb_load_3_reg_2047">
<pin_list>
<pin id="2048" dir="0" index="0" bw="4" slack="2"/>
<pin id="2049" dir="1" index="1" bw="4" slack="2"/>
</pin_list>
<bind>
<opset="window_strb_load_3 "/>
</bind>
</comp>

<comp id="2052" class="1005" name="window_user_load_3_reg_2052">
<pin_list>
<pin id="2053" dir="0" index="0" bw="2" slack="2"/>
<pin id="2054" dir="1" index="1" bw="2" slack="2"/>
</pin_list>
<bind>
<opset="window_user_load_3 "/>
</bind>
</comp>

<comp id="2057" class="1005" name="window_last_load_3_reg_2057">
<pin_list>
<pin id="2058" dir="0" index="0" bw="1" slack="2"/>
<pin id="2059" dir="1" index="1" bw="1" slack="2"/>
</pin_list>
<bind>
<opset="window_last_load_3 "/>
</bind>
</comp>

<comp id="2062" class="1005" name="window_id_load_3_reg_2062">
<pin_list>
<pin id="2063" dir="0" index="0" bw="5" slack="2"/>
<pin id="2064" dir="1" index="1" bw="5" slack="2"/>
</pin_list>
<bind>
<opset="window_id_load_3 "/>
</bind>
</comp>

<comp id="2067" class="1005" name="window_dest_load_3_reg_2067">
<pin_list>
<pin id="2068" dir="0" index="0" bw="6" slack="2"/>
<pin id="2069" dir="1" index="1" bw="6" slack="2"/>
</pin_list>
<bind>
<opset="window_dest_load_3 "/>
</bind>
</comp>

<comp id="2072" class="1005" name="window_keep_load_4_reg_2072">
<pin_list>
<pin id="2073" dir="0" index="0" bw="4" slack="2"/>
<pin id="2074" dir="1" index="1" bw="4" slack="2"/>
</pin_list>
<bind>
<opset="window_keep_load_4 "/>
</bind>
</comp>

<comp id="2077" class="1005" name="window_strb_load_4_reg_2077">
<pin_list>
<pin id="2078" dir="0" index="0" bw="4" slack="2"/>
<pin id="2079" dir="1" index="1" bw="4" slack="2"/>
</pin_list>
<bind>
<opset="window_strb_load_4 "/>
</bind>
</comp>

<comp id="2082" class="1005" name="window_user_load_4_reg_2082">
<pin_list>
<pin id="2083" dir="0" index="0" bw="2" slack="2"/>
<pin id="2084" dir="1" index="1" bw="2" slack="2"/>
</pin_list>
<bind>
<opset="window_user_load_4 "/>
</bind>
</comp>

<comp id="2087" class="1005" name="window_last_load_4_reg_2087">
<pin_list>
<pin id="2088" dir="0" index="0" bw="1" slack="2"/>
<pin id="2089" dir="1" index="1" bw="1" slack="2"/>
</pin_list>
<bind>
<opset="window_last_load_4 "/>
</bind>
</comp>

<comp id="2092" class="1005" name="window_id_load_4_reg_2092">
<pin_list>
<pin id="2093" dir="0" index="0" bw="5" slack="2"/>
<pin id="2094" dir="1" index="1" bw="5" slack="2"/>
</pin_list>
<bind>
<opset="window_id_load_4 "/>
</bind>
</comp>

<comp id="2097" class="1005" name="window_dest_load_4_reg_2097">
<pin_list>
<pin id="2098" dir="0" index="0" bw="6" slack="2"/>
<pin id="2099" dir="1" index="1" bw="6" slack="2"/>
</pin_list>
<bind>
<opset="window_dest_load_4 "/>
</bind>
</comp>

<comp id="2102" class="1005" name="zext_ln28_reg_2102">
<pin_list>
<pin id="2103" dir="0" index="0" bw="62" slack="1"/>
<pin id="2104" dir="1" index="1" bw="62" slack="1"/>
</pin_list>
<bind>
<opset="zext_ln28 "/>
</bind>
</comp>

<comp id="2107" class="1005" name="zext_ln28_1_reg_2107">
<pin_list>
<pin id="2108" dir="0" index="0" bw="62" slack="1"/>
<pin id="2109" dir="1" index="1" bw="62" slack="1"/>
</pin_list>
<bind>
<opset="zext_ln28_1 "/>
</bind>
</comp>

<comp id="2112" class="1005" name="window_keep_load_5_reg_2112">
<pin_list>
<pin id="2113" dir="0" index="0" bw="4" slack="1"/>
<pin id="2114" dir="1" index="1" bw="4" slack="1"/>
</pin_list>
<bind>
<opset="window_keep_load_5 "/>
</bind>
</comp>

<comp id="2117" class="1005" name="window_strb_load_5_reg_2117">
<pin_list>
<pin id="2118" dir="0" index="0" bw="4" slack="1"/>
<pin id="2119" dir="1" index="1" bw="4" slack="1"/>
</pin_list>
<bind>
<opset="window_strb_load_5 "/>
</bind>
</comp>

<comp id="2122" class="1005" name="window_user_load_5_reg_2122">
<pin_list>
<pin id="2123" dir="0" index="0" bw="2" slack="1"/>
<pin id="2124" dir="1" index="1" bw="2" slack="1"/>
</pin_list>
<bind>
<opset="window_user_load_5 "/>
</bind>
</comp>

<comp id="2127" class="1005" name="window_last_load_5_reg_2127">
<pin_list>
<pin id="2128" dir="0" index="0" bw="1" slack="1"/>
<pin id="2129" dir="1" index="1" bw="1" slack="1"/>
</pin_list>
<bind>
<opset="window_last_load_5 "/>
</bind>
</comp>

<comp id="2132" class="1005" name="window_id_load_5_reg_2132">
<pin_list>
<pin id="2133" dir="0" index="0" bw="5" slack="1"/>
<pin id="2134" dir="1" index="1" bw="5" slack="1"/>
</pin_list>
<bind>
<opset="window_id_load_5 "/>
</bind>
</comp>

<comp id="2137" class="1005" name="window_dest_load_5_reg_2137">
<pin_list>
<pin id="2138" dir="0" index="0" bw="6" slack="1"/>
<pin id="2139" dir="1" index="1" bw="6" slack="1"/>
</pin_list>
<bind>
<opset="window_dest_load_5 "/>
</bind>
</comp>

<comp id="2142" class="1005" name="window_keep_load_6_reg_2142">
<pin_list>
<pin id="2143" dir="0" index="0" bw="4" slack="1"/>
<pin id="2144" dir="1" index="1" bw="4" slack="1"/>
</pin_list>
<bind>
<opset="window_keep_load_6 "/>
</bind>
</comp>

<comp id="2147" class="1005" name="window_strb_load_6_reg_2147">
<pin_list>
<pin id="2148" dir="0" index="0" bw="4" slack="1"/>
<pin id="2149" dir="1" index="1" bw="4" slack="1"/>
</pin_list>
<bind>
<opset="window_strb_load_6 "/>
</bind>
</comp>

<comp id="2152" class="1005" name="window_user_load_6_reg_2152">
<pin_list>
<pin id="2153" dir="0" index="0" bw="2" slack="1"/>
<pin id="2154" dir="1" index="1" bw="2" slack="1"/>
</pin_list>
<bind>
<opset="window_user_load_6 "/>
</bind>
</comp>

<comp id="2157" class="1005" name="window_last_load_6_reg_2157">
<pin_list>
<pin id="2158" dir="0" index="0" bw="1" slack="1"/>
<pin id="2159" dir="1" index="1" bw="1" slack="1"/>
</pin_list>
<bind>
<opset="window_last_load_6 "/>
</bind>
</comp>

<comp id="2162" class="1005" name="window_id_load_6_reg_2162">
<pin_list>
<pin id="2163" dir="0" index="0" bw="5" slack="1"/>
<pin id="2164" dir="1" index="1" bw="5" slack="1"/>
</pin_list>
<bind>
<opset="window_id_load_6 "/>
</bind>
</comp>

<comp id="2167" class="1005" name="window_dest_load_6_reg_2167">
<pin_list>
<pin id="2168" dir="0" index="0" bw="6" slack="1"/>
<pin id="2169" dir="1" index="1" bw="6" slack="1"/>
</pin_list>
<bind>
<opset="window_dest_load_6 "/>
</bind>
</comp>

<comp id="2172" class="1005" name="mul_ln28_reg_2172">
<pin_list>
<pin id="2173" dir="0" index="0" bw="62" slack="1"/>
<pin id="2174" dir="1" index="1" bw="62" slack="1"/>
</pin_list>
<bind>
<opset="mul_ln28 "/>
</bind>
</comp>

<comp id="2177" class="1005" name="window_keep_load_7_reg_2177">
<pin_list>
<pin id="2178" dir="0" index="0" bw="4" slack="1"/>
<pin id="2179" dir="1" index="1" bw="4" slack="1"/>
</pin_list>
<bind>
<opset="window_keep_load_7 "/>
</bind>
</comp>

<comp id="2182" class="1005" name="window_strb_load_7_reg_2182">
<pin_list>
<pin id="2183" dir="0" index="0" bw="4" slack="1"/>
<pin id="2184" dir="1" index="1" bw="4" slack="1"/>
</pin_list>
<bind>
<opset="window_strb_load_7 "/>
</bind>
</comp>

<comp id="2187" class="1005" name="window_user_load_7_reg_2187">
<pin_list>
<pin id="2188" dir="0" index="0" bw="2" slack="1"/>
<pin id="2189" dir="1" index="1" bw="2" slack="1"/>
</pin_list>
<bind>
<opset="window_user_load_7 "/>
</bind>
</comp>

<comp id="2192" class="1005" name="window_last_load_7_reg_2192">
<pin_list>
<pin id="2193" dir="0" index="0" bw="1" slack="1"/>
<pin id="2194" dir="1" index="1" bw="1" slack="1"/>
</pin_list>
<bind>
<opset="window_last_load_7 "/>
</bind>
</comp>

<comp id="2197" class="1005" name="window_id_load_7_reg_2197">
<pin_list>
<pin id="2198" dir="0" index="0" bw="5" slack="1"/>
<pin id="2199" dir="1" index="1" bw="5" slack="1"/>
</pin_list>
<bind>
<opset="window_id_load_7 "/>
</bind>
</comp>

<comp id="2202" class="1005" name="window_dest_load_7_reg_2202">
<pin_list>
<pin id="2203" dir="0" index="0" bw="6" slack="1"/>
<pin id="2204" dir="1" index="1" bw="6" slack="1"/>
</pin_list>
<bind>
<opset="window_dest_load_7 "/>
</bind>
</comp>

<comp id="2207" class="1005" name="window_keep_load_8_reg_2207">
<pin_list>
<pin id="2208" dir="0" index="0" bw="4" slack="1"/>
<pin id="2209" dir="1" index="1" bw="4" slack="1"/>
</pin_list>
<bind>
<opset="window_keep_load_8 "/>
</bind>
</comp>

<comp id="2212" class="1005" name="window_strb_load_8_reg_2212">
<pin_list>
<pin id="2213" dir="0" index="0" bw="4" slack="1"/>
<pin id="2214" dir="1" index="1" bw="4" slack="1"/>
</pin_list>
<bind>
<opset="window_strb_load_8 "/>
</bind>
</comp>

<comp id="2217" class="1005" name="window_user_load_8_reg_2217">
<pin_list>
<pin id="2218" dir="0" index="0" bw="2" slack="1"/>
<pin id="2219" dir="1" index="1" bw="2" slack="1"/>
</pin_list>
<bind>
<opset="window_user_load_8 "/>
</bind>
</comp>

<comp id="2222" class="1005" name="window_last_load_8_reg_2222">
<pin_list>
<pin id="2223" dir="0" index="0" bw="1" slack="1"/>
<pin id="2224" dir="1" index="1" bw="1" slack="1"/>
</pin_list>
<bind>
<opset="window_last_load_8 "/>
</bind>
</comp>

<comp id="2227" class="1005" name="window_id_load_8_reg_2227">
<pin_list>
<pin id="2228" dir="0" index="0" bw="5" slack="1"/>
<pin id="2229" dir="1" index="1" bw="5" slack="1"/>
</pin_list>
<bind>
<opset="window_id_load_8 "/>
</bind>
</comp>

<comp id="2232" class="1005" name="window_dest_load_8_reg_2232">
<pin_list>
<pin id="2233" dir="0" index="0" bw="6" slack="1"/>
<pin id="2234" dir="1" index="1" bw="6" slack="1"/>
</pin_list>
<bind>
<opset="window_dest_load_8 "/>
</bind>
</comp>

</comp_list>

<net_list>
<net id="107"><net_src comp="32" pin="0"/><net_sink comp="104" pin=0"/></net>

<net id="111"><net_src comp="36" pin="0"/><net_sink comp="108" pin=0"/></net>

<net id="115"><net_src comp="36" pin="0"/><net_sink comp="112" pin=0"/></net>

<net id="119"><net_src comp="36" pin="0"/><net_sink comp="116" pin=0"/></net>

<net id="123"><net_src comp="36" pin="0"/><net_sink comp="120" pin=0"/></net>

<net id="127"><net_src comp="36" pin="0"/><net_sink comp="124" pin=0"/></net>

<net id="131"><net_src comp="36" pin="0"/><net_sink comp="128" pin=0"/></net>

<net id="135"><net_src comp="36" pin="0"/><net_sink comp="132" pin=0"/></net>

<net id="139"><net_src comp="36" pin="0"/><net_sink comp="136" pin=0"/></net>

<net id="143"><net_src comp="36" pin="0"/><net_sink comp="140" pin=0"/></net>

<net id="147"><net_src comp="36" pin="0"/><net_sink comp="144" pin=0"/></net>

<net id="151"><net_src comp="36" pin="0"/><net_sink comp="148" pin=0"/></net>

<net id="155"><net_src comp="36" pin="0"/><net_sink comp="152" pin=0"/></net>

<net id="159"><net_src comp="36" pin="0"/><net_sink comp="156" pin=0"/></net>

<net id="163"><net_src comp="36" pin="0"/><net_sink comp="160" pin=0"/></net>

<net id="167"><net_src comp="36" pin="0"/><net_sink comp="164" pin=0"/></net>

<net id="171"><net_src comp="36" pin="0"/><net_sink comp="168" pin=0"/></net>

<net id="175"><net_src comp="36" pin="0"/><net_sink comp="172" pin=0"/></net>

<net id="179"><net_src comp="36" pin="0"/><net_sink comp="176" pin=0"/></net>

<net id="183"><net_src comp="36" pin="0"/><net_sink comp="180" pin=0"/></net>

<net id="187"><net_src comp="36" pin="0"/><net_sink comp="184" pin=0"/></net>

<net id="191"><net_src comp="36" pin="0"/><net_sink comp="188" pin=0"/></net>

<net id="195"><net_src comp="36" pin="0"/><net_sink comp="192" pin=0"/></net>

<net id="199"><net_src comp="36" pin="0"/><net_sink comp="196" pin=0"/></net>

<net id="203"><net_src comp="36" pin="0"/><net_sink comp="200" pin=0"/></net>

<net id="207"><net_src comp="36" pin="0"/><net_sink comp="204" pin=0"/></net>

<net id="211"><net_src comp="36" pin="0"/><net_sink comp="208" pin=0"/></net>

<net id="215"><net_src comp="36" pin="0"/><net_sink comp="212" pin=0"/></net>

<net id="219"><net_src comp="36" pin="0"/><net_sink comp="216" pin=0"/></net>

<net id="223"><net_src comp="36" pin="0"/><net_sink comp="220" pin=0"/></net>

<net id="227"><net_src comp="36" pin="0"/><net_sink comp="224" pin=0"/></net>

<net id="231"><net_src comp="36" pin="0"/><net_sink comp="228" pin=0"/></net>

<net id="235"><net_src comp="36" pin="0"/><net_sink comp="232" pin=0"/></net>

<net id="239"><net_src comp="36" pin="0"/><net_sink comp="236" pin=0"/></net>

<net id="243"><net_src comp="36" pin="0"/><net_sink comp="240" pin=0"/></net>

<net id="247"><net_src comp="36" pin="0"/><net_sink comp="244" pin=0"/></net>

<net id="251"><net_src comp="36" pin="0"/><net_sink comp="248" pin=0"/></net>

<net id="255"><net_src comp="36" pin="0"/><net_sink comp="252" pin=0"/></net>

<net id="259"><net_src comp="36" pin="0"/><net_sink comp="256" pin=0"/></net>

<net id="263"><net_src comp="36" pin="0"/><net_sink comp="260" pin=0"/></net>

<net id="267"><net_src comp="36" pin="0"/><net_sink comp="264" pin=0"/></net>

<net id="271"><net_src comp="36" pin="0"/><net_sink comp="268" pin=0"/></net>

<net id="275"><net_src comp="36" pin="0"/><net_sink comp="272" pin=0"/></net>

<net id="279"><net_src comp="36" pin="0"/><net_sink comp="276" pin=0"/></net>

<net id="283"><net_src comp="36" pin="0"/><net_sink comp="280" pin=0"/></net>

<net id="287"><net_src comp="36" pin="0"/><net_sink comp="284" pin=0"/></net>

<net id="291"><net_src comp="36" pin="0"/><net_sink comp="288" pin=0"/></net>

<net id="295"><net_src comp="36" pin="0"/><net_sink comp="292" pin=0"/></net>

<net id="299"><net_src comp="36" pin="0"/><net_sink comp="296" pin=0"/></net>

<net id="303"><net_src comp="36" pin="0"/><net_sink comp="300" pin=0"/></net>

<net id="307"><net_src comp="36" pin="0"/><net_sink comp="304" pin=0"/></net>

<net id="311"><net_src comp="36" pin="0"/><net_sink comp="308" pin=0"/></net>

<net id="315"><net_src comp="36" pin="0"/><net_sink comp="312" pin=0"/></net>

<net id="319"><net_src comp="36" pin="0"/><net_sink comp="316" pin=0"/></net>

<net id="323"><net_src comp="36" pin="0"/><net_sink comp="320" pin=0"/></net>

<net id="327"><net_src comp="36" pin="0"/><net_sink comp="324" pin=0"/></net>

<net id="331"><net_src comp="36" pin="0"/><net_sink comp="328" pin=0"/></net>

<net id="335"><net_src comp="36" pin="0"/><net_sink comp="332" pin=0"/></net>

<net id="339"><net_src comp="36" pin="0"/><net_sink comp="336" pin=0"/></net>

<net id="343"><net_src comp="36" pin="0"/><net_sink comp="340" pin=0"/></net>

<net id="347"><net_src comp="36" pin="0"/><net_sink comp="344" pin=0"/></net>

<net id="352"><net_src comp="34" pin="0"/><net_sink comp="348" pin=0"/></net>

<net id="353"><net_src comp="30" pin="0"/><net_sink comp="348" pin=1"/></net>

<net id="358"><net_src comp="34" pin="0"/><net_sink comp="354" pin=0"/></net>

<net id="359"><net_src comp="28" pin="0"/><net_sink comp="354" pin=1"/></net>

<net id="365"><net_src comp="324" pin="1"/><net_sink comp="360" pin=0"/></net>

<net id="366"><net_src comp="66" pin="0"/><net_sink comp="360" pin=1"/></net>

<net id="367"><net_src comp="68" pin="0"/><net_sink comp="360" pin=2"/></net>

<net id="373"><net_src comp="324" pin="1"/><net_sink comp="368" pin=0"/></net>

<net id="374"><net_src comp="66" pin="0"/><net_sink comp="368" pin=1"/></net>

<net id="375"><net_src comp="70" pin="0"/><net_sink comp="368" pin=2"/></net>

<net id="381"><net_src comp="324" pin="1"/><net_sink comp="376" pin=0"/></net>

<net id="382"><net_src comp="66" pin="0"/><net_sink comp="376" pin=1"/></net>

<net id="383"><net_src comp="72" pin="0"/><net_sink comp="376" pin=2"/></net>

<net id="389"><net_src comp="324" pin="1"/><net_sink comp="384" pin=0"/></net>

<net id="390"><net_src comp="66" pin="0"/><net_sink comp="384" pin=1"/></net>

<net id="391"><net_src comp="74" pin="0"/><net_sink comp="384" pin=2"/></net>

<net id="397"><net_src comp="324" pin="1"/><net_sink comp="392" pin=0"/></net>

<net id="398"><net_src comp="66" pin="0"/><net_sink comp="392" pin=1"/></net>

<net id="399"><net_src comp="66" pin="0"/><net_sink comp="392" pin=2"/></net>

<net id="405"><net_src comp="324" pin="1"/><net_sink comp="400" pin=0"/></net>

<net id="406"><net_src comp="66" pin="0"/><net_sink comp="400" pin=1"/></net>

<net id="407"><net_src comp="76" pin="0"/><net_sink comp="400" pin=2"/></net>

<net id="413"><net_src comp="324" pin="1"/><net_sink comp="408" pin=0"/></net>

<net id="414"><net_src comp="66" pin="0"/><net_sink comp="408" pin=1"/></net>

<net id="415"><net_src comp="36" pin="0"/><net_sink comp="408" pin=2"/></net>

<net id="421"><net_src comp="324" pin="1"/><net_sink comp="416" pin=0"/></net>

<net id="422"><net_src comp="66" pin="0"/><net_sink comp="416" pin=1"/></net>

<net id="423"><net_src comp="78" pin="0"/><net_sink comp="416" pin=2"/></net>

<net id="429"><net_src comp="324" pin="1"/><net_sink comp="424" pin=0"/></net>

<net id="430"><net_src comp="66" pin="0"/><net_sink comp="424" pin=1"/></net>

<net id="431"><net_src comp="80" pin="0"/><net_sink comp="424" pin=2"/></net>

<net id="437"><net_src comp="328" pin="1"/><net_sink comp="432" pin=0"/></net>

<net id="438"><net_src comp="66" pin="0"/><net_sink comp="432" pin=1"/></net>

<net id="439"><net_src comp="68" pin="0"/><net_sink comp="432" pin=2"/></net>

<net id="445"><net_src comp="328" pin="1"/><net_sink comp="440" pin=0"/></net>

<net id="446"><net_src comp="66" pin="0"/><net_sink comp="440" pin=1"/></net>

<net id="447"><net_src comp="70" pin="0"/><net_sink comp="440" pin=2"/></net>

<net id="453"><net_src comp="328" pin="1"/><net_sink comp="448" pin=0"/></net>

<net id="454"><net_src comp="66" pin="0"/><net_sink comp="448" pin=1"/></net>

<net id="455"><net_src comp="72" pin="0"/><net_sink comp="448" pin=2"/></net>

<net id="461"><net_src comp="328" pin="1"/><net_sink comp="456" pin=0"/></net>

<net id="462"><net_src comp="66" pin="0"/><net_sink comp="456" pin=1"/></net>

<net id="463"><net_src comp="74" pin="0"/><net_sink comp="456" pin=2"/></net>

<net id="469"><net_src comp="328" pin="1"/><net_sink comp="464" pin=0"/></net>

<net id="470"><net_src comp="66" pin="0"/><net_sink comp="464" pin=1"/></net>

<net id="471"><net_src comp="66" pin="0"/><net_sink comp="464" pin=2"/></net>

<net id="477"><net_src comp="328" pin="1"/><net_sink comp="472" pin=0"/></net>

<net id="478"><net_src comp="66" pin="0"/><net_sink comp="472" pin=1"/></net>

<net id="479"><net_src comp="76" pin="0"/><net_sink comp="472" pin=2"/></net>

<net id="485"><net_src comp="328" pin="1"/><net_sink comp="480" pin=0"/></net>

<net id="486"><net_src comp="66" pin="0"/><net_sink comp="480" pin=1"/></net>

<net id="487"><net_src comp="36" pin="0"/><net_sink comp="480" pin=2"/></net>

<net id="493"><net_src comp="328" pin="1"/><net_sink comp="488" pin=0"/></net>

<net id="494"><net_src comp="66" pin="0"/><net_sink comp="488" pin=1"/></net>

<net id="495"><net_src comp="78" pin="0"/><net_sink comp="488" pin=2"/></net>

<net id="501"><net_src comp="328" pin="1"/><net_sink comp="496" pin=0"/></net>

<net id="502"><net_src comp="66" pin="0"/><net_sink comp="496" pin=1"/></net>

<net id="503"><net_src comp="80" pin="0"/><net_sink comp="496" pin=2"/></net>

<net id="509"><net_src comp="332" pin="1"/><net_sink comp="504" pin=0"/></net>

<net id="510"><net_src comp="66" pin="0"/><net_sink comp="504" pin=1"/></net>

<net id="511"><net_src comp="68" pin="0"/><net_sink comp="504" pin=2"/></net>

<net id="517"><net_src comp="332" pin="1"/><net_sink comp="512" pin=0"/></net>

<net id="518"><net_src comp="66" pin="0"/><net_sink comp="512" pin=1"/></net>

<net id="519"><net_src comp="70" pin="0"/><net_sink comp="512" pin=2"/></net>

<net id="525"><net_src comp="332" pin="1"/><net_sink comp="520" pin=0"/></net>

<net id="526"><net_src comp="66" pin="0"/><net_sink comp="520" pin=1"/></net>

<net id="527"><net_src comp="72" pin="0"/><net_sink comp="520" pin=2"/></net>

<net id="533"><net_src comp="332" pin="1"/><net_sink comp="528" pin=0"/></net>

<net id="534"><net_src comp="66" pin="0"/><net_sink comp="528" pin=1"/></net>

<net id="535"><net_src comp="74" pin="0"/><net_sink comp="528" pin=2"/></net>

<net id="541"><net_src comp="332" pin="1"/><net_sink comp="536" pin=0"/></net>

<net id="542"><net_src comp="66" pin="0"/><net_sink comp="536" pin=1"/></net>

<net id="543"><net_src comp="66" pin="0"/><net_sink comp="536" pin=2"/></net>

<net id="549"><net_src comp="332" pin="1"/><net_sink comp="544" pin=0"/></net>

<net id="550"><net_src comp="66" pin="0"/><net_sink comp="544" pin=1"/></net>

<net id="551"><net_src comp="76" pin="0"/><net_sink comp="544" pin=2"/></net>

<net id="557"><net_src comp="332" pin="1"/><net_sink comp="552" pin=0"/></net>

<net id="558"><net_src comp="66" pin="0"/><net_sink comp="552" pin=1"/></net>

<net id="559"><net_src comp="36" pin="0"/><net_sink comp="552" pin=2"/></net>

<net id="565"><net_src comp="332" pin="1"/><net_sink comp="560" pin=0"/></net>

<net id="566"><net_src comp="66" pin="0"/><net_sink comp="560" pin=1"/></net>

<net id="567"><net_src comp="78" pin="0"/><net_sink comp="560" pin=2"/></net>

<net id="573"><net_src comp="332" pin="1"/><net_sink comp="568" pin=0"/></net>

<net id="574"><net_src comp="66" pin="0"/><net_sink comp="568" pin=1"/></net>

<net id="575"><net_src comp="80" pin="0"/><net_sink comp="568" pin=2"/></net>

<net id="581"><net_src comp="336" pin="1"/><net_sink comp="576" pin=0"/></net>

<net id="582"><net_src comp="66" pin="0"/><net_sink comp="576" pin=1"/></net>

<net id="583"><net_src comp="68" pin="0"/><net_sink comp="576" pin=2"/></net>

<net id="589"><net_src comp="336" pin="1"/><net_sink comp="584" pin=0"/></net>

<net id="590"><net_src comp="66" pin="0"/><net_sink comp="584" pin=1"/></net>

<net id="591"><net_src comp="70" pin="0"/><net_sink comp="584" pin=2"/></net>

<net id="597"><net_src comp="336" pin="1"/><net_sink comp="592" pin=0"/></net>

<net id="598"><net_src comp="66" pin="0"/><net_sink comp="592" pin=1"/></net>

<net id="599"><net_src comp="72" pin="0"/><net_sink comp="592" pin=2"/></net>

<net id="605"><net_src comp="336" pin="1"/><net_sink comp="600" pin=0"/></net>

<net id="606"><net_src comp="66" pin="0"/><net_sink comp="600" pin=1"/></net>

<net id="607"><net_src comp="74" pin="0"/><net_sink comp="600" pin=2"/></net>

<net id="613"><net_src comp="336" pin="1"/><net_sink comp="608" pin=0"/></net>

<net id="614"><net_src comp="66" pin="0"/><net_sink comp="608" pin=1"/></net>

<net id="615"><net_src comp="66" pin="0"/><net_sink comp="608" pin=2"/></net>

<net id="621"><net_src comp="336" pin="1"/><net_sink comp="616" pin=0"/></net>

<net id="622"><net_src comp="66" pin="0"/><net_sink comp="616" pin=1"/></net>

<net id="623"><net_src comp="76" pin="0"/><net_sink comp="616" pin=2"/></net>

<net id="629"><net_src comp="336" pin="1"/><net_sink comp="624" pin=0"/></net>

<net id="630"><net_src comp="66" pin="0"/><net_sink comp="624" pin=1"/></net>

<net id="631"><net_src comp="36" pin="0"/><net_sink comp="624" pin=2"/></net>

<net id="637"><net_src comp="336" pin="1"/><net_sink comp="632" pin=0"/></net>

<net id="638"><net_src comp="66" pin="0"/><net_sink comp="632" pin=1"/></net>

<net id="639"><net_src comp="78" pin="0"/><net_sink comp="632" pin=2"/></net>

<net id="645"><net_src comp="336" pin="1"/><net_sink comp="640" pin=0"/></net>

<net id="646"><net_src comp="66" pin="0"/><net_sink comp="640" pin=1"/></net>

<net id="647"><net_src comp="80" pin="0"/><net_sink comp="640" pin=2"/></net>

<net id="653"><net_src comp="340" pin="1"/><net_sink comp="648" pin=0"/></net>

<net id="654"><net_src comp="66" pin="0"/><net_sink comp="648" pin=1"/></net>

<net id="655"><net_src comp="68" pin="0"/><net_sink comp="648" pin=2"/></net>

<net id="661"><net_src comp="340" pin="1"/><net_sink comp="656" pin=0"/></net>

<net id="662"><net_src comp="66" pin="0"/><net_sink comp="656" pin=1"/></net>

<net id="663"><net_src comp="70" pin="0"/><net_sink comp="656" pin=2"/></net>

<net id="669"><net_src comp="340" pin="1"/><net_sink comp="664" pin=0"/></net>

<net id="670"><net_src comp="66" pin="0"/><net_sink comp="664" pin=1"/></net>

<net id="671"><net_src comp="72" pin="0"/><net_sink comp="664" pin=2"/></net>

<net id="677"><net_src comp="340" pin="1"/><net_sink comp="672" pin=0"/></net>

<net id="678"><net_src comp="66" pin="0"/><net_sink comp="672" pin=1"/></net>

<net id="679"><net_src comp="74" pin="0"/><net_sink comp="672" pin=2"/></net>

<net id="685"><net_src comp="340" pin="1"/><net_sink comp="680" pin=0"/></net>

<net id="686"><net_src comp="66" pin="0"/><net_sink comp="680" pin=1"/></net>

<net id="687"><net_src comp="66" pin="0"/><net_sink comp="680" pin=2"/></net>

<net id="693"><net_src comp="340" pin="1"/><net_sink comp="688" pin=0"/></net>

<net id="694"><net_src comp="66" pin="0"/><net_sink comp="688" pin=1"/></net>

<net id="695"><net_src comp="76" pin="0"/><net_sink comp="688" pin=2"/></net>

<net id="701"><net_src comp="340" pin="1"/><net_sink comp="696" pin=0"/></net>

<net id="702"><net_src comp="66" pin="0"/><net_sink comp="696" pin=1"/></net>

<net id="703"><net_src comp="36" pin="0"/><net_sink comp="696" pin=2"/></net>

<net id="709"><net_src comp="340" pin="1"/><net_sink comp="704" pin=0"/></net>

<net id="710"><net_src comp="66" pin="0"/><net_sink comp="704" pin=1"/></net>

<net id="711"><net_src comp="78" pin="0"/><net_sink comp="704" pin=2"/></net>

<net id="717"><net_src comp="340" pin="1"/><net_sink comp="712" pin=0"/></net>

<net id="718"><net_src comp="66" pin="0"/><net_sink comp="712" pin=1"/></net>

<net id="719"><net_src comp="80" pin="0"/><net_sink comp="712" pin=2"/></net>

<net id="725"><net_src comp="344" pin="1"/><net_sink comp="720" pin=0"/></net>

<net id="726"><net_src comp="66" pin="0"/><net_sink comp="720" pin=1"/></net>

<net id="727"><net_src comp="68" pin="0"/><net_sink comp="720" pin=2"/></net>

<net id="733"><net_src comp="344" pin="1"/><net_sink comp="728" pin=0"/></net>

<net id="734"><net_src comp="66" pin="0"/><net_sink comp="728" pin=1"/></net>

<net id="735"><net_src comp="70" pin="0"/><net_sink comp="728" pin=2"/></net>

<net id="741"><net_src comp="344" pin="1"/><net_sink comp="736" pin=0"/></net>

<net id="742"><net_src comp="66" pin="0"/><net_sink comp="736" pin=1"/></net>

<net id="743"><net_src comp="72" pin="0"/><net_sink comp="736" pin=2"/></net>

<net id="749"><net_src comp="344" pin="1"/><net_sink comp="744" pin=0"/></net>

<net id="750"><net_src comp="66" pin="0"/><net_sink comp="744" pin=1"/></net>

<net id="751"><net_src comp="74" pin="0"/><net_sink comp="744" pin=2"/></net>

<net id="757"><net_src comp="344" pin="1"/><net_sink comp="752" pin=0"/></net>

<net id="758"><net_src comp="66" pin="0"/><net_sink comp="752" pin=1"/></net>

<net id="759"><net_src comp="66" pin="0"/><net_sink comp="752" pin=2"/></net>

<net id="765"><net_src comp="344" pin="1"/><net_sink comp="760" pin=0"/></net>

<net id="766"><net_src comp="66" pin="0"/><net_sink comp="760" pin=1"/></net>

<net id="767"><net_src comp="76" pin="0"/><net_sink comp="760" pin=2"/></net>

<net id="773"><net_src comp="344" pin="1"/><net_sink comp="768" pin=0"/></net>

<net id="774"><net_src comp="66" pin="0"/><net_sink comp="768" pin=1"/></net>

<net id="775"><net_src comp="36" pin="0"/><net_sink comp="768" pin=2"/></net>

<net id="781"><net_src comp="344" pin="1"/><net_sink comp="776" pin=0"/></net>

<net id="782"><net_src comp="66" pin="0"/><net_sink comp="776" pin=1"/></net>

<net id="783"><net_src comp="78" pin="0"/><net_sink comp="776" pin=2"/></net>

<net id="789"><net_src comp="344" pin="1"/><net_sink comp="784" pin=0"/></net>

<net id="790"><net_src comp="66" pin="0"/><net_sink comp="784" pin=1"/></net>

<net id="791"><net_src comp="80" pin="0"/><net_sink comp="784" pin=2"/></net>

<net id="856"><net_src comp="94" pin="0"/><net_sink comp="846" pin=0"/></net>

<net id="984"><net_src comp="102" pin="0"/><net_sink comp="857" pin=0"/></net>

<net id="985"><net_src comp="817" pin="7"/><net_sink comp="857" pin=13"/></net>

<net id="986"><net_src comp="812" pin="7"/><net_sink comp="857" pin=14"/></net>

<net id="987"><net_src comp="807" pin="7"/><net_sink comp="857" pin=15"/></net>

<net id="988"><net_src comp="802" pin="7"/><net_sink comp="857" pin=16"/></net>

<net id="989"><net_src comp="797" pin="7"/><net_sink comp="857" pin=17"/></net>

<net id="990"><net_src comp="792" pin="7"/><net_sink comp="857" pin=18"/></net>

<net id="991"><net_src comp="817" pin="3"/><net_sink comp="857" pin=19"/></net>

<net id="992"><net_src comp="812" pin="3"/><net_sink comp="857" pin=20"/></net>

<net id="993"><net_src comp="807" pin="3"/><net_sink comp="857" pin=21"/></net>

<net id="994"><net_src comp="802" pin="3"/><net_sink comp="857" pin=22"/></net>

<net id="995"><net_src comp="797" pin="3"/><net_sink comp="857" pin=23"/></net>

<net id="996"><net_src comp="792" pin="3"/><net_sink comp="857" pin=24"/></net>

<net id="997"><net_src comp="0" pin="0"/><net_sink comp="857" pin=57"/></net>

<net id="998"><net_src comp="2" pin="0"/><net_sink comp="857" pin=58"/></net>

<net id="999"><net_src comp="4" pin="0"/><net_sink comp="857" pin=59"/></net>

<net id="1000"><net_src comp="6" pin="0"/><net_sink comp="857" pin=60"/></net>

<net id="1001"><net_src comp="8" pin="0"/><net_sink comp="857" pin=61"/></net>

<net id="1002"><net_src comp="10" pin="0"/><net_sink comp="857" pin=62"/></net>

<net id="1003"><net_src comp="12" pin="0"/><net_sink comp="857" pin=63"/></net>

<net id="1004"><net_src comp="14" pin="0"/><net_sink comp="857" pin=64"/></net>

<net id="1005"><net_src comp="16" pin="0"/><net_sink comp="857" pin=65"/></net>

<net id="1006"><net_src comp="18" pin="0"/><net_sink comp="857" pin=66"/></net>

<net id="1007"><net_src comp="20" pin="0"/><net_sink comp="857" pin=67"/></net>

<net id="1008"><net_src comp="22" pin="0"/><net_sink comp="857" pin=68"/></net>

<net id="1009"><net_src comp="24" pin="0"/><net_sink comp="857" pin=69"/></net>

<net id="1010"><net_src comp="26" pin="0"/><net_sink comp="857" pin=70"/></net>

<net id="1018"><net_src comp="354" pin="2"/><net_sink comp="1015" pin=0"/></net>

<net id="1022"><net_src comp="348" pin="2"/><net_sink comp="1019" pin=0"/></net>

<net id="1027"><net_src comp="88" pin="0"/><net_sink comp="1023" pin=0"/></net>

<net id="1034"><net_src comp="1028" pin="1"/><net_sink comp="1031" pin=0"/></net>

<net id="1040"><net_src comp="90" pin="0"/><net_sink comp="1035" pin=0"/></net>

<net id="1041"><net_src comp="1031" pin="1"/><net_sink comp="1035" pin=1"/></net>

<net id="1042"><net_src comp="88" pin="0"/><net_sink comp="1035" pin=2"/></net>

<net id="1046"><net_src comp="1028" pin="1"/><net_sink comp="1043" pin=0"/></net>

<net id="1051"><net_src comp="1035" pin="3"/><net_sink comp="1047" pin=0"/></net>

<net id="1052"><net_src comp="1043" pin="1"/><net_sink comp="1047" pin=1"/></net>

<net id="1053"><net_src comp="1047" pin="2"/><net_sink comp="846" pin=1"/></net>

<net id="1058"><net_src comp="1028" pin="1"/><net_sink comp="1054" pin=0"/></net>

<net id="1059"><net_src comp="92" pin="0"/><net_sink comp="1054" pin=1"/></net>

<net id="1064"><net_src comp="1028" pin="1"/><net_sink comp="1060" pin=0"/></net>

<net id="1065"><net_src comp="96" pin="0"/><net_sink comp="1060" pin=1"/></net>

<net id="1070"><net_src comp="1054" pin="2"/><net_sink comp="1066" pin=0"/></net>

<net id="1075"><net_src comp="48" pin="0"/><net_sink comp="1071" pin=1"/></net>

<net id="1080"><net_src comp="48" pin="0"/><net_sink comp="1076" pin=1"/></net>

<net id="1086"><net_src comp="1076" pin="2"/><net_sink comp="1081" pin=0"/></net>

<net id="1087"><net_src comp="100" pin="0"/><net_sink comp="1081" pin=2"/></net>

<net id="1093"><net_src comp="100" pin="0"/><net_sink comp="1088" pin=2"/></net>

<net id="1097"><net_src comp="1094" pin="1"/><net_sink comp="1011" pin=0"/></net>

<net id="1101"><net_src comp="1098" pin="1"/><net_sink comp="1011" pin=1"/></net>

<net id="1159"><net_src comp="1156" pin="1"/><net_sink comp="817" pin=1"/></net>

<net id="1163"><net_src comp="1160" pin="1"/><net_sink comp="812" pin=1"/></net>

<net id="1167"><net_src comp="1164" pin="1"/><net_sink comp="807" pin=1"/></net>

<net id="1171"><net_src comp="1168" pin="1"/><net_sink comp="802" pin=1"/></net>

<net id="1175"><net_src comp="1172" pin="1"/><net_sink comp="797" pin=1"/></net>

<net id="1179"><net_src comp="1176" pin="1"/><net_sink comp="792" pin=1"/></net>

<net id="1219"><net_src comp="1216" pin="1"/><net_sink comp="817" pin=4"/></net>

<net id="1223"><net_src comp="1220" pin="1"/><net_sink comp="812" pin=4"/></net>

<net id="1227"><net_src comp="1224" pin="1"/><net_sink comp="807" pin=4"/></net>

<net id="1231"><net_src comp="1228" pin="1"/><net_sink comp="802" pin=4"/></net>

<net id="1235"><net_src comp="1232" pin="1"/><net_sink comp="797" pin=4"/></net>

<net id="1239"><net_src comp="1236" pin="1"/><net_sink comp="792" pin=4"/></net>

<net id="1279"><net_src comp="104" pin="1"/><net_sink comp="1276" pin=0"/></net>

<net id="1280"><net_src comp="1276" pin="1"/><net_sink comp="1023" pin=1"/></net>

<net id="1281"><net_src comp="1276" pin="1"/><net_sink comp="1028" pin=0"/></net>

<net id="1282"><net_src comp="1276" pin="1"/><net_sink comp="1066" pin=1"/></net>

<net id="1286"><net_src comp="348" pin="2"/><net_sink comp="1283" pin=0"/></net>

<net id="1287"><net_src comp="1283" pin="1"/><net_sink comp="1076" pin=0"/></net>

<net id="1288"><net_src comp="1283" pin="1"/><net_sink comp="857" pin=55"/></net>

<net id="1292"><net_src comp="354" pin="2"/><net_sink comp="1289" pin=0"/></net>

<net id="1293"><net_src comp="1289" pin="1"/><net_sink comp="1071" pin=0"/></net>

<net id="1297"><net_src comp="1015" pin="1"/><net_sink comp="1294" pin=0"/></net>

<net id="1298"><net_src comp="1294" pin="1"/><net_sink comp="1088" pin=1"/></net>

<net id="1302"><net_src comp="1019" pin="1"/><net_sink comp="1299" pin=0"/></net>

<net id="1303"><net_src comp="1299" pin="1"/><net_sink comp="1081" pin=1"/></net>

<net id="1307"><net_src comp="108" pin="1"/><net_sink comp="1304" pin=0"/></net>

<net id="1308"><net_src comp="1304" pin="1"/><net_sink comp="857" pin=124"/></net>

<net id="1309"><net_src comp="1304" pin="1"/><net_sink comp="1273" pin=0"/></net>

<net id="1313"><net_src comp="112" pin="1"/><net_sink comp="1310" pin=0"/></net>

<net id="1314"><net_src comp="1310" pin="1"/><net_sink comp="857" pin=123"/></net>

<net id="1315"><net_src comp="1310" pin="1"/><net_sink comp="1270" pin=0"/></net>

<net id="1319"><net_src comp="116" pin="1"/><net_sink comp="1316" pin=0"/></net>

<net id="1320"><net_src comp="1316" pin="1"/><net_sink comp="857" pin=122"/></net>

<net id="1321"><net_src comp="1316" pin="1"/><net_sink comp="1267" pin=0"/></net>

<net id="1325"><net_src comp="120" pin="1"/><net_sink comp="1322" pin=0"/></net>

<net id="1326"><net_src comp="1322" pin="1"/><net_sink comp="857" pin=121"/></net>

<net id="1327"><net_src comp="1322" pin="1"/><net_sink comp="1264" pin=0"/></net>

<net id="1331"><net_src comp="124" pin="1"/><net_sink comp="1328" pin=0"/></net>

<net id="1332"><net_src comp="1328" pin="1"/><net_sink comp="857" pin=120"/></net>

<net id="1333"><net_src comp="1328" pin="1"/><net_sink comp="1261" pin=0"/></net>

<net id="1337"><net_src comp="128" pin="1"/><net_sink comp="1334" pin=0"/></net>

<net id="1338"><net_src comp="1334" pin="1"/><net_sink comp="857" pin=119"/></net>

<net id="1339"><net_src comp="1334" pin="1"/><net_sink comp="1258" pin=0"/></net>

<net id="1343"><net_src comp="132" pin="1"/><net_sink comp="1340" pin=0"/></net>

<net id="1344"><net_src comp="1340" pin="1"/><net_sink comp="857" pin=118"/></net>

<net id="1345"><net_src comp="1340" pin="1"/><net_sink comp="1255" pin=0"/></net>

<net id="1349"><net_src comp="136" pin="1"/><net_sink comp="1346" pin=0"/></net>

<net id="1350"><net_src comp="1346" pin="1"/><net_sink comp="857" pin=117"/></net>

<net id="1351"><net_src comp="1346" pin="1"/><net_sink comp="1252" pin=0"/></net>

<net id="1355"><net_src comp="140" pin="1"/><net_sink comp="1352" pin=0"/></net>

<net id="1356"><net_src comp="1352" pin="1"/><net_sink comp="857" pin=116"/></net>

<net id="1357"><net_src comp="1352" pin="1"/><net_sink comp="1249" pin=0"/></net>

<net id="1361"><net_src comp="144" pin="1"/><net_sink comp="1358" pin=0"/></net>

<net id="1362"><net_src comp="1358" pin="1"/><net_sink comp="857" pin=115"/></net>

<net id="1363"><net_src comp="1358" pin="1"/><net_sink comp="1246" pin=0"/></net>

<net id="1367"><net_src comp="148" pin="1"/><net_sink comp="1364" pin=0"/></net>

<net id="1368"><net_src comp="1364" pin="1"/><net_sink comp="857" pin=114"/></net>

<net id="1369"><net_src comp="1364" pin="1"/><net_sink comp="1243" pin=0"/></net>

<net id="1373"><net_src comp="152" pin="1"/><net_sink comp="1370" pin=0"/></net>

<net id="1374"><net_src comp="1370" pin="1"/><net_sink comp="857" pin=113"/></net>

<net id="1375"><net_src comp="1370" pin="1"/><net_sink comp="1240" pin=0"/></net>

<net id="1379"><net_src comp="156" pin="1"/><net_sink comp="1376" pin=0"/></net>

<net id="1380"><net_src comp="1376" pin="1"/><net_sink comp="857" pin=112"/></net>

<net id="1381"><net_src comp="1376" pin="1"/><net_sink comp="1236" pin=0"/></net>

<net id="1385"><net_src comp="160" pin="1"/><net_sink comp="1382" pin=0"/></net>

<net id="1386"><net_src comp="1382" pin="1"/><net_sink comp="857" pin=111"/></net>

<net id="1387"><net_src comp="1382" pin="1"/><net_sink comp="1232" pin=0"/></net>

<net id="1391"><net_src comp="164" pin="1"/><net_sink comp="1388" pin=0"/></net>

<net id="1392"><net_src comp="1388" pin="1"/><net_sink comp="857" pin=110"/></net>

<net id="1393"><net_src comp="1388" pin="1"/><net_sink comp="1228" pin=0"/></net>

<net id="1397"><net_src comp="168" pin="1"/><net_sink comp="1394" pin=0"/></net>

<net id="1398"><net_src comp="1394" pin="1"/><net_sink comp="857" pin=109"/></net>

<net id="1399"><net_src comp="1394" pin="1"/><net_sink comp="1224" pin=0"/></net>

<net id="1403"><net_src comp="172" pin="1"/><net_sink comp="1400" pin=0"/></net>

<net id="1404"><net_src comp="1400" pin="1"/><net_sink comp="857" pin=108"/></net>

<net id="1405"><net_src comp="1400" pin="1"/><net_sink comp="1220" pin=0"/></net>

<net id="1409"><net_src comp="176" pin="1"/><net_sink comp="1406" pin=0"/></net>

<net id="1410"><net_src comp="1406" pin="1"/><net_sink comp="857" pin=107"/></net>

<net id="1411"><net_src comp="1406" pin="1"/><net_sink comp="1216" pin=0"/></net>

<net id="1415"><net_src comp="180" pin="1"/><net_sink comp="1412" pin=0"/></net>

<net id="1416"><net_src comp="1412" pin="1"/><net_sink comp="857" pin=106"/></net>

<net id="1417"><net_src comp="1412" pin="1"/><net_sink comp="1213" pin=0"/></net>

<net id="1421"><net_src comp="184" pin="1"/><net_sink comp="1418" pin=0"/></net>

<net id="1422"><net_src comp="1418" pin="1"/><net_sink comp="857" pin=105"/></net>

<net id="1423"><net_src comp="1418" pin="1"/><net_sink comp="1210" pin=0"/></net>

<net id="1427"><net_src comp="188" pin="1"/><net_sink comp="1424" pin=0"/></net>

<net id="1428"><net_src comp="1424" pin="1"/><net_sink comp="857" pin=104"/></net>

<net id="1429"><net_src comp="1424" pin="1"/><net_sink comp="1207" pin=0"/></net>

<net id="1433"><net_src comp="192" pin="1"/><net_sink comp="1430" pin=0"/></net>

<net id="1434"><net_src comp="1430" pin="1"/><net_sink comp="857" pin=103"/></net>

<net id="1435"><net_src comp="1430" pin="1"/><net_sink comp="1204" pin=0"/></net>

<net id="1439"><net_src comp="196" pin="1"/><net_sink comp="1436" pin=0"/></net>

<net id="1440"><net_src comp="1436" pin="1"/><net_sink comp="857" pin=102"/></net>

<net id="1441"><net_src comp="1436" pin="1"/><net_sink comp="1201" pin=0"/></net>

<net id="1445"><net_src comp="200" pin="1"/><net_sink comp="1442" pin=0"/></net>

<net id="1446"><net_src comp="1442" pin="1"/><net_sink comp="857" pin=101"/></net>

<net id="1447"><net_src comp="1442" pin="1"/><net_sink comp="1198" pin=0"/></net>

<net id="1451"><net_src comp="204" pin="1"/><net_sink comp="1448" pin=0"/></net>

<net id="1452"><net_src comp="1448" pin="1"/><net_sink comp="857" pin=100"/></net>

<net id="1453"><net_src comp="1448" pin="1"/><net_sink comp="1195" pin=0"/></net>

<net id="1457"><net_src comp="208" pin="1"/><net_sink comp="1454" pin=0"/></net>

<net id="1458"><net_src comp="1454" pin="1"/><net_sink comp="857" pin=99"/></net>

<net id="1459"><net_src comp="1454" pin="1"/><net_sink comp="1192" pin=0"/></net>

<net id="1463"><net_src comp="212" pin="1"/><net_sink comp="1460" pin=0"/></net>

<net id="1464"><net_src comp="1460" pin="1"/><net_sink comp="857" pin=98"/></net>

<net id="1465"><net_src comp="1460" pin="1"/><net_sink comp="1189" pin=0"/></net>

<net id="1469"><net_src comp="216" pin="1"/><net_sink comp="1466" pin=0"/></net>

<net id="1470"><net_src comp="1466" pin="1"/><net_sink comp="857" pin=97"/></net>

<net id="1471"><net_src comp="1466" pin="1"/><net_sink comp="1186" pin=0"/></net>

<net id="1475"><net_src comp="220" pin="1"/><net_sink comp="1472" pin=0"/></net>

<net id="1476"><net_src comp="1472" pin="1"/><net_sink comp="857" pin=96"/></net>

<net id="1477"><net_src comp="1472" pin="1"/><net_sink comp="1183" pin=0"/></net>

<net id="1481"><net_src comp="224" pin="1"/><net_sink comp="1478" pin=0"/></net>

<net id="1482"><net_src comp="1478" pin="1"/><net_sink comp="857" pin=95"/></net>

<net id="1483"><net_src comp="1478" pin="1"/><net_sink comp="1180" pin=0"/></net>

<net id="1487"><net_src comp="228" pin="1"/><net_sink comp="1484" pin=0"/></net>

<net id="1488"><net_src comp="1484" pin="1"/><net_sink comp="857" pin=94"/></net>

<net id="1489"><net_src comp="1484" pin="1"/><net_sink comp="1176" pin=0"/></net>

<net id="1493"><net_src comp="232" pin="1"/><net_sink comp="1490" pin=0"/></net>

<net id="1494"><net_src comp="1490" pin="1"/><net_sink comp="857" pin=93"/></net>

<net id="1495"><net_src comp="1490" pin="1"/><net_sink comp="1172" pin=0"/></net>

<net id="1499"><net_src comp="236" pin="1"/><net_sink comp="1496" pin=0"/></net>

<net id="1500"><net_src comp="1496" pin="1"/><net_sink comp="857" pin=92"/></net>

<net id="1501"><net_src comp="1496" pin="1"/><net_sink comp="1168" pin=0"/></net>

<net id="1505"><net_src comp="240" pin="1"/><net_sink comp="1502" pin=0"/></net>

<net id="1506"><net_src comp="1502" pin="1"/><net_sink comp="857" pin=91"/></net>

<net id="1507"><net_src comp="1502" pin="1"/><net_sink comp="1164" pin=0"/></net>

<net id="1511"><net_src comp="244" pin="1"/><net_sink comp="1508" pin=0"/></net>

<net id="1512"><net_src comp="1508" pin="1"/><net_sink comp="857" pin=90"/></net>

<net id="1513"><net_src comp="1508" pin="1"/><net_sink comp="1160" pin=0"/></net>

<net id="1517"><net_src comp="248" pin="1"/><net_sink comp="1514" pin=0"/></net>

<net id="1518"><net_src comp="1514" pin="1"/><net_sink comp="857" pin=89"/></net>

<net id="1519"><net_src comp="1514" pin="1"/><net_sink comp="1156" pin=0"/></net>

<net id="1523"><net_src comp="252" pin="1"/><net_sink comp="1520" pin=0"/></net>

<net id="1524"><net_src comp="1520" pin="1"/><net_sink comp="857" pin=88"/></net>

<net id="1525"><net_src comp="1520" pin="1"/><net_sink comp="1153" pin=0"/></net>

<net id="1529"><net_src comp="256" pin="1"/><net_sink comp="1526" pin=0"/></net>

<net id="1530"><net_src comp="1526" pin="1"/><net_sink comp="857" pin=87"/></net>

<net id="1531"><net_src comp="1526" pin="1"/><net_sink comp="1150" pin=0"/></net>

<net id="1535"><net_src comp="260" pin="1"/><net_sink comp="1532" pin=0"/></net>

<net id="1536"><net_src comp="1532" pin="1"/><net_sink comp="857" pin=86"/></net>

<net id="1537"><net_src comp="1532" pin="1"/><net_sink comp="1147" pin=0"/></net>

<net id="1541"><net_src comp="264" pin="1"/><net_sink comp="1538" pin=0"/></net>

<net id="1542"><net_src comp="1538" pin="1"/><net_sink comp="857" pin=85"/></net>

<net id="1543"><net_src comp="1538" pin="1"/><net_sink comp="1144" pin=0"/></net>

<net id="1547"><net_src comp="268" pin="1"/><net_sink comp="1544" pin=0"/></net>

<net id="1548"><net_src comp="1544" pin="1"/><net_sink comp="857" pin=84"/></net>

<net id="1549"><net_src comp="1544" pin="1"/><net_sink comp="1141" pin=0"/></net>

<net id="1553"><net_src comp="272" pin="1"/><net_sink comp="1550" pin=0"/></net>

<net id="1554"><net_src comp="1550" pin="1"/><net_sink comp="857" pin=83"/></net>

<net id="1555"><net_src comp="1550" pin="1"/><net_sink comp="1138" pin=0"/></net>

<net id="1559"><net_src comp="276" pin="1"/><net_sink comp="1556" pin=0"/></net>

<net id="1560"><net_src comp="1556" pin="1"/><net_sink comp="857" pin=82"/></net>

<net id="1561"><net_src comp="1556" pin="1"/><net_sink comp="1135" pin=0"/></net>

<net id="1565"><net_src comp="280" pin="1"/><net_sink comp="1562" pin=0"/></net>

<net id="1566"><net_src comp="1562" pin="1"/><net_sink comp="857" pin=81"/></net>

<net id="1567"><net_src comp="1562" pin="1"/><net_sink comp="1132" pin=0"/></net>

<net id="1571"><net_src comp="284" pin="1"/><net_sink comp="1568" pin=0"/></net>

<net id="1572"><net_src comp="1568" pin="1"/><net_sink comp="857" pin=80"/></net>

<net id="1573"><net_src comp="1568" pin="1"/><net_sink comp="1129" pin=0"/></net>

<net id="1577"><net_src comp="288" pin="1"/><net_sink comp="1574" pin=0"/></net>

<net id="1578"><net_src comp="1574" pin="1"/><net_sink comp="857" pin=79"/></net>

<net id="1579"><net_src comp="1574" pin="1"/><net_sink comp="1126" pin=0"/></net>

<net id="1583"><net_src comp="292" pin="1"/><net_sink comp="1580" pin=0"/></net>

<net id="1584"><net_src comp="1580" pin="1"/><net_sink comp="857" pin=78"/></net>

<net id="1585"><net_src comp="1580" pin="1"/><net_sink comp="1123" pin=0"/></net>

<net id="1589"><net_src comp="296" pin="1"/><net_sink comp="1586" pin=0"/></net>

<net id="1590"><net_src comp="1586" pin="1"/><net_sink comp="857" pin=77"/></net>

<net id="1591"><net_src comp="1586" pin="1"/><net_sink comp="1120" pin=0"/></net>

<net id="1595"><net_src comp="300" pin="1"/><net_sink comp="1592" pin=0"/></net>

<net id="1596"><net_src comp="1592" pin="1"/><net_sink comp="857" pin=76"/></net>

<net id="1597"><net_src comp="1592" pin="1"/><net_sink comp="1117" pin=0"/></net>

<net id="1601"><net_src comp="304" pin="1"/><net_sink comp="1598" pin=0"/></net>

<net id="1602"><net_src comp="1598" pin="1"/><net_sink comp="857" pin=75"/></net>

<net id="1603"><net_src comp="1598" pin="1"/><net_sink comp="1114" pin=0"/></net>

<net id="1607"><net_src comp="308" pin="1"/><net_sink comp="1604" pin=0"/></net>

<net id="1608"><net_src comp="1604" pin="1"/><net_sink comp="857" pin=74"/></net>

<net id="1609"><net_src comp="1604" pin="1"/><net_sink comp="1111" pin=0"/></net>

<net id="1613"><net_src comp="312" pin="1"/><net_sink comp="1610" pin=0"/></net>

<net id="1614"><net_src comp="1610" pin="1"/><net_sink comp="857" pin=73"/></net>

<net id="1615"><net_src comp="1610" pin="1"/><net_sink comp="1108" pin=0"/></net>

<net id="1619"><net_src comp="316" pin="1"/><net_sink comp="1616" pin=0"/></net>

<net id="1620"><net_src comp="1616" pin="1"/><net_sink comp="857" pin=72"/></net>

<net id="1621"><net_src comp="1616" pin="1"/><net_sink comp="1105" pin=0"/></net>

<net id="1625"><net_src comp="320" pin="1"/><net_sink comp="1622" pin=0"/></net>

<net id="1626"><net_src comp="1622" pin="1"/><net_sink comp="857" pin=71"/></net>

<net id="1627"><net_src comp="1622" pin="1"/><net_sink comp="1102" pin=0"/></net>

<net id="1631"><net_src comp="360" pin="3"/><net_sink comp="1628" pin=0"/></net>

<net id="1632"><net_src comp="1628" pin="1"/><net_sink comp="792" pin=0"/></net>

<net id="1633"><net_src comp="1628" pin="1"/><net_sink comp="792" pin=2"/></net>

<net id="1637"><net_src comp="368" pin="3"/><net_sink comp="1634" pin=0"/></net>

<net id="1638"><net_src comp="1634" pin="1"/><net_sink comp="792" pin=2"/></net>

<net id="1639"><net_src comp="1634" pin="1"/><net_sink comp="792" pin=0"/></net>

<net id="1643"><net_src comp="376" pin="3"/><net_sink comp="1640" pin=0"/></net>

<net id="1644"><net_src comp="1640" pin="1"/><net_sink comp="792" pin=2"/></net>

<net id="1648"><net_src comp="384" pin="3"/><net_sink comp="1645" pin=0"/></net>

<net id="1649"><net_src comp="1645" pin="1"/><net_sink comp="792" pin=0"/></net>

<net id="1653"><net_src comp="392" pin="3"/><net_sink comp="1650" pin=0"/></net>

<net id="1654"><net_src comp="1650" pin="1"/><net_sink comp="792" pin=2"/></net>

<net id="1658"><net_src comp="400" pin="3"/><net_sink comp="1655" pin=0"/></net>

<net id="1659"><net_src comp="1655" pin="1"/><net_sink comp="792" pin=0"/></net>

<net id="1663"><net_src comp="408" pin="3"/><net_sink comp="1660" pin=0"/></net>

<net id="1664"><net_src comp="1660" pin="1"/><net_sink comp="792" pin=0"/></net>

<net id="1665"><net_src comp="1660" pin="1"/><net_sink comp="792" pin=2"/></net>

<net id="1669"><net_src comp="416" pin="3"/><net_sink comp="1666" pin=0"/></net>

<net id="1670"><net_src comp="1666" pin="1"/><net_sink comp="792" pin=2"/></net>

<net id="1671"><net_src comp="1666" pin="1"/><net_sink comp="792" pin=0"/></net>

<net id="1675"><net_src comp="424" pin="3"/><net_sink comp="1672" pin=0"/></net>

<net id="1676"><net_src comp="1672" pin="1"/><net_sink comp="792" pin=0"/></net>

<net id="1677"><net_src comp="1672" pin="1"/><net_sink comp="792" pin=2"/></net>

<net id="1681"><net_src comp="432" pin="3"/><net_sink comp="1678" pin=0"/></net>

<net id="1682"><net_src comp="1678" pin="1"/><net_sink comp="797" pin=0"/></net>

<net id="1683"><net_src comp="1678" pin="1"/><net_sink comp="797" pin=2"/></net>

<net id="1687"><net_src comp="440" pin="3"/><net_sink comp="1684" pin=0"/></net>

<net id="1688"><net_src comp="1684" pin="1"/><net_sink comp="797" pin=2"/></net>

<net id="1689"><net_src comp="1684" pin="1"/><net_sink comp="797" pin=0"/></net>

<net id="1693"><net_src comp="448" pin="3"/><net_sink comp="1690" pin=0"/></net>

<net id="1694"><net_src comp="1690" pin="1"/><net_sink comp="797" pin=2"/></net>

<net id="1698"><net_src comp="456" pin="3"/><net_sink comp="1695" pin=0"/></net>

<net id="1699"><net_src comp="1695" pin="1"/><net_sink comp="797" pin=0"/></net>

<net id="1703"><net_src comp="464" pin="3"/><net_sink comp="1700" pin=0"/></net>

<net id="1704"><net_src comp="1700" pin="1"/><net_sink comp="797" pin=2"/></net>

<net id="1708"><net_src comp="472" pin="3"/><net_sink comp="1705" pin=0"/></net>

<net id="1709"><net_src comp="1705" pin="1"/><net_sink comp="797" pin=0"/></net>

<net id="1713"><net_src comp="480" pin="3"/><net_sink comp="1710" pin=0"/></net>

<net id="1714"><net_src comp="1710" pin="1"/><net_sink comp="797" pin=0"/></net>

<net id="1715"><net_src comp="1710" pin="1"/><net_sink comp="797" pin=2"/></net>

<net id="1719"><net_src comp="488" pin="3"/><net_sink comp="1716" pin=0"/></net>

<net id="1720"><net_src comp="1716" pin="1"/><net_sink comp="797" pin=2"/></net>

<net id="1721"><net_src comp="1716" pin="1"/><net_sink comp="797" pin=0"/></net>

<net id="1725"><net_src comp="496" pin="3"/><net_sink comp="1722" pin=0"/></net>

<net id="1726"><net_src comp="1722" pin="1"/><net_sink comp="797" pin=0"/></net>

<net id="1727"><net_src comp="1722" pin="1"/><net_sink comp="797" pin=2"/></net>

<net id="1731"><net_src comp="504" pin="3"/><net_sink comp="1728" pin=0"/></net>

<net id="1732"><net_src comp="1728" pin="1"/><net_sink comp="802" pin=0"/></net>

<net id="1733"><net_src comp="1728" pin="1"/><net_sink comp="802" pin=2"/></net>

<net id="1737"><net_src comp="512" pin="3"/><net_sink comp="1734" pin=0"/></net>

<net id="1738"><net_src comp="1734" pin="1"/><net_sink comp="802" pin=2"/></net>

<net id="1739"><net_src comp="1734" pin="1"/><net_sink comp="802" pin=0"/></net>

<net id="1743"><net_src comp="520" pin="3"/><net_sink comp="1740" pin=0"/></net>

<net id="1744"><net_src comp="1740" pin="1"/><net_sink comp="802" pin=2"/></net>

<net id="1748"><net_src comp="528" pin="3"/><net_sink comp="1745" pin=0"/></net>

<net id="1749"><net_src comp="1745" pin="1"/><net_sink comp="802" pin=0"/></net>

<net id="1753"><net_src comp="536" pin="3"/><net_sink comp="1750" pin=0"/></net>

<net id="1754"><net_src comp="1750" pin="1"/><net_sink comp="802" pin=2"/></net>

<net id="1758"><net_src comp="544" pin="3"/><net_sink comp="1755" pin=0"/></net>

<net id="1759"><net_src comp="1755" pin="1"/><net_sink comp="802" pin=0"/></net>

<net id="1763"><net_src comp="552" pin="3"/><net_sink comp="1760" pin=0"/></net>

<net id="1764"><net_src comp="1760" pin="1"/><net_sink comp="802" pin=0"/></net>

<net id="1765"><net_src comp="1760" pin="1"/><net_sink comp="802" pin=2"/></net>

<net id="1769"><net_src comp="560" pin="3"/><net_sink comp="1766" pin=0"/></net>

<net id="1770"><net_src comp="1766" pin="1"/><net_sink comp="802" pin=2"/></net>

<net id="1771"><net_src comp="1766" pin="1"/><net_sink comp="802" pin=0"/></net>

<net id="1775"><net_src comp="568" pin="3"/><net_sink comp="1772" pin=0"/></net>

<net id="1776"><net_src comp="1772" pin="1"/><net_sink comp="802" pin=0"/></net>

<net id="1777"><net_src comp="1772" pin="1"/><net_sink comp="802" pin=2"/></net>

<net id="1781"><net_src comp="576" pin="3"/><net_sink comp="1778" pin=0"/></net>

<net id="1782"><net_src comp="1778" pin="1"/><net_sink comp="807" pin=0"/></net>

<net id="1783"><net_src comp="1778" pin="1"/><net_sink comp="807" pin=2"/></net>

<net id="1787"><net_src comp="584" pin="3"/><net_sink comp="1784" pin=0"/></net>

<net id="1788"><net_src comp="1784" pin="1"/><net_sink comp="807" pin=2"/></net>

<net id="1789"><net_src comp="1784" pin="1"/><net_sink comp="807" pin=0"/></net>

<net id="1793"><net_src comp="592" pin="3"/><net_sink comp="1790" pin=0"/></net>

<net id="1794"><net_src comp="1790" pin="1"/><net_sink comp="807" pin=2"/></net>

<net id="1798"><net_src comp="600" pin="3"/><net_sink comp="1795" pin=0"/></net>

<net id="1799"><net_src comp="1795" pin="1"/><net_sink comp="807" pin=0"/></net>

<net id="1803"><net_src comp="608" pin="3"/><net_sink comp="1800" pin=0"/></net>

<net id="1804"><net_src comp="1800" pin="1"/><net_sink comp="807" pin=2"/></net>

<net id="1808"><net_src comp="616" pin="3"/><net_sink comp="1805" pin=0"/></net>

<net id="1809"><net_src comp="1805" pin="1"/><net_sink comp="807" pin=0"/></net>

<net id="1813"><net_src comp="624" pin="3"/><net_sink comp="1810" pin=0"/></net>

<net id="1814"><net_src comp="1810" pin="1"/><net_sink comp="807" pin=0"/></net>

<net id="1815"><net_src comp="1810" pin="1"/><net_sink comp="807" pin=2"/></net>

<net id="1819"><net_src comp="632" pin="3"/><net_sink comp="1816" pin=0"/></net>

<net id="1820"><net_src comp="1816" pin="1"/><net_sink comp="807" pin=2"/></net>

<net id="1821"><net_src comp="1816" pin="1"/><net_sink comp="807" pin=0"/></net>

<net id="1825"><net_src comp="640" pin="3"/><net_sink comp="1822" pin=0"/></net>

<net id="1826"><net_src comp="1822" pin="1"/><net_sink comp="807" pin=0"/></net>

<net id="1827"><net_src comp="1822" pin="1"/><net_sink comp="807" pin=2"/></net>

<net id="1831"><net_src comp="648" pin="3"/><net_sink comp="1828" pin=0"/></net>

<net id="1832"><net_src comp="1828" pin="1"/><net_sink comp="812" pin=0"/></net>

<net id="1833"><net_src comp="1828" pin="1"/><net_sink comp="812" pin=2"/></net>

<net id="1837"><net_src comp="656" pin="3"/><net_sink comp="1834" pin=0"/></net>

<net id="1838"><net_src comp="1834" pin="1"/><net_sink comp="812" pin=2"/></net>

<net id="1839"><net_src comp="1834" pin="1"/><net_sink comp="812" pin=0"/></net>

<net id="1843"><net_src comp="664" pin="3"/><net_sink comp="1840" pin=0"/></net>

<net id="1844"><net_src comp="1840" pin="1"/><net_sink comp="812" pin=2"/></net>

<net id="1848"><net_src comp="672" pin="3"/><net_sink comp="1845" pin=0"/></net>

<net id="1849"><net_src comp="1845" pin="1"/><net_sink comp="812" pin=0"/></net>

<net id="1853"><net_src comp="680" pin="3"/><net_sink comp="1850" pin=0"/></net>

<net id="1854"><net_src comp="1850" pin="1"/><net_sink comp="812" pin=2"/></net>

<net id="1858"><net_src comp="688" pin="3"/><net_sink comp="1855" pin=0"/></net>

<net id="1859"><net_src comp="1855" pin="1"/><net_sink comp="812" pin=0"/></net>

<net id="1863"><net_src comp="696" pin="3"/><net_sink comp="1860" pin=0"/></net>

<net id="1864"><net_src comp="1860" pin="1"/><net_sink comp="812" pin=0"/></net>

<net id="1865"><net_src comp="1860" pin="1"/><net_sink comp="812" pin=2"/></net>

<net id="1869"><net_src comp="704" pin="3"/><net_sink comp="1866" pin=0"/></net>

<net id="1870"><net_src comp="1866" pin="1"/><net_sink comp="812" pin=2"/></net>

<net id="1871"><net_src comp="1866" pin="1"/><net_sink comp="812" pin=0"/></net>

<net id="1875"><net_src comp="712" pin="3"/><net_sink comp="1872" pin=0"/></net>

<net id="1876"><net_src comp="1872" pin="1"/><net_sink comp="812" pin=0"/></net>

<net id="1877"><net_src comp="1872" pin="1"/><net_sink comp="812" pin=2"/></net>

<net id="1881"><net_src comp="720" pin="3"/><net_sink comp="1878" pin=0"/></net>

<net id="1882"><net_src comp="1878" pin="1"/><net_sink comp="817" pin=0"/></net>

<net id="1883"><net_src comp="1878" pin="1"/><net_sink comp="817" pin=2"/></net>

<net id="1887"><net_src comp="728" pin="3"/><net_sink comp="1884" pin=0"/></net>

<net id="1888"><net_src comp="1884" pin="1"/><net_sink comp="817" pin=2"/></net>

<net id="1889"><net_src comp="1884" pin="1"/><net_sink comp="817" pin=0"/></net>

<net id="1893"><net_src comp="736" pin="3"/><net_sink comp="1890" pin=0"/></net>

<net id="1894"><net_src comp="1890" pin="1"/><net_sink comp="817" pin=2"/></net>

<net id="1898"><net_src comp="744" pin="3"/><net_sink comp="1895" pin=0"/></net>

<net id="1899"><net_src comp="1895" pin="1"/><net_sink comp="817" pin=0"/></net>

<net id="1903"><net_src comp="752" pin="3"/><net_sink comp="1900" pin=0"/></net>

<net id="1904"><net_src comp="1900" pin="1"/><net_sink comp="817" pin=2"/></net>

<net id="1908"><net_src comp="760" pin="3"/><net_sink comp="1905" pin=0"/></net>

<net id="1909"><net_src comp="1905" pin="1"/><net_sink comp="817" pin=0"/></net>

<net id="1913"><net_src comp="768" pin="3"/><net_sink comp="1910" pin=0"/></net>

<net id="1914"><net_src comp="1910" pin="1"/><net_sink comp="817" pin=0"/></net>

<net id="1915"><net_src comp="1910" pin="1"/><net_sink comp="817" pin=2"/></net>

<net id="1919"><net_src comp="776" pin="3"/><net_sink comp="1916" pin=0"/></net>

<net id="1920"><net_src comp="1916" pin="1"/><net_sink comp="817" pin=2"/></net>

<net id="1921"><net_src comp="1916" pin="1"/><net_sink comp="817" pin=0"/></net>

<net id="1925"><net_src comp="784" pin="3"/><net_sink comp="1922" pin=0"/></net>

<net id="1926"><net_src comp="1922" pin="1"/><net_sink comp="817" pin=0"/></net>

<net id="1927"><net_src comp="1922" pin="1"/><net_sink comp="817" pin=2"/></net>

<net id="1931"><net_src comp="1047" pin="2"/><net_sink comp="1928" pin=0"/></net>

<net id="1932"><net_src comp="1928" pin="1"/><net_sink comp="846" pin=1"/></net>

<net id="1936"><net_src comp="1060" pin="2"/><net_sink comp="1933" pin=0"/></net>

<net id="1940"><net_src comp="1071" pin="2"/><net_sink comp="1937" pin=0"/></net>

<net id="1941"><net_src comp="1937" pin="1"/><net_sink comp="1088" pin=0"/></net>

<net id="1945"><net_src comp="792" pin="3"/><net_sink comp="1942" pin=0"/></net>

<net id="1946"><net_src comp="1942" pin="1"/><net_sink comp="857" pin=36"/></net>

<net id="1950"><net_src comp="797" pin="3"/><net_sink comp="1947" pin=0"/></net>

<net id="1951"><net_src comp="1947" pin="1"/><net_sink comp="857" pin=35"/></net>

<net id="1955"><net_src comp="802" pin="3"/><net_sink comp="1952" pin=0"/></net>

<net id="1956"><net_src comp="1952" pin="1"/><net_sink comp="857" pin=34"/></net>

<net id="1960"><net_src comp="807" pin="3"/><net_sink comp="1957" pin=0"/></net>

<net id="1961"><net_src comp="1957" pin="1"/><net_sink comp="857" pin=33"/></net>

<net id="1965"><net_src comp="812" pin="3"/><net_sink comp="1962" pin=0"/></net>

<net id="1966"><net_src comp="1962" pin="1"/><net_sink comp="857" pin=32"/></net>

<net id="1970"><net_src comp="817" pin="3"/><net_sink comp="1967" pin=0"/></net>

<net id="1971"><net_src comp="1967" pin="1"/><net_sink comp="857" pin=31"/></net>

<net id="1975"><net_src comp="792" pin="7"/><net_sink comp="1972" pin=0"/></net>

<net id="1976"><net_src comp="1972" pin="1"/><net_sink comp="857" pin=54"/></net>

<net id="1980"><net_src comp="797" pin="7"/><net_sink comp="1977" pin=0"/></net>

<net id="1981"><net_src comp="1977" pin="1"/><net_sink comp="857" pin=53"/></net>

<net id="1985"><net_src comp="802" pin="7"/><net_sink comp="1982" pin=0"/></net>

<net id="1986"><net_src comp="1982" pin="1"/><net_sink comp="857" pin=52"/></net>

<net id="1990"><net_src comp="807" pin="7"/><net_sink comp="1987" pin=0"/></net>

<net id="1991"><net_src comp="1987" pin="1"/><net_sink comp="857" pin=51"/></net>

<net id="1995"><net_src comp="812" pin="7"/><net_sink comp="1992" pin=0"/></net>

<net id="1996"><net_src comp="1992" pin="1"/><net_sink comp="857" pin=50"/></net>

<net id="2000"><net_src comp="817" pin="7"/><net_sink comp="1997" pin=0"/></net>

<net id="2001"><net_src comp="1997" pin="1"/><net_sink comp="857" pin=49"/></net>

<net id="2005"><net_src comp="792" pin="3"/><net_sink comp="2002" pin=0"/></net>

<net id="2006"><net_src comp="2002" pin="1"/><net_sink comp="857" pin=12"/></net>

<net id="2010"><net_src comp="797" pin="3"/><net_sink comp="2007" pin=0"/></net>

<net id="2011"><net_src comp="2007" pin="1"/><net_sink comp="857" pin=11"/></net>

<net id="2015"><net_src comp="802" pin="3"/><net_sink comp="2012" pin=0"/></net>

<net id="2016"><net_src comp="2012" pin="1"/><net_sink comp="857" pin=10"/></net>

<net id="2020"><net_src comp="807" pin="3"/><net_sink comp="2017" pin=0"/></net>

<net id="2021"><net_src comp="2017" pin="1"/><net_sink comp="857" pin=9"/></net>

<net id="2025"><net_src comp="812" pin="3"/><net_sink comp="2022" pin=0"/></net>

<net id="2026"><net_src comp="2022" pin="1"/><net_sink comp="857" pin=8"/></net>

<net id="2030"><net_src comp="817" pin="3"/><net_sink comp="2027" pin=0"/></net>

<net id="2031"><net_src comp="2027" pin="1"/><net_sink comp="857" pin=7"/></net>

<net id="2035"><net_src comp="1081" pin="3"/><net_sink comp="2032" pin=0"/></net>

<net id="2036"><net_src comp="2032" pin="1"/><net_sink comp="1098" pin=0"/></net>

<net id="2040"><net_src comp="1088" pin="3"/><net_sink comp="2037" pin=0"/></net>

<net id="2041"><net_src comp="2037" pin="1"/><net_sink comp="1094" pin=0"/></net>

<net id="2045"><net_src comp="792" pin="3"/><net_sink comp="2042" pin=0"/></net>

<net id="2046"><net_src comp="2042" pin="1"/><net_sink comp="857" pin=48"/></net>

<net id="2050"><net_src comp="797" pin="3"/><net_sink comp="2047" pin=0"/></net>

<net id="2051"><net_src comp="2047" pin="1"/><net_sink comp="857" pin=47"/></net>

<net id="2055"><net_src comp="802" pin="3"/><net_sink comp="2052" pin=0"/></net>

<net id="2056"><net_src comp="2052" pin="1"/><net_sink comp="857" pin=46"/></net>

<net id="2060"><net_src comp="807" pin="3"/><net_sink comp="2057" pin=0"/></net>

<net id="2061"><net_src comp="2057" pin="1"/><net_sink comp="857" pin=45"/></net>

<net id="2065"><net_src comp="812" pin="3"/><net_sink comp="2062" pin=0"/></net>

<net id="2066"><net_src comp="2062" pin="1"/><net_sink comp="857" pin=44"/></net>

<net id="2070"><net_src comp="817" pin="3"/><net_sink comp="2067" pin=0"/></net>

<net id="2071"><net_src comp="2067" pin="1"/><net_sink comp="857" pin=43"/></net>

<net id="2075"><net_src comp="792" pin="7"/><net_sink comp="2072" pin=0"/></net>

<net id="2076"><net_src comp="2072" pin="1"/><net_sink comp="857" pin=6"/></net>

<net id="2080"><net_src comp="797" pin="7"/><net_sink comp="2077" pin=0"/></net>

<net id="2081"><net_src comp="2077" pin="1"/><net_sink comp="857" pin=5"/></net>

<net id="2085"><net_src comp="802" pin="7"/><net_sink comp="2082" pin=0"/></net>

<net id="2086"><net_src comp="2082" pin="1"/><net_sink comp="857" pin=4"/></net>

<net id="2090"><net_src comp="807" pin="7"/><net_sink comp="2087" pin=0"/></net>

<net id="2091"><net_src comp="2087" pin="1"/><net_sink comp="857" pin=3"/></net>

<net id="2095"><net_src comp="812" pin="7"/><net_sink comp="2092" pin=0"/></net>

<net id="2096"><net_src comp="2092" pin="1"/><net_sink comp="857" pin=2"/></net>

<net id="2100"><net_src comp="817" pin="7"/><net_sink comp="2097" pin=0"/></net>

<net id="2101"><net_src comp="2097" pin="1"/><net_sink comp="857" pin=1"/></net>

<net id="2105"><net_src comp="1094" pin="1"/><net_sink comp="2102" pin=0"/></net>

<net id="2106"><net_src comp="2102" pin="1"/><net_sink comp="1011" pin=0"/></net>

<net id="2110"><net_src comp="1098" pin="1"/><net_sink comp="2107" pin=0"/></net>

<net id="2111"><net_src comp="2107" pin="1"/><net_sink comp="1011" pin=1"/></net>

<net id="2115"><net_src comp="792" pin="3"/><net_sink comp="2112" pin=0"/></net>

<net id="2116"><net_src comp="2112" pin="1"/><net_sink comp="857" pin=42"/></net>

<net id="2120"><net_src comp="797" pin="3"/><net_sink comp="2117" pin=0"/></net>

<net id="2121"><net_src comp="2117" pin="1"/><net_sink comp="857" pin=41"/></net>

<net id="2125"><net_src comp="802" pin="3"/><net_sink comp="2122" pin=0"/></net>

<net id="2126"><net_src comp="2122" pin="1"/><net_sink comp="857" pin=40"/></net>

<net id="2130"><net_src comp="807" pin="3"/><net_sink comp="2127" pin=0"/></net>

<net id="2131"><net_src comp="2127" pin="1"/><net_sink comp="857" pin=39"/></net>

<net id="2135"><net_src comp="812" pin="3"/><net_sink comp="2132" pin=0"/></net>

<net id="2136"><net_src comp="2132" pin="1"/><net_sink comp="857" pin=38"/></net>

<net id="2140"><net_src comp="817" pin="3"/><net_sink comp="2137" pin=0"/></net>

<net id="2141"><net_src comp="2137" pin="1"/><net_sink comp="857" pin=37"/></net>

<net id="2145"><net_src comp="792" pin="7"/><net_sink comp="2142" pin=0"/></net>

<net id="2146"><net_src comp="2142" pin="1"/><net_sink comp="857" pin=30"/></net>

<net id="2150"><net_src comp="797" pin="7"/><net_sink comp="2147" pin=0"/></net>

<net id="2151"><net_src comp="2147" pin="1"/><net_sink comp="857" pin=29"/></net>

<net id="2155"><net_src comp="802" pin="7"/><net_sink comp="2152" pin=0"/></net>

<net id="2156"><net_src comp="2152" pin="1"/><net_sink comp="857" pin=28"/></net>

<net id="2160"><net_src comp="807" pin="7"/><net_sink comp="2157" pin=0"/></net>

<net id="2161"><net_src comp="2157" pin="1"/><net_sink comp="857" pin=27"/></net>

<net id="2165"><net_src comp="812" pin="7"/><net_sink comp="2162" pin=0"/></net>

<net id="2166"><net_src comp="2162" pin="1"/><net_sink comp="857" pin=26"/></net>

<net id="2170"><net_src comp="817" pin="7"/><net_sink comp="2167" pin=0"/></net>

<net id="2171"><net_src comp="2167" pin="1"/><net_sink comp="857" pin=25"/></net>

<net id="2175"><net_src comp="1011" pin="2"/><net_sink comp="2172" pin=0"/></net>

<net id="2176"><net_src comp="2172" pin="1"/><net_sink comp="857" pin=56"/></net>

<net id="2180"><net_src comp="792" pin="3"/><net_sink comp="2177" pin=0"/></net>

<net id="2181"><net_src comp="2177" pin="1"/><net_sink comp="857" pin=24"/></net>

<net id="2185"><net_src comp="797" pin="3"/><net_sink comp="2182" pin=0"/></net>

<net id="2186"><net_src comp="2182" pin="1"/><net_sink comp="857" pin=23"/></net>

<net id="2190"><net_src comp="802" pin="3"/><net_sink comp="2187" pin=0"/></net>

<net id="2191"><net_src comp="2187" pin="1"/><net_sink comp="857" pin=22"/></net>

<net id="2195"><net_src comp="807" pin="3"/><net_sink comp="2192" pin=0"/></net>

<net id="2196"><net_src comp="2192" pin="1"/><net_sink comp="857" pin=21"/></net>

<net id="2200"><net_src comp="812" pin="3"/><net_sink comp="2197" pin=0"/></net>

<net id="2201"><net_src comp="2197" pin="1"/><net_sink comp="857" pin=20"/></net>

<net id="2205"><net_src comp="817" pin="3"/><net_sink comp="2202" pin=0"/></net>

<net id="2206"><net_src comp="2202" pin="1"/><net_sink comp="857" pin=19"/></net>

<net id="2210"><net_src comp="792" pin="7"/><net_sink comp="2207" pin=0"/></net>

<net id="2211"><net_src comp="2207" pin="1"/><net_sink comp="857" pin=18"/></net>

<net id="2215"><net_src comp="797" pin="7"/><net_sink comp="2212" pin=0"/></net>

<net id="2216"><net_src comp="2212" pin="1"/><net_sink comp="857" pin=17"/></net>

<net id="2220"><net_src comp="802" pin="7"/><net_sink comp="2217" pin=0"/></net>

<net id="2221"><net_src comp="2217" pin="1"/><net_sink comp="857" pin=16"/></net>

<net id="2225"><net_src comp="807" pin="7"/><net_sink comp="2222" pin=0"/></net>

<net id="2226"><net_src comp="2222" pin="1"/><net_sink comp="857" pin=15"/></net>

<net id="2230"><net_src comp="812" pin="7"/><net_sink comp="2227" pin=0"/></net>

<net id="2231"><net_src comp="2227" pin="1"/><net_sink comp="857" pin=14"/></net>

<net id="2235"><net_src comp="817" pin="7"/><net_sink comp="2232" pin=0"/></net>

<net id="2236"><net_src comp="2232" pin="1"/><net_sink comp="857" pin=13"/></net>

</net_list>

</model> 
---------------- Datapath Model END ------------------

* FSMD analyzer results:
  - Output states:
	Port: output_r_V_data_V | {9 10 }
	Port: output_r_V_keep_V | {9 10 }
	Port: output_r_V_strb_V | {9 10 }
	Port: output_r_V_user_V | {9 10 }
	Port: output_r_V_last_V | {9 10 }
	Port: output_r_V_id_V | {9 10 }
	Port: output_r_V_dest_V | {9 10 }
 - Input state : 
	Port: sobel_filter : input_r_V_data_V | {9 10 }
	Port: sobel_filter : input_r_V_keep_V | {9 10 }
	Port: sobel_filter : input_r_V_strb_V | {9 10 }
	Port: sobel_filter : input_r_V_user_V | {9 10 }
	Port: sobel_filter : input_r_V_last_V | {9 10 }
	Port: sobel_filter : input_r_V_id_V | {9 10 }
	Port: sobel_filter : input_r_V_dest_V | {9 10 }
	Port: sobel_filter : rows | {1 }
	Port: sobel_filter : cols | {1 }
  - Chain level:
	State 1
		window_keep_addr : 1
		window_keep_addr_1 : 1
		window_keep_addr_2 : 1
		window_keep_addr_3 : 1
		window_keep_addr_4 : 1
		window_keep_addr_5 : 1
		window_keep_addr_6 : 1
		window_keep_addr_7 : 1
		window_keep_addr_8 : 1
		window_strb_addr : 1
		window_strb_addr_1 : 1
		window_strb_addr_2 : 1
		window_strb_addr_3 : 1
		window_strb_addr_4 : 1
		window_strb_addr_5 : 1
		window_strb_addr_6 : 1
		window_strb_addr_7 : 1
		window_strb_addr_8 : 1
		window_user_addr : 1
		window_user_addr_1 : 1
		window_user_addr_2 : 1
		window_user_addr_3 : 1
		window_user_addr_4 : 1
		window_user_addr_5 : 1
		window_user_addr_6 : 1
		window_user_addr_7 : 1
		window_user_addr_8 : 1
		window_last_addr : 1
		window_last_addr_1 : 1
		window_last_addr_2 : 1
		window_last_addr_3 : 1
		window_last_addr_4 : 1
		window_last_addr_5 : 1
		window_last_addr_6 : 1
		window_last_addr_7 : 1
		window_last_addr_8 : 1
		window_id_addr : 1
		window_id_addr_1 : 1
		window_id_addr_2 : 1
		window_id_addr_3 : 1
		window_id_addr_4 : 1
		window_id_addr_5 : 1
		window_id_addr_6 : 1
		window_id_addr_7 : 1
		window_id_addr_8 : 1
		window_dest_addr : 1
		window_dest_addr_1 : 1
		window_dest_addr_2 : 1
		window_dest_addr_3 : 1
		window_dest_addr_4 : 1
		window_dest_addr_5 : 1
		window_dest_addr_6 : 1
		window_dest_addr_7 : 1
		window_dest_addr_8 : 1
		store_ln0 : 1
	State 2
		trunc_ln17 : 1
		tmp : 2
		zext_ln17 : 1
		sub_ln17 : 3
		add_ln17_1 : 1
		call_ln17 : 4
		icmp_ln17 : 1
		store_ln17 : 2
	State 3
	State 4
	State 5
	State 6
		smax : 1
	State 7
		mul_ln28 : 1
	State 8
	State 9
		call_ln25 : 1
	State 10
	State 11
		store_ln25 : 1
		store_ln25 : 1
		store_ln25 : 1
		store_ln25 : 1
		store_ln25 : 1
		store_ln25 : 1
		store_ln25 : 1
		store_ln25 : 1
		store_ln25 : 1
		store_ln25 : 1
		store_ln25 : 1
		store_ln25 : 1
	State 12
	State 13
	State 14
	State 15


============================================================
+ Verbose Summary: Datapath Resource usage 
============================================================

* Functional unit list:
|----------|------------------------------------------------------------------|---------|---------|---------|
| Operation|                          Functional Unit                         |   DSP   |    FF   |   LUT   |
|----------|------------------------------------------------------------------|---------|---------|---------|
|   call   |                grp_sobel_filter_Pipeline_1_fu_846                |    0    |    2    |    31   |
|          | grp_sobel_filter_Pipeline_VITIS_LOOP_18_1_VITIS_LOOP_19_2_fu_857 |    0    |   1074  |   1179  |
|----------|------------------------------------------------------------------|---------|---------|---------|
|    mul   |                            grp_fu_1011                           |    4    |   141   |    48   |
|----------|------------------------------------------------------------------|---------|---------|---------|
|          |                         icmp_ln17_fu_1060                        |    0    |    0    |    10   |
|   icmp   |                         empty_16_fu_1071                         |    0    |    0    |    39   |
|          |                         icmp_ln19_fu_1076                        |    0    |    0    |    39   |
|----------|------------------------------------------------------------------|---------|---------|---------|
|  select  |                           smax_fu_1081                           |    0    |    0    |    31   |
|          |                           smax1_fu_1088                          |    0    |    0    |    31   |
|----------|------------------------------------------------------------------|---------|---------|---------|
|    sub   |                         sub_ln17_fu_1047                         |    0    |    0    |    11   |
|----------|------------------------------------------------------------------|---------|---------|---------|
|    add   |                        add_ln17_1_fu_1054                        |    0    |    0    |    10   |
|----------|------------------------------------------------------------------|---------|---------|---------|
|   read   |                       cols_read_read_fu_348                      |    0    |    0    |    0    |
|          |                       rows_read_read_fu_354                      |    0    |    0    |    0    |
|----------|------------------------------------------------------------------|---------|---------|---------|
|          |                           empty_fu_1015                          |    0    |    0    |    0    |
|   trunc  |                         empty_15_fu_1019                         |    0    |    0    |    0    |
|          |                        trunc_ln17_fu_1031                        |    0    |    0    |    0    |
|----------|------------------------------------------------------------------|---------|---------|---------|
|bitconcatenate|                            tmp_fu_1035                           |    0    |    0    |    0    |
|----------|------------------------------------------------------------------|---------|---------|---------|
|          |                         zext_ln17_fu_1043                        |    0    |    0    |    0    |
|   zext   |                         zext_ln28_fu_1094                        |    0    |    0    |    0    |
|          |                        zext_ln28_1_fu_1098                       |    0    |    0    |    0    |
|----------|------------------------------------------------------------------|---------|---------|---------|
|   Total  |                                                                  |    4    |   1217  |   1429  |
|----------|------------------------------------------------------------------|---------|---------|---------|

Memories:
+-----------+--------+--------+--------+--------+
|           |  BRAM  |   FF   |   LUT  |  URAM  |
+-----------+--------+--------+--------+--------+
|window_dest|    0   |   12   |    1   |    0   |
| window_id |    0   |   10   |    1   |    0   |
|window_keep|    0   |    8   |    1   |    0   |
|window_last|    0   |    2   |    1   |    0   |
|window_strb|    0   |    8   |    1   |    0   |
|window_user|    0   |    4   |    1   |    0   |
+-----------+--------+--------+--------+--------+
|   Total   |    0   |   44   |    6   |    0   |
+-----------+--------+--------+--------+--------+

* Register list:
+------------------------------------+--------+
|                                    |   FF   |
+------------------------------------+--------+
|         cols_read_reg_1283         |   32   |
|          empty_15_reg_1299         |   31   |
|          empty_16_reg_1937         |    1   |
|           empty_reg_1294           |   31   |
|         icmp_ln17_reg_1933         |    1   |
|       indvars_iv572_reg_1276       |    2   |
|          mul_ln28_reg_2172         |   62   |
|   p_1_0_0_0126_1348_loc_reg_1484   |    4   |
| p_1_0_0_0126_1348_phi_loc_reg_1376 |    4   |
|   p_1_0_0_0126_1370_loc_reg_1520   |    4   |
|p_1_0_0_0126_1_1355_phi_loc_reg_1412|    4   |
|  p_1_0_0_0126_1_1384_loc_reg_1556  |    4   |
|p_1_0_0_0126_1_2362_phi_loc_reg_1448|    4   |
|  p_1_0_0_0126_1_2397_loc_reg_1592  |    4   |
|   p_2_0_0_0127_1349_loc_reg_1490   |    4   |
| p_2_0_0_0127_1349_phi_loc_reg_1382 |    4   |
|   p_2_0_0_0127_1372_loc_reg_1526   |    4   |
|p_2_0_0_0127_1_1356_phi_loc_reg_1418|    4   |
|  p_2_0_0_0127_1_1386_loc_reg_1562  |    4   |
|p_2_0_0_0127_1_2363_phi_loc_reg_1454|    4   |
|  p_2_0_0_0127_1_2398_loc_reg_1598  |    4   |
|   p_3_0_0_0128_1350_loc_reg_1496   |    2   |
| p_3_0_0_0128_1350_phi_loc_reg_1388 |    2   |
|   p_3_0_0_0128_1374_loc_reg_1532   |    2   |
|p_3_0_0_0128_1_1357_phi_loc_reg_1424|    2   |
|  p_3_0_0_0128_1_1388_loc_reg_1568  |    2   |
|p_3_0_0_0128_1_2364_phi_loc_reg_1460|    2   |
|  p_3_0_0_0128_1_2399_loc_reg_1604  |    2   |
|   p_4_0_0_0129_1351_loc_reg_1502   |    1   |
| p_4_0_0_0129_1351_phi_loc_reg_1394 |    1   |
|   p_4_0_0_0129_1376_loc_reg_1538   |    1   |
|p_4_0_0_0129_1_1358_phi_loc_reg_1430|    1   |
|  p_4_0_0_0129_1_1390_loc_reg_1574  |    1   |
|p_4_0_0_0129_1_2365_phi_loc_reg_1466|    1   |
|  p_4_0_0_0129_1_2400_loc_reg_1610  |    1   |
|   p_5_0_0_0130_1352_loc_reg_1508   |    5   |
| p_5_0_0_0130_1352_phi_loc_reg_1400 |    5   |
|   p_5_0_0_0130_1378_loc_reg_1544   |    5   |
|p_5_0_0_0130_1_1359_phi_loc_reg_1436|    5   |
|  p_5_0_0_0130_1_1392_loc_reg_1580  |    5   |
|p_5_0_0_0130_1_2366_phi_loc_reg_1472|    5   |
|  p_5_0_0_0130_1_2401_loc_reg_1616  |    5   |
|   p_6_0_0_0131_1353_loc_reg_1514   |    6   |
| p_6_0_0_0131_1353_phi_loc_reg_1406 |    6   |
|   p_6_0_0_0131_1380_loc_reg_1550   |    6   |
|p_6_0_0_0131_1_1360_phi_loc_reg_1442|    6   |
|  p_6_0_0_0131_1_1394_loc_reg_1586  |    6   |
|p_6_0_0_0131_1_2367_phi_loc_reg_1478|    6   |
|  p_6_0_0_0131_1_2402_loc_reg_1622  |    6   |
|         rows_read_reg_1289         |   32   |
|     select_ln18_10_loc_reg_1316    |    2   |
|     select_ln18_11_loc_reg_1310    |    4   |
|     select_ln18_12_loc_reg_1304    |    4   |
|     select_ln18_1_loc_reg_1364     |    5   |
|     select_ln18_2_loc_reg_1358     |    1   |
|     select_ln18_3_loc_reg_1352     |    2   |
|     select_ln18_4_loc_reg_1346     |    4   |
|     select_ln18_5_loc_reg_1340     |    4   |
|     select_ln18_7_loc_reg_1334     |    6   |
|     select_ln18_8_loc_reg_1328     |    5   |
|     select_ln18_9_loc_reg_1322     |    1   |
|      select_ln18_loc_reg_1370      |    6   |
|           smax1_reg_2037           |   31   |
|            smax_reg_2032           |   31   |
|          sub_ln17_reg_1928         |    3   |
|     window_dest_addr_1_reg_1884    |    4   |
|     window_dest_addr_2_reg_1890    |    4   |
|     window_dest_addr_3_reg_1895    |    4   |
|     window_dest_addr_4_reg_1900    |    4   |
|     window_dest_addr_5_reg_1905    |    4   |
|     window_dest_addr_6_reg_1910    |    4   |
|     window_dest_addr_7_reg_1916    |    4   |
|     window_dest_addr_8_reg_1922    |    4   |
|      window_dest_addr_reg_1878     |    4   |
|     window_dest_load_1_reg_1997    |    6   |
|     window_dest_load_2_reg_2027    |    6   |
|     window_dest_load_3_reg_2067    |    6   |
|     window_dest_load_4_reg_2097    |    6   |
|     window_dest_load_5_reg_2137    |    6   |
|     window_dest_load_6_reg_2167    |    6   |
|     window_dest_load_7_reg_2202    |    6   |
|     window_dest_load_8_reg_2232    |    6   |
|      window_dest_load_reg_1967     |    6   |
|      window_id_addr_1_reg_1834     |    4   |
|      window_id_addr_2_reg_1840     |    4   |
|      window_id_addr_3_reg_1845     |    4   |
|      window_id_addr_4_reg_1850     |    4   |
|      window_id_addr_5_reg_1855     |    4   |
|      window_id_addr_6_reg_1860     |    4   |
|      window_id_addr_7_reg_1866     |    4   |
|      window_id_addr_8_reg_1872     |    4   |
|       window_id_addr_reg_1828      |    4   |
|      window_id_load_1_reg_1992     |    5   |
|      window_id_load_2_reg_2022     |    5   |
|      window_id_load_3_reg_2062     |    5   |
|      window_id_load_4_reg_2092     |    5   |
|      window_id_load_5_reg_2132     |    5   |
|      window_id_load_6_reg_2162     |    5   |
|      window_id_load_7_reg_2197     |    5   |
|      window_id_load_8_reg_2227     |    5   |
|       window_id_load_reg_1962      |    5   |
|     window_keep_addr_1_reg_1634    |    4   |
|     window_keep_addr_2_reg_1640    |    4   |
|     window_keep_addr_3_reg_1645    |    4   |
|     window_keep_addr_4_reg_1650    |    4   |
|     window_keep_addr_5_reg_1655    |    4   |
|     window_keep_addr_6_reg_1660    |    4   |
|     window_keep_addr_7_reg_1666    |    4   |
|     window_keep_addr_8_reg_1672    |    4   |
|      window_keep_addr_reg_1628     |    4   |
|     window_keep_load_1_reg_1972    |    4   |
|     window_keep_load_2_reg_2002    |    4   |
|     window_keep_load_3_reg_2042    |    4   |
|     window_keep_load_4_reg_2072    |    4   |
|     window_keep_load_5_reg_2112    |    4   |
|     window_keep_load_6_reg_2142    |    4   |
|     window_keep_load_7_reg_2177    |    4   |
|     window_keep_load_8_reg_2207    |    4   |
|      window_keep_load_reg_1942     |    4   |
|     window_last_addr_1_reg_1784    |    4   |
|     window_last_addr_2_reg_1790    |    4   |
|     window_last_addr_3_reg_1795    |    4   |
|     window_last_addr_4_reg_1800    |    4   |
|     window_last_addr_5_reg_1805    |    4   |
|     window_last_addr_6_reg_1810    |    4   |
|     window_last_addr_7_reg_1816    |    4   |
|     window_last_addr_8_reg_1822    |    4   |
|      window_last_addr_reg_1778     |    4   |
|     window_last_load_1_reg_1987    |    1   |
|     window_last_load_2_reg_2017    |    1   |
|     window_last_load_3_reg_2057    |    1   |
|     window_last_load_4_reg_2087    |    1   |
|     window_last_load_5_reg_2127    |    1   |
|     window_last_load_6_reg_2157    |    1   |
|     window_last_load_7_reg_2192    |    1   |
|     window_last_load_8_reg_2222    |    1   |
|      window_last_load_reg_1957     |    1   |
|     window_strb_addr_1_reg_1684    |    4   |
|     window_strb_addr_2_reg_1690    |    4   |
|     window_strb_addr_3_reg_1695    |    4   |
|     window_strb_addr_4_reg_1700    |    4   |
|     window_strb_addr_5_reg_1705    |    4   |
|     window_strb_addr_6_reg_1710    |    4   |
|     window_strb_addr_7_reg_1716    |    4   |
|     window_strb_addr_8_reg_1722    |    4   |
|      window_strb_addr_reg_1678     |    4   |
|     window_strb_load_1_reg_1977    |    4   |
|     window_strb_load_2_reg_2007    |    4   |
|     window_strb_load_3_reg_2047    |    4   |
|     window_strb_load_4_reg_2077    |    4   |
|     window_strb_load_5_reg_2117    |    4   |
|     window_strb_load_6_reg_2147    |    4   |
|     window_strb_load_7_reg_2182    |    4   |
|     window_strb_load_8_reg_2212    |    4   |
|      window_strb_load_reg_1947     |    4   |
|     window_user_addr_1_reg_1734    |    4   |
|     window_user_addr_2_reg_1740    |    4   |
|     window_user_addr_3_reg_1745    |    4   |
|     window_user_addr_4_reg_1750    |    4   |
|     window_user_addr_5_reg_1755    |    4   |
|     window_user_addr_6_reg_1760    |    4   |
|     window_user_addr_7_reg_1766    |    4   |
|     window_user_addr_8_reg_1772    |    4   |
|      window_user_addr_reg_1728     |    4   |
|     window_user_load_1_reg_1982    |    2   |
|     window_user_load_2_reg_2012    |    2   |
|     window_user_load_3_reg_2052    |    2   |
|     window_user_load_4_reg_2082    |    2   |
|     window_user_load_5_reg_2122    |    2   |
|     window_user_load_6_reg_2152    |    2   |
|     window_user_load_7_reg_2187    |    2   |
|     window_user_load_8_reg_2217    |    2   |
|      window_user_load_reg_1952     |    2   |
|        zext_ln28_1_reg_2107        |   62   |
|         zext_ln28_reg_2102         |   62   |
+------------------------------------+--------+
|                Total               |   993  |
+------------------------------------+--------+

* Multiplexer (MUX) list: 
|------------------------------------------------------------------|------|------|------|--------||---------||---------||---------|
|                               Comp                               |  Pin | Size |  BW  | S x BW ||  Delay  ||    FF   ||   LUT   |
|------------------------------------------------------------------|------|------|------|--------||---------||---------||---------|
|                         grp_access_fu_792                        |  p0  |   7  |   4  |   28   ||    0    ||    37   |
|                         grp_access_fu_792                        |  p2  |   7  |   0  |    0   ||    0    ||    37   |
|                         grp_access_fu_797                        |  p0  |   7  |   4  |   28   ||    0    ||    37   |
|                         grp_access_fu_797                        |  p2  |   7  |   0  |    0   ||    0    ||    37   |
|                         grp_access_fu_802                        |  p0  |   7  |   4  |   28   ||    0    ||    37   |
|                         grp_access_fu_802                        |  p2  |   7  |   0  |    0   ||    0    ||    37   |
|                         grp_access_fu_807                        |  p0  |   7  |   4  |   28   ||    0    ||    37   |
|                         grp_access_fu_807                        |  p2  |   7  |   0  |    0   ||    0    ||    37   |
|                         grp_access_fu_812                        |  p0  |   7  |   4  |   28   ||    0    ||    37   |
|                         grp_access_fu_812                        |  p2  |   7  |   0  |    0   ||    0    ||    37   |
|                         grp_access_fu_817                        |  p0  |   7  |   4  |   28   ||    0    ||    37   |
|                         grp_access_fu_817                        |  p2  |   7  |   0  |    0   ||    0    ||    37   |
|                grp_sobel_filter_Pipeline_1_fu_846                |  p1  |   2  |   3  |    6   ||    0    ||    9    |
| grp_sobel_filter_Pipeline_VITIS_LOOP_18_1_VITIS_LOOP_19_2_fu_857 |  p13 |   2  |   6  |   12   ||    0    ||    9    |
| grp_sobel_filter_Pipeline_VITIS_LOOP_18_1_VITIS_LOOP_19_2_fu_857 |  p14 |   2  |   5  |   10   ||    0    ||    9    |
| grp_sobel_filter_Pipeline_VITIS_LOOP_18_1_VITIS_LOOP_19_2_fu_857 |  p15 |   2  |   1  |    2   ||    0    ||    9    |
| grp_sobel_filter_Pipeline_VITIS_LOOP_18_1_VITIS_LOOP_19_2_fu_857 |  p16 |   2  |   2  |    4   ||    0    ||    9    |
| grp_sobel_filter_Pipeline_VITIS_LOOP_18_1_VITIS_LOOP_19_2_fu_857 |  p17 |   2  |   4  |    8   ||    0    ||    9    |
| grp_sobel_filter_Pipeline_VITIS_LOOP_18_1_VITIS_LOOP_19_2_fu_857 |  p18 |   2  |   4  |    8   ||    0    ||    9    |
| grp_sobel_filter_Pipeline_VITIS_LOOP_18_1_VITIS_LOOP_19_2_fu_857 |  p19 |   2  |   6  |   12   ||    0    ||    9    |
| grp_sobel_filter_Pipeline_VITIS_LOOP_18_1_VITIS_LOOP_19_2_fu_857 |  p20 |   2  |   5  |   10   ||    0    ||    9    |
| grp_sobel_filter_Pipeline_VITIS_LOOP_18_1_VITIS_LOOP_19_2_fu_857 |  p21 |   2  |   1  |    2   ||    0    ||    9    |
| grp_sobel_filter_Pipeline_VITIS_LOOP_18_1_VITIS_LOOP_19_2_fu_857 |  p22 |   2  |   2  |    4   ||    0    ||    9    |
| grp_sobel_filter_Pipeline_VITIS_LOOP_18_1_VITIS_LOOP_19_2_fu_857 |  p23 |   2  |   4  |    8   ||    0    ||    9    |
| grp_sobel_filter_Pipeline_VITIS_LOOP_18_1_VITIS_LOOP_19_2_fu_857 |  p24 |   2  |   4  |    8   ||    0    ||    9    |
|                            grp_fu_1011                           |  p0  |   2  |  31  |   62   ||    0    ||    9    |
|                            grp_fu_1011                           |  p1  |   2  |  31  |   62   ||    0    ||    9    |
|------------------------------------------------------------------|------|------|------|--------||---------||---------||---------|
|                               Total                              |      |      |      |   386  ||  50.034 ||    0    ||   579   |
|------------------------------------------------------------------|------|------|------|--------||---------||---------||---------|



* Summary:
+-----------+--------+--------+--------+--------+--------+--------+
|           |  BRAM  |   DSP  |  Delay |   FF   |   LUT  |  URAM  |
+-----------+--------+--------+--------+--------+--------+--------+
|  Function |    -   |    4   |    -   |  1217  |  1429  |    -   |
|   Memory  |    0   |    -   |    -   |   44   |    6   |    0   |
|Multiplexer|    -   |    -   |   50   |    0   |   579  |    -   |
|  Register |    -   |    -   |    -   |   993  |    -   |    -   |
+-----------+--------+--------+--------+--------+--------+--------+
|   Total   |    0   |    4   |   50   |  2254  |  2014  |    0   |
+-----------+--------+--------+--------+--------+--------+--------+
