
*** Running vivado
    with args -log Design_1_smartconnect_0_0.vds -m64 -product Vivado -mode batch -messageDb vivado.pb -notrace -source Design_1_smartconnect_0_0.tcl


INFO: [Common 17-3922] A valid Vivado Design Suite BASIC license has been detected. Your current license is active and will expire on 22-aug-2027.
#-----------------------------------------------------------
# Vivado v2026.1 (64-bit)
# SW Build 6511674 on Tue Jun 16 11:02:23 MDT 2026
# IP Build 6504888 on Tue Jun 09 09:05:25 MDT 2026
# SharedData Build 6501428 on Mon Jun 08 17:34:18 MDT 2026
# Start of session at: Wed Sep 23 16:23:48 2026
# Process ID         : 26528
# Current directory  : C:/F.A.L.C.O.N/Vivado_WS/Gaussian_Filter_Project/Gaussian_Filter_Project.runs/Design_1_smartconnect_0_0_synth_1
# Command line       : vivado.exe -log Design_1_smartconnect_0_0.vds -product Vivado -mode batch -messageDb vivado.pb -notrace -source Design_1_smartconnect_0_0.tcl
# Log file           : C:/F.A.L.C.O.N/Vivado_WS/Gaussian_Filter_Project/Gaussian_Filter_Project.runs/Design_1_smartconnect_0_0_synth_1/Design_1_smartconnect_0_0.vds
# Journal file       : C:/F.A.L.C.O.N/Vivado_WS/Gaussian_Filter_Project/Gaussian_Filter_Project.runs/Design_1_smartconnect_0_0_synth_1\vivado.jou
# Running On         : DESKTOP-55UAODO
# Platform           : Windows 11
# Operating System   : 26200
# Processor Detail   : 13th Gen Intel(R) Core(TM) i5-13450HX
# CPU Frequency      : 2611 MHz
# CPU Physical cores : 10
# CPU Logical cores  : 16
# Host memory        : 16849 MB
# Swap memory        : 28991 MB
# Total Virtual      : 45840 MB
# Available Virtual  : 26966 MB
#-----------------------------------------------------------

****** Vivado v2026.1 (64-bit)
  **** SW Build 6511674 on Tue Jun 16 11:02:23 MDT 2026
  **** IP Build 6504888 on Tue Jun 09 09:05:25 MDT 2026
  **** SharedData Build 6501428 on Mon Jun 08 17:34:18 MDT 2026
  **** Start of session at: Wed Sep 23 16:23:48 2026
    ** Copyright 1986-2022 Xilinx, Inc. All Rights Reserved.
    ** Copyright 2022-2026 Advanced Micro Devices, Inc. All Rights Reserved.

source Design_1_smartconnect_0_0.tcl -notrace
create_project: Time (s): cpu = 00:00:15 ; elapsed = 00:00:16 . Memory (MB): peak = 582.629 ; gain = 264.840
INFO: [IP_Flow 19-234] Refreshing IP repositories
INFO: [IP_Flow 19-1700] Loaded user IP repository 'c:/F.A.L.C.O.N/Vitis_WS/Gaussian_Filter_IP/Gaussian_Filter_IP'.
INFO: [IP_Flow 19-2313] Loaded Vivado IP repository 'C:/AMDDesignTools/2026.1/Vivado/data/ip'.
WARNING: [IP_Flow 19-4995] The host OS only allows 260 characters in a normal path. The IP cache path is more than 80 characters. If you experience issues with IP caching, please consider changing the IP cache to a location with a shorter path. Alternately consider using the OS subst command to map part of the path to a drive letter. 
Current IP cache path is c:/F.A.L.C.O.N/Vivado_WS/Gaussian_Filter_Project/Gaussian_Filter_Project.cache/ip 
Command: synth_design -top Design_1_smartconnect_0_0 -part xc7z020clg400-1 -incremental_mode off -mode out_of_context
Starting synth_design
Attempting to get a license for feature 'Vivado_Synthesis' and/or device 'xc7z020'
INFO: [Common 17-349] Got license for feature 'Vivado_Synthesis' and/or device 'xc7z020'
INFO: [Device 21-403] Loading part xc7z020clg400-1
INFO: [Designutils 20-5008] Incremental synthesis strategy off
INFO: [Synth 8-7079] Multithreading enabled for synth_design using a maximum of 2 processes.
INFO: [Synth 8-7078] Launching helper process for spawning children vivado processes
INFO: [Synth 8-7075] Helper process launched with PID 26824
---------------------------------------------------------------------------------
Starting RTL Elaboration : Time (s): cpu = 00:00:08 ; elapsed = 00:00:12 . Memory (MB): peak = 1431.484 ; gain = 578.273
---------------------------------------------------------------------------------
INFO: [Synth 8-6157] synthesizing module 'Design_1_smartconnect_0_0' [c:/F.A.L.C.O.N/Vivado_WS/Gaussian_Filter_Project/Gaussian_Filter_Project.gen/sources_1/bd/Design_1/ip/Design_1_smartconnect_0_0/synth/Design_1_smartconnect_0_0.v:53]
INFO: [Synth 8-6157] synthesizing module 'bd_2207' [c:/F.A.L.C.O.N/Vivado_WS/Gaussian_Filter_Project/Gaussian_Filter_Project.gen/sources_1/bd/Design_1/ip/Design_1_smartconnect_0_0/bd_0/synth/bd_2207.v:10]
INFO: [Synth 8-6157] synthesizing module 'clk_map_imp_DQNO0I' [c:/F.A.L.C.O.N/Vivado_WS/Gaussian_Filter_Project/Gaussian_Filter_Project.gen/sources_1/bd/Design_1/ip/Design_1_smartconnect_0_0/bd_0/synth/bd_2207.v:1174]
INFO: [Synth 8-638] synthesizing module 'bd_2207_psr_aclk_0' [c:/F.A.L.C.O.N/Vivado_WS/Gaussian_Filter_Project/Gaussian_Filter_Project.gen/sources_1/bd/Design_1/ip/Design_1_smartconnect_0_0/bd_0/ip/ip_1/synth/bd_2207_psr_aclk_0.vhd:74]
	Parameter C_FAMILY bound to: zynq - type: string 
	Parameter C_EXT_RST_WIDTH bound to: 4 - type: integer 
	Parameter C_AUX_RST_WIDTH bound to: 1 - type: integer 
	Parameter C_EXT_RESET_HIGH bound to: 1'b0 
	Parameter C_AUX_RESET_HIGH bound to: 1'b0 
	Parameter C_NUM_BUS_RST bound to: 1 - type: integer 
	Parameter C_NUM_PERP_RST bound to: 1 - type: integer 
	Parameter C_NUM_INTERCONNECT_ARESETN bound to: 1 - type: integer 
	Parameter C_NUM_PERP_ARESETN bound to: 1 - type: integer 
INFO: [Synth 8-3491] module 'proc_sys_reset' declared at 'c:/F.A.L.C.O.N/Vivado_WS/Gaussian_Filter_Project/Gaussian_Filter_Project.gen/sources_1/bd/Design_1/ipshared/9438/hdl/proc_sys_reset_v5_0_rfs.vhd:1243' bound to instance 'U0' of component 'proc_sys_reset' [c:/F.A.L.C.O.N/Vivado_WS/Gaussian_Filter_Project/Gaussian_Filter_Project.gen/sources_1/bd/Design_1/ip/Design_1_smartconnect_0_0/bd_0/ip/ip_1/synth/bd_2207_psr_aclk_0.vhd:139]
INFO: [Synth 8-638] synthesizing module 'proc_sys_reset' [c:/F.A.L.C.O.N/Vivado_WS/Gaussian_Filter_Project/Gaussian_Filter_Project.gen/sources_1/bd/Design_1/ipshared/9438/hdl/proc_sys_reset_v5_0_rfs.vhd:1302]
	Parameter INIT bound to: 1'b1 
INFO: [Synth 8-113] binding component instance 'FDRE_inst' to cell 'FDRE' [c:/F.A.L.C.O.N/Vivado_WS/Gaussian_Filter_Project/Gaussian_Filter_Project.gen/sources_1/bd/Design_1/ipshared/9438/hdl/proc_sys_reset_v5_0_rfs.vhd:1371]
	Parameter INIT bound to: 1'b1 
INFO: [Synth 8-113] binding component instance 'FDRE_BSR' to cell 'FDRE' [c:/F.A.L.C.O.N/Vivado_WS/Gaussian_Filter_Project/Gaussian_Filter_Project.gen/sources_1/bd/Design_1/ipshared/9438/hdl/proc_sys_reset_v5_0_rfs.vhd:1387]
	Parameter INIT bound to: 1'b0 
INFO: [Synth 8-113] binding component instance 'FDRE_BSR_N' to cell 'FDRE' [c:/F.A.L.C.O.N/Vivado_WS/Gaussian_Filter_Project/Gaussian_Filter_Project.gen/sources_1/bd/Design_1/ipshared/9438/hdl/proc_sys_reset_v5_0_rfs.vhd:1413]
	Parameter INIT bound to: 1'b1 
INFO: [Synth 8-113] binding component instance 'FDRE_PER' to cell 'FDRE' [c:/F.A.L.C.O.N/Vivado_WS/Gaussian_Filter_Project/Gaussian_Filter_Project.gen/sources_1/bd/Design_1/ipshared/9438/hdl/proc_sys_reset_v5_0_rfs.vhd:1436]
	Parameter INIT bound to: 1'b0 
INFO: [Synth 8-113] binding component instance 'FDRE_PER_N' to cell 'FDRE' [c:/F.A.L.C.O.N/Vivado_WS/Gaussian_Filter_Project/Gaussian_Filter_Project.gen/sources_1/bd/Design_1/ipshared/9438/hdl/proc_sys_reset_v5_0_rfs.vhd:1460]
INFO: [Synth 8-638] synthesizing module 'lpf' [c:/F.A.L.C.O.N/Vivado_WS/Gaussian_Filter_Project/Gaussian_Filter_Project.gen/sources_1/bd/Design_1/ipshared/9438/hdl/proc_sys_reset_v5_0_rfs.vhd:821]
INFO: [Synth 8-3491] module 'SRL16' declared at 'C:/AMDDesignTools/2026.1/Vivado/scripts/rt/data/unisim_comp.v:170733' bound to instance 'POR_SRL_I' of component 'SRL16' [c:/F.A.L.C.O.N/Vivado_WS/Gaussian_Filter_Project/Gaussian_Filter_Project.gen/sources_1/bd/Design_1/ipshared/9438/hdl/proc_sys_reset_v5_0_rfs.vhd:873]
INFO: [Synth 8-6157] synthesizing module 'SRL16' [C:/AMDDesignTools/2026.1/Vivado/scripts/rt/data/unisim_comp.v:170733]
INFO: [Synth 8-6155] done synthesizing module 'SRL16' (0#1) [C:/AMDDesignTools/2026.1/Vivado/scripts/rt/data/unisim_comp.v:170733]
	Parameter DEST_SYNC_FF bound to: 4 - type: integer 
	Parameter INIT_SYNC_FF bound to: 0 - type: integer 
	Parameter SIM_ASSERT_CHK bound to: 0 - type: integer 
	Parameter SRC_INPUT_REG bound to: 0 - type: integer 
INFO: [Synth 8-3491] module 'xpm_cdc_single' declared at 'C:/AMDDesignTools/2026.1/Vivado/data/ip/xpm/xpm_cdc/hdl/xpm_cdc.sv:152' bound to instance 'ACT_LO_EXT' of component 'xpm_cdc_single' [c:/F.A.L.C.O.N/Vivado_WS/Gaussian_Filter_Project/Gaussian_Filter_Project.gen/sources_1/bd/Design_1/ipshared/9438/hdl/proc_sys_reset_v5_0_rfs.vhd:968]
INFO: [Synth 8-6157] synthesizing module 'xpm_cdc_single' [C:/AMDDesignTools/2026.1/Vivado/data/ip/xpm/xpm_cdc/hdl/xpm_cdc.sv:152]
INFO: [Synth 8-6155] done synthesizing module 'xpm_cdc_single' (0#1) [C:/AMDDesignTools/2026.1/Vivado/data/ip/xpm/xpm_cdc/hdl/xpm_cdc.sv:152]
	Parameter DEST_SYNC_FF bound to: 4 - type: integer 
	Parameter INIT_SYNC_FF bound to: 0 - type: integer 
	Parameter SIM_ASSERT_CHK bound to: 0 - type: integer 
	Parameter SRC_INPUT_REG bound to: 0 - type: integer 
INFO: [Synth 8-3491] module 'xpm_cdc_single' declared at 'C:/AMDDesignTools/2026.1/Vivado/data/ip/xpm/xpm_cdc/hdl/xpm_cdc.sv:152' bound to instance 'ACT_LO_AUX' of component 'xpm_cdc_single' [c:/F.A.L.C.O.N/Vivado_WS/Gaussian_Filter_Project/Gaussian_Filter_Project.gen/sources_1/bd/Design_1/ipshared/9438/hdl/proc_sys_reset_v5_0_rfs.vhd:1015]
INFO: [Synth 8-256] done synthesizing module 'lpf' (0#1) [c:/F.A.L.C.O.N/Vivado_WS/Gaussian_Filter_Project/Gaussian_Filter_Project.gen/sources_1/bd/Design_1/ipshared/9438/hdl/proc_sys_reset_v5_0_rfs.vhd:821]
INFO: [Synth 8-638] synthesizing module 'sequence_psr' [c:/F.A.L.C.O.N/Vivado_WS/Gaussian_Filter_Project/Gaussian_Filter_Project.gen/sources_1/bd/Design_1/ipshared/9438/hdl/proc_sys_reset_v5_0_rfs.vhd:304]
INFO: [Synth 8-638] synthesizing module 'upcnt_n' [c:/F.A.L.C.O.N/Vivado_WS/Gaussian_Filter_Project/Gaussian_Filter_Project.gen/sources_1/bd/Design_1/ipshared/9438/hdl/proc_sys_reset_v5_0_rfs.vhd:126]
INFO: [Synth 8-256] done synthesizing module 'upcnt_n' (0#1) [c:/F.A.L.C.O.N/Vivado_WS/Gaussian_Filter_Project/Gaussian_Filter_Project.gen/sources_1/bd/Design_1/ipshared/9438/hdl/proc_sys_reset_v5_0_rfs.vhd:126]
INFO: [Synth 8-256] done synthesizing module 'sequence_psr' (0#1) [c:/F.A.L.C.O.N/Vivado_WS/Gaussian_Filter_Project/Gaussian_Filter_Project.gen/sources_1/bd/Design_1/ipshared/9438/hdl/proc_sys_reset_v5_0_rfs.vhd:304]
INFO: [Synth 8-256] done synthesizing module 'proc_sys_reset' (0#1) [c:/F.A.L.C.O.N/Vivado_WS/Gaussian_Filter_Project/Gaussian_Filter_Project.gen/sources_1/bd/Design_1/ipshared/9438/hdl/proc_sys_reset_v5_0_rfs.vhd:1302]
INFO: [Synth 8-256] done synthesizing module 'bd_2207_psr_aclk_0' (0#1) [c:/F.A.L.C.O.N/Vivado_WS/Gaussian_Filter_Project/Gaussian_Filter_Project.gen/sources_1/bd/Design_1/ip/Design_1_smartconnect_0_0/bd_0/ip/ip_1/synth/bd_2207_psr_aclk_0.vhd:74]
WARNING: [Synth 8-7071] port 'mb_reset' of module 'bd_2207_psr_aclk_0' is unconnected for instance 'psr_aclk' [c:/F.A.L.C.O.N/Vivado_WS/Gaussian_Filter_Project/Gaussian_Filter_Project.gen/sources_1/bd/Design_1/ip/Design_1_smartconnect_0_0/bd_0/synth/bd_2207.v:1211]
WARNING: [Synth 8-7071] port 'bus_struct_reset' of module 'bd_2207_psr_aclk_0' is unconnected for instance 'psr_aclk' [c:/F.A.L.C.O.N/Vivado_WS/Gaussian_Filter_Project/Gaussian_Filter_Project.gen/sources_1/bd/Design_1/ip/Design_1_smartconnect_0_0/bd_0/synth/bd_2207.v:1211]
WARNING: [Synth 8-7071] port 'peripheral_reset' of module 'bd_2207_psr_aclk_0' is unconnected for instance 'psr_aclk' [c:/F.A.L.C.O.N/Vivado_WS/Gaussian_Filter_Project/Gaussian_Filter_Project.gen/sources_1/bd/Design_1/ip/Design_1_smartconnect_0_0/bd_0/synth/bd_2207.v:1211]
WARNING: [Synth 8-7071] port 'peripheral_aresetn' of module 'bd_2207_psr_aclk_0' is unconnected for instance 'psr_aclk' [c:/F.A.L.C.O.N/Vivado_WS/Gaussian_Filter_Project/Gaussian_Filter_Project.gen/sources_1/bd/Design_1/ip/Design_1_smartconnect_0_0/bd_0/synth/bd_2207.v:1211]
WARNING: [Synth 8-7023] instance 'psr_aclk' of module 'bd_2207_psr_aclk_0' has 10 connections declared, but only 6 given [c:/F.A.L.C.O.N/Vivado_WS/Gaussian_Filter_Project/Gaussian_Filter_Project.gen/sources_1/bd/Design_1/ip/Design_1_smartconnect_0_0/bd_0/synth/bd_2207.v:1211]
INFO: [Synth 8-6155] done synthesizing module 'clk_map_imp_DQNO0I' (0#1) [c:/F.A.L.C.O.N/Vivado_WS/Gaussian_Filter_Project/Gaussian_Filter_Project.gen/sources_1/bd/Design_1/ip/Design_1_smartconnect_0_0/bd_0/synth/bd_2207.v:1174]
INFO: [Synth 8-6157] synthesizing module 'm00_exit_pipeline_imp_1JTEBUX' [c:/F.A.L.C.O.N/Vivado_WS/Gaussian_Filter_Project/Gaussian_Filter_Project.gen/sources_1/bd/Design_1/ip/Design_1_smartconnect_0_0/bd_0/synth/bd_2207.v:1462]
INFO: [Synth 8-6157] synthesizing module 'bd_2207_m00e_0' [c:/F.A.L.C.O.N/Vivado_WS/Gaussian_Filter_Project/Gaussian_Filter_Project.gen/sources_1/bd/Design_1/ip/Design_1_smartconnect_0_0/bd_0/ip/ip_32/synth/bd_2207_m00e_0.sv:53]
INFO: [Synth 8-6157] synthesizing module 'xpm_cdc_async_rst' [C:/AMDDesignTools/2026.1/Vivado/data/ip/xpm/xpm_cdc/hdl/xpm_cdc.sv:1175]
INFO: [Synth 8-6155] done synthesizing module 'xpm_cdc_async_rst' (0#1) [C:/AMDDesignTools/2026.1/Vivado/data/ip/xpm/xpm_cdc/hdl/xpm_cdc.sv:1175]
INFO: [Synth 8-6155] done synthesizing module 'bd_2207_m00e_0' (0#1) [c:/F.A.L.C.O.N/Vivado_WS/Gaussian_Filter_Project/Gaussian_Filter_Project.gen/sources_1/bd/Design_1/ip/Design_1_smartconnect_0_0/bd_0/ip/ip_32/synth/bd_2207_m00e_0.sv:53]
INFO: [Synth 8-6155] done synthesizing module 'm00_exit_pipeline_imp_1JTEBUX' (0#1) [c:/F.A.L.C.O.N/Vivado_WS/Gaussian_Filter_Project/Gaussian_Filter_Project.gen/sources_1/bd/Design_1/ip/Design_1_smartconnect_0_0/bd_0/synth/bd_2207.v:1462]
INFO: [Synth 8-6157] synthesizing module 'm00_nodes_imp_16HIIZP' [c:/F.A.L.C.O.N/Vivado_WS/Gaussian_Filter_Project/Gaussian_Filter_Project.gen/sources_1/bd/Design_1/ip/Design_1_smartconnect_0_0/bd_0/synth/bd_2207.v:1704]
INFO: [Synth 8-6157] synthesizing module 'bd_2207_m00arn_0' [c:/F.A.L.C.O.N/Vivado_WS/Gaussian_Filter_Project/Gaussian_Filter_Project.gen/sources_1/bd/Design_1/ip/Design_1_smartconnect_0_0/bd_0/ip/ip_27/synth/bd_2207_m00arn_0.sv:53]
INFO: [Synth 8-6155] done synthesizing module 'bd_2207_m00arn_0' (0#1) [c:/F.A.L.C.O.N/Vivado_WS/Gaussian_Filter_Project/Gaussian_Filter_Project.gen/sources_1/bd/Design_1/ip/Design_1_smartconnect_0_0/bd_0/ip/ip_27/synth/bd_2207_m00arn_0.sv:53]
INFO: [Synth 8-6157] synthesizing module 'bd_2207_m00awn_0' [c:/F.A.L.C.O.N/Vivado_WS/Gaussian_Filter_Project/Gaussian_Filter_Project.gen/sources_1/bd/Design_1/ip/Design_1_smartconnect_0_0/bd_0/ip/ip_29/synth/bd_2207_m00awn_0.sv:53]
INFO: [Synth 8-6155] done synthesizing module 'bd_2207_m00awn_0' (0#1) [c:/F.A.L.C.O.N/Vivado_WS/Gaussian_Filter_Project/Gaussian_Filter_Project.gen/sources_1/bd/Design_1/ip/Design_1_smartconnect_0_0/bd_0/ip/ip_29/synth/bd_2207_m00awn_0.sv:53]
INFO: [Synth 8-6157] synthesizing module 'bd_2207_m00bn_0' [c:/F.A.L.C.O.N/Vivado_WS/Gaussian_Filter_Project/Gaussian_Filter_Project.gen/sources_1/bd/Design_1/ip/Design_1_smartconnect_0_0/bd_0/ip/ip_31/synth/bd_2207_m00bn_0.sv:53]
INFO: [Synth 8-6155] done synthesizing module 'bd_2207_m00bn_0' (0#1) [c:/F.A.L.C.O.N/Vivado_WS/Gaussian_Filter_Project/Gaussian_Filter_Project.gen/sources_1/bd/Design_1/ip/Design_1_smartconnect_0_0/bd_0/ip/ip_31/synth/bd_2207_m00bn_0.sv:53]
INFO: [Synth 8-6157] synthesizing module 'bd_2207_m00rn_0' [c:/F.A.L.C.O.N/Vivado_WS/Gaussian_Filter_Project/Gaussian_Filter_Project.gen/sources_1/bd/Design_1/ip/Design_1_smartconnect_0_0/bd_0/ip/ip_28/synth/bd_2207_m00rn_0.sv:53]
INFO: [Synth 8-6155] done synthesizing module 'bd_2207_m00rn_0' (0#1) [c:/F.A.L.C.O.N/Vivado_WS/Gaussian_Filter_Project/Gaussian_Filter_Project.gen/sources_1/bd/Design_1/ip/Design_1_smartconnect_0_0/bd_0/ip/ip_28/synth/bd_2207_m00rn_0.sv:53]
INFO: [Synth 8-6157] synthesizing module 'bd_2207_m00wn_0' [c:/F.A.L.C.O.N/Vivado_WS/Gaussian_Filter_Project/Gaussian_Filter_Project.gen/sources_1/bd/Design_1/ip/Design_1_smartconnect_0_0/bd_0/ip/ip_30/synth/bd_2207_m00wn_0.sv:53]
INFO: [Synth 8-6155] done synthesizing module 'bd_2207_m00wn_0' (0#1) [c:/F.A.L.C.O.N/Vivado_WS/Gaussian_Filter_Project/Gaussian_Filter_Project.gen/sources_1/bd/Design_1/ip/Design_1_smartconnect_0_0/bd_0/ip/ip_30/synth/bd_2207_m00wn_0.sv:53]
INFO: [Synth 8-6155] done synthesizing module 'm00_nodes_imp_16HIIZP' (0#1) [c:/F.A.L.C.O.N/Vivado_WS/Gaussian_Filter_Project/Gaussian_Filter_Project.gen/sources_1/bd/Design_1/ip/Design_1_smartconnect_0_0/bd_0/synth/bd_2207.v:1704]
INFO: [Synth 8-6157] synthesizing module 'bd_2207_m00s2a_0' [c:/F.A.L.C.O.N/Vivado_WS/Gaussian_Filter_Project/Gaussian_Filter_Project.gen/sources_1/bd/Design_1/ip/Design_1_smartconnect_0_0/bd_0/ip/ip_26/synth/bd_2207_m00s2a_0.sv:53]
INFO: [Synth 8-6155] done synthesizing module 'bd_2207_m00s2a_0' (0#1) [c:/F.A.L.C.O.N/Vivado_WS/Gaussian_Filter_Project/Gaussian_Filter_Project.gen/sources_1/bd/Design_1/ip/Design_1_smartconnect_0_0/bd_0/ip/ip_26/synth/bd_2207_m00s2a_0.sv:53]
INFO: [Synth 8-6157] synthesizing module 'm01_exit_pipeline_imp_1PLLRNT' [c:/F.A.L.C.O.N/Vivado_WS/Gaussian_Filter_Project/Gaussian_Filter_Project.gen/sources_1/bd/Design_1/ip/Design_1_smartconnect_0_0/bd_0/synth/bd_2207.v:1946]
INFO: [Synth 8-6157] synthesizing module 'bd_2207_m01e_0' [c:/F.A.L.C.O.N/Vivado_WS/Gaussian_Filter_Project/Gaussian_Filter_Project.gen/sources_1/bd/Design_1/ip/Design_1_smartconnect_0_0/bd_0/ip/ip_39/synth/bd_2207_m01e_0.sv:53]
INFO: [Synth 8-6155] done synthesizing module 'bd_2207_m01e_0' (0#1) [c:/F.A.L.C.O.N/Vivado_WS/Gaussian_Filter_Project/Gaussian_Filter_Project.gen/sources_1/bd/Design_1/ip/Design_1_smartconnect_0_0/bd_0/ip/ip_39/synth/bd_2207_m01e_0.sv:53]
INFO: [Synth 8-6155] done synthesizing module 'm01_exit_pipeline_imp_1PLLRNT' (0#1) [c:/F.A.L.C.O.N/Vivado_WS/Gaussian_Filter_Project/Gaussian_Filter_Project.gen/sources_1/bd/Design_1/ip/Design_1_smartconnect_0_0/bd_0/synth/bd_2207.v:1946]
INFO: [Synth 8-6157] synthesizing module 'm01_nodes_imp_14L2OJ' [c:/F.A.L.C.O.N/Vivado_WS/Gaussian_Filter_Project/Gaussian_Filter_Project.gen/sources_1/bd/Design_1/ip/Design_1_smartconnect_0_0/bd_0/synth/bd_2207.v:2188]
INFO: [Synth 8-6157] synthesizing module 'bd_2207_m01arn_0' [c:/F.A.L.C.O.N/Vivado_WS/Gaussian_Filter_Project/Gaussian_Filter_Project.gen/sources_1/bd/Design_1/ip/Design_1_smartconnect_0_0/bd_0/ip/ip_34/synth/bd_2207_m01arn_0.sv:53]
INFO: [Synth 8-6155] done synthesizing module 'bd_2207_m01arn_0' (0#1) [c:/F.A.L.C.O.N/Vivado_WS/Gaussian_Filter_Project/Gaussian_Filter_Project.gen/sources_1/bd/Design_1/ip/Design_1_smartconnect_0_0/bd_0/ip/ip_34/synth/bd_2207_m01arn_0.sv:53]
INFO: [Synth 8-6157] synthesizing module 'bd_2207_m01awn_0' [c:/F.A.L.C.O.N/Vivado_WS/Gaussian_Filter_Project/Gaussian_Filter_Project.gen/sources_1/bd/Design_1/ip/Design_1_smartconnect_0_0/bd_0/ip/ip_36/synth/bd_2207_m01awn_0.sv:53]
INFO: [Synth 8-6155] done synthesizing module 'bd_2207_m01awn_0' (0#1) [c:/F.A.L.C.O.N/Vivado_WS/Gaussian_Filter_Project/Gaussian_Filter_Project.gen/sources_1/bd/Design_1/ip/Design_1_smartconnect_0_0/bd_0/ip/ip_36/synth/bd_2207_m01awn_0.sv:53]
INFO: [Synth 8-6157] synthesizing module 'bd_2207_m01bn_0' [c:/F.A.L.C.O.N/Vivado_WS/Gaussian_Filter_Project/Gaussian_Filter_Project.gen/sources_1/bd/Design_1/ip/Design_1_smartconnect_0_0/bd_0/ip/ip_38/synth/bd_2207_m01bn_0.sv:53]
INFO: [Synth 8-6155] done synthesizing module 'bd_2207_m01bn_0' (0#1) [c:/F.A.L.C.O.N/Vivado_WS/Gaussian_Filter_Project/Gaussian_Filter_Project.gen/sources_1/bd/Design_1/ip/Design_1_smartconnect_0_0/bd_0/ip/ip_38/synth/bd_2207_m01bn_0.sv:53]
INFO: [Synth 8-6157] synthesizing module 'bd_2207_m01rn_0' [c:/F.A.L.C.O.N/Vivado_WS/Gaussian_Filter_Project/Gaussian_Filter_Project.gen/sources_1/bd/Design_1/ip/Design_1_smartconnect_0_0/bd_0/ip/ip_35/synth/bd_2207_m01rn_0.sv:53]
INFO: [Synth 8-6155] done synthesizing module 'bd_2207_m01rn_0' (0#1) [c:/F.A.L.C.O.N/Vivado_WS/Gaussian_Filter_Project/Gaussian_Filter_Project.gen/sources_1/bd/Design_1/ip/Design_1_smartconnect_0_0/bd_0/ip/ip_35/synth/bd_2207_m01rn_0.sv:53]
INFO: [Synth 8-6157] synthesizing module 'bd_2207_m01wn_0' [c:/F.A.L.C.O.N/Vivado_WS/Gaussian_Filter_Project/Gaussian_Filter_Project.gen/sources_1/bd/Design_1/ip/Design_1_smartconnect_0_0/bd_0/ip/ip_37/synth/bd_2207_m01wn_0.sv:53]
INFO: [Synth 8-6155] done synthesizing module 'bd_2207_m01wn_0' (0#1) [c:/F.A.L.C.O.N/Vivado_WS/Gaussian_Filter_Project/Gaussian_Filter_Project.gen/sources_1/bd/Design_1/ip/Design_1_smartconnect_0_0/bd_0/ip/ip_37/synth/bd_2207_m01wn_0.sv:53]
INFO: [Synth 8-6155] done synthesizing module 'm01_nodes_imp_14L2OJ' (0#1) [c:/F.A.L.C.O.N/Vivado_WS/Gaussian_Filter_Project/Gaussian_Filter_Project.gen/sources_1/bd/Design_1/ip/Design_1_smartconnect_0_0/bd_0/synth/bd_2207.v:2188]
INFO: [Synth 8-6157] synthesizing module 'bd_2207_m01s2a_0' [c:/F.A.L.C.O.N/Vivado_WS/Gaussian_Filter_Project/Gaussian_Filter_Project.gen/sources_1/bd/Design_1/ip/Design_1_smartconnect_0_0/bd_0/ip/ip_33/synth/bd_2207_m01s2a_0.sv:53]
INFO: [Synth 8-6155] done synthesizing module 'bd_2207_m01s2a_0' (0#1) [c:/F.A.L.C.O.N/Vivado_WS/Gaussian_Filter_Project/Gaussian_Filter_Project.gen/sources_1/bd/Design_1/ip/Design_1_smartconnect_0_0/bd_0/ip/ip_33/synth/bd_2207_m01s2a_0.sv:53]
INFO: [Synth 8-6157] synthesizing module 'bd_2207_s00a2s_0' [c:/F.A.L.C.O.N/Vivado_WS/Gaussian_Filter_Project/Gaussian_Filter_Project.gen/sources_1/bd/Design_1/ip/Design_1_smartconnect_0_0/bd_0/ip/ip_20/synth/bd_2207_s00a2s_0.sv:53]
INFO: [Synth 8-6155] done synthesizing module 'bd_2207_s00a2s_0' (0#1) [c:/F.A.L.C.O.N/Vivado_WS/Gaussian_Filter_Project/Gaussian_Filter_Project.gen/sources_1/bd/Design_1/ip/Design_1_smartconnect_0_0/bd_0/ip/ip_20/synth/bd_2207_s00a2s_0.sv:53]
INFO: [Synth 8-6157] synthesizing module 's00_entry_pipeline_imp_KJAL56' [c:/F.A.L.C.O.N/Vivado_WS/Gaussian_Filter_Project/Gaussian_Filter_Project.gen/sources_1/bd/Design_1/ip/Design_1_smartconnect_0_0/bd_0/synth/bd_2207.v:2430]
INFO: [Synth 8-6157] synthesizing module 'bd_2207_s00mmu_0' [c:/F.A.L.C.O.N/Vivado_WS/Gaussian_Filter_Project/Gaussian_Filter_Project.gen/sources_1/bd/Design_1/ip/Design_1_smartconnect_0_0/bd_0/ip/ip_17/synth/bd_2207_s00mmu_0.sv:53]
INFO: [Synth 8-6155] done synthesizing module 'bd_2207_s00mmu_0' (0#1) [c:/F.A.L.C.O.N/Vivado_WS/Gaussian_Filter_Project/Gaussian_Filter_Project.gen/sources_1/bd/Design_1/ip/Design_1_smartconnect_0_0/bd_0/ip/ip_17/synth/bd_2207_s00mmu_0.sv:53]
INFO: [Synth 8-6157] synthesizing module 'bd_2207_s00sic_0' [c:/F.A.L.C.O.N/Vivado_WS/Gaussian_Filter_Project/Gaussian_Filter_Project.gen/sources_1/bd/Design_1/ip/Design_1_smartconnect_0_0/bd_0/ip/ip_19/synth/bd_2207_s00sic_0.sv:53]
INFO: [Synth 8-6155] done synthesizing module 'bd_2207_s00sic_0' (0#1) [c:/F.A.L.C.O.N/Vivado_WS/Gaussian_Filter_Project/Gaussian_Filter_Project.gen/sources_1/bd/Design_1/ip/Design_1_smartconnect_0_0/bd_0/ip/ip_19/synth/bd_2207_s00sic_0.sv:53]
INFO: [Synth 8-6157] synthesizing module 'bd_2207_s00tr_0' [c:/F.A.L.C.O.N/Vivado_WS/Gaussian_Filter_Project/Gaussian_Filter_Project.gen/sources_1/bd/Design_1/ip/Design_1_smartconnect_0_0/bd_0/ip/ip_18/synth/bd_2207_s00tr_0.sv:53]
INFO: [Synth 8-6155] done synthesizing module 'bd_2207_s00tr_0' (0#1) [c:/F.A.L.C.O.N/Vivado_WS/Gaussian_Filter_Project/Gaussian_Filter_Project.gen/sources_1/bd/Design_1/ip/Design_1_smartconnect_0_0/bd_0/ip/ip_18/synth/bd_2207_s00tr_0.sv:53]
INFO: [Synth 8-6155] done synthesizing module 's00_entry_pipeline_imp_KJAL56' (0#1) [c:/F.A.L.C.O.N/Vivado_WS/Gaussian_Filter_Project/Gaussian_Filter_Project.gen/sources_1/bd/Design_1/ip/Design_1_smartconnect_0_0/bd_0/synth/bd_2207.v:2430]
INFO: [Synth 8-6157] synthesizing module 's00_nodes_imp_QK6PAO' [c:/F.A.L.C.O.N/Vivado_WS/Gaussian_Filter_Project/Gaussian_Filter_Project.gen/sources_1/bd/Design_1/ip/Design_1_smartconnect_0_0/bd_0/synth/bd_2207.v:3006]
INFO: [Synth 8-6157] synthesizing module 'bd_2207_sarn_0' [c:/F.A.L.C.O.N/Vivado_WS/Gaussian_Filter_Project/Gaussian_Filter_Project.gen/sources_1/bd/Design_1/ip/Design_1_smartconnect_0_0/bd_0/ip/ip_21/synth/bd_2207_sarn_0.sv:53]
INFO: [Synth 8-6155] done synthesizing module 'bd_2207_sarn_0' (0#1) [c:/F.A.L.C.O.N/Vivado_WS/Gaussian_Filter_Project/Gaussian_Filter_Project.gen/sources_1/bd/Design_1/ip/Design_1_smartconnect_0_0/bd_0/ip/ip_21/synth/bd_2207_sarn_0.sv:53]
INFO: [Synth 8-6157] synthesizing module 'bd_2207_sawn_0' [c:/F.A.L.C.O.N/Vivado_WS/Gaussian_Filter_Project/Gaussian_Filter_Project.gen/sources_1/bd/Design_1/ip/Design_1_smartconnect_0_0/bd_0/ip/ip_23/synth/bd_2207_sawn_0.sv:53]
INFO: [Synth 8-6155] done synthesizing module 'bd_2207_sawn_0' (0#1) [c:/F.A.L.C.O.N/Vivado_WS/Gaussian_Filter_Project/Gaussian_Filter_Project.gen/sources_1/bd/Design_1/ip/Design_1_smartconnect_0_0/bd_0/ip/ip_23/synth/bd_2207_sawn_0.sv:53]
INFO: [Synth 8-6157] synthesizing module 'bd_2207_sbn_0' [c:/F.A.L.C.O.N/Vivado_WS/Gaussian_Filter_Project/Gaussian_Filter_Project.gen/sources_1/bd/Design_1/ip/Design_1_smartconnect_0_0/bd_0/ip/ip_25/synth/bd_2207_sbn_0.sv:53]
INFO: [Synth 8-6155] done synthesizing module 'bd_2207_sbn_0' (0#1) [c:/F.A.L.C.O.N/Vivado_WS/Gaussian_Filter_Project/Gaussian_Filter_Project.gen/sources_1/bd/Design_1/ip/Design_1_smartconnect_0_0/bd_0/ip/ip_25/synth/bd_2207_sbn_0.sv:53]
INFO: [Synth 8-6157] synthesizing module 'bd_2207_srn_0' [c:/F.A.L.C.O.N/Vivado_WS/Gaussian_Filter_Project/Gaussian_Filter_Project.gen/sources_1/bd/Design_1/ip/Design_1_smartconnect_0_0/bd_0/ip/ip_22/synth/bd_2207_srn_0.sv:53]
INFO: [Synth 8-6155] done synthesizing module 'bd_2207_srn_0' (0#1) [c:/F.A.L.C.O.N/Vivado_WS/Gaussian_Filter_Project/Gaussian_Filter_Project.gen/sources_1/bd/Design_1/ip/Design_1_smartconnect_0_0/bd_0/ip/ip_22/synth/bd_2207_srn_0.sv:53]
INFO: [Synth 8-6157] synthesizing module 'bd_2207_swn_0' [c:/F.A.L.C.O.N/Vivado_WS/Gaussian_Filter_Project/Gaussian_Filter_Project.gen/sources_1/bd/Design_1/ip/Design_1_smartconnect_0_0/bd_0/ip/ip_24/synth/bd_2207_swn_0.sv:53]
INFO: [Synth 8-6155] done synthesizing module 'bd_2207_swn_0' (0#1) [c:/F.A.L.C.O.N/Vivado_WS/Gaussian_Filter_Project/Gaussian_Filter_Project.gen/sources_1/bd/Design_1/ip/Design_1_smartconnect_0_0/bd_0/ip/ip_24/synth/bd_2207_swn_0.sv:53]
INFO: [Synth 8-6155] done synthesizing module 's00_nodes_imp_QK6PAO' (0#1) [c:/F.A.L.C.O.N/Vivado_WS/Gaussian_Filter_Project/Gaussian_Filter_Project.gen/sources_1/bd/Design_1/ip/Design_1_smartconnect_0_0/bd_0/synth/bd_2207.v:3006]
INFO: [Synth 8-6157] synthesizing module 'switchboards_imp_EIFTDW' [c:/F.A.L.C.O.N/Vivado_WS/Gaussian_Filter_Project/Gaussian_Filter_Project.gen/sources_1/bd/Design_1/ip/Design_1_smartconnect_0_0/bd_0/synth/bd_2207.v:3248]
INFO: [Synth 8-6157] synthesizing module 'bd_2207_arinsw_0' [c:/F.A.L.C.O.N/Vivado_WS/Gaussian_Filter_Project/Gaussian_Filter_Project.gen/sources_1/bd/Design_1/ip/Design_1_smartconnect_0_0/bd_0/ip/ip_2/synth/bd_2207_arinsw_0.sv:53]
INFO: [Synth 8-6155] done synthesizing module 'bd_2207_arinsw_0' (0#1) [c:/F.A.L.C.O.N/Vivado_WS/Gaussian_Filter_Project/Gaussian_Filter_Project.gen/sources_1/bd/Design_1/ip/Design_1_smartconnect_0_0/bd_0/ip/ip_2/synth/bd_2207_arinsw_0.sv:53]
INFO: [Synth 8-6157] synthesizing module 'bd_2207_aroutsw_0' [c:/F.A.L.C.O.N/Vivado_WS/Gaussian_Filter_Project/Gaussian_Filter_Project.gen/sources_1/bd/Design_1/ip/Design_1_smartconnect_0_0/bd_0/ip/ip_7/synth/bd_2207_aroutsw_0.sv:53]
INFO: [Synth 8-6155] done synthesizing module 'bd_2207_aroutsw_0' (0#1) [c:/F.A.L.C.O.N/Vivado_WS/Gaussian_Filter_Project/Gaussian_Filter_Project.gen/sources_1/bd/Design_1/ip/Design_1_smartconnect_0_0/bd_0/ip/ip_7/synth/bd_2207_aroutsw_0.sv:53]
INFO: [Synth 8-6157] synthesizing module 'bd_2207_awinsw_0' [c:/F.A.L.C.O.N/Vivado_WS/Gaussian_Filter_Project/Gaussian_Filter_Project.gen/sources_1/bd/Design_1/ip/Design_1_smartconnect_0_0/bd_0/ip/ip_4/synth/bd_2207_awinsw_0.sv:53]
INFO: [Synth 8-6155] done synthesizing module 'bd_2207_awinsw_0' (0#1) [c:/F.A.L.C.O.N/Vivado_WS/Gaussian_Filter_Project/Gaussian_Filter_Project.gen/sources_1/bd/Design_1/ip/Design_1_smartconnect_0_0/bd_0/ip/ip_4/synth/bd_2207_awinsw_0.sv:53]
INFO: [Synth 8-6157] synthesizing module 'bd_2207_awoutsw_0' [c:/F.A.L.C.O.N/Vivado_WS/Gaussian_Filter_Project/Gaussian_Filter_Project.gen/sources_1/bd/Design_1/ip/Design_1_smartconnect_0_0/bd_0/ip/ip_9/synth/bd_2207_awoutsw_0.sv:53]
INFO: [Synth 8-6155] done synthesizing module 'bd_2207_awoutsw_0' (0#1) [c:/F.A.L.C.O.N/Vivado_WS/Gaussian_Filter_Project/Gaussian_Filter_Project.gen/sources_1/bd/Design_1/ip/Design_1_smartconnect_0_0/bd_0/ip/ip_9/synth/bd_2207_awoutsw_0.sv:53]
INFO: [Synth 8-6157] synthesizing module 'bd_2207_binsw_0' [c:/F.A.L.C.O.N/Vivado_WS/Gaussian_Filter_Project/Gaussian_Filter_Project.gen/sources_1/bd/Design_1/ip/Design_1_smartconnect_0_0/bd_0/ip/ip_6/synth/bd_2207_binsw_0.sv:53]
INFO: [Synth 8-6155] done synthesizing module 'bd_2207_binsw_0' (0#1) [c:/F.A.L.C.O.N/Vivado_WS/Gaussian_Filter_Project/Gaussian_Filter_Project.gen/sources_1/bd/Design_1/ip/Design_1_smartconnect_0_0/bd_0/ip/ip_6/synth/bd_2207_binsw_0.sv:53]
INFO: [Synth 8-6157] synthesizing module 'bd_2207_boutsw_0' [c:/F.A.L.C.O.N/Vivado_WS/Gaussian_Filter_Project/Gaussian_Filter_Project.gen/sources_1/bd/Design_1/ip/Design_1_smartconnect_0_0/bd_0/ip/ip_11/synth/bd_2207_boutsw_0.sv:53]
INFO: [Synth 8-6155] done synthesizing module 'bd_2207_boutsw_0' (0#1) [c:/F.A.L.C.O.N/Vivado_WS/Gaussian_Filter_Project/Gaussian_Filter_Project.gen/sources_1/bd/Design_1/ip/Design_1_smartconnect_0_0/bd_0/ip/ip_11/synth/bd_2207_boutsw_0.sv:53]
INFO: [Synth 8-6157] synthesizing module 'i_nodes_imp_1UPH3UK' [c:/F.A.L.C.O.N/Vivado_WS/Gaussian_Filter_Project/Gaussian_Filter_Project.gen/sources_1/bd/Design_1/ip/Design_1_smartconnect_0_0/bd_0/synth/bd_2207.v:1220]
INFO: [Synth 8-6157] synthesizing module 'bd_2207_arni_0' [c:/F.A.L.C.O.N/Vivado_WS/Gaussian_Filter_Project/Gaussian_Filter_Project.gen/sources_1/bd/Design_1/ip/Design_1_smartconnect_0_0/bd_0/ip/ip_12/synth/bd_2207_arni_0.sv:53]
INFO: [Synth 8-6155] done synthesizing module 'bd_2207_arni_0' (0#1) [c:/F.A.L.C.O.N/Vivado_WS/Gaussian_Filter_Project/Gaussian_Filter_Project.gen/sources_1/bd/Design_1/ip/Design_1_smartconnect_0_0/bd_0/ip/ip_12/synth/bd_2207_arni_0.sv:53]
INFO: [Synth 8-6157] synthesizing module 'bd_2207_awni_0' [c:/F.A.L.C.O.N/Vivado_WS/Gaussian_Filter_Project/Gaussian_Filter_Project.gen/sources_1/bd/Design_1/ip/Design_1_smartconnect_0_0/bd_0/ip/ip_14/synth/bd_2207_awni_0.sv:53]
INFO: [Synth 8-6155] done synthesizing module 'bd_2207_awni_0' (0#1) [c:/F.A.L.C.O.N/Vivado_WS/Gaussian_Filter_Project/Gaussian_Filter_Project.gen/sources_1/bd/Design_1/ip/Design_1_smartconnect_0_0/bd_0/ip/ip_14/synth/bd_2207_awni_0.sv:53]
INFO: [Synth 8-6157] synthesizing module 'bd_2207_bni_0' [c:/F.A.L.C.O.N/Vivado_WS/Gaussian_Filter_Project/Gaussian_Filter_Project.gen/sources_1/bd/Design_1/ip/Design_1_smartconnect_0_0/bd_0/ip/ip_16/synth/bd_2207_bni_0.sv:53]
INFO: [Synth 8-6155] done synthesizing module 'bd_2207_bni_0' (0#1) [c:/F.A.L.C.O.N/Vivado_WS/Gaussian_Filter_Project/Gaussian_Filter_Project.gen/sources_1/bd/Design_1/ip/Design_1_smartconnect_0_0/bd_0/ip/ip_16/synth/bd_2207_bni_0.sv:53]
INFO: [Synth 8-6157] synthesizing module 'bd_2207_rni_0' [c:/F.A.L.C.O.N/Vivado_WS/Gaussian_Filter_Project/Gaussian_Filter_Project.gen/sources_1/bd/Design_1/ip/Design_1_smartconnect_0_0/bd_0/ip/ip_13/synth/bd_2207_rni_0.sv:53]
INFO: [Synth 8-6155] done synthesizing module 'bd_2207_rni_0' (0#1) [c:/F.A.L.C.O.N/Vivado_WS/Gaussian_Filter_Project/Gaussian_Filter_Project.gen/sources_1/bd/Design_1/ip/Design_1_smartconnect_0_0/bd_0/ip/ip_13/synth/bd_2207_rni_0.sv:53]
INFO: [Synth 8-6157] synthesizing module 'bd_2207_wni_0' [c:/F.A.L.C.O.N/Vivado_WS/Gaussian_Filter_Project/Gaussian_Filter_Project.gen/sources_1/bd/Design_1/ip/Design_1_smartconnect_0_0/bd_0/ip/ip_15/synth/bd_2207_wni_0.sv:53]
INFO: [Synth 8-6155] done synthesizing module 'bd_2207_wni_0' (0#1) [c:/F.A.L.C.O.N/Vivado_WS/Gaussian_Filter_Project/Gaussian_Filter_Project.gen/sources_1/bd/Design_1/ip/Design_1_smartconnect_0_0/bd_0/ip/ip_15/synth/bd_2207_wni_0.sv:53]
INFO: [Synth 8-6155] done synthesizing module 'i_nodes_imp_1UPH3UK' (0#1) [c:/F.A.L.C.O.N/Vivado_WS/Gaussian_Filter_Project/Gaussian_Filter_Project.gen/sources_1/bd/Design_1/ip/Design_1_smartconnect_0_0/bd_0/synth/bd_2207.v:1220]
INFO: [Synth 8-6157] synthesizing module 'bd_2207_rinsw_0' [c:/F.A.L.C.O.N/Vivado_WS/Gaussian_Filter_Project/Gaussian_Filter_Project.gen/sources_1/bd/Design_1/ip/Design_1_smartconnect_0_0/bd_0/ip/ip_3/synth/bd_2207_rinsw_0.sv:53]
INFO: [Synth 8-6155] done synthesizing module 'bd_2207_rinsw_0' (0#1) [c:/F.A.L.C.O.N/Vivado_WS/Gaussian_Filter_Project/Gaussian_Filter_Project.gen/sources_1/bd/Design_1/ip/Design_1_smartconnect_0_0/bd_0/ip/ip_3/synth/bd_2207_rinsw_0.sv:53]
INFO: [Synth 8-6157] synthesizing module 'bd_2207_routsw_0' [c:/F.A.L.C.O.N/Vivado_WS/Gaussian_Filter_Project/Gaussian_Filter_Project.gen/sources_1/bd/Design_1/ip/Design_1_smartconnect_0_0/bd_0/ip/ip_8/synth/bd_2207_routsw_0.sv:53]
INFO: [Synth 8-6155] done synthesizing module 'bd_2207_routsw_0' (0#1) [c:/F.A.L.C.O.N/Vivado_WS/Gaussian_Filter_Project/Gaussian_Filter_Project.gen/sources_1/bd/Design_1/ip/Design_1_smartconnect_0_0/bd_0/ip/ip_8/synth/bd_2207_routsw_0.sv:53]
INFO: [Synth 8-6157] synthesizing module 'bd_2207_winsw_0' [c:/F.A.L.C.O.N/Vivado_WS/Gaussian_Filter_Project/Gaussian_Filter_Project.gen/sources_1/bd/Design_1/ip/Design_1_smartconnect_0_0/bd_0/ip/ip_5/synth/bd_2207_winsw_0.sv:53]
INFO: [Synth 8-6155] done synthesizing module 'bd_2207_winsw_0' (0#1) [c:/F.A.L.C.O.N/Vivado_WS/Gaussian_Filter_Project/Gaussian_Filter_Project.gen/sources_1/bd/Design_1/ip/Design_1_smartconnect_0_0/bd_0/ip/ip_5/synth/bd_2207_winsw_0.sv:53]
INFO: [Synth 8-6157] synthesizing module 'bd_2207_woutsw_0' [c:/F.A.L.C.O.N/Vivado_WS/Gaussian_Filter_Project/Gaussian_Filter_Project.gen/sources_1/bd/Design_1/ip/Design_1_smartconnect_0_0/bd_0/ip/ip_10/synth/bd_2207_woutsw_0.sv:53]
INFO: [Synth 8-6155] done synthesizing module 'bd_2207_woutsw_0' (0#1) [c:/F.A.L.C.O.N/Vivado_WS/Gaussian_Filter_Project/Gaussian_Filter_Project.gen/sources_1/bd/Design_1/ip/Design_1_smartconnect_0_0/bd_0/ip/ip_10/synth/bd_2207_woutsw_0.sv:53]
INFO: [Synth 8-6155] done synthesizing module 'switchboards_imp_EIFTDW' (0#1) [c:/F.A.L.C.O.N/Vivado_WS/Gaussian_Filter_Project/Gaussian_Filter_Project.gen/sources_1/bd/Design_1/ip/Design_1_smartconnect_0_0/bd_0/synth/bd_2207.v:3248]
INFO: [Synth 8-6155] done synthesizing module 'bd_2207' (0#1) [c:/F.A.L.C.O.N/Vivado_WS/Gaussian_Filter_Project/Gaussian_Filter_Project.gen/sources_1/bd/Design_1/ip/Design_1_smartconnect_0_0/bd_0/synth/bd_2207.v:10]
INFO: [Synth 8-6155] done synthesizing module 'Design_1_smartconnect_0_0' (0#1) [c:/F.A.L.C.O.N/Vivado_WS/Gaussian_Filter_Project/Gaussian_Filter_Project.gen/sources_1/bd/Design_1/ip/Design_1_smartconnect_0_0/synth/Design_1_smartconnect_0_0.v:53]
WARNING: [Synth 8-3848] Net aresetn_out in module/entity clk_map_imp_DQNO0I does not have driver. [c:/F.A.L.C.O.N/Vivado_WS/Gaussian_Filter_Project/Gaussian_Filter_Project.gen/sources_1/bd/Design_1/ip/Design_1_smartconnect_0_0/bd_0/synth/bd_2207.v:1194]
INFO: [Synth 8-4490] FSM extraction disabled for register 'gen_pipelined.state_reg' through user attribute
INFO: [Synth 8-4490] FSM extraction disabled for register 'gen_pipelined.state_reg' through user attribute
INFO: [Synth 8-4490] FSM extraction disabled for register 'gen_pipelined.state_reg' through user attribute
INFO: [Synth 8-4490] FSM extraction disabled for register 'gen_pipelined.state_reg' through user attribute
INFO: [Synth 8-7129] Port aclk in module sc_util_v1_0_4_pipeline__parameterized4 is either unconnected or has no load
INFO: [Synth 8-7129] Port aclken in module sc_util_v1_0_4_pipeline__parameterized4 is either unconnected or has no load
INFO: [Synth 8-7129] Port areset in module sc_util_v1_0_4_pipeline__parameterized4 is either unconnected or has no load
INFO: [Synth 8-7129] Port aclk in module sc_util_v1_0_4_pipeline__parameterized0 is either unconnected or has no load
INFO: [Synth 8-7129] Port aclken in module sc_util_v1_0_4_pipeline__parameterized0 is either unconnected or has no load
INFO: [Synth 8-7129] Port areset in module sc_util_v1_0_4_pipeline__parameterized0 is either unconnected or has no load
INFO: [Synth 8-7129] Port din[0] in module sc_util_v1_0_4_onehot_to_binary__parameterized0 is either unconnected or has no load
INFO: [Synth 8-7129] Port connectivity[1] in module sc_switchboard_v1_0_9_top__parameterized6 is either unconnected or has no load
INFO: [Synth 8-7129] Port connectivity[0] in module sc_switchboard_v1_0_9_top__parameterized6 is either unconnected or has no load
INFO: [Synth 8-7129] Port connectivity[0] in module sc_switchboard_v1_0_9_top__parameterized5 is either unconnected or has no load
INFO: [Synth 8-7129] Port aclk in module sc_util_v1_0_4_pipeline__parameterized3 is either unconnected or has no load
INFO: [Synth 8-7129] Port aclken in module sc_util_v1_0_4_pipeline__parameterized3 is either unconnected or has no load
INFO: [Synth 8-7129] Port areset in module sc_util_v1_0_4_pipeline__parameterized3 is either unconnected or has no load
INFO: [Synth 8-7129] Port din[0] in module sc_util_v1_0_4_onehot_to_binary__parameterized1 is either unconnected or has no load
INFO: [Synth 8-7129] Port connectivity[1] in module sc_switchboard_v1_0_9_top__parameterized4 is either unconnected or has no load
INFO: [Synth 8-7129] Port connectivity[0] in module sc_switchboard_v1_0_9_top__parameterized4 is either unconnected or has no load
INFO: [Synth 8-7129] Port connectivity[0] in module sc_switchboard_v1_0_9_top__parameterized3 is either unconnected or has no load
INFO: [Synth 8-7129] Port din[0] in module sc_util_v1_0_4_onehot_to_binary is either unconnected or has no load
INFO: [Synth 8-7129] Port slow_clk in module sc_util_v1_0_4_sample_cycle_ratio is either unconnected or has no load
INFO: [Synth 8-7129] Port fast_clk in module sc_util_v1_0_4_sample_cycle_ratio is either unconnected or has no load
INFO: [Synth 8-7129] Port aclk in module sc_util_v1_0_4_pipeline__parameterized10 is either unconnected or has no load
INFO: [Synth 8-7129] Port aclken in module sc_util_v1_0_4_pipeline__parameterized10 is either unconnected or has no load
INFO: [Synth 8-7129] Port areset in module sc_util_v1_0_4_pipeline__parameterized10 is either unconnected or has no load
INFO: [Synth 8-7129] Port aclk in module sc_node_v1_0_19_reg_slice3 is either unconnected or has no load
INFO: [Synth 8-7129] Port aclken in module sc_node_v1_0_19_reg_slice3 is either unconnected or has no load
INFO: [Synth 8-7129] Port areset in module sc_node_v1_0_19_reg_slice3 is either unconnected or has no load
INFO: [Synth 8-7129] Port aclk in module sc_node_v1_0_19_si_handler__parameterized8 is either unconnected or has no load
INFO: [Synth 8-7129] Port aclken in module sc_node_v1_0_19_si_handler__parameterized8 is either unconnected or has no load
INFO: [Synth 8-7129] Port areset in module sc_node_v1_0_19_si_handler__parameterized8 is either unconnected or has no load
INFO: [Synth 8-7129] Port s_sc_req[0] in module sc_node_v1_0_19_si_handler__parameterized8 is either unconnected or has no load
INFO: [Synth 8-7129] Port s_sc_info[0] in module sc_node_v1_0_19_si_handler__parameterized8 is either unconnected or has no load
INFO: [Synth 8-7129] Port s_axis_arb_tvalid in module sc_node_v1_0_19_si_handler__parameterized8 is either unconnected or has no load
INFO: [Synth 8-7129] Port s_axis_arb_tdata[15] in module sc_node_v1_0_19_si_handler__parameterized8 is either unconnected or has no load
INFO: [Synth 8-7129] Port s_axis_arb_tdata[14] in module sc_node_v1_0_19_si_handler__parameterized8 is either unconnected or has no load
INFO: [Synth 8-7129] Port s_axis_arb_tdata[13] in module sc_node_v1_0_19_si_handler__parameterized8 is either unconnected or has no load
INFO: [Synth 8-7129] Port s_axis_arb_tdata[12] in module sc_node_v1_0_19_si_handler__parameterized8 is either unconnected or has no load
INFO: [Synth 8-7129] Port s_axis_arb_tdata[11] in module sc_node_v1_0_19_si_handler__parameterized8 is either unconnected or has no load
INFO: [Synth 8-7129] Port s_axis_arb_tdata[10] in module sc_node_v1_0_19_si_handler__parameterized8 is either unconnected or has no load
INFO: [Synth 8-7129] Port s_axis_arb_tdata[9] in module sc_node_v1_0_19_si_handler__parameterized8 is either unconnected or has no load
INFO: [Synth 8-7129] Port s_axis_arb_tdata[8] in module sc_node_v1_0_19_si_handler__parameterized8 is either unconnected or has no load
INFO: [Synth 8-7129] Port s_axis_arb_tdata[7] in module sc_node_v1_0_19_si_handler__parameterized8 is either unconnected or has no load
INFO: [Synth 8-7129] Port s_axis_arb_tdata[6] in module sc_node_v1_0_19_si_handler__parameterized8 is either unconnected or has no load
INFO: [Synth 8-7129] Port s_axis_arb_tdata[5] in module sc_node_v1_0_19_si_handler__parameterized8 is either unconnected or has no load
INFO: [Synth 8-7129] Port s_axis_arb_tdata[4] in module sc_node_v1_0_19_si_handler__parameterized8 is either unconnected or has no load
INFO: [Synth 8-7129] Port s_axis_arb_tdata[3] in module sc_node_v1_0_19_si_handler__parameterized8 is either unconnected or has no load
INFO: [Synth 8-7129] Port s_axis_arb_tdata[2] in module sc_node_v1_0_19_si_handler__parameterized8 is either unconnected or has no load
INFO: [Synth 8-7129] Port s_axis_arb_tdata[1] in module sc_node_v1_0_19_si_handler__parameterized8 is either unconnected or has no load
INFO: [Synth 8-7129] Port s_axis_arb_tdata[0] in module sc_node_v1_0_19_si_handler__parameterized8 is either unconnected or has no load
INFO: [Synth 8-7129] Port m_axis_arb_tready in module sc_node_v1_0_19_si_handler__parameterized8 is either unconnected or has no load
INFO: [Synth 8-7129] Port aclk in module sc_util_v1_0_4_axic_register_slice is either unconnected or has no load
INFO: [Synth 8-7129] Port areset in module sc_util_v1_0_4_axic_register_slice is either unconnected or has no load
INFO: [Synth 8-7129] Port aclken in module sc_util_v1_0_4_axic_register_slice is either unconnected or has no load
INFO: [Synth 8-7129] Port m_sc_aclken in module sc_node_v1_0_19_top__parameterized13 is either unconnected or has no load
INFO: [Synth 8-7129] Port din[0] in module sc_util_v1_0_4_onehot_to_binary__parameterized2 is either unconnected or has no load
INFO: [Synth 8-7129] Port aclk in module sc_util_v1_0_4_pipeline__parameterized7 is either unconnected or has no load
INFO: [Synth 8-7129] Port aclken in module sc_util_v1_0_4_pipeline__parameterized7 is either unconnected or has no load
INFO: [Synth 8-7129] Port areset in module sc_util_v1_0_4_pipeline__parameterized7 is either unconnected or has no load
INFO: [Synth 8-7129] Port aclk in module sc_util_v1_0_4_pipeline__parameterized9 is either unconnected or has no load
INFO: [Synth 8-7129] Port aclken in module sc_util_v1_0_4_pipeline__parameterized9 is either unconnected or has no load
INFO: [Synth 8-7129] Port areset in module sc_util_v1_0_4_pipeline__parameterized9 is either unconnected or has no load
INFO: [Synth 8-7129] Port aclk in module sc_node_v1_0_19_reg_slice3__parameterized0 is either unconnected or has no load
INFO: [Synth 8-7129] Port aclken in module sc_node_v1_0_19_reg_slice3__parameterized0 is either unconnected or has no load
INFO: [Synth 8-7129] Port areset in module sc_node_v1_0_19_reg_slice3__parameterized0 is either unconnected or has no load
INFO: [Synth 8-7129] Port areset in module sc_node_v1_0_19_fi_regulator is either unconnected or has no load
INFO: [Synth 8-7129] Port s_sc_info[1] in module sc_node_v1_0_19_si_handler__parameterized7 is either unconnected or has no load
INFO: [Synth 8-7129] Port s_sc_info[0] in module sc_node_v1_0_19_si_handler__parameterized7 is either unconnected or has no load
INFO: [Synth 8-7129] Port s_axis_arb_tvalid in module sc_node_v1_0_19_si_handler__parameterized7 is either unconnected or has no load
INFO: [Synth 8-7129] Port s_axis_arb_tdata[15] in module sc_node_v1_0_19_si_handler__parameterized7 is either unconnected or has no load
INFO: [Synth 8-7129] Port s_axis_arb_tdata[14] in module sc_node_v1_0_19_si_handler__parameterized7 is either unconnected or has no load
INFO: [Synth 8-7129] Port s_axis_arb_tdata[13] in module sc_node_v1_0_19_si_handler__parameterized7 is either unconnected or has no load
INFO: [Synth 8-7129] Port s_axis_arb_tdata[12] in module sc_node_v1_0_19_si_handler__parameterized7 is either unconnected or has no load
INFO: [Synth 8-7129] Port s_axis_arb_tdata[11] in module sc_node_v1_0_19_si_handler__parameterized7 is either unconnected or has no load
INFO: [Synth 8-7129] Port s_axis_arb_tdata[10] in module sc_node_v1_0_19_si_handler__parameterized7 is either unconnected or has no load
INFO: [Synth 8-7129] Port s_axis_arb_tdata[9] in module sc_node_v1_0_19_si_handler__parameterized7 is either unconnected or has no load
INFO: [Synth 8-7129] Port s_axis_arb_tdata[8] in module sc_node_v1_0_19_si_handler__parameterized7 is either unconnected or has no load
INFO: [Synth 8-7129] Port s_axis_arb_tdata[7] in module sc_node_v1_0_19_si_handler__parameterized7 is either unconnected or has no load
INFO: [Synth 8-7129] Port s_axis_arb_tdata[6] in module sc_node_v1_0_19_si_handler__parameterized7 is either unconnected or has no load
INFO: [Synth 8-7129] Port s_axis_arb_tdata[5] in module sc_node_v1_0_19_si_handler__parameterized7 is either unconnected or has no load
INFO: [Synth 8-7129] Port s_axis_arb_tdata[4] in module sc_node_v1_0_19_si_handler__parameterized7 is either unconnected or has no load
INFO: [Synth 8-7129] Port s_axis_arb_tdata[3] in module sc_node_v1_0_19_si_handler__parameterized7 is either unconnected or has no load
INFO: [Synth 8-7129] Port s_axis_arb_tdata[2] in module sc_node_v1_0_19_si_handler__parameterized7 is either unconnected or has no load
INFO: [Synth 8-7129] Port s_axis_arb_tdata[1] in module sc_node_v1_0_19_si_handler__parameterized7 is either unconnected or has no load
INFO: [Synth 8-7129] Port s_axis_arb_tdata[0] in module sc_node_v1_0_19_si_handler__parameterized7 is either unconnected or has no load
INFO: [Synth 8-7129] Port m_axis_arb_tready in module sc_node_v1_0_19_si_handler__parameterized7 is either unconnected or has no load
INFO: [Synth 8-7129] Port m_sc_aclken in module sc_node_v1_0_19_top__parameterized12 is either unconnected or has no load
INFO: [Synth 8-7129] Port aclk in module sc_util_v1_0_4_pipeline__parameterized8 is either unconnected or has no load
INFO: [Synth 8-7129] Port aclken in module sc_util_v1_0_4_pipeline__parameterized8 is either unconnected or has no load
INFO: [Synth 8-7129] Port areset in module sc_util_v1_0_4_pipeline__parameterized8 is either unconnected or has no load
INFO: [Synth 8-7129] Port aclk in module sc_util_v1_0_4_pipeline__parameterized2 is either unconnected or has no load
INFO: [Synth 8-7129] Port aclken in module sc_util_v1_0_4_pipeline__parameterized2 is either unconnected or has no load
INFO: [Synth 8-7129] Port areset in module sc_util_v1_0_4_pipeline__parameterized2 is either unconnected or has no load
INFO: [Synth 8-7129] Port s_sc_info[1] in module sc_node_v1_0_19_si_handler__parameterized6 is either unconnected or has no load
INFO: [Synth 8-7129] Port s_sc_info[0] in module sc_node_v1_0_19_si_handler__parameterized6 is either unconnected or has no load
INFO: [Synth 8-7129] Port s_axis_arb_tvalid in module sc_node_v1_0_19_si_handler__parameterized6 is either unconnected or has no load
INFO: [Synth 8-7129] Port s_axis_arb_tdata[15] in module sc_node_v1_0_19_si_handler__parameterized6 is either unconnected or has no load
INFO: [Synth 8-7129] Port s_axis_arb_tdata[14] in module sc_node_v1_0_19_si_handler__parameterized6 is either unconnected or has no load
INFO: [Synth 8-7129] Port s_axis_arb_tdata[13] in module sc_node_v1_0_19_si_handler__parameterized6 is either unconnected or has no load
INFO: [Synth 8-7129] Port s_axis_arb_tdata[12] in module sc_node_v1_0_19_si_handler__parameterized6 is either unconnected or has no load
INFO: [Synth 8-7129] Port s_axis_arb_tdata[11] in module sc_node_v1_0_19_si_handler__parameterized6 is either unconnected or has no load
INFO: [Synth 8-7129] Port s_axis_arb_tdata[10] in module sc_node_v1_0_19_si_handler__parameterized6 is either unconnected or has no load
INFO: [Common 17-14] Message 'Synth 8-7129' appears 100 times and further instances of the messages will be disabled. Use the Tcl command set_msg_config to change the current settings.
---------------------------------------------------------------------------------
Finished RTL Elaboration : Time (s): cpu = 00:00:18 ; elapsed = 00:00:25 . Memory (MB): peak = 1754.605 ; gain = 901.395
---------------------------------------------------------------------------------
---------------------------------------------------------------------------------
Start Handling Custom Attributes
---------------------------------------------------------------------------------
---------------------------------------------------------------------------------
Finished Handling Custom Attributes : Time (s): cpu = 00:00:18 ; elapsed = 00:00:25 . Memory (MB): peak = 1754.605 ; gain = 901.395
---------------------------------------------------------------------------------
---------------------------------------------------------------------------------
Finished RTL Optimization Phase 1 : Time (s): cpu = 00:00:18 ; elapsed = 00:00:25 . Memory (MB): peak = 1754.605 ; gain = 901.395
---------------------------------------------------------------------------------
Netlist sorting complete. Time (s): cpu = 00:00:01 ; elapsed = 00:00:00.864 . Memory (MB): peak = 1754.605 ; gain = 0.000
INFO: [Netlist 29-17] Analyzing 1 Unisim elements for replacement
INFO: [Netlist 29-28] Unisim Transformation completed in 0 CPU seconds
INFO: [Project 1-570] Preparing netlist for logic optimization

Processing XDC Constraints
Initializing timing engine
Parsing XDC File [c:/F.A.L.C.O.N/Vivado_WS/Gaussian_Filter_Project/Gaussian_Filter_Project.gen/sources_1/bd/Design_1/ip/Design_1_smartconnect_0_0/ooc.xdc] for cell 'inst'
Finished Parsing XDC File [c:/F.A.L.C.O.N/Vivado_WS/Gaussian_Filter_Project/Gaussian_Filter_Project.gen/sources_1/bd/Design_1/ip/Design_1_smartconnect_0_0/ooc.xdc] for cell 'inst'
Parsing XDC File [c:/F.A.L.C.O.N/Vivado_WS/Gaussian_Filter_Project/Gaussian_Filter_Project.gen/sources_1/bd/Design_1/ip/Design_1_smartconnect_0_0/bd_0/ip/ip_1/bd_2207_psr_aclk_0_board.xdc] for cell 'inst/clk_map/psr_aclk/U0'
Finished Parsing XDC File [c:/F.A.L.C.O.N/Vivado_WS/Gaussian_Filter_Project/Gaussian_Filter_Project.gen/sources_1/bd/Design_1/ip/Design_1_smartconnect_0_0/bd_0/ip/ip_1/bd_2207_psr_aclk_0_board.xdc] for cell 'inst/clk_map/psr_aclk/U0'
Parsing XDC File [c:/F.A.L.C.O.N/Vivado_WS/Gaussian_Filter_Project/Gaussian_Filter_Project.gen/sources_1/bd/Design_1/ip/Design_1_smartconnect_0_0/smartconnect.xdc] for cell 'inst'
Finished Parsing XDC File [c:/F.A.L.C.O.N/Vivado_WS/Gaussian_Filter_Project/Gaussian_Filter_Project.gen/sources_1/bd/Design_1/ip/Design_1_smartconnect_0_0/smartconnect.xdc] for cell 'inst'
Parsing XDC File [C:/F.A.L.C.O.N/Vivado_WS/Gaussian_Filter_Project/Gaussian_Filter_Project.runs/Design_1_smartconnect_0_0_synth_1/dont_touch.xdc]
Finished Parsing XDC File [C:/F.A.L.C.O.N/Vivado_WS/Gaussian_Filter_Project/Gaussian_Filter_Project.runs/Design_1_smartconnect_0_0_synth_1/dont_touch.xdc]
INFO: [Project 1-236] Implementation specific constraints were found while reading constraint file [C:/AMDDesignTools/2026.1/Vivado/data/ip/xpm/xpm_cdc/tcl/xpm_cdc_single.tcl]. These constraints will be ignored for synthesis but will be used in implementation. Impacted constraints are listed in the file [.Xil/Design_1_smartconnect_0_0_propImpl.xdc].
Resolution: To avoid this warning, move constraints listed in [.Xil/Design_1_smartconnect_0_0_propImpl.xdc] to another XDC file and exclude this new file from synthesis with the used_in_synthesis property (File Properties dialog in GUI) and re-run elaboration/synthesis.
INFO: [Project 1-1714] 47 XPM XDC files have been applied to the design.
Completed Processing XDC Constraints

Netlist sorting complete. Time (s): cpu = 00:00:00 ; elapsed = 00:00:00.017 . Memory (MB): peak = 1994.277 ; gain = 0.000
INFO: [Project 1-111] Unisim Transformation Summary:
  A total of 1 instances were transformed.
  SRL16 => SRL16E: 1 instance 

Constraint Validation Runtime : Time (s): cpu = 00:00:00 ; elapsed = 00:00:00.436 . Memory (MB): peak = 2019.168 ; gain = 0.000
INFO: [Designutils 20-5008] Incremental synthesis strategy off
---------------------------------------------------------------------------------
Finished Constraint Validation : Time (s): cpu = 00:00:40 ; elapsed = 00:00:48 . Memory (MB): peak = 2019.168 ; gain = 1165.957
---------------------------------------------------------------------------------
---------------------------------------------------------------------------------
Start Loading Part and Timing Information
---------------------------------------------------------------------------------
Loading part: xc7z020clg400-1
---------------------------------------------------------------------------------
Finished Loading Part and Timing Information : Time (s): cpu = 00:00:40 ; elapsed = 00:00:48 . Memory (MB): peak = 2019.168 ; gain = 1165.957
---------------------------------------------------------------------------------
---------------------------------------------------------------------------------
Start Applying 'set_property' XDC Constraints
---------------------------------------------------------------------------------
---------------------------------------------------------------------------------
Finished applying 'set_property' XDC Constraints : Time (s): cpu = 00:00:41 ; elapsed = 00:00:48 . Memory (MB): peak = 2019.168 ; gain = 1165.957
---------------------------------------------------------------------------------
INFO: [Synth 8-802] inferred FSM for state register 'gen_axi.gen_write.write_cs_reg' in module 'sc_mmu_v1_0_16_decerr_slave'
INFO: [Synth 8-802] inferred FSM for state register 'gen_endpoint.w_state_reg' in module 'sc_mmu_v1_0_16_top'
INFO: [Synth 8-802] inferred FSM for state register 'gen_endpoint.r_state_reg' in module 'sc_mmu_v1_0_16_top'
INFO: [Synth 8-4490] FSM extraction disabled for register 'gen_pipelined.state_reg' through user attribute
INFO: [Synth 8-4490] FSM extraction disabled for register 'gen_pipelined.state_reg' through user attribute
INFO: [Synth 8-4490] FSM extraction disabled for register 'gen_pipelined.state_reg' through user attribute
INFO: [Synth 8-4490] FSM extraction disabled for register 'gen_pipelined.state_reg' through user attribute
INFO: [Synth 8-4490] FSM extraction disabled for register 'gen_pipelined.state_reg' through user attribute
INFO: [Synth 8-4490] FSM extraction disabled for register 'gen_pipelined.state_reg' through user attribute
INFO: [Synth 8-4490] FSM extraction disabled for register 'gen_pipelined.state_reg' through user attribute
INFO: [Synth 8-4490] FSM extraction disabled for register 'gen_pipelined.state_reg' through user attribute
INFO: [Synth 8-802] inferred FSM for state register 'aw_state_reg' in module 'sc_si_converter_v1_0_16_reduced_area'
INFO: [Synth 8-802] inferred FSM for state register 'w_state_reg' in module 'sc_si_converter_v1_0_16_reduced_area'
INFO: [Synth 8-802] inferred FSM for state register 'b_state_reg' in module 'sc_si_converter_v1_0_16_reduced_area'
INFO: [Synth 8-802] inferred FSM for state register 'ar_state_reg' in module 'sc_si_converter_v1_0_16_reduced_area'
INFO: [Synth 8-802] inferred FSM for state register 'r_state_reg' in module 'sc_si_converter_v1_0_16_reduced_area'
INFO: [Synth 8-802] inferred FSM for state register 'rd_state_reg' in module 'sc_si_converter_v1_0_16_reduced_area'
---------------------------------------------------------------------------------------------------
                   State |                     New Encoding |                Previous Encoding 
---------------------------------------------------------------------------------------------------
            P_WRITE_IDLE |                              001 |                               00
            P_WRITE_DATA |                              010 |                               01
            P_WRITE_RESP |                              100 |                               10
---------------------------------------------------------------------------------------------------
INFO: [Synth 8-3354] encoded FSM with state register 'gen_axi.gen_write.write_cs_reg' using encoding 'one-hot' in module 'sc_mmu_v1_0_16_decerr_slave'
---------------------------------------------------------------------------------------------------
                   State |                     New Encoding |                Previous Encoding 
---------------------------------------------------------------------------------------------------
                  iSTATE |                               00 | 00000000000000000000000000000000
*
                 W_STALL |                               01 | 00000000000000000000000000000001
               W_PENDING |                               10 | 00000000000000000000000000000010
                W_DECERR |                               11 | 00000000000000000000000000000011
---------------------------------------------------------------------------------------------------
INFO: [Synth 8-3354] encoded FSM with state register 'gen_endpoint.w_state_reg' using encoding 'sequential' in module 'sc_mmu_v1_0_16_top'
---------------------------------------------------------------------------------------------------
                   State |                     New Encoding |                Previous Encoding 
---------------------------------------------------------------------------------------------------
                  iSTATE |                               00 | 00000000000000000000000000000000
*
                 R_STALL |                               01 | 00000000000000000000000000000001
               R_PENDING |                               10 | 00000000000000000000000000000010
                R_DECERR |                               11 | 00000000000000000000000000000011
---------------------------------------------------------------------------------------------------
INFO: [Synth 8-3354] encoded FSM with state register 'gen_endpoint.r_state_reg' using encoding 'sequential' in module 'sc_mmu_v1_0_16_top'
---------------------------------------------------------------------------------------------------
                   State |                     New Encoding |                Previous Encoding 
---------------------------------------------------------------------------------------------------
                  B_IDLE |                               00 | 00000000000000000000000000000000
                 B_ACCUM |                               01 | 00000000000000000000000000000001
                  B_INCR |                               10 | 00000000000000000000000000000010
                   B_OUT |                               11 | 00000000000000000000000000000011
---------------------------------------------------------------------------------------------------
INFO: [Synth 8-3354] encoded FSM with state register 'b_state_reg' using encoding 'sequential' in module 'sc_si_converter_v1_0_16_reduced_area'
---------------------------------------------------------------------------------------------------
                   State |                     New Encoding |                Previous Encoding 
---------------------------------------------------------------------------------------------------
                  W_IDLE |                           000001 | 00000000000000000000000000000000
             W_SINGLES_1 |                           000010 | 00000000000000000000000000000001
               W_SINGLES |                           000100 | 00000000000000000000000000000010
                  W_NULL |                           001000 | 00000000000000000000000000000100
                  W_INCR |                           010000 | 00000000000000000000000000000011
              W_COMPLETE |                           100000 | 00000000000000000000000000000101
---------------------------------------------------------------------------------------------------
INFO: [Synth 8-3354] encoded FSM with state register 'w_state_reg' using encoding 'one-hot' in module 'sc_si_converter_v1_0_16_reduced_area'
---------------------------------------------------------------------------------------------------
                   State |                     New Encoding |                Previous Encoding 
---------------------------------------------------------------------------------------------------
                 AW_IDLE |                               00 | 00000000000000000000000000000000
             AW_SINGLE_1 |                               01 | 00000000000000000000000000000010
               AW_SINGLE |                               10 | 00000000000000000000000000000001
                AW_BURST |                               11 | 00000000000000000000000000000011
---------------------------------------------------------------------------------------------------
INFO: [Synth 8-3354] encoded FSM with state register 'aw_state_reg' using encoding 'sequential' in module 'sc_si_converter_v1_0_16_reduced_area'
---------------------------------------------------------------------------------------------------
                   State |                     New Encoding |                Previous Encoding 
---------------------------------------------------------------------------------------------------
                  R_IDLE |                              000 | 00000000000000000000000000000000
               R_SPLIT_1 |                              001 | 00000000000000000000000000000010
                 R_SPLIT |                              010 | 00000000000000000000000000000001
                  R_WAIT |                              011 | 00000000000000000000000000000101
               R_SPLIT_2 |                              100 | 00000000000000000000000000000011
                  R_INCR |                              101 | 00000000000000000000000000000100
---------------------------------------------------------------------------------------------------
INFO: [Synth 8-3354] encoded FSM with state register 'r_state_reg' using encoding 'sequential' in module 'sc_si_converter_v1_0_16_reduced_area'
---------------------------------------------------------------------------------------------------
                   State |                     New Encoding |                Previous Encoding 
---------------------------------------------------------------------------------------------------
                 RD_IDLE |                                0 | 00000000000000000000000000000000
                 RD_DATA |                                1 | 00000000000000000000000000000001
---------------------------------------------------------------------------------------------------
INFO: [Synth 8-3354] encoded FSM with state register 'rd_state_reg' using encoding 'sequential' in module 'sc_si_converter_v1_0_16_reduced_area'
---------------------------------------------------------------------------------------------------
                   State |                     New Encoding |                Previous Encoding 
---------------------------------------------------------------------------------------------------
                 AR_IDLE |                               00 | 00000000000000000000000000000000
               AR_SINGLE |                               01 | 00000000000000000000000000000001
                AR_BURST |                               10 | 00000000000000000000000000000010
---------------------------------------------------------------------------------------------------
INFO: [Synth 8-3354] encoded FSM with state register 'ar_state_reg' using encoding 'sequential' in module 'sc_si_converter_v1_0_16_reduced_area'
---------------------------------------------------------------------------------
Finished RTL Optimization Phase 2 : Time (s): cpu = 00:00:44 ; elapsed = 00:00:52 . Memory (MB): peak = 2019.168 ; gain = 1165.957
---------------------------------------------------------------------------------
---------------------------------------------------------------------------------
Start RTL Component Statistics 
---------------------------------------------------------------------------------
---------------------------------------------------------------------------------
Finished RTL Component Statistics 
---------------------------------------------------------------------------------
---------------------------------------------------------------------------------
Start Part Resource Summary
---------------------------------------------------------------------------------
Part Resources:
DSPs: 220 (col length:60)
BRAMs: 280 (col length: RAMB18 60 RAMB36 30)
---------------------------------------------------------------------------------
Finished Part Resource Summary
---------------------------------------------------------------------------------
---------------------------------------------------------------------------------
Start Cross Boundary and Area Optimization
---------------------------------------------------------------------------------

*** Running vivado
    with args -log Design_1_smartconnect_0_0.vds -m64 -product Vivado -mode batch -messageDb vivado.pb -notrace -source Design_1_smartconnect_0_0.tcl


INFO: [Common 17-3922] A valid Vivado Design Suite BASIC license has been detected. Your current license is active and will expire on 22-aug-2027.
#-----------------------------------------------------------
# Vivado v2026.1 (64-bit)
# SW Build 6511674 on Tue Jun 16 11:02:23 MDT 2026
# IP Build 6504888 on Tue Jun 09 09:05:25 MDT 2026
# SharedData Build 6501428 on Mon Jun 08 17:34:18 MDT 2026
# Start of session at: Wed Sep 23 16:25:54 2026
# Process ID         : 3288
# Current directory  : C:/F.A.L.C.O.N/Vivado_WS/Gaussian_Filter_Project/Gaussian_Filter_Project.runs/Design_1_smartconnect_0_0_synth_1
# Command line       : vivado.exe -log Design_1_smartconnect_0_0.vds -product Vivado -mode batch -messageDb vivado.pb -notrace -source Design_1_smartconnect_0_0.tcl
# Log file           : C:/F.A.L.C.O.N/Vivado_WS/Gaussian_Filter_Project/Gaussian_Filter_Project.runs/Design_1_smartconnect_0_0_synth_1/Design_1_smartconnect_0_0.vds
# Journal file       : C:/F.A.L.C.O.N/Vivado_WS/Gaussian_Filter_Project/Gaussian_Filter_Project.runs/Design_1_smartconnect_0_0_synth_1\vivado.jou
# Running On         : DESKTOP-55UAODO
# Platform           : Windows 11
# Operating System   : 26200
# Processor Detail   : 13th Gen Intel(R) Core(TM) i5-13450HX
# CPU Frequency      : 2611 MHz
# CPU Physical cores : 10
# CPU Logical cores  : 16
# Host memory        : 16849 MB
# Swap memory        : 28991 MB
# Total Virtual      : 45840 MB
# Available Virtual  : 27204 MB
#-----------------------------------------------------------

****** Vivado v2026.1 (64-bit)
  **** SW Build 6511674 on Tue Jun 16 11:02:23 MDT 2026
  **** IP Build 6504888 on Tue Jun 09 09:05:25 MDT 2026
  **** SharedData Build 6501428 on Mon Jun 08 17:34:18 MDT 2026
  **** Start of session at: Wed Sep 23 16:25:54 2026
    ** Copyright 1986-2022 Xilinx, Inc. All Rights Reserved.
    ** Copyright 2022-2026 Advanced Micro Devices, Inc. All Rights Reserved.

source Design_1_smartconnect_0_0.tcl -notrace
create_project: Time (s): cpu = 00:00:12 ; elapsed = 00:00:08 . Memory (MB): peak = 582.574 ; gain = 266.988
INFO: [IP_Flow 19-234] Refreshing IP repositories
INFO: [IP_Flow 19-1700] Loaded user IP repository 'c:/F.A.L.C.O.N/Vitis_WS/Gaussian_Filter_IP/Gaussian_Filter_IP'.
INFO: [IP_Flow 19-2313] Loaded Vivado IP repository 'C:/AMDDesignTools/2026.1/Vivado/data/ip'.
WARNING: [IP_Flow 19-4995] The host OS only allows 260 characters in a normal path. The IP cache path is more than 80 characters. If you experience issues with IP caching, please consider changing the IP cache to a location with a shorter path. Alternately consider using the OS subst command to map part of the path to a drive letter. 
Current IP cache path is c:/F.A.L.C.O.N/Vivado_WS/Gaussian_Filter_Project/Gaussian_Filter_Project.cache/ip 
Command: synth_design -top Design_1_smartconnect_0_0 -part xc7z020clg400-1 -incremental_mode off -mode out_of_context
Starting synth_design
Attempting to get a license for feature 'Vivado_Synthesis' and/or device 'xc7z020'
INFO: [Common 17-349] Got license for feature 'Vivado_Synthesis' and/or device 'xc7z020'
INFO: [Device 21-403] Loading part xc7z020clg400-1
INFO: [Designutils 20-5008] Incremental synthesis strategy off
INFO: [Synth 8-7079] Multithreading enabled for synth_design using a maximum of 2 processes.
INFO: [Synth 8-7078] Launching helper process for spawning children vivado processes
INFO: [Synth 8-7075] Helper process launched with PID 23772
---------------------------------------------------------------------------------
Starting RTL Elaboration : Time (s): cpu = 00:00:06 ; elapsed = 00:00:07 . Memory (MB): peak = 1428.285 ; gain = 575.453
---------------------------------------------------------------------------------
INFO: [Synth 8-6157] synthesizing module 'Design_1_smartconnect_0_0' [c:/F.A.L.C.O.N/Vivado_WS/Gaussian_Filter_Project/Gaussian_Filter_Project.gen/sources_1/bd/Design_1/ip/Design_1_smartconnect_0_0/synth/Design_1_smartconnect_0_0.v:53]
INFO: [Synth 8-6157] synthesizing module 'bd_2207' [c:/F.A.L.C.O.N/Vivado_WS/Gaussian_Filter_Project/Gaussian_Filter_Project.gen/sources_1/bd/Design_1/ip/Design_1_smartconnect_0_0/bd_0/synth/bd_2207.v:10]
INFO: [Synth 8-6157] synthesizing module 'clk_map_imp_DQNO0I' [c:/F.A.L.C.O.N/Vivado_WS/Gaussian_Filter_Project/Gaussian_Filter_Project.gen/sources_1/bd/Design_1/ip/Design_1_smartconnect_0_0/bd_0/synth/bd_2207.v:1174]
INFO: [Synth 8-638] synthesizing module 'bd_2207_psr_aclk_0' [c:/F.A.L.C.O.N/Vivado_WS/Gaussian_Filter_Project/Gaussian_Filter_Project.gen/sources_1/bd/Design_1/ip/Design_1_smartconnect_0_0/bd_0/ip/ip_1/synth/bd_2207_psr_aclk_0.vhd:74]
	Parameter C_FAMILY bound to: zynq - type: string 
	Parameter C_EXT_RST_WIDTH bound to: 4 - type: integer 
	Parameter C_AUX_RST_WIDTH bound to: 1 - type: integer 
	Parameter C_EXT_RESET_HIGH bound to: 1'b0 
	Parameter C_AUX_RESET_HIGH bound to: 1'b0 
	Parameter C_NUM_BUS_RST bound to: 1 - type: integer 
	Parameter C_NUM_PERP_RST bound to: 1 - type: integer 
	Parameter C_NUM_INTERCONNECT_ARESETN bound to: 1 - type: integer 
	Parameter C_NUM_PERP_ARESETN bound to: 1 - type: integer 
INFO: [Synth 8-3491] module 'proc_sys_reset' declared at 'c:/F.A.L.C.O.N/Vivado_WS/Gaussian_Filter_Project/Gaussian_Filter_Project.gen/sources_1/bd/Design_1/ipshared/9438/hdl/proc_sys_reset_v5_0_rfs.vhd:1243' bound to instance 'U0' of component 'proc_sys_reset' [c:/F.A.L.C.O.N/Vivado_WS/Gaussian_Filter_Project/Gaussian_Filter_Project.gen/sources_1/bd/Design_1/ip/Design_1_smartconnect_0_0/bd_0/ip/ip_1/synth/bd_2207_psr_aclk_0.vhd:139]
INFO: [Synth 8-638] synthesizing module 'proc_sys_reset' [c:/F.A.L.C.O.N/Vivado_WS/Gaussian_Filter_Project/Gaussian_Filter_Project.gen/sources_1/bd/Design_1/ipshared/9438/hdl/proc_sys_reset_v5_0_rfs.vhd:1302]
	Parameter INIT bound to: 1'b1 
INFO: [Synth 8-113] binding component instance 'FDRE_inst' to cell 'FDRE' [c:/F.A.L.C.O.N/Vivado_WS/Gaussian_Filter_Project/Gaussian_Filter_Project.gen/sources_1/bd/Design_1/ipshared/9438/hdl/proc_sys_reset_v5_0_rfs.vhd:1371]
	Parameter INIT bound to: 1'b1 
INFO: [Synth 8-113] binding component instance 'FDRE_BSR' to cell 'FDRE' [c:/F.A.L.C.O.N/Vivado_WS/Gaussian_Filter_Project/Gaussian_Filter_Project.gen/sources_1/bd/Design_1/ipshared/9438/hdl/proc_sys_reset_v5_0_rfs.vhd:1387]
	Parameter INIT bound to: 1'b0 
INFO: [Synth 8-113] binding component instance 'FDRE_BSR_N' to cell 'FDRE' [c:/F.A.L.C.O.N/Vivado_WS/Gaussian_Filter_Project/Gaussian_Filter_Project.gen/sources_1/bd/Design_1/ipshared/9438/hdl/proc_sys_reset_v5_0_rfs.vhd:1413]
	Parameter INIT bound to: 1'b1 
INFO: [Synth 8-113] binding component instance 'FDRE_PER' to cell 'FDRE' [c:/F.A.L.C.O.N/Vivado_WS/Gaussian_Filter_Project/Gaussian_Filter_Project.gen/sources_1/bd/Design_1/ipshared/9438/hdl/proc_sys_reset_v5_0_rfs.vhd:1436]
	Parameter INIT bound to: 1'b0 
INFO: [Synth 8-113] binding component instance 'FDRE_PER_N' to cell 'FDRE' [c:/F.A.L.C.O.N/Vivado_WS/Gaussian_Filter_Project/Gaussian_Filter_Project.gen/sources_1/bd/Design_1/ipshared/9438/hdl/proc_sys_reset_v5_0_rfs.vhd:1460]
INFO: [Synth 8-638] synthesizing module 'lpf' [c:/F.A.L.C.O.N/Vivado_WS/Gaussian_Filter_Project/Gaussian_Filter_Project.gen/sources_1/bd/Design_1/ipshared/9438/hdl/proc_sys_reset_v5_0_rfs.vhd:821]
INFO: [Synth 8-3491] module 'SRL16' declared at 'C:/AMDDesignTools/2026.1/Vivado/scripts/rt/data/unisim_comp.v:170733' bound to instance 'POR_SRL_I' of component 'SRL16' [c:/F.A.L.C.O.N/Vivado_WS/Gaussian_Filter_Project/Gaussian_Filter_Project.gen/sources_1/bd/Design_1/ipshared/9438/hdl/proc_sys_reset_v5_0_rfs.vhd:873]
INFO: [Synth 8-6157] synthesizing module 'SRL16' [C:/AMDDesignTools/2026.1/Vivado/scripts/rt/data/unisim_comp.v:170733]
INFO: [Synth 8-6155] done synthesizing module 'SRL16' (0#1) [C:/AMDDesignTools/2026.1/Vivado/scripts/rt/data/unisim_comp.v:170733]
	Parameter DEST_SYNC_FF bound to: 4 - type: integer 
	Parameter INIT_SYNC_FF bound to: 0 - type: integer 
	Parameter SIM_ASSERT_CHK bound to: 0 - type: integer 
	Parameter SRC_INPUT_REG bound to: 0 - type: integer 
INFO: [Synth 8-3491] module 'xpm_cdc_single' declared at 'C:/AMDDesignTools/2026.1/Vivado/data/ip/xpm/xpm_cdc/hdl/xpm_cdc.sv:152' bound to instance 'ACT_LO_EXT' of component 'xpm_cdc_single' [c:/F.A.L.C.O.N/Vivado_WS/Gaussian_Filter_Project/Gaussian_Filter_Project.gen/sources_1/bd/Design_1/ipshared/9438/hdl/proc_sys_reset_v5_0_rfs.vhd:968]
INFO: [Synth 8-6157] synthesizing module 'xpm_cdc_single' [C:/AMDDesignTools/2026.1/Vivado/data/ip/xpm/xpm_cdc/hdl/xpm_cdc.sv:152]
INFO: [Synth 8-6155] done synthesizing module 'xpm_cdc_single' (0#1) [C:/AMDDesignTools/2026.1/Vivado/data/ip/xpm/xpm_cdc/hdl/xpm_cdc.sv:152]
	Parameter DEST_SYNC_FF bound to: 4 - type: integer 
	Parameter INIT_SYNC_FF bound to: 0 - type: integer 
	Parameter SIM_ASSERT_CHK bound to: 0 - type: integer 
	Parameter SRC_INPUT_REG bound to: 0 - type: integer 
INFO: [Synth 8-3491] module 'xpm_cdc_single' declared at 'C:/AMDDesignTools/2026.1/Vivado/data/ip/xpm/xpm_cdc/hdl/xpm_cdc.sv:152' bound to instance 'ACT_LO_AUX' of component 'xpm_cdc_single' [c:/F.A.L.C.O.N/Vivado_WS/Gaussian_Filter_Project/Gaussian_Filter_Project.gen/sources_1/bd/Design_1/ipshared/9438/hdl/proc_sys_reset_v5_0_rfs.vhd:1015]
INFO: [Synth 8-256] done synthesizing module 'lpf' (0#1) [c:/F.A.L.C.O.N/Vivado_WS/Gaussian_Filter_Project/Gaussian_Filter_Project.gen/sources_1/bd/Design_1/ipshared/9438/hdl/proc_sys_reset_v5_0_rfs.vhd:821]
INFO: [Synth 8-638] synthesizing module 'sequence_psr' [c:/F.A.L.C.O.N/Vivado_WS/Gaussian_Filter_Project/Gaussian_Filter_Project.gen/sources_1/bd/Design_1/ipshared/9438/hdl/proc_sys_reset_v5_0_rfs.vhd:304]
INFO: [Synth 8-638] synthesizing module 'upcnt_n' [c:/F.A.L.C.O.N/Vivado_WS/Gaussian_Filter_Project/Gaussian_Filter_Project.gen/sources_1/bd/Design_1/ipshared/9438/hdl/proc_sys_reset_v5_0_rfs.vhd:126]
INFO: [Synth 8-256] done synthesizing module 'upcnt_n' (0#1) [c:/F.A.L.C.O.N/Vivado_WS/Gaussian_Filter_Project/Gaussian_Filter_Project.gen/sources_1/bd/Design_1/ipshared/9438/hdl/proc_sys_reset_v5_0_rfs.vhd:126]
INFO: [Synth 8-256] done synthesizing module 'sequence_psr' (0#1) [c:/F.A.L.C.O.N/Vivado_WS/Gaussian_Filter_Project/Gaussian_Filter_Project.gen/sources_1/bd/Design_1/ipshared/9438/hdl/proc_sys_reset_v5_0_rfs.vhd:304]
INFO: [Synth 8-256] done synthesizing module 'proc_sys_reset' (0#1) [c:/F.A.L.C.O.N/Vivado_WS/Gaussian_Filter_Project/Gaussian_Filter_Project.gen/sources_1/bd/Design_1/ipshared/9438/hdl/proc_sys_reset_v5_0_rfs.vhd:1302]
INFO: [Synth 8-256] done synthesizing module 'bd_2207_psr_aclk_0' (0#1) [c:/F.A.L.C.O.N/Vivado_WS/Gaussian_Filter_Project/Gaussian_Filter_Project.gen/sources_1/bd/Design_1/ip/Design_1_smartconnect_0_0/bd_0/ip/ip_1/synth/bd_2207_psr_aclk_0.vhd:74]
WARNING: [Synth 8-7071] port 'mb_reset' of module 'bd_2207_psr_aclk_0' is unconnected for instance 'psr_aclk' [c:/F.A.L.C.O.N/Vivado_WS/Gaussian_Filter_Project/Gaussian_Filter_Project.gen/sources_1/bd/Design_1/ip/Design_1_smartconnect_0_0/bd_0/synth/bd_2207.v:1211]
WARNING: [Synth 8-7071] port 'bus_struct_reset' of module 'bd_2207_psr_aclk_0' is unconnected for instance 'psr_aclk' [c:/F.A.L.C.O.N/Vivado_WS/Gaussian_Filter_Project/Gaussian_Filter_Project.gen/sources_1/bd/Design_1/ip/Design_1_smartconnect_0_0/bd_0/synth/bd_2207.v:1211]
WARNING: [Synth 8-7071] port 'peripheral_reset' of module 'bd_2207_psr_aclk_0' is unconnected for instance 'psr_aclk' [c:/F.A.L.C.O.N/Vivado_WS/Gaussian_Filter_Project/Gaussian_Filter_Project.gen/sources_1/bd/Design_1/ip/Design_1_smartconnect_0_0/bd_0/synth/bd_2207.v:1211]
WARNING: [Synth 8-7071] port 'peripheral_aresetn' of module 'bd_2207_psr_aclk_0' is unconnected for instance 'psr_aclk' [c:/F.A.L.C.O.N/Vivado_WS/Gaussian_Filter_Project/Gaussian_Filter_Project.gen/sources_1/bd/Design_1/ip/Design_1_smartconnect_0_0/bd_0/synth/bd_2207.v:1211]
WARNING: [Synth 8-7023] instance 'psr_aclk' of module 'bd_2207_psr_aclk_0' has 10 connections declared, but only 6 given [c:/F.A.L.C.O.N/Vivado_WS/Gaussian_Filter_Project/Gaussian_Filter_Project.gen/sources_1/bd/Design_1/ip/Design_1_smartconnect_0_0/bd_0/synth/bd_2207.v:1211]
INFO: [Synth 8-6155] done synthesizing module 'clk_map_imp_DQNO0I' (0#1) [c:/F.A.L.C.O.N/Vivado_WS/Gaussian_Filter_Project/Gaussian_Filter_Project.gen/sources_1/bd/Design_1/ip/Design_1_smartconnect_0_0/bd_0/synth/bd_2207.v:1174]
INFO: [Synth 8-6157] synthesizing module 'm00_exit_pipeline_imp_1JTEBUX' [c:/F.A.L.C.O.N/Vivado_WS/Gaussian_Filter_Project/Gaussian_Filter_Project.gen/sources_1/bd/Design_1/ip/Design_1_smartconnect_0_0/bd_0/synth/bd_2207.v:1462]
INFO: [Synth 8-6157] synthesizing module 'bd_2207_m00e_0' [c:/F.A.L.C.O.N/Vivado_WS/Gaussian_Filter_Project/Gaussian_Filter_Project.gen/sources_1/bd/Design_1/ip/Design_1_smartconnect_0_0/bd_0/ip/ip_32/synth/bd_2207_m00e_0.sv:53]
INFO: [Synth 8-6157] synthesizing module 'xpm_cdc_async_rst' [C:/AMDDesignTools/2026.1/Vivado/data/ip/xpm/xpm_cdc/hdl/xpm_cdc.sv:1175]
INFO: [Synth 8-6155] done synthesizing module 'xpm_cdc_async_rst' (0#1) [C:/AMDDesignTools/2026.1/Vivado/data/ip/xpm/xpm_cdc/hdl/xpm_cdc.sv:1175]
INFO: [Synth 8-6155] done synthesizing module 'bd_2207_m00e_0' (0#1) [c:/F.A.L.C.O.N/Vivado_WS/Gaussian_Filter_Project/Gaussian_Filter_Project.gen/sources_1/bd/Design_1/ip/Design_1_smartconnect_0_0/bd_0/ip/ip_32/synth/bd_2207_m00e_0.sv:53]
INFO: [Synth 8-6155] done synthesizing module 'm00_exit_pipeline_imp_1JTEBUX' (0#1) [c:/F.A.L.C.O.N/Vivado_WS/Gaussian_Filter_Project/Gaussian_Filter_Project.gen/sources_1/bd/Design_1/ip/Design_1_smartconnect_0_0/bd_0/synth/bd_2207.v:1462]
INFO: [Synth 8-6157] synthesizing module 'm00_nodes_imp_16HIIZP' [c:/F.A.L.C.O.N/Vivado_WS/Gaussian_Filter_Project/Gaussian_Filter_Project.gen/sources_1/bd/Design_1/ip/Design_1_smartconnect_0_0/bd_0/synth/bd_2207.v:1704]
INFO: [Synth 8-6157] synthesizing module 'bd_2207_m00arn_0' [c:/F.A.L.C.O.N/Vivado_WS/Gaussian_Filter_Project/Gaussian_Filter_Project.gen/sources_1/bd/Design_1/ip/Design_1_smartconnect_0_0/bd_0/ip/ip_27/synth/bd_2207_m00arn_0.sv:53]
INFO: [Synth 8-6155] done synthesizing module 'bd_2207_m00arn_0' (0#1) [c:/F.A.L.C.O.N/Vivado_WS/Gaussian_Filter_Project/Gaussian_Filter_Project.gen/sources_1/bd/Design_1/ip/Design_1_smartconnect_0_0/bd_0/ip/ip_27/synth/bd_2207_m00arn_0.sv:53]
INFO: [Synth 8-6157] synthesizing module 'bd_2207_m00awn_0' [c:/F.A.L.C.O.N/Vivado_WS/Gaussian_Filter_Project/Gaussian_Filter_Project.gen/sources_1/bd/Design_1/ip/Design_1_smartconnect_0_0/bd_0/ip/ip_29/synth/bd_2207_m00awn_0.sv:53]
INFO: [Synth 8-6155] done synthesizing module 'bd_2207_m00awn_0' (0#1) [c:/F.A.L.C.O.N/Vivado_WS/Gaussian_Filter_Project/Gaussian_Filter_Project.gen/sources_1/bd/Design_1/ip/Design_1_smartconnect_0_0/bd_0/ip/ip_29/synth/bd_2207_m00awn_0.sv:53]
INFO: [Synth 8-6157] synthesizing module 'bd_2207_m00bn_0' [c:/F.A.L.C.O.N/Vivado_WS/Gaussian_Filter_Project/Gaussian_Filter_Project.gen/sources_1/bd/Design_1/ip/Design_1_smartconnect_0_0/bd_0/ip/ip_31/synth/bd_2207_m00bn_0.sv:53]
INFO: [Synth 8-6155] done synthesizing module 'bd_2207_m00bn_0' (0#1) [c:/F.A.L.C.O.N/Vivado_WS/Gaussian_Filter_Project/Gaussian_Filter_Project.gen/sources_1/bd/Design_1/ip/Design_1_smartconnect_0_0/bd_0/ip/ip_31/synth/bd_2207_m00bn_0.sv:53]
INFO: [Synth 8-6157] synthesizing module 'bd_2207_m00rn_0' [c:/F.A.L.C.O.N/Vivado_WS/Gaussian_Filter_Project/Gaussian_Filter_Project.gen/sources_1/bd/Design_1/ip/Design_1_smartconnect_0_0/bd_0/ip/ip_28/synth/bd_2207_m00rn_0.sv:53]
INFO: [Synth 8-6155] done synthesizing module 'bd_2207_m00rn_0' (0#1) [c:/F.A.L.C.O.N/Vivado_WS/Gaussian_Filter_Project/Gaussian_Filter_Project.gen/sources_1/bd/Design_1/ip/Design_1_smartconnect_0_0/bd_0/ip/ip_28/synth/bd_2207_m00rn_0.sv:53]
INFO: [Synth 8-6157] synthesizing module 'bd_2207_m00wn_0' [c:/F.A.L.C.O.N/Vivado_WS/Gaussian_Filter_Project/Gaussian_Filter_Project.gen/sources_1/bd/Design_1/ip/Design_1_smartconnect_0_0/bd_0/ip/ip_30/synth/bd_2207_m00wn_0.sv:53]
INFO: [Synth 8-6155] done synthesizing module 'bd_2207_m00wn_0' (0#1) [c:/F.A.L.C.O.N/Vivado_WS/Gaussian_Filter_Project/Gaussian_Filter_Project.gen/sources_1/bd/Design_1/ip/Design_1_smartconnect_0_0/bd_0/ip/ip_30/synth/bd_2207_m00wn_0.sv:53]
INFO: [Synth 8-6155] done synthesizing module 'm00_nodes_imp_16HIIZP' (0#1) [c:/F.A.L.C.O.N/Vivado_WS/Gaussian_Filter_Project/Gaussian_Filter_Project.gen/sources_1/bd/Design_1/ip/Design_1_smartconnect_0_0/bd_0/synth/bd_2207.v:1704]
INFO: [Synth 8-6157] synthesizing module 'bd_2207_m00s2a_0' [c:/F.A.L.C.O.N/Vivado_WS/Gaussian_Filter_Project/Gaussian_Filter_Project.gen/sources_1/bd/Design_1/ip/Design_1_smartconnect_0_0/bd_0/ip/ip_26/synth/bd_2207_m00s2a_0.sv:53]
INFO: [Synth 8-6155] done synthesizing module 'bd_2207_m00s2a_0' (0#1) [c:/F.A.L.C.O.N/Vivado_WS/Gaussian_Filter_Project/Gaussian_Filter_Project.gen/sources_1/bd/Design_1/ip/Design_1_smartconnect_0_0/bd_0/ip/ip_26/synth/bd_2207_m00s2a_0.sv:53]
INFO: [Synth 8-6157] synthesizing module 'm01_exit_pipeline_imp_1PLLRNT' [c:/F.A.L.C.O.N/Vivado_WS/Gaussian_Filter_Project/Gaussian_Filter_Project.gen/sources_1/bd/Design_1/ip/Design_1_smartconnect_0_0/bd_0/synth/bd_2207.v:1946]
INFO: [Synth 8-6157] synthesizing module 'bd_2207_m01e_0' [c:/F.A.L.C.O.N/Vivado_WS/Gaussian_Filter_Project/Gaussian_Filter_Project.gen/sources_1/bd/Design_1/ip/Design_1_smartconnect_0_0/bd_0/ip/ip_39/synth/bd_2207_m01e_0.sv:53]
INFO: [Synth 8-6155] done synthesizing module 'bd_2207_m01e_0' (0#1) [c:/F.A.L.C.O.N/Vivado_WS/Gaussian_Filter_Project/Gaussian_Filter_Project.gen/sources_1/bd/Design_1/ip/Design_1_smartconnect_0_0/bd_0/ip/ip_39/synth/bd_2207_m01e_0.sv:53]
INFO: [Synth 8-6155] done synthesizing module 'm01_exit_pipeline_imp_1PLLRNT' (0#1) [c:/F.A.L.C.O.N/Vivado_WS/Gaussian_Filter_Project/Gaussian_Filter_Project.gen/sources_1/bd/Design_1/ip/Design_1_smartconnect_0_0/bd_0/synth/bd_2207.v:1946]
INFO: [Synth 8-6157] synthesizing module 'm01_nodes_imp_14L2OJ' [c:/F.A.L.C.O.N/Vivado_WS/Gaussian_Filter_Project/Gaussian_Filter_Project.gen/sources_1/bd/Design_1/ip/Design_1_smartconnect_0_0/bd_0/synth/bd_2207.v:2188]
INFO: [Synth 8-6157] synthesizing module 'bd_2207_m01arn_0' [c:/F.A.L.C.O.N/Vivado_WS/Gaussian_Filter_Project/Gaussian_Filter_Project.gen/sources_1/bd/Design_1/ip/Design_1_smartconnect_0_0/bd_0/ip/ip_34/synth/bd_2207_m01arn_0.sv:53]
INFO: [Synth 8-6155] done synthesizing module 'bd_2207_m01arn_0' (0#1) [c:/F.A.L.C.O.N/Vivado_WS/Gaussian_Filter_Project/Gaussian_Filter_Project.gen/sources_1/bd/Design_1/ip/Design_1_smartconnect_0_0/bd_0/ip/ip_34/synth/bd_2207_m01arn_0.sv:53]
INFO: [Synth 8-6157] synthesizing module 'bd_2207_m01awn_0' [c:/F.A.L.C.O.N/Vivado_WS/Gaussian_Filter_Project/Gaussian_Filter_Project.gen/sources_1/bd/Design_1/ip/Design_1_smartconnect_0_0/bd_0/ip/ip_36/synth/bd_2207_m01awn_0.sv:53]
INFO: [Synth 8-6155] done synthesizing module 'bd_2207_m01awn_0' (0#1) [c:/F.A.L.C.O.N/Vivado_WS/Gaussian_Filter_Project/Gaussian_Filter_Project.gen/sources_1/bd/Design_1/ip/Design_1_smartconnect_0_0/bd_0/ip/ip_36/synth/bd_2207_m01awn_0.sv:53]
INFO: [Synth 8-6157] synthesizing module 'bd_2207_m01bn_0' [c:/F.A.L.C.O.N/Vivado_WS/Gaussian_Filter_Project/Gaussian_Filter_Project.gen/sources_1/bd/Design_1/ip/Design_1_smartconnect_0_0/bd_0/ip/ip_38/synth/bd_2207_m01bn_0.sv:53]
INFO: [Synth 8-6155] done synthesizing module 'bd_2207_m01bn_0' (0#1) [c:/F.A.L.C.O.N/Vivado_WS/Gaussian_Filter_Project/Gaussian_Filter_Project.gen/sources_1/bd/Design_1/ip/Design_1_smartconnect_0_0/bd_0/ip/ip_38/synth/bd_2207_m01bn_0.sv:53]
INFO: [Synth 8-6157] synthesizing module 'bd_2207_m01rn_0' [c:/F.A.L.C.O.N/Vivado_WS/Gaussian_Filter_Project/Gaussian_Filter_Project.gen/sources_1/bd/Design_1/ip/Design_1_smartconnect_0_0/bd_0/ip/ip_35/synth/bd_2207_m01rn_0.sv:53]
INFO: [Synth 8-6155] done synthesizing module 'bd_2207_m01rn_0' (0#1) [c:/F.A.L.C.O.N/Vivado_WS/Gaussian_Filter_Project/Gaussian_Filter_Project.gen/sources_1/bd/Design_1/ip/Design_1_smartconnect_0_0/bd_0/ip/ip_35/synth/bd_2207_m01rn_0.sv:53]
INFO: [Synth 8-6157] synthesizing module 'bd_2207_m01wn_0' [c:/F.A.L.C.O.N/Vivado_WS/Gaussian_Filter_Project/Gaussian_Filter_Project.gen/sources_1/bd/Design_1/ip/Design_1_smartconnect_0_0/bd_0/ip/ip_37/synth/bd_2207_m01wn_0.sv:53]
INFO: [Synth 8-6155] done synthesizing module 'bd_2207_m01wn_0' (0#1) [c:/F.A.L.C.O.N/Vivado_WS/Gaussian_Filter_Project/Gaussian_Filter_Project.gen/sources_1/bd/Design_1/ip/Design_1_smartconnect_0_0/bd_0/ip/ip_37/synth/bd_2207_m01wn_0.sv:53]
INFO: [Synth 8-6155] done synthesizing module 'm01_nodes_imp_14L2OJ' (0#1) [c:/F.A.L.C.O.N/Vivado_WS/Gaussian_Filter_Project/Gaussian_Filter_Project.gen/sources_1/bd/Design_1/ip/Design_1_smartconnect_0_0/bd_0/synth/bd_2207.v:2188]
INFO: [Synth 8-6157] synthesizing module 'bd_2207_m01s2a_0' [c:/F.A.L.C.O.N/Vivado_WS/Gaussian_Filter_Project/Gaussian_Filter_Project.gen/sources_1/bd/Design_1/ip/Design_1_smartconnect_0_0/bd_0/ip/ip_33/synth/bd_2207_m01s2a_0.sv:53]
INFO: [Synth 8-6155] done synthesizing module 'bd_2207_m01s2a_0' (0#1) [c:/F.A.L.C.O.N/Vivado_WS/Gaussian_Filter_Project/Gaussian_Filter_Project.gen/sources_1/bd/Design_1/ip/Design_1_smartconnect_0_0/bd_0/ip/ip_33/synth/bd_2207_m01s2a_0.sv:53]
INFO: [Synth 8-6157] synthesizing module 'bd_2207_s00a2s_0' [c:/F.A.L.C.O.N/Vivado_WS/Gaussian_Filter_Project/Gaussian_Filter_Project.gen/sources_1/bd/Design_1/ip/Design_1_smartconnect_0_0/bd_0/ip/ip_20/synth/bd_2207_s00a2s_0.sv:53]
INFO: [Synth 8-6155] done synthesizing module 'bd_2207_s00a2s_0' (0#1) [c:/F.A.L.C.O.N/Vivado_WS/Gaussian_Filter_Project/Gaussian_Filter_Project.gen/sources_1/bd/Design_1/ip/Design_1_smartconnect_0_0/bd_0/ip/ip_20/synth/bd_2207_s00a2s_0.sv:53]
INFO: [Synth 8-6157] synthesizing module 's00_entry_pipeline_imp_KJAL56' [c:/F.A.L.C.O.N/Vivado_WS/Gaussian_Filter_Project/Gaussian_Filter_Project.gen/sources_1/bd/Design_1/ip/Design_1_smartconnect_0_0/bd_0/synth/bd_2207.v:2430]
INFO: [Synth 8-6157] synthesizing module 'bd_2207_s00mmu_0' [c:/F.A.L.C.O.N/Vivado_WS/Gaussian_Filter_Project/Gaussian_Filter_Project.gen/sources_1/bd/Design_1/ip/Design_1_smartconnect_0_0/bd_0/ip/ip_17/synth/bd_2207_s00mmu_0.sv:53]
INFO: [Synth 8-6155] done synthesizing module 'bd_2207_s00mmu_0' (0#1) [c:/F.A.L.C.O.N/Vivado_WS/Gaussian_Filter_Project/Gaussian_Filter_Project.gen/sources_1/bd/Design_1/ip/Design_1_smartconnect_0_0/bd_0/ip/ip_17/synth/bd_2207_s00mmu_0.sv:53]
INFO: [Synth 8-6157] synthesizing module 'bd_2207_s00sic_0' [c:/F.A.L.C.O.N/Vivado_WS/Gaussian_Filter_Project/Gaussian_Filter_Project.gen/sources_1/bd/Design_1/ip/Design_1_smartconnect_0_0/bd_0/ip/ip_19/synth/bd_2207_s00sic_0.sv:53]
INFO: [Synth 8-6155] done synthesizing module 'bd_2207_s00sic_0' (0#1) [c:/F.A.L.C.O.N/Vivado_WS/Gaussian_Filter_Project/Gaussian_Filter_Project.gen/sources_1/bd/Design_1/ip/Design_1_smartconnect_0_0/bd_0/ip/ip_19/synth/bd_2207_s00sic_0.sv:53]
INFO: [Synth 8-6157] synthesizing module 'bd_2207_s00tr_0' [c:/F.A.L.C.O.N/Vivado_WS/Gaussian_Filter_Project/Gaussian_Filter_Project.gen/sources_1/bd/Design_1/ip/Design_1_smartconnect_0_0/bd_0/ip/ip_18/synth/bd_2207_s00tr_0.sv:53]
INFO: [Synth 8-6155] done synthesizing module 'bd_2207_s00tr_0' (0#1) [c:/F.A.L.C.O.N/Vivado_WS/Gaussian_Filter_Project/Gaussian_Filter_Project.gen/sources_1/bd/Design_1/ip/Design_1_smartconnect_0_0/bd_0/ip/ip_18/synth/bd_2207_s00tr_0.sv:53]
INFO: [Synth 8-6155] done synthesizing module 's00_entry_pipeline_imp_KJAL56' (0#1) [c:/F.A.L.C.O.N/Vivado_WS/Gaussian_Filter_Project/Gaussian_Filter_Project.gen/sources_1/bd/Design_1/ip/Design_1_smartconnect_0_0/bd_0/synth/bd_2207.v:2430]
INFO: [Synth 8-6157] synthesizing module 's00_nodes_imp_QK6PAO' [c:/F.A.L.C.O.N/Vivado_WS/Gaussian_Filter_Project/Gaussian_Filter_Project.gen/sources_1/bd/Design_1/ip/Design_1_smartconnect_0_0/bd_0/synth/bd_2207.v:3006]
INFO: [Synth 8-6157] synthesizing module 'bd_2207_sarn_0' [c:/F.A.L.C.O.N/Vivado_WS/Gaussian_Filter_Project/Gaussian_Filter_Project.gen/sources_1/bd/Design_1/ip/Design_1_smartconnect_0_0/bd_0/ip/ip_21/synth/bd_2207_sarn_0.sv:53]
INFO: [Synth 8-6155] done synthesizing module 'bd_2207_sarn_0' (0#1) [c:/F.A.L.C.O.N/Vivado_WS/Gaussian_Filter_Project/Gaussian_Filter_Project.gen/sources_1/bd/Design_1/ip/Design_1_smartconnect_0_0/bd_0/ip/ip_21/synth/bd_2207_sarn_0.sv:53]
INFO: [Synth 8-6157] synthesizing module 'bd_2207_sawn_0' [c:/F.A.L.C.O.N/Vivado_WS/Gaussian_Filter_Project/Gaussian_Filter_Project.gen/sources_1/bd/Design_1/ip/Design_1_smartconnect_0_0/bd_0/ip/ip_23/synth/bd_2207_sawn_0.sv:53]
INFO: [Synth 8-6155] done synthesizing module 'bd_2207_sawn_0' (0#1) [c:/F.A.L.C.O.N/Vivado_WS/Gaussian_Filter_Project/Gaussian_Filter_Project.gen/sources_1/bd/Design_1/ip/Design_1_smartconnect_0_0/bd_0/ip/ip_23/synth/bd_2207_sawn_0.sv:53]
INFO: [Synth 8-6157] synthesizing module 'bd_2207_sbn_0' [c:/F.A.L.C.O.N/Vivado_WS/Gaussian_Filter_Project/Gaussian_Filter_Project.gen/sources_1/bd/Design_1/ip/Design_1_smartconnect_0_0/bd_0/ip/ip_25/synth/bd_2207_sbn_0.sv:53]
INFO: [Synth 8-6155] done synthesizing module 'bd_2207_sbn_0' (0#1) [c:/F.A.L.C.O.N/Vivado_WS/Gaussian_Filter_Project/Gaussian_Filter_Project.gen/sources_1/bd/Design_1/ip/Design_1_smartconnect_0_0/bd_0/ip/ip_25/synth/bd_2207_sbn_0.sv:53]
INFO: [Synth 8-6157] synthesizing module 'bd_2207_srn_0' [c:/F.A.L.C.O.N/Vivado_WS/Gaussian_Filter_Project/Gaussian_Filter_Project.gen/sources_1/bd/Design_1/ip/Design_1_smartconnect_0_0/bd_0/ip/ip_22/synth/bd_2207_srn_0.sv:53]
INFO: [Synth 8-6155] done synthesizing module 'bd_2207_srn_0' (0#1) [c:/F.A.L.C.O.N/Vivado_WS/Gaussian_Filter_Project/Gaussian_Filter_Project.gen/sources_1/bd/Design_1/ip/Design_1_smartconnect_0_0/bd_0/ip/ip_22/synth/bd_2207_srn_0.sv:53]
INFO: [Synth 8-6157] synthesizing module 'bd_2207_swn_0' [c:/F.A.L.C.O.N/Vivado_WS/Gaussian_Filter_Project/Gaussian_Filter_Project.gen/sources_1/bd/Design_1/ip/Design_1_smartconnect_0_0/bd_0/ip/ip_24/synth/bd_2207_swn_0.sv:53]
INFO: [Synth 8-6155] done synthesizing module 'bd_2207_swn_0' (0#1) [c:/F.A.L.C.O.N/Vivado_WS/Gaussian_Filter_Project/Gaussian_Filter_Project.gen/sources_1/bd/Design_1/ip/Design_1_smartconnect_0_0/bd_0/ip/ip_24/synth/bd_2207_swn_0.sv:53]
INFO: [Synth 8-6155] done synthesizing module 's00_nodes_imp_QK6PAO' (0#1) [c:/F.A.L.C.O.N/Vivado_WS/Gaussian_Filter_Project/Gaussian_Filter_Project.gen/sources_1/bd/Design_1/ip/Design_1_smartconnect_0_0/bd_0/synth/bd_2207.v:3006]
INFO: [Synth 8-6157] synthesizing module 'switchboards_imp_EIFTDW' [c:/F.A.L.C.O.N/Vivado_WS/Gaussian_Filter_Project/Gaussian_Filter_Project.gen/sources_1/bd/Design_1/ip/Design_1_smartconnect_0_0/bd_0/synth/bd_2207.v:3248]
INFO: [Synth 8-6157] synthesizing module 'bd_2207_arinsw_0' [c:/F.A.L.C.O.N/Vivado_WS/Gaussian_Filter_Project/Gaussian_Filter_Project.gen/sources_1/bd/Design_1/ip/Design_1_smartconnect_0_0/bd_0/ip/ip_2/synth/bd_2207_arinsw_0.sv:53]
INFO: [Synth 8-6155] done synthesizing module 'bd_2207_arinsw_0' (0#1) [c:/F.A.L.C.O.N/Vivado_WS/Gaussian_Filter_Project/Gaussian_Filter_Project.gen/sources_1/bd/Design_1/ip/Design_1_smartconnect_0_0/bd_0/ip/ip_2/synth/bd_2207_arinsw_0.sv:53]
INFO: [Synth 8-6157] synthesizing module 'bd_2207_aroutsw_0' [c:/F.A.L.C.O.N/Vivado_WS/Gaussian_Filter_Project/Gaussian_Filter_Project.gen/sources_1/bd/Design_1/ip/Design_1_smartconnect_0_0/bd_0/ip/ip_7/synth/bd_2207_aroutsw_0.sv:53]
INFO: [Synth 8-6155] done synthesizing module 'bd_2207_aroutsw_0' (0#1) [c:/F.A.L.C.O.N/Vivado_WS/Gaussian_Filter_Project/Gaussian_Filter_Project.gen/sources_1/bd/Design_1/ip/Design_1_smartconnect_0_0/bd_0/ip/ip_7/synth/bd_2207_aroutsw_0.sv:53]
INFO: [Synth 8-6157] synthesizing module 'bd_2207_awinsw_0' [c:/F.A.L.C.O.N/Vivado_WS/Gaussian_Filter_Project/Gaussian_Filter_Project.gen/sources_1/bd/Design_1/ip/Design_1_smartconnect_0_0/bd_0/ip/ip_4/synth/bd_2207_awinsw_0.sv:53]
INFO: [Synth 8-6155] done synthesizing module 'bd_2207_awinsw_0' (0#1) [c:/F.A.L.C.O.N/Vivado_WS/Gaussian_Filter_Project/Gaussian_Filter_Project.gen/sources_1/bd/Design_1/ip/Design_1_smartconnect_0_0/bd_0/ip/ip_4/synth/bd_2207_awinsw_0.sv:53]
INFO: [Synth 8-6157] synthesizing module 'bd_2207_awoutsw_0' [c:/F.A.L.C.O.N/Vivado_WS/Gaussian_Filter_Project/Gaussian_Filter_Project.gen/sources_1/bd/Design_1/ip/Design_1_smartconnect_0_0/bd_0/ip/ip_9/synth/bd_2207_awoutsw_0.sv:53]
INFO: [Synth 8-6155] done synthesizing module 'bd_2207_awoutsw_0' (0#1) [c:/F.A.L.C.O.N/Vivado_WS/Gaussian_Filter_Project/Gaussian_Filter_Project.gen/sources_1/bd/Design_1/ip/Design_1_smartconnect_0_0/bd_0/ip/ip_9/synth/bd_2207_awoutsw_0.sv:53]
INFO: [Synth 8-6157] synthesizing module 'bd_2207_binsw_0' [c:/F.A.L.C.O.N/Vivado_WS/Gaussian_Filter_Project/Gaussian_Filter_Project.gen/sources_1/bd/Design_1/ip/Design_1_smartconnect_0_0/bd_0/ip/ip_6/synth/bd_2207_binsw_0.sv:53]
INFO: [Synth 8-6155] done synthesizing module 'bd_2207_binsw_0' (0#1) [c:/F.A.L.C.O.N/Vivado_WS/Gaussian_Filter_Project/Gaussian_Filter_Project.gen/sources_1/bd/Design_1/ip/Design_1_smartconnect_0_0/bd_0/ip/ip_6/synth/bd_2207_binsw_0.sv:53]
INFO: [Synth 8-6157] synthesizing module 'bd_2207_boutsw_0' [c:/F.A.L.C.O.N/Vivado_WS/Gaussian_Filter_Project/Gaussian_Filter_Project.gen/sources_1/bd/Design_1/ip/Design_1_smartconnect_0_0/bd_0/ip/ip_11/synth/bd_2207_boutsw_0.sv:53]
INFO: [Synth 8-6155] done synthesizing module 'bd_2207_boutsw_0' (0#1) [c:/F.A.L.C.O.N/Vivado_WS/Gaussian_Filter_Project/Gaussian_Filter_Project.gen/sources_1/bd/Design_1/ip/Design_1_smartconnect_0_0/bd_0/ip/ip_11/synth/bd_2207_boutsw_0.sv:53]
INFO: [Synth 8-6157] synthesizing module 'i_nodes_imp_1UPH3UK' [c:/F.A.L.C.O.N/Vivado_WS/Gaussian_Filter_Project/Gaussian_Filter_Project.gen/sources_1/bd/Design_1/ip/Design_1_smartconnect_0_0/bd_0/synth/bd_2207.v:1220]
INFO: [Synth 8-6157] synthesizing module 'bd_2207_arni_0' [c:/F.A.L.C.O.N/Vivado_WS/Gaussian_Filter_Project/Gaussian_Filter_Project.gen/sources_1/bd/Design_1/ip/Design_1_smartconnect_0_0/bd_0/ip/ip_12/synth/bd_2207_arni_0.sv:53]
INFO: [Synth 8-6155] done synthesizing module 'bd_2207_arni_0' (0#1) [c:/F.A.L.C.O.N/Vivado_WS/Gaussian_Filter_Project/Gaussian_Filter_Project.gen/sources_1/bd/Design_1/ip/Design_1_smartconnect_0_0/bd_0/ip/ip_12/synth/bd_2207_arni_0.sv:53]
INFO: [Synth 8-6157] synthesizing module 'bd_2207_awni_0' [c:/F.A.L.C.O.N/Vivado_WS/Gaussian_Filter_Project/Gaussian_Filter_Project.gen/sources_1/bd/Design_1/ip/Design_1_smartconnect_0_0/bd_0/ip/ip_14/synth/bd_2207_awni_0.sv:53]
INFO: [Synth 8-6155] done synthesizing module 'bd_2207_awni_0' (0#1) [c:/F.A.L.C.O.N/Vivado_WS/Gaussian_Filter_Project/Gaussian_Filter_Project.gen/sources_1/bd/Design_1/ip/Design_1_smartconnect_0_0/bd_0/ip/ip_14/synth/bd_2207_awni_0.sv:53]
INFO: [Synth 8-6157] synthesizing module 'bd_2207_bni_0' [c:/F.A.L.C.O.N/Vivado_WS/Gaussian_Filter_Project/Gaussian_Filter_Project.gen/sources_1/bd/Design_1/ip/Design_1_smartconnect_0_0/bd_0/ip/ip_16/synth/bd_2207_bni_0.sv:53]
INFO: [Synth 8-6155] done synthesizing module 'bd_2207_bni_0' (0#1) [c:/F.A.L.C.O.N/Vivado_WS/Gaussian_Filter_Project/Gaussian_Filter_Project.gen/sources_1/bd/Design_1/ip/Design_1_smartconnect_0_0/bd_0/ip/ip_16/synth/bd_2207_bni_0.sv:53]
INFO: [Synth 8-6157] synthesizing module 'bd_2207_rni_0' [c:/F.A.L.C.O.N/Vivado_WS/Gaussian_Filter_Project/Gaussian_Filter_Project.gen/sources_1/bd/Design_1/ip/Design_1_smartconnect_0_0/bd_0/ip/ip_13/synth/bd_2207_rni_0.sv:53]
INFO: [Synth 8-6155] done synthesizing module 'bd_2207_rni_0' (0#1) [c:/F.A.L.C.O.N/Vivado_WS/Gaussian_Filter_Project/Gaussian_Filter_Project.gen/sources_1/bd/Design_1/ip/Design_1_smartconnect_0_0/bd_0/ip/ip_13/synth/bd_2207_rni_0.sv:53]
INFO: [Synth 8-6157] synthesizing module 'bd_2207_wni_0' [c:/F.A.L.C.O.N/Vivado_WS/Gaussian_Filter_Project/Gaussian_Filter_Project.gen/sources_1/bd/Design_1/ip/Design_1_smartconnect_0_0/bd_0/ip/ip_15/synth/bd_2207_wni_0.sv:53]
INFO: [Synth 8-6155] done synthesizing module 'bd_2207_wni_0' (0#1) [c:/F.A.L.C.O.N/Vivado_WS/Gaussian_Filter_Project/Gaussian_Filter_Project.gen/sources_1/bd/Design_1/ip/Design_1_smartconnect_0_0/bd_0/ip/ip_15/synth/bd_2207_wni_0.sv:53]
INFO: [Synth 8-6155] done synthesizing module 'i_nodes_imp_1UPH3UK' (0#1) [c:/F.A.L.C.O.N/Vivado_WS/Gaussian_Filter_Project/Gaussian_Filter_Project.gen/sources_1/bd/Design_1/ip/Design_1_smartconnect_0_0/bd_0/synth/bd_2207.v:1220]
INFO: [Synth 8-6157] synthesizing module 'bd_2207_rinsw_0' [c:/F.A.L.C.O.N/Vivado_WS/Gaussian_Filter_Project/Gaussian_Filter_Project.gen/sources_1/bd/Design_1/ip/Design_1_smartconnect_0_0/bd_0/ip/ip_3/synth/bd_2207_rinsw_0.sv:53]
INFO: [Synth 8-6155] done synthesizing module 'bd_2207_rinsw_0' (0#1) [c:/F.A.L.C.O.N/Vivado_WS/Gaussian_Filter_Project/Gaussian_Filter_Project.gen/sources_1/bd/Design_1/ip/Design_1_smartconnect_0_0/bd_0/ip/ip_3/synth/bd_2207_rinsw_0.sv:53]
INFO: [Synth 8-6157] synthesizing module 'bd_2207_routsw_0' [c:/F.A.L.C.O.N/Vivado_WS/Gaussian_Filter_Project/Gaussian_Filter_Project.gen/sources_1/bd/Design_1/ip/Design_1_smartconnect_0_0/bd_0/ip/ip_8/synth/bd_2207_routsw_0.sv:53]
INFO: [Synth 8-6155] done synthesizing module 'bd_2207_routsw_0' (0#1) [c:/F.A.L.C.O.N/Vivado_WS/Gaussian_Filter_Project/Gaussian_Filter_Project.gen/sources_1/bd/Design_1/ip/Design_1_smartconnect_0_0/bd_0/ip/ip_8/synth/bd_2207_routsw_0.sv:53]
INFO: [Synth 8-6157] synthesizing module 'bd_2207_winsw_0' [c:/F.A.L.C.O.N/Vivado_WS/Gaussian_Filter_Project/Gaussian_Filter_Project.gen/sources_1/bd/Design_1/ip/Design_1_smartconnect_0_0/bd_0/ip/ip_5/synth/bd_2207_winsw_0.sv:53]
INFO: [Synth 8-6155] done synthesizing module 'bd_2207_winsw_0' (0#1) [c:/F.A.L.C.O.N/Vivado_WS/Gaussian_Filter_Project/Gaussian_Filter_Project.gen/sources_1/bd/Design_1/ip/Design_1_smartconnect_0_0/bd_0/ip/ip_5/synth/bd_2207_winsw_0.sv:53]
INFO: [Synth 8-6157] synthesizing module 'bd_2207_woutsw_0' [c:/F.A.L.C.O.N/Vivado_WS/Gaussian_Filter_Project/Gaussian_Filter_Project.gen/sources_1/bd/Design_1/ip/Design_1_smartconnect_0_0/bd_0/ip/ip_10/synth/bd_2207_woutsw_0.sv:53]
INFO: [Synth 8-6155] done synthesizing module 'bd_2207_woutsw_0' (0#1) [c:/F.A.L.C.O.N/Vivado_WS/Gaussian_Filter_Project/Gaussian_Filter_Project.gen/sources_1/bd/Design_1/ip/Design_1_smartconnect_0_0/bd_0/ip/ip_10/synth/bd_2207_woutsw_0.sv:53]
INFO: [Synth 8-6155] done synthesizing module 'switchboards_imp_EIFTDW' (0#1) [c:/F.A.L.C.O.N/Vivado_WS/Gaussian_Filter_Project/Gaussian_Filter_Project.gen/sources_1/bd/Design_1/ip/Design_1_smartconnect_0_0/bd_0/synth/bd_2207.v:3248]
INFO: [Synth 8-6155] done synthesizing module 'bd_2207' (0#1) [c:/F.A.L.C.O.N/Vivado_WS/Gaussian_Filter_Project/Gaussian_Filter_Project.gen/sources_1/bd/Design_1/ip/Design_1_smartconnect_0_0/bd_0/synth/bd_2207.v:10]
INFO: [Synth 8-6155] done synthesizing module 'Design_1_smartconnect_0_0' (0#1) [c:/F.A.L.C.O.N/Vivado_WS/Gaussian_Filter_Project/Gaussian_Filter_Project.gen/sources_1/bd/Design_1/ip/Design_1_smartconnect_0_0/synth/Design_1_smartconnect_0_0.v:53]
WARNING: [Synth 8-3848] Net aresetn_out in module/entity clk_map_imp_DQNO0I does not have driver. [c:/F.A.L.C.O.N/Vivado_WS/Gaussian_Filter_Project/Gaussian_Filter_Project.gen/sources_1/bd/Design_1/ip/Design_1_smartconnect_0_0/bd_0/synth/bd_2207.v:1194]
INFO: [Synth 8-4490] FSM extraction disabled for register 'gen_pipelined.state_reg' through user attribute
INFO: [Synth 8-4490] FSM extraction disabled for register 'gen_pipelined.state_reg' through user attribute
INFO: [Synth 8-4490] FSM extraction disabled for register 'gen_pipelined.state_reg' through user attribute
INFO: [Synth 8-4490] FSM extraction disabled for register 'gen_pipelined.state_reg' through user attribute
INFO: [Synth 8-7129] Port aclk in module sc_util_v1_0_4_pipeline__parameterized4 is either unconnected or has no load
INFO: [Synth 8-7129] Port aclken in module sc_util_v1_0_4_pipeline__parameterized4 is either unconnected or has no load
INFO: [Synth 8-7129] Port areset in module sc_util_v1_0_4_pipeline__parameterized4 is either unconnected or has no load
INFO: [Synth 8-7129] Port aclk in module sc_util_v1_0_4_pipeline__parameterized0 is either unconnected or has no load
INFO: [Synth 8-7129] Port aclken in module sc_util_v1_0_4_pipeline__parameterized0 is either unconnected or has no load
INFO: [Synth 8-7129] Port areset in module sc_util_v1_0_4_pipeline__parameterized0 is either unconnected or has no load
INFO: [Synth 8-7129] Port din[0] in module sc_util_v1_0_4_onehot_to_binary__parameterized0 is either unconnected or has no load
INFO: [Synth 8-7129] Port connectivity[1] in module sc_switchboard_v1_0_9_top__parameterized6 is either unconnected or has no load
INFO: [Synth 8-7129] Port connectivity[0] in module sc_switchboard_v1_0_9_top__parameterized6 is either unconnected or has no load
INFO: [Synth 8-7129] Port connectivity[0] in module sc_switchboard_v1_0_9_top__parameterized5 is either unconnected or has no load
INFO: [Synth 8-7129] Port aclk in module sc_util_v1_0_4_pipeline__parameterized3 is either unconnected or has no load
INFO: [Synth 8-7129] Port aclken in module sc_util_v1_0_4_pipeline__parameterized3 is either unconnected or has no load
INFO: [Synth 8-7129] Port areset in module sc_util_v1_0_4_pipeline__parameterized3 is either unconnected or has no load
INFO: [Synth 8-7129] Port din[0] in module sc_util_v1_0_4_onehot_to_binary__parameterized1 is either unconnected or has no load
INFO: [Synth 8-7129] Port connectivity[1] in module sc_switchboard_v1_0_9_top__parameterized4 is either unconnected or has no load
INFO: [Synth 8-7129] Port connectivity[0] in module sc_switchboard_v1_0_9_top__parameterized4 is either unconnected or has no load
INFO: [Synth 8-7129] Port connectivity[0] in module sc_switchboard_v1_0_9_top__parameterized3 is either unconnected or has no load
INFO: [Synth 8-7129] Port din[0] in module sc_util_v1_0_4_onehot_to_binary is either unconnected or has no load
INFO: [Synth 8-7129] Port slow_clk in module sc_util_v1_0_4_sample_cycle_ratio is either unconnected or has no load
INFO: [Synth 8-7129] Port fast_clk in module sc_util_v1_0_4_sample_cycle_ratio is either unconnected or has no load
INFO: [Synth 8-7129] Port aclk in module sc_util_v1_0_4_pipeline__parameterized10 is either unconnected or has no load
INFO: [Synth 8-7129] Port aclken in module sc_util_v1_0_4_pipeline__parameterized10 is either unconnected or has no load
INFO: [Synth 8-7129] Port areset in module sc_util_v1_0_4_pipeline__parameterized10 is either unconnected or has no load
INFO: [Synth 8-7129] Port aclk in module sc_node_v1_0_19_reg_slice3 is either unconnected or has no load
INFO: [Synth 8-7129] Port aclken in module sc_node_v1_0_19_reg_slice3 is either unconnected or has no load
INFO: [Synth 8-7129] Port areset in module sc_node_v1_0_19_reg_slice3 is either unconnected or has no load
INFO: [Synth 8-7129] Port aclk in module sc_node_v1_0_19_si_handler__parameterized8 is either unconnected or has no load
INFO: [Synth 8-7129] Port aclken in module sc_node_v1_0_19_si_handler__parameterized8 is either unconnected or has no load
INFO: [Synth 8-7129] Port areset in module sc_node_v1_0_19_si_handler__parameterized8 is either unconnected or has no load
INFO: [Synth 8-7129] Port s_sc_req[0] in module sc_node_v1_0_19_si_handler__parameterized8 is either unconnected or has no load
INFO: [Synth 8-7129] Port s_sc_info[0] in module sc_node_v1_0_19_si_handler__parameterized8 is either unconnected or has no load
INFO: [Synth 8-7129] Port s_axis_arb_tvalid in module sc_node_v1_0_19_si_handler__parameterized8 is either unconnected or has no load
INFO: [Synth 8-7129] Port s_axis_arb_tdata[15] in module sc_node_v1_0_19_si_handler__parameterized8 is either unconnected or has no load
INFO: [Synth 8-7129] Port s_axis_arb_tdata[14] in module sc_node_v1_0_19_si_handler__parameterized8 is either unconnected or has no load
INFO: [Synth 8-7129] Port s_axis_arb_tdata[13] in module sc_node_v1_0_19_si_handler__parameterized8 is either unconnected or has no load
INFO: [Synth 8-7129] Port s_axis_arb_tdata[12] in module sc_node_v1_0_19_si_handler__parameterized8 is either unconnected or has no load
INFO: [Synth 8-7129] Port s_axis_arb_tdata[11] in module sc_node_v1_0_19_si_handler__parameterized8 is either unconnected or has no load
INFO: [Synth 8-7129] Port s_axis_arb_tdata[10] in module sc_node_v1_0_19_si_handler__parameterized8 is either unconnected or has no load
INFO: [Synth 8-7129] Port s_axis_arb_tdata[9] in module sc_node_v1_0_19_si_handler__parameterized8 is either unconnected or has no load
INFO: [Synth 8-7129] Port s_axis_arb_tdata[8] in module sc_node_v1_0_19_si_handler__parameterized8 is either unconnected or has no load
INFO: [Synth 8-7129] Port s_axis_arb_tdata[7] in module sc_node_v1_0_19_si_handler__parameterized8 is either unconnected or has no load
INFO: [Synth 8-7129] Port s_axis_arb_tdata[6] in module sc_node_v1_0_19_si_handler__parameterized8 is either unconnected or has no load
INFO: [Synth 8-7129] Port s_axis_arb_tdata[5] in module sc_node_v1_0_19_si_handler__parameterized8 is either unconnected or has no load
INFO: [Synth 8-7129] Port s_axis_arb_tdata[4] in module sc_node_v1_0_19_si_handler__parameterized8 is either unconnected or has no load
INFO: [Synth 8-7129] Port s_axis_arb_tdata[3] in module sc_node_v1_0_19_si_handler__parameterized8 is either unconnected or has no load
INFO: [Synth 8-7129] Port s_axis_arb_tdata[2] in module sc_node_v1_0_19_si_handler__parameterized8 is either unconnected or has no load
INFO: [Synth 8-7129] Port s_axis_arb_tdata[1] in module sc_node_v1_0_19_si_handler__parameterized8 is either unconnected or has no load
INFO: [Synth 8-7129] Port s_axis_arb_tdata[0] in module sc_node_v1_0_19_si_handler__parameterized8 is either unconnected or has no load
INFO: [Synth 8-7129] Port m_axis_arb_tready in module sc_node_v1_0_19_si_handler__parameterized8 is either unconnected or has no load
INFO: [Synth 8-7129] Port aclk in module sc_util_v1_0_4_axic_register_slice is either unconnected or has no load
INFO: [Synth 8-7129] Port areset in module sc_util_v1_0_4_axic_register_slice is either unconnected or has no load
INFO: [Synth 8-7129] Port aclken in module sc_util_v1_0_4_axic_register_slice is either unconnected or has no load
INFO: [Synth 8-7129] Port m_sc_aclken in module sc_node_v1_0_19_top__parameterized13 is either unconnected or has no load
INFO: [Synth 8-7129] Port din[0] in module sc_util_v1_0_4_onehot_to_binary__parameterized2 is either unconnected or has no load
INFO: [Synth 8-7129] Port aclk in module sc_util_v1_0_4_pipeline__parameterized7 is either unconnected or has no load
INFO: [Synth 8-7129] Port aclken in module sc_util_v1_0_4_pipeline__parameterized7 is either unconnected or has no load
INFO: [Synth 8-7129] Port areset in module sc_util_v1_0_4_pipeline__parameterized7 is either unconnected or has no load
INFO: [Synth 8-7129] Port aclk in module sc_util_v1_0_4_pipeline__parameterized9 is either unconnected or has no load
INFO: [Synth 8-7129] Port aclken in module sc_util_v1_0_4_pipeline__parameterized9 is either unconnected or has no load
INFO: [Synth 8-7129] Port areset in module sc_util_v1_0_4_pipeline__parameterized9 is either unconnected or has no load
INFO: [Synth 8-7129] Port aclk in module sc_node_v1_0_19_reg_slice3__parameterized0 is either unconnected or has no load
INFO: [Synth 8-7129] Port aclken in module sc_node_v1_0_19_reg_slice3__parameterized0 is either unconnected or has no load
INFO: [Synth 8-7129] Port areset in module sc_node_v1_0_19_reg_slice3__parameterized0 is either unconnected or has no load
INFO: [Synth 8-7129] Port areset in module sc_node_v1_0_19_fi_regulator is either unconnected or has no load
INFO: [Synth 8-7129] Port s_sc_info[1] in module sc_node_v1_0_19_si_handler__parameterized7 is either unconnected or has no load
INFO: [Synth 8-7129] Port s_sc_info[0] in module sc_node_v1_0_19_si_handler__parameterized7 is either unconnected or has no load
INFO: [Synth 8-7129] Port s_axis_arb_tvalid in module sc_node_v1_0_19_si_handler__parameterized7 is either unconnected or has no load
INFO: [Synth 8-7129] Port s_axis_arb_tdata[15] in module sc_node_v1_0_19_si_handler__parameterized7 is either unconnected or has no load
INFO: [Synth 8-7129] Port s_axis_arb_tdata[14] in module sc_node_v1_0_19_si_handler__parameterized7 is either unconnected or has no load
INFO: [Synth 8-7129] Port s_axis_arb_tdata[13] in module sc_node_v1_0_19_si_handler__parameterized7 is either unconnected or has no load
INFO: [Synth 8-7129] Port s_axis_arb_tdata[12] in module sc_node_v1_0_19_si_handler__parameterized7 is either unconnected or has no load
INFO: [Synth 8-7129] Port s_axis_arb_tdata[11] in module sc_node_v1_0_19_si_handler__parameterized7 is either unconnected or has no load
INFO: [Synth 8-7129] Port s_axis_arb_tdata[10] in module sc_node_v1_0_19_si_handler__parameterized7 is either unconnected or has no load
INFO: [Synth 8-7129] Port s_axis_arb_tdata[9] in module sc_node_v1_0_19_si_handler__parameterized7 is either unconnected or has no load
INFO: [Synth 8-7129] Port s_axis_arb_tdata[8] in module sc_node_v1_0_19_si_handler__parameterized7 is either unconnected or has no load
INFO: [Synth 8-7129] Port s_axis_arb_tdata[7] in module sc_node_v1_0_19_si_handler__parameterized7 is either unconnected or has no load
INFO: [Synth 8-7129] Port s_axis_arb_tdata[6] in module sc_node_v1_0_19_si_handler__parameterized7 is either unconnected or has no load
INFO: [Synth 8-7129] Port s_axis_arb_tdata[5] in module sc_node_v1_0_19_si_handler__parameterized7 is either unconnected or has no load
INFO: [Synth 8-7129] Port s_axis_arb_tdata[4] in module sc_node_v1_0_19_si_handler__parameterized7 is either unconnected or has no load
INFO: [Synth 8-7129] Port s_axis_arb_tdata[3] in module sc_node_v1_0_19_si_handler__parameterized7 is either unconnected or has no load
INFO: [Synth 8-7129] Port s_axis_arb_tdata[2] in module sc_node_v1_0_19_si_handler__parameterized7 is either unconnected or has no load
INFO: [Synth 8-7129] Port s_axis_arb_tdata[1] in module sc_node_v1_0_19_si_handler__parameterized7 is either unconnected or has no load
INFO: [Synth 8-7129] Port s_axis_arb_tdata[0] in module sc_node_v1_0_19_si_handler__parameterized7 is either unconnected or has no load
INFO: [Synth 8-7129] Port m_axis_arb_tready in module sc_node_v1_0_19_si_handler__parameterized7 is either unconnected or has no load
INFO: [Synth 8-7129] Port m_sc_aclken in module sc_node_v1_0_19_top__parameterized12 is either unconnected or has no load
INFO: [Synth 8-7129] Port aclk in module sc_util_v1_0_4_pipeline__parameterized8 is either unconnected or has no load
INFO: [Synth 8-7129] Port aclken in module sc_util_v1_0_4_pipeline__parameterized8 is either unconnected or has no load
INFO: [Synth 8-7129] Port areset in module sc_util_v1_0_4_pipeline__parameterized8 is either unconnected or has no load
INFO: [Synth 8-7129] Port aclk in module sc_util_v1_0_4_pipeline__parameterized2 is either unconnected or has no load
INFO: [Synth 8-7129] Port aclken in module sc_util_v1_0_4_pipeline__parameterized2 is either unconnected or has no load
INFO: [Synth 8-7129] Port areset in module sc_util_v1_0_4_pipeline__parameterized2 is either unconnected or has no load
INFO: [Synth 8-7129] Port s_sc_info[1] in module sc_node_v1_0_19_si_handler__parameterized6 is either unconnected or has no load
INFO: [Synth 8-7129] Port s_sc_info[0] in module sc_node_v1_0_19_si_handler__parameterized6 is either unconnected or has no load
INFO: [Synth 8-7129] Port s_axis_arb_tvalid in module sc_node_v1_0_19_si_handler__parameterized6 is either unconnected or has no load
INFO: [Synth 8-7129] Port s_axis_arb_tdata[15] in module sc_node_v1_0_19_si_handler__parameterized6 is either unconnected or has no load
INFO: [Synth 8-7129] Port s_axis_arb_tdata[14] in module sc_node_v1_0_19_si_handler__parameterized6 is either unconnected or has no load
INFO: [Synth 8-7129] Port s_axis_arb_tdata[13] in module sc_node_v1_0_19_si_handler__parameterized6 is either unconnected or has no load
INFO: [Synth 8-7129] Port s_axis_arb_tdata[12] in module sc_node_v1_0_19_si_handler__parameterized6 is either unconnected or has no load
INFO: [Synth 8-7129] Port s_axis_arb_tdata[11] in module sc_node_v1_0_19_si_handler__parameterized6 is either unconnected or has no load
INFO: [Synth 8-7129] Port s_axis_arb_tdata[10] in module sc_node_v1_0_19_si_handler__parameterized6 is either unconnected or has no load
INFO: [Common 17-14] Message 'Synth 8-7129' appears 100 times and further instances of the messages will be disabled. Use the Tcl command set_msg_config to change the current settings.
---------------------------------------------------------------------------------
Finished RTL Elaboration : Time (s): cpu = 00:00:14 ; elapsed = 00:00:15 . Memory (MB): peak = 1752.012 ; gain = 899.180
---------------------------------------------------------------------------------
---------------------------------------------------------------------------------
Start Handling Custom Attributes
---------------------------------------------------------------------------------
---------------------------------------------------------------------------------
Finished Handling Custom Attributes : Time (s): cpu = 00:00:14 ; elapsed = 00:00:15 . Memory (MB): peak = 1752.012 ; gain = 899.180
---------------------------------------------------------------------------------
---------------------------------------------------------------------------------
Finished RTL Optimization Phase 1 : Time (s): cpu = 00:00:14 ; elapsed = 00:00:15 . Memory (MB): peak = 1752.012 ; gain = 899.180
---------------------------------------------------------------------------------
Netlist sorting complete. Time (s): cpu = 00:00:01 ; elapsed = 00:00:00.715 . Memory (MB): peak = 1752.012 ; gain = 0.000
INFO: [Netlist 29-17] Analyzing 1 Unisim elements for replacement
INFO: [Netlist 29-28] Unisim Transformation completed in 0 CPU seconds
INFO: [Project 1-570] Preparing netlist for logic optimization

Processing XDC Constraints
Initializing timing engine
Parsing XDC File [c:/F.A.L.C.O.N/Vivado_WS/Gaussian_Filter_Project/Gaussian_Filter_Project.gen/sources_1/bd/Design_1/ip/Design_1_smartconnect_0_0/ooc.xdc] for cell 'inst'
Finished Parsing XDC File [c:/F.A.L.C.O.N/Vivado_WS/Gaussian_Filter_Project/Gaussian_Filter_Project.gen/sources_1/bd/Design_1/ip/Design_1_smartconnect_0_0/ooc.xdc] for cell 'inst'
Parsing XDC File [c:/F.A.L.C.O.N/Vivado_WS/Gaussian_Filter_Project/Gaussian_Filter_Project.gen/sources_1/bd/Design_1/ip/Design_1_smartconnect_0_0/bd_0/ip/ip_1/bd_2207_psr_aclk_0_board.xdc] for cell 'inst/clk_map/psr_aclk/U0'
Finished Parsing XDC File [c:/F.A.L.C.O.N/Vivado_WS/Gaussian_Filter_Project/Gaussian_Filter_Project.gen/sources_1/bd/Design_1/ip/Design_1_smartconnect_0_0/bd_0/ip/ip_1/bd_2207_psr_aclk_0_board.xdc] for cell 'inst/clk_map/psr_aclk/U0'
Parsing XDC File [c:/F.A.L.C.O.N/Vivado_WS/Gaussian_Filter_Project/Gaussian_Filter_Project.gen/sources_1/bd/Design_1/ip/Design_1_smartconnect_0_0/smartconnect.xdc] for cell 'inst'
Finished Parsing XDC File [c:/F.A.L.C.O.N/Vivado_WS/Gaussian_Filter_Project/Gaussian_Filter_Project.gen/sources_1/bd/Design_1/ip/Design_1_smartconnect_0_0/smartconnect.xdc] for cell 'inst'
Parsing XDC File [C:/F.A.L.C.O.N/Vivado_WS/Gaussian_Filter_Project/Gaussian_Filter_Project.runs/Design_1_smartconnect_0_0_synth_1/dont_touch.xdc]
Finished Parsing XDC File [C:/F.A.L.C.O.N/Vivado_WS/Gaussian_Filter_Project/Gaussian_Filter_Project.runs/Design_1_smartconnect_0_0_synth_1/dont_touch.xdc]
INFO: [Project 1-236] Implementation specific constraints were found while reading constraint file [C:/AMDDesignTools/2026.1/Vivado/data/ip/xpm/xpm_cdc/tcl/xpm_cdc_single.tcl]. These constraints will be ignored for synthesis but will be used in implementation. Impacted constraints are listed in the file [.Xil/Design_1_smartconnect_0_0_propImpl.xdc].
Resolution: To avoid this warning, move constraints listed in [.Xil/Design_1_smartconnect_0_0_propImpl.xdc] to another XDC file and exclude this new file from synthesis with the used_in_synthesis property (File Properties dialog in GUI) and re-run elaboration/synthesis.
INFO: [Project 1-1714] 47 XPM XDC files have been applied to the design.
Completed Processing XDC Constraints

Netlist sorting complete. Time (s): cpu = 00:00:00 ; elapsed = 00:00:00.036 . Memory (MB): peak = 1989.160 ; gain = 0.000
INFO: [Project 1-111] Unisim Transformation Summary:
  A total of 1 instances were transformed.
  SRL16 => SRL16E: 1 instance 

Constraint Validation Runtime : Time (s): cpu = 00:00:01 ; elapsed = 00:00:01 . Memory (MB): peak = 2014.012 ; gain = 0.000
INFO: [Designutils 20-5008] Incremental synthesis strategy off
---------------------------------------------------------------------------------
Finished Constraint Validation : Time (s): cpu = 00:00:41 ; elapsed = 00:00:47 . Memory (MB): peak = 2014.012 ; gain = 1161.180
---------------------------------------------------------------------------------
---------------------------------------------------------------------------------
Start Loading Part and Timing Information
---------------------------------------------------------------------------------
Loading part: xc7z020clg400-1
---------------------------------------------------------------------------------
Finished Loading Part and Timing Information : Time (s): cpu = 00:00:41 ; elapsed = 00:00:47 . Memory (MB): peak = 2014.012 ; gain = 1161.180
---------------------------------------------------------------------------------
---------------------------------------------------------------------------------
Start Applying 'set_property' XDC Constraints
---------------------------------------------------------------------------------
---------------------------------------------------------------------------------
Finished applying 'set_property' XDC Constraints : Time (s): cpu = 00:00:41 ; elapsed = 00:00:47 . Memory (MB): peak = 2014.012 ; gain = 1161.180
---------------------------------------------------------------------------------
INFO: [Synth 8-802] inferred FSM for state register 'gen_axi.gen_write.write_cs_reg' in module 'sc_mmu_v1_0_16_decerr_slave'
INFO: [Synth 8-802] inferred FSM for state register 'gen_endpoint.w_state_reg' in module 'sc_mmu_v1_0_16_top'
INFO: [Synth 8-802] inferred FSM for state register 'gen_endpoint.r_state_reg' in module 'sc_mmu_v1_0_16_top'
INFO: [Synth 8-4490] FSM extraction disabled for register 'gen_pipelined.state_reg' through user attribute
INFO: [Synth 8-4490] FSM extraction disabled for register 'gen_pipelined.state_reg' through user attribute
INFO: [Synth 8-4490] FSM extraction disabled for register 'gen_pipelined.state_reg' through user attribute
INFO: [Synth 8-4490] FSM extraction disabled for register 'gen_pipelined.state_reg' through user attribute
INFO: [Synth 8-4490] FSM extraction disabled for register 'gen_pipelined.state_reg' through user attribute
INFO: [Synth 8-4490] FSM extraction disabled for register 'gen_pipelined.state_reg' through user attribute
INFO: [Synth 8-4490] FSM extraction disabled for register 'gen_pipelined.state_reg' through user attribute
INFO: [Synth 8-4490] FSM extraction disabled for register 'gen_pipelined.state_reg' through user attribute
INFO: [Synth 8-802] inferred FSM for state register 'aw_state_reg' in module 'sc_si_converter_v1_0_16_reduced_area'
INFO: [Synth 8-802] inferred FSM for state register 'w_state_reg' in module 'sc_si_converter_v1_0_16_reduced_area'
INFO: [Synth 8-802] inferred FSM for state register 'b_state_reg' in module 'sc_si_converter_v1_0_16_reduced_area'
INFO: [Synth 8-802] inferred FSM for state register 'ar_state_reg' in module 'sc_si_converter_v1_0_16_reduced_area'
INFO: [Synth 8-802] inferred FSM for state register 'r_state_reg' in module 'sc_si_converter_v1_0_16_reduced_area'
INFO: [Synth 8-802] inferred FSM for state register 'rd_state_reg' in module 'sc_si_converter_v1_0_16_reduced_area'
---------------------------------------------------------------------------------------------------
                   State |                     New Encoding |                Previous Encoding 
---------------------------------------------------------------------------------------------------
            P_WRITE_IDLE |                              001 |                               00
            P_WRITE_DATA |                              010 |                               01
            P_WRITE_RESP |                              100 |                               10
---------------------------------------------------------------------------------------------------
INFO: [Synth 8-3354] encoded FSM with state register 'gen_axi.gen_write.write_cs_reg' using encoding 'one-hot' in module 'sc_mmu_v1_0_16_decerr_slave'
---------------------------------------------------------------------------------------------------
                   State |                     New Encoding |                Previous Encoding 
---------------------------------------------------------------------------------------------------
                  iSTATE |                               00 | 00000000000000000000000000000000
*
                 W_STALL |                               01 | 00000000000000000000000000000001
               W_PENDING |                               10 | 00000000000000000000000000000010
                W_DECERR |                               11 | 00000000000000000000000000000011
---------------------------------------------------------------------------------------------------
INFO: [Synth 8-3354] encoded FSM with state register 'gen_endpoint.w_state_reg' using encoding 'sequential' in module 'sc_mmu_v1_0_16_top'
---------------------------------------------------------------------------------------------------
                   State |                     New Encoding |                Previous Encoding 
---------------------------------------------------------------------------------------------------
                  iSTATE |                               00 | 00000000000000000000000000000000
*
                 R_STALL |                               01 | 00000000000000000000000000000001
               R_PENDING |                               10 | 00000000000000000000000000000010
                R_DECERR |                               11 | 00000000000000000000000000000011
---------------------------------------------------------------------------------------------------
INFO: [Synth 8-3354] encoded FSM with state register 'gen_endpoint.r_state_reg' using encoding 'sequential' in module 'sc_mmu_v1_0_16_top'
---------------------------------------------------------------------------------------------------
                   State |                     New Encoding |                Previous Encoding 
---------------------------------------------------------------------------------------------------
                  B_IDLE |                               00 | 00000000000000000000000000000000
                 B_ACCUM |                               01 | 00000000000000000000000000000001
                  B_INCR |                               10 | 00000000000000000000000000000010
                   B_OUT |                               11 | 00000000000000000000000000000011
---------------------------------------------------------------------------------------------------
INFO: [Synth 8-3354] encoded FSM with state register 'b_state_reg' using encoding 'sequential' in module 'sc_si_converter_v1_0_16_reduced_area'
---------------------------------------------------------------------------------------------------
                   State |                     New Encoding |                Previous Encoding 
---------------------------------------------------------------------------------------------------
                  W_IDLE |                           000001 | 00000000000000000000000000000000
             W_SINGLES_1 |                           000010 | 00000000000000000000000000000001
               W_SINGLES |                           000100 | 00000000000000000000000000000010
                  W_NULL |                           001000 | 00000000000000000000000000000100
                  W_INCR |                           010000 | 00000000000000000000000000000011
              W_COMPLETE |                           100000 | 00000000000000000000000000000101
---------------------------------------------------------------------------------------------------
INFO: [Synth 8-3354] encoded FSM with state register 'w_state_reg' using encoding 'one-hot' in module 'sc_si_converter_v1_0_16_reduced_area'
---------------------------------------------------------------------------------------------------
                   State |                     New Encoding |                Previous Encoding 
---------------------------------------------------------------------------------------------------
                 AW_IDLE |                               00 | 00000000000000000000000000000000
             AW_SINGLE_1 |                               01 | 00000000000000000000000000000010
               AW_SINGLE |                               10 | 00000000000000000000000000000001
                AW_BURST |                               11 | 00000000000000000000000000000011
---------------------------------------------------------------------------------------------------
INFO: [Synth 8-3354] encoded FSM with state register 'aw_state_reg' using encoding 'sequential' in module 'sc_si_converter_v1_0_16_reduced_area'
---------------------------------------------------------------------------------------------------
                   State |                     New Encoding |                Previous Encoding 
---------------------------------------------------------------------------------------------------
                  R_IDLE |                              000 | 00000000000000000000000000000000
               R_SPLIT_1 |                              001 | 00000000000000000000000000000010
                 R_SPLIT |                              010 | 00000000000000000000000000000001
                  R_WAIT |                              011 | 00000000000000000000000000000101
               R_SPLIT_2 |                              100 | 00000000000000000000000000000011
                  R_INCR |                              101 | 00000000000000000000000000000100
---------------------------------------------------------------------------------------------------
INFO: [Synth 8-3354] encoded FSM with state register 'r_state_reg' using encoding 'sequential' in module 'sc_si_converter_v1_0_16_reduced_area'
---------------------------------------------------------------------------------------------------
                   State |                     New Encoding |                Previous Encoding 
---------------------------------------------------------------------------------------------------
                 RD_IDLE |                                0 | 00000000000000000000000000000000
                 RD_DATA |                                1 | 00000000000000000000000000000001
---------------------------------------------------------------------------------------------------
INFO: [Synth 8-3354] encoded FSM with state register 'rd_state_reg' using encoding 'sequential' in module 'sc_si_converter_v1_0_16_reduced_area'
---------------------------------------------------------------------------------------------------
                   State |                     New Encoding |                Previous Encoding 
---------------------------------------------------------------------------------------------------
                 AR_IDLE |                               00 | 00000000000000000000000000000000
               AR_SINGLE |                               01 | 00000000000000000000000000000001
                AR_BURST |                               10 | 00000000000000000000000000000010
---------------------------------------------------------------------------------------------------
INFO: [Synth 8-3354] encoded FSM with state register 'ar_state_reg' using encoding 'sequential' in module 'sc_si_converter_v1_0_16_reduced_area'
---------------------------------------------------------------------------------
Finished RTL Optimization Phase 2 : Time (s): cpu = 00:00:46 ; elapsed = 00:00:53 . Memory (MB): peak = 2014.012 ; gain = 1161.180
---------------------------------------------------------------------------------
---------------------------------------------------------------------------------
Start RTL Component Statistics 
---------------------------------------------------------------------------------
---------------------------------------------------------------------------------
Finished RTL Component Statistics 
---------------------------------------------------------------------------------
---------------------------------------------------------------------------------
Start Part Resource Summary
---------------------------------------------------------------------------------
Part Resources:
DSPs: 220 (col length:60)
BRAMs: 280 (col length: RAMB18 60 RAMB36 30)
---------------------------------------------------------------------------------
Finished Part Resource Summary
---------------------------------------------------------------------------------
---------------------------------------------------------------------------------
Start Cross Boundary and Area Optimization
---------------------------------------------------------------------------------
WARNING: [Synth 8-3332] Sequential element (clk_map/psr_aclk/U0/FDRE_inst) is unused and will be removed from module bd_2207.
WARNING: [Synth 8-3332] Sequential element (clk_map/psr_aclk/U0/BSR_OUT_DFF[0].FDRE_BSR) is unused and will be removed from module bd_2207.
WARNING: [Synth 8-3332] Sequential element (clk_map/psr_aclk/U0/PR_OUT_DFF[0].FDRE_PER) is unused and will be removed from module bd_2207.
WARNING: [Synth 8-3332] Sequential element (clk_map/psr_aclk/U0/ACTIVE_LOW_PR_OUT_DFF[0].FDRE_PER_N) is unused and will be removed from module bd_2207.
WARNING: [Synth 8-3332] Sequential element (FSM_onehot_w_state_reg[3]) is unused and will be removed from module sc_si_converter_v1_0_16_reduced_area.
---------------------------------------------------------------------------------
Finished Cross Boundary and Area Optimization : Time (s): cpu = 00:01:18 ; elapsed = 00:01:27 . Memory (MB): peak = 2014.012 ; gain = 1161.180
---------------------------------------------------------------------------------
---------------------------------------------------------------------------------
Start Applying XDC Timing Constraints
---------------------------------------------------------------------------------
---------------------------------------------------------------------------------
Finished Applying XDC Timing Constraints : Time (s): cpu = 00:01:23 ; elapsed = 00:01:32 . Memory (MB): peak = 2014.012 ; gain = 1161.180
---------------------------------------------------------------------------------
---------------------------------------------------------------------------------
Start Timing Optimization
---------------------------------------------------------------------------------
---------------------------------------------------------------------------------
Finished Timing Optimization : Time (s): cpu = 00:01:26 ; elapsed = 00:01:35 . Memory (MB): peak = 2014.012 ; gain = 1161.180
---------------------------------------------------------------------------------
---------------------------------------------------------------------------------
Start Technology Mapping
---------------------------------------------------------------------------------
---------------------------------------------------------------------------------
Finished Technology Mapping : Time (s): cpu = 00:01:27 ; elapsed = 00:01:37 . Memory (MB): peak = 2016.973 ; gain = 1164.141
---------------------------------------------------------------------------------
---------------------------------------------------------------------------------
Start IO Insertion
---------------------------------------------------------------------------------
---------------------------------------------------------------------------------
Start Flattening Before IO Insertion
---------------------------------------------------------------------------------
---------------------------------------------------------------------------------
Finished Flattening Before IO Insertion
---------------------------------------------------------------------------------
---------------------------------------------------------------------------------
Start Final Netlist Cleanup
---------------------------------------------------------------------------------
---------------------------------------------------------------------------------
Finished Final Netlist Cleanup
---------------------------------------------------------------------------------
---------------------------------------------------------------------------------
Finished IO Insertion : Time (s): cpu = 00:01:31 ; elapsed = 00:01:40 . Memory (MB): peak = 2249.871 ; gain = 1397.039
---------------------------------------------------------------------------------
---------------------------------------------------------------------------------
Start Renaming Generated Instances
---------------------------------------------------------------------------------
---------------------------------------------------------------------------------
Finished Renaming Generated Instances : Time (s): cpu = 00:01:31 ; elapsed = 00:01:40 . Memory (MB): peak = 2249.871 ; gain = 1397.039
---------------------------------------------------------------------------------
---------------------------------------------------------------------------------
Start Rebuilding User Hierarchy
---------------------------------------------------------------------------------
---------------------------------------------------------------------------------
Finished Rebuilding User Hierarchy : Time (s): cpu = 00:01:31 ; elapsed = 00:01:41 . Memory (MB): peak = 2249.871 ; gain = 1397.039
---------------------------------------------------------------------------------
---------------------------------------------------------------------------------
Start Renaming Generated Ports
---------------------------------------------------------------------------------
---------------------------------------------------------------------------------
Finished Renaming Generated Ports : Time (s): cpu = 00:01:31 ; elapsed = 00:01:41 . Memory (MB): peak = 2249.871 ; gain = 1397.039
---------------------------------------------------------------------------------
---------------------------------------------------------------------------------
Start Handling Custom Attributes
---------------------------------------------------------------------------------
---------------------------------------------------------------------------------
Finished Handling Custom Attributes : Time (s): cpu = 00:01:31 ; elapsed = 00:01:41 . Memory (MB): peak = 2249.871 ; gain = 1397.039
---------------------------------------------------------------------------------
---------------------------------------------------------------------------------
Start Renaming Generated Nets
---------------------------------------------------------------------------------
---------------------------------------------------------------------------------
Finished Renaming Generated Nets : Time (s): cpu = 00:01:31 ; elapsed = 00:01:41 . Memory (MB): peak = 2249.871 ; gain = 1397.039
---------------------------------------------------------------------------------
---------------------------------------------------------------------------------
Start Writing Synthesis Report
---------------------------------------------------------------------------------

Report BlackBoxes: 
+-+--------------+----------+
| |BlackBox name |Instances |
+-+--------------+----------+
+-+--------------+----------+

Report Cell Usage: 
+------+--------+------+
|      |Cell    |Count |
+------+--------+------+
|1     |CARRY4  |    25|
|2     |LUT1    |   143|
|3     |LUT2    |   157|
|4     |LUT3    |   307|
|5     |LUT4    |   147|
|6     |LUT5    |   172|
|7     |LUT6    |   251|
|8     |MUXF7   |     1|
|9     |SRL16   |     1|
|10    |SRL16E  |     2|
|11    |SRLC32E |     9|
|12    |FDCE    |   135|
|13    |FDRE    |   850|
|14    |FDSE    |    57|
+------+--------+------+
---------------------------------------------------------------------------------
Finished Writing Synthesis Report : Time (s): cpu = 00:01:31 ; elapsed = 00:01:41 . Memory (MB): peak = 2249.871 ; gain = 1397.039
---------------------------------------------------------------------------------
Synthesis finished with 0 errors, 0 critical warnings and 5 warnings.
Synthesis Optimization Runtime : Time (s): cpu = 00:01:02 ; elapsed = 00:01:24 . Memory (MB): peak = 2249.871 ; gain = 1135.039
Synthesis Optimization Complete : Time (s): cpu = 00:01:31 ; elapsed = 00:01:41 . Memory (MB): peak = 2249.871 ; gain = 1397.039
INFO: [Project 1-571] Translating synthesized netlist
Netlist sorting complete. Time (s): cpu = 00:00:00 ; elapsed = 00:00:00.073 . Memory (MB): peak = 2249.871 ; gain = 0.000
INFO: [Netlist 29-17] Analyzing 27 Unisim elements for replacement
INFO: [Netlist 29-28] Unisim Transformation completed in 0 CPU seconds
INFO: [Project 1-570] Preparing netlist for logic optimization
INFO: [Opt 31-138] Pushed 0 inverter(s) to 0 load pin(s).
Netlist sorting complete. Time (s): cpu = 00:00:00 ; elapsed = 00:00:00.001 . Memory (MB): peak = 2262.691 ; gain = 0.000
INFO: [Project 1-111] Unisim Transformation Summary:
  A total of 1 instances were transformed.
  SRL16 => SRL16E: 1 instance 

Synth Design complete | Checksum: ca45b3d8
INFO: [Common 17-83] Releasing license: Vivado_Synthesis
277 Infos, 12 Warnings, 0 Critical Warnings and 0 Errors encountered.
synth_design completed successfully
synth_design: Time (s): cpu = 00:01:36 ; elapsed = 00:01:47 . Memory (MB): peak = 2262.691 ; gain = 1651.324
Write ShapeDB Complete: Time (s): cpu = 00:00:00 ; elapsed = 00:00:00.007 . Memory (MB): peak = 2262.691 ; gain = 0.000
INFO: [Common 17-1381] The checkpoint 'C:/F.A.L.C.O.N/Vivado_WS/Gaussian_Filter_Project/Gaussian_Filter_Project.runs/Design_1_smartconnect_0_0_synth_1/Design_1_smartconnect_0_0.dcp' has been generated.
INFO: [Ipptcl 7-1612] Added synthesis output to IP cache for IP Design_1_smartconnect_0_0, cache-ID = 1edabbbc77b0f46d
INFO: [Coretcl 2-1174] Renamed 203 cell refs.
Write ShapeDB Complete: Time (s): cpu = 00:00:00 ; elapsed = 00:00:00.006 . Memory (MB): peak = 2262.691 ; gain = 0.000
INFO: [Common 17-1381] The checkpoint 'C:/F.A.L.C.O.N/Vivado_WS/Gaussian_Filter_Project/Gaussian_Filter_Project.runs/Design_1_smartconnect_0_0_synth_1/Design_1_smartconnect_0_0.dcp' has been generated.
INFO: [Vivado 12-24828] Executing command : report_utilization -file Design_1_smartconnect_0_0_utilization_synth.rpt -pb Design_1_smartconnect_0_0_utilization_synth.pb
INFO: [Common 17-206] Exiting Vivado at Wed Sep 23 16:28:01 2026...

*** Running vivado
    with args -log Design_1_smartconnect_0_0.vds -m64 -product Vivado -mode batch -messageDb vivado.pb -notrace -source Design_1_smartconnect_0_0.tcl


INFO: [Common 17-3922] A valid Vivado Design Suite BASIC license has been detected. Your current license is active and will expire on 22-aug-2027.
#-----------------------------------------------------------
# Vivado v2026.1 (64-bit)
# SW Build 6511674 on Tue Jun 16 11:02:23 MDT 2026
# IP Build 6504888 on Tue Jun 09 09:05:25 MDT 2026
# SharedData Build 6501428 on Mon Jun 08 17:34:18 MDT 2026
# Start of session at: Wed Sep 23 23:10:26 2026
# Process ID         : 29176
# Current directory  : C:/F.A.L.C.O.N/Vivado_WS/Gaussian_Filter_Project/Gaussian_Filter_Project.runs/Design_1_smartconnect_0_0_synth_1
# Command line       : vivado.exe -log Design_1_smartconnect_0_0.vds -product Vivado -mode batch -messageDb vivado.pb -notrace -source Design_1_smartconnect_0_0.tcl
# Log file           : C:/F.A.L.C.O.N/Vivado_WS/Gaussian_Filter_Project/Gaussian_Filter_Project.runs/Design_1_smartconnect_0_0_synth_1/Design_1_smartconnect_0_0.vds
# Journal file       : C:/F.A.L.C.O.N/Vivado_WS/Gaussian_Filter_Project/Gaussian_Filter_Project.runs/Design_1_smartconnect_0_0_synth_1\vivado.jou
# Running On         : DESKTOP-55UAODO
# Platform           : Windows 11
# Operating System   : 26200
# Processor Detail   : 13th Gen Intel(R) Core(TM) i5-13450HX
# CPU Frequency      : 2611 MHz
# CPU Physical cores : 10
# CPU Logical cores  : 16
# Host memory        : 16849 MB
# Swap memory        : 28991 MB
# Total Virtual      : 45840 MB
# Available Virtual  : 26411 MB
#-----------------------------------------------------------

****** Vivado v2026.1 (64-bit)
  **** SW Build 6511674 on Tue Jun 16 11:02:23 MDT 2026
  **** IP Build 6504888 on Tue Jun 09 09:05:25 MDT 2026
  **** SharedData Build 6501428 on Mon Jun 08 17:34:18 MDT 2026
  **** Start of session at: Wed Sep 23 23:10:26 2026
    ** Copyright 1986-2022 Xilinx, Inc. All Rights Reserved.
    ** Copyright 2022-2026 Advanced Micro Devices, Inc. All Rights Reserved.

source Design_1_smartconnect_0_0.tcl -notrace
create_project: Time (s): cpu = 00:00:16 ; elapsed = 00:00:13 . Memory (MB): peak = 581.828 ; gain = 267.977
INFO: [IP_Flow 19-234] Refreshing IP repositories
INFO: [IP_Flow 19-1700] Loaded user IP repository 'c:/F.A.L.C.O.N/Vitis_WS/Gaussian_Filter_IP/Gaussian_Filter_IP'.
INFO: [IP_Flow 19-2313] Loaded Vivado IP repository 'C:/AMDDesignTools/2026.1/Vivado/data/ip'.
WARNING: [IP_Flow 19-4995] The host OS only allows 260 characters in a normal path. The IP cache path is more than 80 characters. If you experience issues with IP caching, please consider changing the IP cache to a location with a shorter path. Alternately consider using the OS subst command to map part of the path to a drive letter. 
Current IP cache path is c:/F.A.L.C.O.N/Vivado_WS/Gaussian_Filter_Project/Gaussian_Filter_Project.cache/ip 
Command: synth_design -top Design_1_smartconnect_0_0 -part xc7z020clg400-1 -incremental_mode off -mode out_of_context
Starting synth_design
Attempting to get a license for feature 'Vivado_Synthesis' and/or device 'xc7z020'
INFO: [Common 17-349] Got license for feature 'Vivado_Synthesis' and/or device 'xc7z020'
INFO: [Device 21-403] Loading part xc7z020clg400-1
INFO: [Designutils 20-5008] Incremental synthesis strategy off
INFO: [Synth 8-7079] Multithreading enabled for synth_design using a maximum of 2 processes.
INFO: [Synth 8-7078] Launching helper process for spawning children vivado processes
INFO: [Synth 8-7075] Helper process launched with PID 24148
---------------------------------------------------------------------------------
Starting RTL Elaboration : Time (s): cpu = 00:00:05 ; elapsed = 00:00:05 . Memory (MB): peak = 1418.980 ; gain = 577.328
---------------------------------------------------------------------------------
INFO: [Synth 8-6157] synthesizing module 'Design_1_smartconnect_0_0' [c:/F.A.L.C.O.N/Vivado_WS/Gaussian_Filter_Project/Gaussian_Filter_Project.gen/sources_1/bd/Design_1/ip/Design_1_smartconnect_0_0/synth/Design_1_smartconnect_0_0.v:53]
INFO: [Synth 8-6157] synthesizing module 'bd_2207' [c:/F.A.L.C.O.N/Vivado_WS/Gaussian_Filter_Project/Gaussian_Filter_Project.gen/sources_1/bd/Design_1/ip/Design_1_smartconnect_0_0/bd_0/synth/bd_2207.v:10]
INFO: [Synth 8-6157] synthesizing module 'bd_2207_sc_ul_0' [c:/F.A.L.C.O.N/Vivado_WS/Gaussian_Filter_Project/Gaussian_Filter_Project.gen/sources_1/bd/Design_1/ip/Design_1_smartconnect_0_0/bd_0/ip/ip_0/synth/bd_2207_sc_ul_0.sv:53]
INFO: [Synth 8-6157] synthesizing module 'xpm_cdc_sync_rst' [C:/AMDDesignTools/2026.1/Vivado/data/ip/xpm/xpm_cdc/hdl/xpm_cdc.sv:1059]
INFO: [Synth 8-6155] done synthesizing module 'xpm_cdc_sync_rst' (0#1) [C:/AMDDesignTools/2026.1/Vivado/data/ip/xpm/xpm_cdc/hdl/xpm_cdc.sv:1059]
INFO: [Synth 8-6155] done synthesizing module 'bd_2207_sc_ul_0' (0#1) [c:/F.A.L.C.O.N/Vivado_WS/Gaussian_Filter_Project/Gaussian_Filter_Project.gen/sources_1/bd/Design_1/ip/Design_1_smartconnect_0_0/bd_0/ip/ip_0/synth/bd_2207_sc_ul_0.sv:53]
WARNING: [Synth 8-7071] port 'aresetn_out' of module 'bd_2207_sc_ul_0' is unconnected for instance 'sc_ul' [c:/F.A.L.C.O.N/Vivado_WS/Gaussian_Filter_Project/Gaussian_Filter_Project.gen/sources_1/bd/Design_1/ip/Design_1_smartconnect_0_0/bd_0/synth/bd_2207.v:248]
WARNING: [Synth 8-7071] port 'pc_asserted' of module 'bd_2207_sc_ul_0' is unconnected for instance 'sc_ul' [c:/F.A.L.C.O.N/Vivado_WS/Gaussian_Filter_Project/Gaussian_Filter_Project.gen/sources_1/bd/Design_1/ip/Design_1_smartconnect_0_0/bd_0/synth/bd_2207.v:248]
WARNING: [Synth 8-7071] port 'pc_status' of module 'bd_2207_sc_ul_0' is unconnected for instance 'sc_ul' [c:/F.A.L.C.O.N/Vivado_WS/Gaussian_Filter_Project/Gaussian_Filter_Project.gen/sources_1/bd/Design_1/ip/Design_1_smartconnect_0_0/bd_0/synth/bd_2207.v:248]
WARNING: [Synth 8-7023] instance 'sc_ul' of module 'bd_2207_sc_ul_0' has 81 connections declared, but only 78 given [c:/F.A.L.C.O.N/Vivado_WS/Gaussian_Filter_Project/Gaussian_Filter_Project.gen/sources_1/bd/Design_1/ip/Design_1_smartconnect_0_0/bd_0/synth/bd_2207.v:248]
INFO: [Synth 8-6155] done synthesizing module 'bd_2207' (0#1) [c:/F.A.L.C.O.N/Vivado_WS/Gaussian_Filter_Project/Gaussian_Filter_Project.gen/sources_1/bd/Design_1/ip/Design_1_smartconnect_0_0/bd_0/synth/bd_2207.v:10]
INFO: [Synth 8-6155] done synthesizing module 'Design_1_smartconnect_0_0' (0#1) [c:/F.A.L.C.O.N/Vivado_WS/Gaussian_Filter_Project/Gaussian_Filter_Project.gen/sources_1/bd/Design_1/ip/Design_1_smartconnect_0_0/synth/Design_1_smartconnect_0_0.v:53]
INFO: [Synth 8-7129] Port din[63] in module sc_ultralite_v1_0_1_mux_hot__parameterized9 is either unconnected or has no load
INFO: [Synth 8-7129] Port din[62] in module sc_ultralite_v1_0_1_mux_hot__parameterized9 is either unconnected or has no load
INFO: [Synth 8-7129] Port din[61] in module sc_ultralite_v1_0_1_mux_hot__parameterized9 is either unconnected or has no load
INFO: [Synth 8-7129] Port din[60] in module sc_ultralite_v1_0_1_mux_hot__parameterized9 is either unconnected or has no load
INFO: [Synth 8-7129] Port din[59] in module sc_ultralite_v1_0_1_mux_hot__parameterized9 is either unconnected or has no load
INFO: [Synth 8-7129] Port din[58] in module sc_ultralite_v1_0_1_mux_hot__parameterized9 is either unconnected or has no load
INFO: [Synth 8-7129] Port din[57] in module sc_ultralite_v1_0_1_mux_hot__parameterized9 is either unconnected or has no load
INFO: [Synth 8-7129] Port din[56] in module sc_ultralite_v1_0_1_mux_hot__parameterized9 is either unconnected or has no load
INFO: [Synth 8-7129] Port din[55] in module sc_ultralite_v1_0_1_mux_hot__parameterized9 is either unconnected or has no load
INFO: [Synth 8-7129] Port din[54] in module sc_ultralite_v1_0_1_mux_hot__parameterized9 is either unconnected or has no load
INFO: [Synth 8-7129] Port din[53] in module sc_ultralite_v1_0_1_mux_hot__parameterized9 is either unconnected or has no load
INFO: [Synth 8-7129] Port din[52] in module sc_ultralite_v1_0_1_mux_hot__parameterized9 is either unconnected or has no load
INFO: [Synth 8-7129] Port din[51] in module sc_ultralite_v1_0_1_mux_hot__parameterized9 is either unconnected or has no load
INFO: [Synth 8-7129] Port din[50] in module sc_ultralite_v1_0_1_mux_hot__parameterized9 is either unconnected or has no load
INFO: [Synth 8-7129] Port din[49] in module sc_ultralite_v1_0_1_mux_hot__parameterized9 is either unconnected or has no load
INFO: [Synth 8-7129] Port din[48] in module sc_ultralite_v1_0_1_mux_hot__parameterized9 is either unconnected or has no load
INFO: [Synth 8-7129] Port din[47] in module sc_ultralite_v1_0_1_mux_hot__parameterized9 is either unconnected or has no load
INFO: [Synth 8-7129] Port din[46] in module sc_ultralite_v1_0_1_mux_hot__parameterized9 is either unconnected or has no load
INFO: [Synth 8-7129] Port din[45] in module sc_ultralite_v1_0_1_mux_hot__parameterized9 is either unconnected or has no load
INFO: [Synth 8-7129] Port din[44] in module sc_ultralite_v1_0_1_mux_hot__parameterized9 is either unconnected or has no load
INFO: [Synth 8-7129] Port din[43] in module sc_ultralite_v1_0_1_mux_hot__parameterized9 is either unconnected or has no load
INFO: [Synth 8-7129] Port din[42] in module sc_ultralite_v1_0_1_mux_hot__parameterized9 is either unconnected or has no load
INFO: [Synth 8-7129] Port din[41] in module sc_ultralite_v1_0_1_mux_hot__parameterized9 is either unconnected or has no load
INFO: [Synth 8-7129] Port din[40] in module sc_ultralite_v1_0_1_mux_hot__parameterized9 is either unconnected or has no load
INFO: [Synth 8-7129] Port din[39] in module sc_ultralite_v1_0_1_mux_hot__parameterized9 is either unconnected or has no load
INFO: [Synth 8-7129] Port din[38] in module sc_ultralite_v1_0_1_mux_hot__parameterized9 is either unconnected or has no load
INFO: [Synth 8-7129] Port din[37] in module sc_ultralite_v1_0_1_mux_hot__parameterized9 is either unconnected or has no load
INFO: [Synth 8-7129] Port din[36] in module sc_ultralite_v1_0_1_mux_hot__parameterized9 is either unconnected or has no load
INFO: [Synth 8-7129] Port din[35] in module sc_ultralite_v1_0_1_mux_hot__parameterized9 is either unconnected or has no load
INFO: [Synth 8-7129] Port din[31] in module sc_ultralite_v1_0_1_mux_hot__parameterized9 is either unconnected or has no load
INFO: [Synth 8-7129] Port din[30] in module sc_ultralite_v1_0_1_mux_hot__parameterized9 is either unconnected or has no load
INFO: [Synth 8-7129] Port din[29] in module sc_ultralite_v1_0_1_mux_hot__parameterized9 is either unconnected or has no load
INFO: [Synth 8-7129] Port din[28] in module sc_ultralite_v1_0_1_mux_hot__parameterized9 is either unconnected or has no load
INFO: [Synth 8-7129] Port din[27] in module sc_ultralite_v1_0_1_mux_hot__parameterized9 is either unconnected or has no load
INFO: [Synth 8-7129] Port din[26] in module sc_ultralite_v1_0_1_mux_hot__parameterized9 is either unconnected or has no load
INFO: [Synth 8-7129] Port din[25] in module sc_ultralite_v1_0_1_mux_hot__parameterized9 is either unconnected or has no load
INFO: [Synth 8-7129] Port din[24] in module sc_ultralite_v1_0_1_mux_hot__parameterized9 is either unconnected or has no load
INFO: [Synth 8-7129] Port din[23] in module sc_ultralite_v1_0_1_mux_hot__parameterized9 is either unconnected or has no load
INFO: [Synth 8-7129] Port din[22] in module sc_ultralite_v1_0_1_mux_hot__parameterized9 is either unconnected or has no load
INFO: [Synth 8-7129] Port din[21] in module sc_ultralite_v1_0_1_mux_hot__parameterized9 is either unconnected or has no load
INFO: [Synth 8-7129] Port din[20] in module sc_ultralite_v1_0_1_mux_hot__parameterized9 is either unconnected or has no load
INFO: [Synth 8-7129] Port din[19] in module sc_ultralite_v1_0_1_mux_hot__parameterized9 is either unconnected or has no load
INFO: [Synth 8-7129] Port din[18] in module sc_ultralite_v1_0_1_mux_hot__parameterized9 is either unconnected or has no load
INFO: [Synth 8-7129] Port din[17] in module sc_ultralite_v1_0_1_mux_hot__parameterized9 is either unconnected or has no load
INFO: [Synth 8-7129] Port din[16] in module sc_ultralite_v1_0_1_mux_hot__parameterized9 is either unconnected or has no load
INFO: [Synth 8-7129] Port din[15] in module sc_ultralite_v1_0_1_mux_hot__parameterized9 is either unconnected or has no load
INFO: [Synth 8-7129] Port din[14] in module sc_ultralite_v1_0_1_mux_hot__parameterized9 is either unconnected or has no load
INFO: [Synth 8-7129] Port din[13] in module sc_ultralite_v1_0_1_mux_hot__parameterized9 is either unconnected or has no load
INFO: [Synth 8-7129] Port din[12] in module sc_ultralite_v1_0_1_mux_hot__parameterized9 is either unconnected or has no load
INFO: [Synth 8-7129] Port din[11] in module sc_ultralite_v1_0_1_mux_hot__parameterized9 is either unconnected or has no load
INFO: [Synth 8-7129] Port din[10] in module sc_ultralite_v1_0_1_mux_hot__parameterized9 is either unconnected or has no load
INFO: [Synth 8-7129] Port din[9] in module sc_ultralite_v1_0_1_mux_hot__parameterized9 is either unconnected or has no load
INFO: [Synth 8-7129] Port din[8] in module sc_ultralite_v1_0_1_mux_hot__parameterized9 is either unconnected or has no load
INFO: [Synth 8-7129] Port din[7] in module sc_ultralite_v1_0_1_mux_hot__parameterized9 is either unconnected or has no load
INFO: [Synth 8-7129] Port din[6] in module sc_ultralite_v1_0_1_mux_hot__parameterized9 is either unconnected or has no load
INFO: [Synth 8-7129] Port din[5] in module sc_ultralite_v1_0_1_mux_hot__parameterized9 is either unconnected or has no load
INFO: [Synth 8-7129] Port din[4] in module sc_ultralite_v1_0_1_mux_hot__parameterized9 is either unconnected or has no load
INFO: [Synth 8-7129] Port din[3] in module sc_ultralite_v1_0_1_mux_hot__parameterized9 is either unconnected or has no load
INFO: [Synth 8-7129] Port din[2047] in module sc_ultralite_v1_0_1_mux_hot__parameterized10 is either unconnected or has no load
INFO: [Synth 8-7129] Port din[2046] in module sc_ultralite_v1_0_1_mux_hot__parameterized10 is either unconnected or has no load
INFO: [Synth 8-7129] Port din[2045] in module sc_ultralite_v1_0_1_mux_hot__parameterized10 is either unconnected or has no load
INFO: [Synth 8-7129] Port din[2044] in module sc_ultralite_v1_0_1_mux_hot__parameterized10 is either unconnected or has no load
INFO: [Synth 8-7129] Port din[2043] in module sc_ultralite_v1_0_1_mux_hot__parameterized10 is either unconnected or has no load
INFO: [Synth 8-7129] Port din[2042] in module sc_ultralite_v1_0_1_mux_hot__parameterized10 is either unconnected or has no load
INFO: [Synth 8-7129] Port din[2041] in module sc_ultralite_v1_0_1_mux_hot__parameterized10 is either unconnected or has no load
INFO: [Synth 8-7129] Port din[2040] in module sc_ultralite_v1_0_1_mux_hot__parameterized10 is either unconnected or has no load
INFO: [Synth 8-7129] Port din[2039] in module sc_ultralite_v1_0_1_mux_hot__parameterized10 is either unconnected or has no load
INFO: [Synth 8-7129] Port din[2038] in module sc_ultralite_v1_0_1_mux_hot__parameterized10 is either unconnected or has no load
INFO: [Synth 8-7129] Port din[2037] in module sc_ultralite_v1_0_1_mux_hot__parameterized10 is either unconnected or has no load
INFO: [Synth 8-7129] Port din[2036] in module sc_ultralite_v1_0_1_mux_hot__parameterized10 is either unconnected or has no load
INFO: [Synth 8-7129] Port din[2035] in module sc_ultralite_v1_0_1_mux_hot__parameterized10 is either unconnected or has no load
INFO: [Synth 8-7129] Port din[2034] in module sc_ultralite_v1_0_1_mux_hot__parameterized10 is either unconnected or has no load
INFO: [Synth 8-7129] Port din[2033] in module sc_ultralite_v1_0_1_mux_hot__parameterized10 is either unconnected or has no load
INFO: [Synth 8-7129] Port din[2032] in module sc_ultralite_v1_0_1_mux_hot__parameterized10 is either unconnected or has no load
INFO: [Synth 8-7129] Port din[2031] in module sc_ultralite_v1_0_1_mux_hot__parameterized10 is either unconnected or has no load
INFO: [Synth 8-7129] Port din[2030] in module sc_ultralite_v1_0_1_mux_hot__parameterized10 is either unconnected or has no load
INFO: [Synth 8-7129] Port din[2029] in module sc_ultralite_v1_0_1_mux_hot__parameterized10 is either unconnected or has no load
INFO: [Synth 8-7129] Port din[2028] in module sc_ultralite_v1_0_1_mux_hot__parameterized10 is either unconnected or has no load
INFO: [Synth 8-7129] Port din[2027] in module sc_ultralite_v1_0_1_mux_hot__parameterized10 is either unconnected or has no load
INFO: [Synth 8-7129] Port din[2026] in module sc_ultralite_v1_0_1_mux_hot__parameterized10 is either unconnected or has no load
INFO: [Synth 8-7129] Port din[2025] in module sc_ultralite_v1_0_1_mux_hot__parameterized10 is either unconnected or has no load
INFO: [Synth 8-7129] Port din[2024] in module sc_ultralite_v1_0_1_mux_hot__parameterized10 is either unconnected or has no load
INFO: [Synth 8-7129] Port din[2023] in module sc_ultralite_v1_0_1_mux_hot__parameterized10 is either unconnected or has no load
INFO: [Synth 8-7129] Port din[2022] in module sc_ultralite_v1_0_1_mux_hot__parameterized10 is either unconnected or has no load
INFO: [Synth 8-7129] Port din[2021] in module sc_ultralite_v1_0_1_mux_hot__parameterized10 is either unconnected or has no load
INFO: [Synth 8-7129] Port din[2020] in module sc_ultralite_v1_0_1_mux_hot__parameterized10 is either unconnected or has no load
INFO: [Synth 8-7129] Port din[2019] in module sc_ultralite_v1_0_1_mux_hot__parameterized10 is either unconnected or has no load
INFO: [Synth 8-7129] Port din[2018] in module sc_ultralite_v1_0_1_mux_hot__parameterized10 is either unconnected or has no load
INFO: [Synth 8-7129] Port din[2017] in module sc_ultralite_v1_0_1_mux_hot__parameterized10 is either unconnected or has no load
INFO: [Synth 8-7129] Port din[2016] in module sc_ultralite_v1_0_1_mux_hot__parameterized10 is either unconnected or has no load
INFO: [Synth 8-7129] Port din[2015] in module sc_ultralite_v1_0_1_mux_hot__parameterized10 is either unconnected or has no load
INFO: [Synth 8-7129] Port din[2014] in module sc_ultralite_v1_0_1_mux_hot__parameterized10 is either unconnected or has no load
INFO: [Synth 8-7129] Port din[2013] in module sc_ultralite_v1_0_1_mux_hot__parameterized10 is either unconnected or has no load
INFO: [Synth 8-7129] Port din[2012] in module sc_ultralite_v1_0_1_mux_hot__parameterized10 is either unconnected or has no load
INFO: [Synth 8-7129] Port din[2011] in module sc_ultralite_v1_0_1_mux_hot__parameterized10 is either unconnected or has no load
INFO: [Synth 8-7129] Port din[2010] in module sc_ultralite_v1_0_1_mux_hot__parameterized10 is either unconnected or has no load
INFO: [Synth 8-7129] Port din[2009] in module sc_ultralite_v1_0_1_mux_hot__parameterized10 is either unconnected or has no load
INFO: [Synth 8-7129] Port din[2008] in module sc_ultralite_v1_0_1_mux_hot__parameterized10 is either unconnected or has no load
INFO: [Synth 8-7129] Port din[2007] in module sc_ultralite_v1_0_1_mux_hot__parameterized10 is either unconnected or has no load
INFO: [Synth 8-7129] Port din[2006] in module sc_ultralite_v1_0_1_mux_hot__parameterized10 is either unconnected or has no load
INFO: [Common 17-14] Message 'Synth 8-7129' appears 100 times and further instances of the messages will be disabled. Use the Tcl command set_msg_config to change the current settings.
---------------------------------------------------------------------------------
Finished RTL Elaboration : Time (s): cpu = 00:00:18 ; elapsed = 00:00:19 . Memory (MB): peak = 1633.020 ; gain = 791.367
---------------------------------------------------------------------------------
---------------------------------------------------------------------------------
Start Handling Custom Attributes
---------------------------------------------------------------------------------
---------------------------------------------------------------------------------
Finished Handling Custom Attributes : Time (s): cpu = 00:00:18 ; elapsed = 00:00:19 . Memory (MB): peak = 1633.020 ; gain = 791.367
---------------------------------------------------------------------------------
---------------------------------------------------------------------------------
Finished RTL Optimization Phase 1 : Time (s): cpu = 00:00:18 ; elapsed = 00:00:19 . Memory (MB): peak = 1633.020 ; gain = 791.367
---------------------------------------------------------------------------------
Netlist sorting complete. Time (s): cpu = 00:00:01 ; elapsed = 00:00:00.674 . Memory (MB): peak = 1633.020 ; gain = 0.000
INFO: [Project 1-570] Preparing netlist for logic optimization

Processing XDC Constraints
Initializing timing engine
Parsing XDC File [c:/F.A.L.C.O.N/Vivado_WS/Gaussian_Filter_Project/Gaussian_Filter_Project.gen/sources_1/bd/Design_1/ip/Design_1_smartconnect_0_0/ooc.xdc] for cell 'inst'
Finished Parsing XDC File [c:/F.A.L.C.O.N/Vivado_WS/Gaussian_Filter_Project/Gaussian_Filter_Project.gen/sources_1/bd/Design_1/ip/Design_1_smartconnect_0_0/ooc.xdc] for cell 'inst'
Parsing XDC File [c:/F.A.L.C.O.N/Vivado_WS/Gaussian_Filter_Project/Gaussian_Filter_Project.gen/sources_1/bd/Design_1/ip/Design_1_smartconnect_0_0/bd_0/ip/ip_0/bd_2207_sc_ul_0_cdc.xdc] for cell 'inst/sc_ul/inst'
WARNING: [Vivado 12-508] No pins matched 'get_pins -filter REF_PIN_NAME=~*CLR -of_objects [get_cells -hierarchical -filter {NAME =~ *si_checker_inst/*}]'. [c:/F.A.L.C.O.N/Vivado_WS/Gaussian_Filter_Project/Gaussian_Filter_Project.gen/sources_1/bd/Design_1/ip/Design_1_smartconnect_0_0/bd_0/ip/ip_0/bd_2207_sc_ul_0_cdc.xdc:21]
Finished Parsing XDC File [c:/F.A.L.C.O.N/Vivado_WS/Gaussian_Filter_Project/Gaussian_Filter_Project.gen/sources_1/bd/Design_1/ip/Design_1_smartconnect_0_0/bd_0/ip/ip_0/bd_2207_sc_ul_0_cdc.xdc] for cell 'inst/sc_ul/inst'
INFO: [Project 1-236] Implementation specific constraints were found while reading constraint file [c:/F.A.L.C.O.N/Vivado_WS/Gaussian_Filter_Project/Gaussian_Filter_Project.gen/sources_1/bd/Design_1/ip/Design_1_smartconnect_0_0/bd_0/ip/ip_0/bd_2207_sc_ul_0_cdc.xdc]. These constraints will be ignored for synthesis but will be used in implementation. Impacted constraints are listed in the file [.Xil/Design_1_smartconnect_0_0_propImpl.xdc].
Resolution: To avoid this warning, move constraints listed in [.Xil/Design_1_smartconnect_0_0_propImpl.xdc] to another XDC file and exclude this new file from synthesis with the used_in_synthesis property (File Properties dialog in GUI) and re-run elaboration/synthesis.
Parsing XDC File [c:/F.A.L.C.O.N/Vivado_WS/Gaussian_Filter_Project/Gaussian_Filter_Project.gen/sources_1/bd/Design_1/ip/Design_1_smartconnect_0_0/smartconnect.xdc] for cell 'inst'
Finished Parsing XDC File [c:/F.A.L.C.O.N/Vivado_WS/Gaussian_Filter_Project/Gaussian_Filter_Project.gen/sources_1/bd/Design_1/ip/Design_1_smartconnect_0_0/smartconnect.xdc] for cell 'inst'
Parsing XDC File [C:/F.A.L.C.O.N/Vivado_WS/Gaussian_Filter_Project/Gaussian_Filter_Project.runs/Design_1_smartconnect_0_0_synth_1/dont_touch.xdc]
Finished Parsing XDC File [C:/F.A.L.C.O.N/Vivado_WS/Gaussian_Filter_Project/Gaussian_Filter_Project.runs/Design_1_smartconnect_0_0_synth_1/dont_touch.xdc]
INFO: [Project 1-1714] 1 XPM XDC files have been applied to the design.
Completed Processing XDC Constraints

Netlist sorting complete. Time (s): cpu = 00:00:00 ; elapsed = 00:00:00.001 . Memory (MB): peak = 1712.953 ; gain = 0.000
INFO: [Project 1-111] Unisim Transformation Summary:
No Unisim elements were transformed.

Constraint Validation Runtime : Time (s): cpu = 00:00:00 ; elapsed = 00:00:00.192 . Memory (MB): peak = 1717.109 ; gain = 0.000
INFO: [Designutils 20-5008] Incremental synthesis strategy off
---------------------------------------------------------------------------------
Finished Constraint Validation : Time (s): cpu = 00:00:43 ; elapsed = 00:00:46 . Memory (MB): peak = 1717.109 ; gain = 875.457
---------------------------------------------------------------------------------
---------------------------------------------------------------------------------
Start Loading Part and Timing Information
---------------------------------------------------------------------------------
Loading part: xc7z020clg400-1
---------------------------------------------------------------------------------
Finished Loading Part and Timing Information : Time (s): cpu = 00:00:43 ; elapsed = 00:00:46 . Memory (MB): peak = 1717.109 ; gain = 875.457
---------------------------------------------------------------------------------
---------------------------------------------------------------------------------
Start Applying 'set_property' XDC Constraints
---------------------------------------------------------------------------------
---------------------------------------------------------------------------------
Finished applying 'set_property' XDC Constraints : Time (s): cpu = 00:00:43 ; elapsed = 00:00:46 . Memory (MB): peak = 1717.109 ; gain = 875.457
---------------------------------------------------------------------------------
INFO: [Synth 8-802] inferred FSM for state register 'gen_write.w_state_reg' in module 'sc_ultralite_v1_0_1_sasd_lite'
INFO: [Synth 8-802] inferred FSM for state register 'gen_read.r_state_reg' in module 'sc_ultralite_v1_0_1_sasd_lite'
---------------------------------------------------------------------------------------------------
                   State |                     New Encoding |                Previous Encoding 
---------------------------------------------------------------------------------------------------
                  R_IDLE |                              000 | 00000000000000000000000000000000
                   R_ARB |                              001 | 00000000000000000000000000000001
                R_TARGET |                              010 | 00000000000000000000000000000010
                 R_WIDTH |                              011 | 00000000000000000000000000000011
                    R_RX |                              100 | 00000000000000000000000000000100
                    R_TX |                              101 | 00000000000000000000000000000101
                R_DECERR |                              110 | 00000000000000000000000000000110
---------------------------------------------------------------------------------------------------
INFO: [Synth 8-3354] encoded FSM with state register 'gen_read.r_state_reg' using encoding 'sequential' in module 'sc_ultralite_v1_0_1_sasd_lite'
---------------------------------------------------------------------------------------------------
                   State |                     New Encoding |                Previous Encoding 
---------------------------------------------------------------------------------------------------
                  W_IDLE |                              000 | 00000000000000000000000000000000
                   W_ARB |                              001 | 00000000000000000000000000000001
                W_TARGET |                              010 | 00000000000000000000000000000010
                    W_RX |                              011 | 00000000000000000000000000000011
                    W_TX |                              100 | 00000000000000000000000000000100
                  W_NULL |                              101 | 00000000000000000000000000000101
              W_COMPLETE |                              110 | 00000000000000000000000000000111
               W_RECOVER |                              111 | 00000000000000000000000000000110
---------------------------------------------------------------------------------------------------
INFO: [Synth 8-3354] encoded FSM with state register 'gen_write.w_state_reg' using encoding 'sequential' in module 'sc_ultralite_v1_0_1_sasd_lite'
---------------------------------------------------------------------------------
Finished RTL Optimization Phase 2 : Time (s): cpu = 00:00:46 ; elapsed = 00:00:50 . Memory (MB): peak = 1717.109 ; gain = 875.457
---------------------------------------------------------------------------------
---------------------------------------------------------------------------------
Start RTL Component Statistics 
---------------------------------------------------------------------------------
---------------------------------------------------------------------------------
Finished RTL Component Statistics 
---------------------------------------------------------------------------------
---------------------------------------------------------------------------------
Start Part Resource Summary
---------------------------------------------------------------------------------
Part Resources:
DSPs: 220 (col length:60)
BRAMs: 280 (col length: RAMB18 60 RAMB36 30)
---------------------------------------------------------------------------------
Finished Part Resource Summary
---------------------------------------------------------------------------------
---------------------------------------------------------------------------------
Start Cross Boundary and Area Optimization
---------------------------------------------------------------------------------
---------------------------------------------------------------------------------
Finished Cross Boundary and Area Optimization : Time (s): cpu = 00:01:07 ; elapsed = 00:01:12 . Memory (MB): peak = 1732.336 ; gain = 890.684
---------------------------------------------------------------------------------
---------------------------------------------------------------------------------
Start Applying XDC Timing Constraints
---------------------------------------------------------------------------------
---------------------------------------------------------------------------------
Finished Applying XDC Timing Constraints : Time (s): cpu = 00:01:12 ; elapsed = 00:01:18 . Memory (MB): peak = 1852.434 ; gain = 1010.781
---------------------------------------------------------------------------------
---------------------------------------------------------------------------------
Start Timing Optimization
---------------------------------------------------------------------------------
---------------------------------------------------------------------------------
Finished Timing Optimization : Time (s): cpu = 00:01:13 ; elapsed = 00:01:19 . Memory (MB): peak = 1909.867 ; gain = 1068.215
---------------------------------------------------------------------------------
---------------------------------------------------------------------------------
Start Technology Mapping
---------------------------------------------------------------------------------
---------------------------------------------------------------------------------
Finished Technology Mapping : Time (s): cpu = 00:01:14 ; elapsed = 00:01:19 . Memory (MB): peak = 1922.695 ; gain = 1081.043
---------------------------------------------------------------------------------
---------------------------------------------------------------------------------
Start IO Insertion
---------------------------------------------------------------------------------
---------------------------------------------------------------------------------
Start Flattening Before IO Insertion
---------------------------------------------------------------------------------
---------------------------------------------------------------------------------
Finished Flattening Before IO Insertion
---------------------------------------------------------------------------------
---------------------------------------------------------------------------------
Start Final Netlist Cleanup
---------------------------------------------------------------------------------
---------------------------------------------------------------------------------
Finished Final Netlist Cleanup
---------------------------------------------------------------------------------
---------------------------------------------------------------------------------
Finished IO Insertion : Time (s): cpu = 00:01:17 ; elapsed = 00:01:23 . Memory (MB): peak = 2129.344 ; gain = 1287.691
---------------------------------------------------------------------------------
---------------------------------------------------------------------------------
Start Renaming Generated Instances
---------------------------------------------------------------------------------
---------------------------------------------------------------------------------
Finished Renaming Generated Instances : Time (s): cpu = 00:01:17 ; elapsed = 00:01:23 . Memory (MB): peak = 2129.344 ; gain = 1287.691
---------------------------------------------------------------------------------
---------------------------------------------------------------------------------
Start Rebuilding User Hierarchy
---------------------------------------------------------------------------------
---------------------------------------------------------------------------------
Finished Rebuilding User Hierarchy : Time (s): cpu = 00:01:18 ; elapsed = 00:01:23 . Memory (MB): peak = 2129.344 ; gain = 1287.691
---------------------------------------------------------------------------------
---------------------------------------------------------------------------------
Start Renaming Generated Ports
---------------------------------------------------------------------------------
---------------------------------------------------------------------------------
Finished Renaming Generated Ports : Time (s): cpu = 00:01:18 ; elapsed = 00:01:23 . Memory (MB): peak = 2129.344 ; gain = 1287.691
---------------------------------------------------------------------------------
---------------------------------------------------------------------------------
Start Handling Custom Attributes
---------------------------------------------------------------------------------
---------------------------------------------------------------------------------
Finished Handling Custom Attributes : Time (s): cpu = 00:01:18 ; elapsed = 00:01:23 . Memory (MB): peak = 2129.344 ; gain = 1287.691
---------------------------------------------------------------------------------
---------------------------------------------------------------------------------
Start Renaming Generated Nets
---------------------------------------------------------------------------------
---------------------------------------------------------------------------------
Finished Renaming Generated Nets : Time (s): cpu = 00:01:18 ; elapsed = 00:01:23 . Memory (MB): peak = 2129.344 ; gain = 1287.691
---------------------------------------------------------------------------------
---------------------------------------------------------------------------------
Start Writing Synthesis Report
---------------------------------------------------------------------------------

Report BlackBoxes: 
+-+--------------+----------+
| |BlackBox name |Instances |
+-+--------------+----------+
+-+--------------+----------+

Report Cell Usage: 
+------+-------+------+
|      |Cell   |Count |
+------+-------+------+
|1     |CARRY4 |    20|
|2     |LUT1   |     4|
|3     |LUT2   |    53|
|4     |LUT3   |    44|
|5     |LUT4   |   137|
|6     |LUT5   |    96|
|7     |LUT6   |   224|
|8     |MUXF7  |     1|
|9     |FDRE   |   459|
+------+-------+------+
---------------------------------------------------------------------------------
Finished Writing Synthesis Report : Time (s): cpu = 00:01:18 ; elapsed = 00:01:23 . Memory (MB): peak = 2129.344 ; gain = 1287.691
---------------------------------------------------------------------------------
Synthesis finished with 0 errors, 0 critical warnings and 0 warnings.
Synthesis Optimization Runtime : Time (s): cpu = 00:00:49 ; elapsed = 00:01:11 . Memory (MB): peak = 2129.344 ; gain = 1203.602
Synthesis Optimization Complete : Time (s): cpu = 00:01:18 ; elapsed = 00:01:23 . Memory (MB): peak = 2129.344 ; gain = 1287.691
INFO: [Project 1-571] Translating synthesized netlist
Netlist sorting complete. Time (s): cpu = 00:00:00 ; elapsed = 00:00:00.017 . Memory (MB): peak = 2135.973 ; gain = 0.000
INFO: [Netlist 29-17] Analyzing 21 Unisim elements for replacement
INFO: [Netlist 29-28] Unisim Transformation completed in 0 CPU seconds
INFO: [Project 1-570] Preparing netlist for logic optimization
INFO: [Opt 31-138] Pushed 0 inverter(s) to 0 load pin(s).
Netlist sorting complete. Time (s): cpu = 00:00:00 ; elapsed = 00:00:00 . Memory (MB): peak = 2139.660 ; gain = 0.000
INFO: [Project 1-111] Unisim Transformation Summary:
No Unisim elements were transformed.

Synth Design complete | Checksum: d101efcb
INFO: [Common 17-83] Releasing license: Vivado_Synthesis
134 Infos, 6 Warnings, 0 Critical Warnings and 0 Errors encountered.
synth_design completed successfully
synth_design: Time (s): cpu = 00:01:22 ; elapsed = 00:01:28 . Memory (MB): peak = 2139.691 ; gain = 1538.387
Write ShapeDB Complete: Time (s): cpu = 00:00:00 ; elapsed = 00:00:00.006 . Memory (MB): peak = 2139.691 ; gain = 0.000
INFO: [Common 17-1381] The checkpoint 'C:/F.A.L.C.O.N/Vivado_WS/Gaussian_Filter_Project/Gaussian_Filter_Project.runs/Design_1_smartconnect_0_0_synth_1/Design_1_smartconnect_0_0.dcp' has been generated.
INFO: [Ipptcl 7-1612] Added synthesis output to IP cache for IP Design_1_smartconnect_0_0, cache-ID = a8cd210d742bb587
INFO: [Coretcl 2-1174] Renamed 21 cell refs.
Write ShapeDB Complete: Time (s): cpu = 00:00:00 ; elapsed = 00:00:00.001 . Memory (MB): peak = 2139.691 ; gain = 0.000
INFO: [Common 17-1381] The checkpoint 'C:/F.A.L.C.O.N/Vivado_WS/Gaussian_Filter_Project/Gaussian_Filter_Project.runs/Design_1_smartconnect_0_0_synth_1/Design_1_smartconnect_0_0.dcp' has been generated.
INFO: [Vivado 12-24828] Executing command : report_utilization -file Design_1_smartconnect_0_0_utilization_synth.rpt -pb Design_1_smartconnect_0_0_utilization_synth.pb
INFO: [Common 17-206] Exiting Vivado at Wed Sep 23 23:12:17 2026...
