Execute       source -notrace -encoding utf-8 C:/AMDDesignTools/2026.1/Vitis/tps/tcl/tcl8.6/clock.tcl 
Execute         source -encoding utf-8 C:/AMDDesignTools/2026.1/Vitis/tps/tcl/tcl8/8.5/msgcat-1.6.1.tm 
Execute           source C:/AMDDesignTools/2026.1/Vitis/tps/tcl/tcllib2.0/0compatibility/pkgIndex.tcl 
Execute           source C:/AMDDesignTools/2026.1/Vitis/tps/tcl/tcllib2.0/amazon-s3/pkgIndex.tcl 
Execute           source C:/AMDDesignTools/2026.1/Vitis/tps/tcl/tcllib2.0/asn/pkgIndex.tcl 
Execute           source C:/AMDDesignTools/2026.1/Vitis/tps/tcl/tcllib2.0/base32/pkgIndex.tcl 
Execute           source C:/AMDDesignTools/2026.1/Vitis/tps/tcl/tcllib2.0/base64/pkgIndex.tcl 
Execute           source C:/AMDDesignTools/2026.1/Vitis/tps/tcl/tcllib2.0/bee/pkgIndex.tcl 
Execute           source C:/AMDDesignTools/2026.1/Vitis/tps/tcl/tcllib2.0/bench/pkgIndex.tcl 
Execute           source C:/AMDDesignTools/2026.1/Vitis/tps/tcl/tcllib2.0/bibtex/pkgIndex.tcl 
Execute           source C:/AMDDesignTools/2026.1/Vitis/tps/tcl/tcllib2.0/cache/pkgIndex.tcl 
Execute           source C:/AMDDesignTools/2026.1/Vitis/tps/tcl/tcllib2.0/clay/pkgIndex.tcl 
Execute           source C:/AMDDesignTools/2026.1/Vitis/tps/tcl/tcllib2.0/clock/pkgIndex.tcl 
Execute           source C:/AMDDesignTools/2026.1/Vitis/tps/tcl/tcllib2.0/cmdline/pkgIndex.tcl 
Execute           source C:/AMDDesignTools/2026.1/Vitis/tps/tcl/tcllib2.0/comm/pkgIndex.tcl 
Execute           source C:/AMDDesignTools/2026.1/Vitis/tps/tcl/tcllib2.0/control/pkgIndex.tcl 
Execute           source C:/AMDDesignTools/2026.1/Vitis/tps/tcl/tcllib2.0/coroutine/pkgIndex.tcl 
Execute           source C:/AMDDesignTools/2026.1/Vitis/tps/tcl/tcllib2.0/counter/pkgIndex.tcl 
Execute           source C:/AMDDesignTools/2026.1/Vitis/tps/tcl/tcllib2.0/crc/pkgIndex.tcl 
Execute           source C:/AMDDesignTools/2026.1/Vitis/tps/tcl/tcllib2.0/cron/pkgIndex.tcl 
Execute           source C:/AMDDesignTools/2026.1/Vitis/tps/tcl/tcllib2.0/csv/pkgIndex.tcl 
Execute           source C:/AMDDesignTools/2026.1/Vitis/tps/tcl/tcllib2.0/debug/pkgIndex.tcl 
Execute           source C:/AMDDesignTools/2026.1/Vitis/tps/tcl/tcllib2.0/defer/pkgIndex.tcl 
Execute           source C:/AMDDesignTools/2026.1/Vitis/tps/tcl/tcllib2.0/dicttool/pkgIndex.tcl 
Execute           source C:/AMDDesignTools/2026.1/Vitis/tps/tcl/tcllib2.0/dns/pkgIndex.tcl 
Execute           source C:/AMDDesignTools/2026.1/Vitis/tps/tcl/tcllib2.0/docstrip/pkgIndex.tcl 
Execute           source C:/AMDDesignTools/2026.1/Vitis/tps/tcl/tcllib2.0/doctools/pkgIndex.tcl 
Execute           source C:/AMDDesignTools/2026.1/Vitis/tps/tcl/tcllib2.0/doctools2base/pkgIndex.tcl 
Execute           source C:/AMDDesignTools/2026.1/Vitis/tps/tcl/tcllib2.0/doctools2idx/pkgIndex.tcl 
Execute           source C:/AMDDesignTools/2026.1/Vitis/tps/tcl/tcllib2.0/doctools2toc/pkgIndex.tcl 
Execute           source C:/AMDDesignTools/2026.1/Vitis/tps/tcl/tcllib2.0/dtplite/pkgIndex.tcl 
Execute           source C:/AMDDesignTools/2026.1/Vitis/tps/tcl/tcllib2.0/fileutil/pkgIndex.tcl 
Execute           source C:/AMDDesignTools/2026.1/Vitis/tps/tcl/tcllib2.0/ftp/pkgIndex.tcl 
Execute           source C:/AMDDesignTools/2026.1/Vitis/tps/tcl/tcllib2.0/ftpd/pkgIndex.tcl 
Execute           source C:/AMDDesignTools/2026.1/Vitis/tps/tcl/tcllib2.0/fumagic/pkgIndex.tcl 
Execute           source C:/AMDDesignTools/2026.1/Vitis/tps/tcl/tcllib2.0/generator/pkgIndex.tcl 
Execute           source C:/AMDDesignTools/2026.1/Vitis/tps/tcl/tcllib2.0/gpx/pkgIndex.tcl 
Execute           source C:/AMDDesignTools/2026.1/Vitis/tps/tcl/tcllib2.0/grammar_aycock/pkgIndex.tcl 
Execute           source C:/AMDDesignTools/2026.1/Vitis/tps/tcl/tcllib2.0/grammar_fa/pkgIndex.tcl 
Execute           source C:/AMDDesignTools/2026.1/Vitis/tps/tcl/tcllib2.0/grammar_me/pkgIndex.tcl 
Execute           source C:/AMDDesignTools/2026.1/Vitis/tps/tcl/tcllib2.0/grammar_peg/pkgIndex.tcl 
Execute           source C:/AMDDesignTools/2026.1/Vitis/tps/tcl/tcllib2.0/hook/pkgIndex.tcl 
Execute           source C:/AMDDesignTools/2026.1/Vitis/tps/tcl/tcllib2.0/html/pkgIndex.tcl 
Execute           source C:/AMDDesignTools/2026.1/Vitis/tps/tcl/tcllib2.0/htmlparse/pkgIndex.tcl 
Execute           source C:/AMDDesignTools/2026.1/Vitis/tps/tcl/tcllib2.0/http/pkgIndex.tcl 
Execute           source C:/AMDDesignTools/2026.1/Vitis/tps/tcl/tcllib2.0/httpd/pkgIndex.tcl 
Execute           source C:/AMDDesignTools/2026.1/Vitis/tps/tcl/tcllib2.0/httpwget/pkgIndex.tcl 
Execute           source C:/AMDDesignTools/2026.1/Vitis/tps/tcl/tcllib2.0/ident/pkgIndex.tcl 
Execute           source C:/AMDDesignTools/2026.1/Vitis/tps/tcl/tcllib2.0/imap4/pkgIndex.tcl 
Execute           source C:/AMDDesignTools/2026.1/Vitis/tps/tcl/tcllib2.0/inifile/pkgIndex.tcl 
Execute           source C:/AMDDesignTools/2026.1/Vitis/tps/tcl/tcllib2.0/interp/pkgIndex.tcl 
Execute           source C:/AMDDesignTools/2026.1/Vitis/tps/tcl/tcllib2.0/irc/pkgIndex.tcl 
Execute           source C:/AMDDesignTools/2026.1/Vitis/tps/tcl/tcllib2.0/javascript/pkgIndex.tcl 
Execute           source C:/AMDDesignTools/2026.1/Vitis/tps/tcl/tcllib2.0/jpeg/pkgIndex.tcl 
Execute           source C:/AMDDesignTools/2026.1/Vitis/tps/tcl/tcllib2.0/json/pkgIndex.tcl 
Execute           source C:/AMDDesignTools/2026.1/Vitis/tps/tcl/tcllib2.0/lambda/pkgIndex.tcl 
Execute           source C:/AMDDesignTools/2026.1/Vitis/tps/tcl/tcllib2.0/lazyset/pkgIndex.tcl 
Execute           source C:/AMDDesignTools/2026.1/Vitis/tps/tcl/tcllib2.0/ldap/pkgIndex.tcl 
Execute           source C:/AMDDesignTools/2026.1/Vitis/tps/tcl/tcllib2.0/log/pkgIndex.tcl 
Execute           source C:/AMDDesignTools/2026.1/Vitis/tps/tcl/tcllib2.0/map/pkgIndex.tcl 
Execute           source C:/AMDDesignTools/2026.1/Vitis/tps/tcl/tcllib2.0/mapproj/pkgIndex.tcl 
Execute           source C:/AMDDesignTools/2026.1/Vitis/tps/tcl/tcllib2.0/markdown/pkgIndex.tcl 
Execute           source C:/AMDDesignTools/2026.1/Vitis/tps/tcl/tcllib2.0/math/pkgIndex.tcl 
Execute           source C:/AMDDesignTools/2026.1/Vitis/tps/tcl/tcllib2.0/md4/pkgIndex.tcl 
Execute           source C:/AMDDesignTools/2026.1/Vitis/tps/tcl/tcllib2.0/md5/pkgIndex.tcl 
Execute           source C:/AMDDesignTools/2026.1/Vitis/tps/tcl/tcllib2.0/md5crypt/pkgIndex.tcl 
Execute           source C:/AMDDesignTools/2026.1/Vitis/tps/tcl/tcllib2.0/mime/pkgIndex.tcl 
Execute           source C:/AMDDesignTools/2026.1/Vitis/tps/tcl/tcllib2.0/mkdoc/pkgIndex.tcl 
Execute           source C:/AMDDesignTools/2026.1/Vitis/tps/tcl/tcllib2.0/multiplexer/pkgIndex.tcl 
Execute           source C:/AMDDesignTools/2026.1/Vitis/tps/tcl/tcllib2.0/namespacex/pkgIndex.tcl 
Execute           source C:/AMDDesignTools/2026.1/Vitis/tps/tcl/tcllib2.0/ncgi/pkgIndex.tcl 
Execute           source C:/AMDDesignTools/2026.1/Vitis/tps/tcl/tcllib2.0/nettool/pkgIndex.tcl 
Execute           source C:/AMDDesignTools/2026.1/Vitis/tps/tcl/tcllib2.0/nmea/pkgIndex.tcl 
Execute           source C:/AMDDesignTools/2026.1/Vitis/tps/tcl/tcllib2.0/nns/pkgIndex.tcl 
Execute           source C:/AMDDesignTools/2026.1/Vitis/tps/tcl/tcllib2.0/nntp/pkgIndex.tcl 
Execute           source C:/AMDDesignTools/2026.1/Vitis/tps/tcl/tcllib2.0/ntp/pkgIndex.tcl 
Execute           source C:/AMDDesignTools/2026.1/Vitis/tps/tcl/tcllib2.0/oauth/pkgIndex.tcl 
Execute           source C:/AMDDesignTools/2026.1/Vitis/tps/tcl/tcllib2.0/oodialect/pkgIndex.tcl 
Execute           source C:/AMDDesignTools/2026.1/Vitis/tps/tcl/tcllib2.0/oometa/pkgIndex.tcl 
Execute           source C:/AMDDesignTools/2026.1/Vitis/tps/tcl/tcllib2.0/ooutil/pkgIndex.tcl 
Execute           source C:/AMDDesignTools/2026.1/Vitis/tps/tcl/tcllib2.0/otp/pkgIndex.tcl 
Execute           source C:/AMDDesignTools/2026.1/Vitis/tps/tcl/tcllib2.0/page/pkgIndex.tcl 
Execute           source C:/AMDDesignTools/2026.1/Vitis/tps/tcl/tcllib2.0/pluginmgr/pkgIndex.tcl 
Execute           source C:/AMDDesignTools/2026.1/Vitis/tps/tcl/tcllib2.0/png/pkgIndex.tcl 
Execute           source C:/AMDDesignTools/2026.1/Vitis/tps/tcl/tcllib2.0/pop3/pkgIndex.tcl 
Execute           source C:/AMDDesignTools/2026.1/Vitis/tps/tcl/tcllib2.0/pop3d/pkgIndex.tcl 
Execute           source C:/AMDDesignTools/2026.1/Vitis/tps/tcl/tcllib2.0/practcl/pkgIndex.tcl 
Execute           source C:/AMDDesignTools/2026.1/Vitis/tps/tcl/tcllib2.0/processman/pkgIndex.tcl 
Execute           source C:/AMDDesignTools/2026.1/Vitis/tps/tcl/tcllib2.0/profiler/pkgIndex.tcl 
Execute           source C:/AMDDesignTools/2026.1/Vitis/tps/tcl/tcllib2.0/pt/pkgIndex.tcl 
Execute           source C:/AMDDesignTools/2026.1/Vitis/tps/tcl/tcllib2.0/rcs/pkgIndex.tcl 
Execute           source C:/AMDDesignTools/2026.1/Vitis/tps/tcl/tcllib2.0/report/pkgIndex.tcl 
Execute           source C:/AMDDesignTools/2026.1/Vitis/tps/tcl/tcllib2.0/rest/pkgIndex.tcl 
Execute           source C:/AMDDesignTools/2026.1/Vitis/tps/tcl/tcllib2.0/ripemd/pkgIndex.tcl 
Execute           source C:/AMDDesignTools/2026.1/Vitis/tps/tcl/tcllib2.0/sasl/pkgIndex.tcl 
Execute           source C:/AMDDesignTools/2026.1/Vitis/tps/tcl/tcllib2.0/sha1/pkgIndex.tcl 
Execute           source C:/AMDDesignTools/2026.1/Vitis/tps/tcl/tcllib2.0/simulation/pkgIndex.tcl 
Execute           source C:/AMDDesignTools/2026.1/Vitis/tps/tcl/tcllib2.0/smtpd/pkgIndex.tcl 
Execute           source C:/AMDDesignTools/2026.1/Vitis/tps/tcl/tcllib2.0/snit/pkgIndex.tcl 
Execute           source C:/AMDDesignTools/2026.1/Vitis/tps/tcl/tcllib2.0/soundex/pkgIndex.tcl 
Execute           source C:/AMDDesignTools/2026.1/Vitis/tps/tcl/tcllib2.0/stooop/pkgIndex.tcl 
Execute           source C:/AMDDesignTools/2026.1/Vitis/tps/tcl/tcllib2.0/string/pkgIndex.tcl 
Execute           source C:/AMDDesignTools/2026.1/Vitis/tps/tcl/tcllib2.0/stringprep/pkgIndex.tcl 
Execute           source C:/AMDDesignTools/2026.1/Vitis/tps/tcl/tcllib2.0/struct/pkgIndex.tcl 
Execute           source C:/AMDDesignTools/2026.1/Vitis/tps/tcl/tcllib2.0/tar/pkgIndex.tcl 
Execute           source C:/AMDDesignTools/2026.1/Vitis/tps/tcl/tcllib2.0/tepam/pkgIndex.tcl 
Execute           source C:/AMDDesignTools/2026.1/Vitis/tps/tcl/tcllib2.0/term/pkgIndex.tcl 
Execute           source C:/AMDDesignTools/2026.1/Vitis/tps/tcl/tcllib2.0/textutil/pkgIndex.tcl 
Execute           source C:/AMDDesignTools/2026.1/Vitis/tps/tcl/tcllib2.0/tie/pkgIndex.tcl 
Execute           source C:/AMDDesignTools/2026.1/Vitis/tps/tcl/tcllib2.0/tiff/pkgIndex.tcl 
Execute           source C:/AMDDesignTools/2026.1/Vitis/tps/tcl/tcllib2.0/tool/pkgIndex.tcl 
Execute           source C:/AMDDesignTools/2026.1/Vitis/tps/tcl/tcllib2.0/transfer/pkgIndex.tcl 
Execute           source C:/AMDDesignTools/2026.1/Vitis/tps/tcl/tcllib2.0/treeql/pkgIndex.tcl 
Execute           source C:/AMDDesignTools/2026.1/Vitis/tps/tcl/tcllib2.0/try/pkgIndex.tcl 
Execute           source C:/AMDDesignTools/2026.1/Vitis/tps/tcl/tcllib2.0/udpcluster/pkgIndex.tcl 
Execute           source C:/AMDDesignTools/2026.1/Vitis/tps/tcl/tcllib2.0/uev/pkgIndex.tcl 
Execute           source C:/AMDDesignTools/2026.1/Vitis/tps/tcl/tcllib2.0/units/pkgIndex.tcl 
Execute           source C:/AMDDesignTools/2026.1/Vitis/tps/tcl/tcllib2.0/uri/pkgIndex.tcl 
Execute           source C:/AMDDesignTools/2026.1/Vitis/tps/tcl/tcllib2.0/uuid/pkgIndex.tcl 
Execute           source C:/AMDDesignTools/2026.1/Vitis/tps/tcl/tcllib2.0/valtype/pkgIndex.tcl 
Execute           source C:/AMDDesignTools/2026.1/Vitis/tps/tcl/tcllib2.0/virtchannel_base/pkgIndex.tcl 
Execute           source C:/AMDDesignTools/2026.1/Vitis/tps/tcl/tcllib2.0/virtchannel_core/pkgIndex.tcl 
Execute           source C:/AMDDesignTools/2026.1/Vitis/tps/tcl/tcllib2.0/virtchannel_transform/pkgIndex.tcl 
Execute           source C:/AMDDesignTools/2026.1/Vitis/tps/tcl/tcllib2.0/websocket/pkgIndex.tcl 
Execute           source C:/AMDDesignTools/2026.1/Vitis/tps/tcl/tcllib2.0/wip/pkgIndex.tcl 
Execute           source C:/AMDDesignTools/2026.1/Vitis/tps/tcl/tcllib2.0/yaml/pkgIndex.tcl 
Execute           source C:/AMDDesignTools/2026.1/Vitis/tps/tcl/tcllib2.0/zip/pkgIndex.tcl 
Execute           source C:/AMDDesignTools/2026.1/Vitis/tps/tcl/tcllib2.0/pkgIndex.tcl 
Execute             source C:/AMDDesignTools/2026.1/Vitis/tps/tcl/tcllib2.0/0compatibility/pkgIndex.tcl 
Execute             source C:/AMDDesignTools/2026.1/Vitis/tps/tcl/tcllib2.0/amazon-s3/pkgIndex.tcl 
Execute             source C:/AMDDesignTools/2026.1/Vitis/tps/tcl/tcllib2.0/asn/pkgIndex.tcl 
Execute             source C:/AMDDesignTools/2026.1/Vitis/tps/tcl/tcllib2.0/base32/pkgIndex.tcl 
Execute             source C:/AMDDesignTools/2026.1/Vitis/tps/tcl/tcllib2.0/base64/pkgIndex.tcl 
Execute             source C:/AMDDesignTools/2026.1/Vitis/tps/tcl/tcllib2.0/bee/pkgIndex.tcl 
Execute             source C:/AMDDesignTools/2026.1/Vitis/tps/tcl/tcllib2.0/bench/pkgIndex.tcl 
Execute             source C:/AMDDesignTools/2026.1/Vitis/tps/tcl/tcllib2.0/bibtex/pkgIndex.tcl 
Execute             source C:/AMDDesignTools/2026.1/Vitis/tps/tcl/tcllib2.0/cache/pkgIndex.tcl 
Execute             source C:/AMDDesignTools/2026.1/Vitis/tps/tcl/tcllib2.0/clay/pkgIndex.tcl 
Execute             source C:/AMDDesignTools/2026.1/Vitis/tps/tcl/tcllib2.0/clock/pkgIndex.tcl 
Execute             source C:/AMDDesignTools/2026.1/Vitis/tps/tcl/tcllib2.0/cmdline/pkgIndex.tcl 
Execute             source C:/AMDDesignTools/2026.1/Vitis/tps/tcl/tcllib2.0/comm/pkgIndex.tcl 
Execute             source C:/AMDDesignTools/2026.1/Vitis/tps/tcl/tcllib2.0/control/pkgIndex.tcl 
Execute             source C:/AMDDesignTools/2026.1/Vitis/tps/tcl/tcllib2.0/coroutine/pkgIndex.tcl 
Execute             source C:/AMDDesignTools/2026.1/Vitis/tps/tcl/tcllib2.0/counter/pkgIndex.tcl 
Execute             source C:/AMDDesignTools/2026.1/Vitis/tps/tcl/tcllib2.0/crc/pkgIndex.tcl 
Execute             source C:/AMDDesignTools/2026.1/Vitis/tps/tcl/tcllib2.0/cron/pkgIndex.tcl 
Execute             source C:/AMDDesignTools/2026.1/Vitis/tps/tcl/tcllib2.0/csv/pkgIndex.tcl 
Execute             source C:/AMDDesignTools/2026.1/Vitis/tps/tcl/tcllib2.0/debug/pkgIndex.tcl 
Execute             source C:/AMDDesignTools/2026.1/Vitis/tps/tcl/tcllib2.0/defer/pkgIndex.tcl 
Execute             source C:/AMDDesignTools/2026.1/Vitis/tps/tcl/tcllib2.0/dicttool/pkgIndex.tcl 
Execute             source C:/AMDDesignTools/2026.1/Vitis/tps/tcl/tcllib2.0/dns/pkgIndex.tcl 
Execute             source C:/AMDDesignTools/2026.1/Vitis/tps/tcl/tcllib2.0/docstrip/pkgIndex.tcl 
Execute             source C:/AMDDesignTools/2026.1/Vitis/tps/tcl/tcllib2.0/doctools/pkgIndex.tcl 
Execute             source C:/AMDDesignTools/2026.1/Vitis/tps/tcl/tcllib2.0/doctools2base/pkgIndex.tcl 
Execute             source C:/AMDDesignTools/2026.1/Vitis/tps/tcl/tcllib2.0/doctools2idx/pkgIndex.tcl 
Execute             source C:/AMDDesignTools/2026.1/Vitis/tps/tcl/tcllib2.0/doctools2toc/pkgIndex.tcl 
Execute             source C:/AMDDesignTools/2026.1/Vitis/tps/tcl/tcllib2.0/dtplite/pkgIndex.tcl 
Execute             source C:/AMDDesignTools/2026.1/Vitis/tps/tcl/tcllib2.0/fileutil/pkgIndex.tcl 
Execute             source C:/AMDDesignTools/2026.1/Vitis/tps/tcl/tcllib2.0/ftp/pkgIndex.tcl 
Execute             source C:/AMDDesignTools/2026.1/Vitis/tps/tcl/tcllib2.0/ftpd/pkgIndex.tcl 
Execute             source C:/AMDDesignTools/2026.1/Vitis/tps/tcl/tcllib2.0/fumagic/pkgIndex.tcl 
Execute             source C:/AMDDesignTools/2026.1/Vitis/tps/tcl/tcllib2.0/generator/pkgIndex.tcl 
Execute             source C:/AMDDesignTools/2026.1/Vitis/tps/tcl/tcllib2.0/gpx/pkgIndex.tcl 
Execute             source C:/AMDDesignTools/2026.1/Vitis/tps/tcl/tcllib2.0/grammar_aycock/pkgIndex.tcl 
Execute             source C:/AMDDesignTools/2026.1/Vitis/tps/tcl/tcllib2.0/grammar_fa/pkgIndex.tcl 
Execute             source C:/AMDDesignTools/2026.1/Vitis/tps/tcl/tcllib2.0/grammar_me/pkgIndex.tcl 
Execute             source C:/AMDDesignTools/2026.1/Vitis/tps/tcl/tcllib2.0/grammar_peg/pkgIndex.tcl 
Execute             source C:/AMDDesignTools/2026.1/Vitis/tps/tcl/tcllib2.0/hook/pkgIndex.tcl 
Execute             source C:/AMDDesignTools/2026.1/Vitis/tps/tcl/tcllib2.0/html/pkgIndex.tcl 
Execute             source C:/AMDDesignTools/2026.1/Vitis/tps/tcl/tcllib2.0/htmlparse/pkgIndex.tcl 
Execute             source C:/AMDDesignTools/2026.1/Vitis/tps/tcl/tcllib2.0/http/pkgIndex.tcl 
Execute             source C:/AMDDesignTools/2026.1/Vitis/tps/tcl/tcllib2.0/httpd/pkgIndex.tcl 
Execute             source C:/AMDDesignTools/2026.1/Vitis/tps/tcl/tcllib2.0/httpwget/pkgIndex.tcl 
Execute             source C:/AMDDesignTools/2026.1/Vitis/tps/tcl/tcllib2.0/ident/pkgIndex.tcl 
Execute             source C:/AMDDesignTools/2026.1/Vitis/tps/tcl/tcllib2.0/imap4/pkgIndex.tcl 
Execute             source C:/AMDDesignTools/2026.1/Vitis/tps/tcl/tcllib2.0/inifile/pkgIndex.tcl 
Execute             source C:/AMDDesignTools/2026.1/Vitis/tps/tcl/tcllib2.0/interp/pkgIndex.tcl 
Execute             source C:/AMDDesignTools/2026.1/Vitis/tps/tcl/tcllib2.0/irc/pkgIndex.tcl 
Execute             source C:/AMDDesignTools/2026.1/Vitis/tps/tcl/tcllib2.0/javascript/pkgIndex.tcl 
Execute             source C:/AMDDesignTools/2026.1/Vitis/tps/tcl/tcllib2.0/jpeg/pkgIndex.tcl 
Execute             source C:/AMDDesignTools/2026.1/Vitis/tps/tcl/tcllib2.0/json/pkgIndex.tcl 
Execute             source C:/AMDDesignTools/2026.1/Vitis/tps/tcl/tcllib2.0/lambda/pkgIndex.tcl 
Execute             source C:/AMDDesignTools/2026.1/Vitis/tps/tcl/tcllib2.0/lazyset/pkgIndex.tcl 
Execute             source C:/AMDDesignTools/2026.1/Vitis/tps/tcl/tcllib2.0/ldap/pkgIndex.tcl 
Execute             source C:/AMDDesignTools/2026.1/Vitis/tps/tcl/tcllib2.0/log/pkgIndex.tcl 
Execute             source C:/AMDDesignTools/2026.1/Vitis/tps/tcl/tcllib2.0/map/pkgIndex.tcl 
Execute             source C:/AMDDesignTools/2026.1/Vitis/tps/tcl/tcllib2.0/mapproj/pkgIndex.tcl 
Execute             source C:/AMDDesignTools/2026.1/Vitis/tps/tcl/tcllib2.0/markdown/pkgIndex.tcl 
Execute             source C:/AMDDesignTools/2026.1/Vitis/tps/tcl/tcllib2.0/math/pkgIndex.tcl 
Execute             source C:/AMDDesignTools/2026.1/Vitis/tps/tcl/tcllib2.0/md4/pkgIndex.tcl 
Execute             source C:/AMDDesignTools/2026.1/Vitis/tps/tcl/tcllib2.0/md5/pkgIndex.tcl 
Execute             source C:/AMDDesignTools/2026.1/Vitis/tps/tcl/tcllib2.0/md5crypt/pkgIndex.tcl 
Execute             source C:/AMDDesignTools/2026.1/Vitis/tps/tcl/tcllib2.0/mime/pkgIndex.tcl 
Execute             source C:/AMDDesignTools/2026.1/Vitis/tps/tcl/tcllib2.0/mkdoc/pkgIndex.tcl 
Execute             source C:/AMDDesignTools/2026.1/Vitis/tps/tcl/tcllib2.0/multiplexer/pkgIndex.tcl 
Execute             source C:/AMDDesignTools/2026.1/Vitis/tps/tcl/tcllib2.0/namespacex/pkgIndex.tcl 
Execute             source C:/AMDDesignTools/2026.1/Vitis/tps/tcl/tcllib2.0/ncgi/pkgIndex.tcl 
Execute             source C:/AMDDesignTools/2026.1/Vitis/tps/tcl/tcllib2.0/nettool/pkgIndex.tcl 
Execute             source C:/AMDDesignTools/2026.1/Vitis/tps/tcl/tcllib2.0/nmea/pkgIndex.tcl 
Execute             source C:/AMDDesignTools/2026.1/Vitis/tps/tcl/tcllib2.0/nns/pkgIndex.tcl 
Execute             source C:/AMDDesignTools/2026.1/Vitis/tps/tcl/tcllib2.0/nntp/pkgIndex.tcl 
Execute             source C:/AMDDesignTools/2026.1/Vitis/tps/tcl/tcllib2.0/ntp/pkgIndex.tcl 
Execute             source C:/AMDDesignTools/2026.1/Vitis/tps/tcl/tcllib2.0/oauth/pkgIndex.tcl 
Execute             source C:/AMDDesignTools/2026.1/Vitis/tps/tcl/tcllib2.0/oodialect/pkgIndex.tcl 
Execute             source C:/AMDDesignTools/2026.1/Vitis/tps/tcl/tcllib2.0/oometa/pkgIndex.tcl 
Execute             source C:/AMDDesignTools/2026.1/Vitis/tps/tcl/tcllib2.0/ooutil/pkgIndex.tcl 
Execute             source C:/AMDDesignTools/2026.1/Vitis/tps/tcl/tcllib2.0/otp/pkgIndex.tcl 
Execute             source C:/AMDDesignTools/2026.1/Vitis/tps/tcl/tcllib2.0/page/pkgIndex.tcl 
Execute             source C:/AMDDesignTools/2026.1/Vitis/tps/tcl/tcllib2.0/pluginmgr/pkgIndex.tcl 
Execute             source C:/AMDDesignTools/2026.1/Vitis/tps/tcl/tcllib2.0/png/pkgIndex.tcl 
Execute             source C:/AMDDesignTools/2026.1/Vitis/tps/tcl/tcllib2.0/pop3/pkgIndex.tcl 
Execute             source C:/AMDDesignTools/2026.1/Vitis/tps/tcl/tcllib2.0/pop3d/pkgIndex.tcl 
Execute             source C:/AMDDesignTools/2026.1/Vitis/tps/tcl/tcllib2.0/practcl/pkgIndex.tcl 
Execute             source C:/AMDDesignTools/2026.1/Vitis/tps/tcl/tcllib2.0/processman/pkgIndex.tcl 
Execute             source C:/AMDDesignTools/2026.1/Vitis/tps/tcl/tcllib2.0/profiler/pkgIndex.tcl 
Execute             source C:/AMDDesignTools/2026.1/Vitis/tps/tcl/tcllib2.0/pt/pkgIndex.tcl 
Execute             source C:/AMDDesignTools/2026.1/Vitis/tps/tcl/tcllib2.0/rcs/pkgIndex.tcl 
Execute             source C:/AMDDesignTools/2026.1/Vitis/tps/tcl/tcllib2.0/report/pkgIndex.tcl 
Execute             source C:/AMDDesignTools/2026.1/Vitis/tps/tcl/tcllib2.0/rest/pkgIndex.tcl 
Execute             source C:/AMDDesignTools/2026.1/Vitis/tps/tcl/tcllib2.0/ripemd/pkgIndex.tcl 
Execute             source C:/AMDDesignTools/2026.1/Vitis/tps/tcl/tcllib2.0/sasl/pkgIndex.tcl 
Execute             source C:/AMDDesignTools/2026.1/Vitis/tps/tcl/tcllib2.0/sha1/pkgIndex.tcl 
Execute             source C:/AMDDesignTools/2026.1/Vitis/tps/tcl/tcllib2.0/simulation/pkgIndex.tcl 
Execute             source C:/AMDDesignTools/2026.1/Vitis/tps/tcl/tcllib2.0/smtpd/pkgIndex.tcl 
Execute             source C:/AMDDesignTools/2026.1/Vitis/tps/tcl/tcllib2.0/snit/pkgIndex.tcl 
Execute             source C:/AMDDesignTools/2026.1/Vitis/tps/tcl/tcllib2.0/soundex/pkgIndex.tcl 
Execute             source C:/AMDDesignTools/2026.1/Vitis/tps/tcl/tcllib2.0/stooop/pkgIndex.tcl 
Execute             source C:/AMDDesignTools/2026.1/Vitis/tps/tcl/tcllib2.0/string/pkgIndex.tcl 
Execute             source C:/AMDDesignTools/2026.1/Vitis/tps/tcl/tcllib2.0/stringprep/pkgIndex.tcl 
Execute             source C:/AMDDesignTools/2026.1/Vitis/tps/tcl/tcllib2.0/struct/pkgIndex.tcl 
Execute             source C:/AMDDesignTools/2026.1/Vitis/tps/tcl/tcllib2.0/tar/pkgIndex.tcl 
Execute             source C:/AMDDesignTools/2026.1/Vitis/tps/tcl/tcllib2.0/tepam/pkgIndex.tcl 
Execute             source C:/AMDDesignTools/2026.1/Vitis/tps/tcl/tcllib2.0/term/pkgIndex.tcl 
Execute             source C:/AMDDesignTools/2026.1/Vitis/tps/tcl/tcllib2.0/textutil/pkgIndex.tcl 
Execute             source C:/AMDDesignTools/2026.1/Vitis/tps/tcl/tcllib2.0/tie/pkgIndex.tcl 
Execute             source C:/AMDDesignTools/2026.1/Vitis/tps/tcl/tcllib2.0/tiff/pkgIndex.tcl 
Execute             source C:/AMDDesignTools/2026.1/Vitis/tps/tcl/tcllib2.0/tool/pkgIndex.tcl 
Execute             source C:/AMDDesignTools/2026.1/Vitis/tps/tcl/tcllib2.0/transfer/pkgIndex.tcl 
Execute             source C:/AMDDesignTools/2026.1/Vitis/tps/tcl/tcllib2.0/treeql/pkgIndex.tcl 
Execute             source C:/AMDDesignTools/2026.1/Vitis/tps/tcl/tcllib2.0/try/pkgIndex.tcl 
Execute             source C:/AMDDesignTools/2026.1/Vitis/tps/tcl/tcllib2.0/udpcluster/pkgIndex.tcl 
Execute             source C:/AMDDesignTools/2026.1/Vitis/tps/tcl/tcllib2.0/uev/pkgIndex.tcl 
Execute             source C:/AMDDesignTools/2026.1/Vitis/tps/tcl/tcllib2.0/units/pkgIndex.tcl 
Execute             source C:/AMDDesignTools/2026.1/Vitis/tps/tcl/tcllib2.0/uri/pkgIndex.tcl 
Execute             source C:/AMDDesignTools/2026.1/Vitis/tps/tcl/tcllib2.0/uuid/pkgIndex.tcl 
Execute             source C:/AMDDesignTools/2026.1/Vitis/tps/tcl/tcllib2.0/valtype/pkgIndex.tcl 
Execute             source C:/AMDDesignTools/2026.1/Vitis/tps/tcl/tcllib2.0/virtchannel_base/pkgIndex.tcl 
Execute             source C:/AMDDesignTools/2026.1/Vitis/tps/tcl/tcllib2.0/virtchannel_core/pkgIndex.tcl 
Execute             source C:/AMDDesignTools/2026.1/Vitis/tps/tcl/tcllib2.0/virtchannel_transform/pkgIndex.tcl 
Execute             source C:/AMDDesignTools/2026.1/Vitis/tps/tcl/tcllib2.0/websocket/pkgIndex.tcl 
Execute             source C:/AMDDesignTools/2026.1/Vitis/tps/tcl/tcllib2.0/wip/pkgIndex.tcl 
Execute             source C:/AMDDesignTools/2026.1/Vitis/tps/tcl/tcllib2.0/yaml/pkgIndex.tcl 
Execute             source C:/AMDDesignTools/2026.1/Vitis/tps/tcl/tcllib2.0/zip/pkgIndex.tcl 
Command           ap_source done; 0.115 sec.
Execute           source C:/AMDDesignTools/2026.1/Vitis/tps/tcl/tdom/pkgIndex.tcl 
Execute           source C:/AMDDesignTools/2026.1/Vitis/tps/tcl/tk8.6/pkgIndex.tcl 
Execute           source C:/AMDDesignTools/2026.1/Vitis/tps/tcl/tcl8.6/opt0.4/pkgIndex.tcl 
Execute           source C:/AMDDesignTools/2026.1/Vitis/tps/tcl/tcl8.6/pkgs/win/thread2.8.7/pkgIndex.tcl 
Command         ap_source done; 0.217 sec.
Execute         source C:/AMDDesignTools/2026.1/Vitis/tps/tcl/tcllib2.0/0compatibility/pkgIndex.tcl 
Execute         source C:/AMDDesignTools/2026.1/Vitis/tps/tcl/tcllib2.0/amazon-s3/pkgIndex.tcl 
Execute         source C:/AMDDesignTools/2026.1/Vitis/tps/tcl/tcllib2.0/asn/pkgIndex.tcl 
Execute         source C:/AMDDesignTools/2026.1/Vitis/tps/tcl/tcllib2.0/base32/pkgIndex.tcl 
Execute         source C:/AMDDesignTools/2026.1/Vitis/tps/tcl/tcllib2.0/base64/pkgIndex.tcl 
Execute         source C:/AMDDesignTools/2026.1/Vitis/tps/tcl/tcllib2.0/bee/pkgIndex.tcl 
Execute         source C:/AMDDesignTools/2026.1/Vitis/tps/tcl/tcllib2.0/bench/pkgIndex.tcl 
Execute         source C:/AMDDesignTools/2026.1/Vitis/tps/tcl/tcllib2.0/bibtex/pkgIndex.tcl 
Execute         source C:/AMDDesignTools/2026.1/Vitis/tps/tcl/tcllib2.0/cache/pkgIndex.tcl 
Execute         source C:/AMDDesignTools/2026.1/Vitis/tps/tcl/tcllib2.0/clay/pkgIndex.tcl 
Execute         source C:/AMDDesignTools/2026.1/Vitis/tps/tcl/tcllib2.0/clock/pkgIndex.tcl 
Execute         source C:/AMDDesignTools/2026.1/Vitis/tps/tcl/tcllib2.0/cmdline/pkgIndex.tcl 
Execute         source C:/AMDDesignTools/2026.1/Vitis/tps/tcl/tcllib2.0/comm/pkgIndex.tcl 
Execute         source C:/AMDDesignTools/2026.1/Vitis/tps/tcl/tcllib2.0/control/pkgIndex.tcl 
Execute         source C:/AMDDesignTools/2026.1/Vitis/tps/tcl/tcllib2.0/coroutine/pkgIndex.tcl 
Execute         source C:/AMDDesignTools/2026.1/Vitis/tps/tcl/tcllib2.0/counter/pkgIndex.tcl 
Execute         source C:/AMDDesignTools/2026.1/Vitis/tps/tcl/tcllib2.0/crc/pkgIndex.tcl 
Execute         source C:/AMDDesignTools/2026.1/Vitis/tps/tcl/tcllib2.0/cron/pkgIndex.tcl 
Execute         source C:/AMDDesignTools/2026.1/Vitis/tps/tcl/tcllib2.0/csv/pkgIndex.tcl 
Execute         source C:/AMDDesignTools/2026.1/Vitis/tps/tcl/tcllib2.0/debug/pkgIndex.tcl 
Execute         source C:/AMDDesignTools/2026.1/Vitis/tps/tcl/tcllib2.0/defer/pkgIndex.tcl 
Execute         source C:/AMDDesignTools/2026.1/Vitis/tps/tcl/tcllib2.0/dicttool/pkgIndex.tcl 
Execute         source C:/AMDDesignTools/2026.1/Vitis/tps/tcl/tcllib2.0/dns/pkgIndex.tcl 
Execute         source C:/AMDDesignTools/2026.1/Vitis/tps/tcl/tcllib2.0/docstrip/pkgIndex.tcl 
Execute         source C:/AMDDesignTools/2026.1/Vitis/tps/tcl/tcllib2.0/doctools/pkgIndex.tcl 
Execute         source C:/AMDDesignTools/2026.1/Vitis/tps/tcl/tcllib2.0/doctools2base/pkgIndex.tcl 
Execute         source C:/AMDDesignTools/2026.1/Vitis/tps/tcl/tcllib2.0/doctools2idx/pkgIndex.tcl 
Execute         source C:/AMDDesignTools/2026.1/Vitis/tps/tcl/tcllib2.0/doctools2toc/pkgIndex.tcl 
Execute         source C:/AMDDesignTools/2026.1/Vitis/tps/tcl/tcllib2.0/dtplite/pkgIndex.tcl 
Execute         source C:/AMDDesignTools/2026.1/Vitis/tps/tcl/tcllib2.0/fileutil/pkgIndex.tcl 
Execute         source C:/AMDDesignTools/2026.1/Vitis/tps/tcl/tcllib2.0/ftp/pkgIndex.tcl 
Execute         source C:/AMDDesignTools/2026.1/Vitis/tps/tcl/tcllib2.0/ftpd/pkgIndex.tcl 
Execute         source C:/AMDDesignTools/2026.1/Vitis/tps/tcl/tcllib2.0/fumagic/pkgIndex.tcl 
Execute         source C:/AMDDesignTools/2026.1/Vitis/tps/tcl/tcllib2.0/generator/pkgIndex.tcl 
Execute         source C:/AMDDesignTools/2026.1/Vitis/tps/tcl/tcllib2.0/gpx/pkgIndex.tcl 
Execute         source C:/AMDDesignTools/2026.1/Vitis/tps/tcl/tcllib2.0/grammar_aycock/pkgIndex.tcl 
Execute         source C:/AMDDesignTools/2026.1/Vitis/tps/tcl/tcllib2.0/grammar_fa/pkgIndex.tcl 
Execute         source C:/AMDDesignTools/2026.1/Vitis/tps/tcl/tcllib2.0/grammar_me/pkgIndex.tcl 
Execute         source C:/AMDDesignTools/2026.1/Vitis/tps/tcl/tcllib2.0/grammar_peg/pkgIndex.tcl 
Execute         source C:/AMDDesignTools/2026.1/Vitis/tps/tcl/tcllib2.0/hook/pkgIndex.tcl 
Execute         source C:/AMDDesignTools/2026.1/Vitis/tps/tcl/tcllib2.0/html/pkgIndex.tcl 
Execute         source C:/AMDDesignTools/2026.1/Vitis/tps/tcl/tcllib2.0/htmlparse/pkgIndex.tcl 
Execute         source C:/AMDDesignTools/2026.1/Vitis/tps/tcl/tcllib2.0/http/pkgIndex.tcl 
Execute         source C:/AMDDesignTools/2026.1/Vitis/tps/tcl/tcllib2.0/httpd/pkgIndex.tcl 
Execute         source C:/AMDDesignTools/2026.1/Vitis/tps/tcl/tcllib2.0/httpwget/pkgIndex.tcl 
Execute         source C:/AMDDesignTools/2026.1/Vitis/tps/tcl/tcllib2.0/ident/pkgIndex.tcl 
Execute         source C:/AMDDesignTools/2026.1/Vitis/tps/tcl/tcllib2.0/imap4/pkgIndex.tcl 
Execute         source C:/AMDDesignTools/2026.1/Vitis/tps/tcl/tcllib2.0/inifile/pkgIndex.tcl 
Execute         source C:/AMDDesignTools/2026.1/Vitis/tps/tcl/tcllib2.0/interp/pkgIndex.tcl 
Execute         source C:/AMDDesignTools/2026.1/Vitis/tps/tcl/tcllib2.0/irc/pkgIndex.tcl 
Execute         source C:/AMDDesignTools/2026.1/Vitis/tps/tcl/tcllib2.0/javascript/pkgIndex.tcl 
Execute         source C:/AMDDesignTools/2026.1/Vitis/tps/tcl/tcllib2.0/jpeg/pkgIndex.tcl 
Execute         source C:/AMDDesignTools/2026.1/Vitis/tps/tcl/tcllib2.0/json/pkgIndex.tcl 
Execute         source C:/AMDDesignTools/2026.1/Vitis/tps/tcl/tcllib2.0/lambda/pkgIndex.tcl 
Execute         source C:/AMDDesignTools/2026.1/Vitis/tps/tcl/tcllib2.0/lazyset/pkgIndex.tcl 
Execute         source C:/AMDDesignTools/2026.1/Vitis/tps/tcl/tcllib2.0/ldap/pkgIndex.tcl 
Execute         source C:/AMDDesignTools/2026.1/Vitis/tps/tcl/tcllib2.0/log/pkgIndex.tcl 
Execute         source C:/AMDDesignTools/2026.1/Vitis/tps/tcl/tcllib2.0/map/pkgIndex.tcl 
Execute         source C:/AMDDesignTools/2026.1/Vitis/tps/tcl/tcllib2.0/mapproj/pkgIndex.tcl 
Execute         source C:/AMDDesignTools/2026.1/Vitis/tps/tcl/tcllib2.0/markdown/pkgIndex.tcl 
Execute         source C:/AMDDesignTools/2026.1/Vitis/tps/tcl/tcllib2.0/math/pkgIndex.tcl 
Execute         source C:/AMDDesignTools/2026.1/Vitis/tps/tcl/tcllib2.0/md4/pkgIndex.tcl 
Execute         source C:/AMDDesignTools/2026.1/Vitis/tps/tcl/tcllib2.0/md5/pkgIndex.tcl 
Execute         source C:/AMDDesignTools/2026.1/Vitis/tps/tcl/tcllib2.0/md5crypt/pkgIndex.tcl 
Execute         source C:/AMDDesignTools/2026.1/Vitis/tps/tcl/tcllib2.0/mime/pkgIndex.tcl 
Execute         source C:/AMDDesignTools/2026.1/Vitis/tps/tcl/tcllib2.0/mkdoc/pkgIndex.tcl 
Execute         source C:/AMDDesignTools/2026.1/Vitis/tps/tcl/tcllib2.0/multiplexer/pkgIndex.tcl 
Execute         source C:/AMDDesignTools/2026.1/Vitis/tps/tcl/tcllib2.0/namespacex/pkgIndex.tcl 
Execute         source C:/AMDDesignTools/2026.1/Vitis/tps/tcl/tcllib2.0/ncgi/pkgIndex.tcl 
Execute         source C:/AMDDesignTools/2026.1/Vitis/tps/tcl/tcllib2.0/nettool/pkgIndex.tcl 
Execute         source C:/AMDDesignTools/2026.1/Vitis/tps/tcl/tcllib2.0/nmea/pkgIndex.tcl 
Execute         source C:/AMDDesignTools/2026.1/Vitis/tps/tcl/tcllib2.0/nns/pkgIndex.tcl 
Execute         source C:/AMDDesignTools/2026.1/Vitis/tps/tcl/tcllib2.0/nntp/pkgIndex.tcl 
Execute         source C:/AMDDesignTools/2026.1/Vitis/tps/tcl/tcllib2.0/ntp/pkgIndex.tcl 
Execute         source C:/AMDDesignTools/2026.1/Vitis/tps/tcl/tcllib2.0/oauth/pkgIndex.tcl 
Execute         source C:/AMDDesignTools/2026.1/Vitis/tps/tcl/tcllib2.0/oodialect/pkgIndex.tcl 
Execute         source C:/AMDDesignTools/2026.1/Vitis/tps/tcl/tcllib2.0/oometa/pkgIndex.tcl 
Execute         source C:/AMDDesignTools/2026.1/Vitis/tps/tcl/tcllib2.0/ooutil/pkgIndex.tcl 
Execute         source C:/AMDDesignTools/2026.1/Vitis/tps/tcl/tcllib2.0/otp/pkgIndex.tcl 
Execute         source C:/AMDDesignTools/2026.1/Vitis/tps/tcl/tcllib2.0/page/pkgIndex.tcl 
Execute         source C:/AMDDesignTools/2026.1/Vitis/tps/tcl/tcllib2.0/pluginmgr/pkgIndex.tcl 
Execute         source C:/AMDDesignTools/2026.1/Vitis/tps/tcl/tcllib2.0/png/pkgIndex.tcl 
Execute         source C:/AMDDesignTools/2026.1/Vitis/tps/tcl/tcllib2.0/pop3/pkgIndex.tcl 
Execute         source C:/AMDDesignTools/2026.1/Vitis/tps/tcl/tcllib2.0/pop3d/pkgIndex.tcl 
Execute         source C:/AMDDesignTools/2026.1/Vitis/tps/tcl/tcllib2.0/practcl/pkgIndex.tcl 
Execute         source C:/AMDDesignTools/2026.1/Vitis/tps/tcl/tcllib2.0/processman/pkgIndex.tcl 
Execute         source C:/AMDDesignTools/2026.1/Vitis/tps/tcl/tcllib2.0/profiler/pkgIndex.tcl 
Execute         source C:/AMDDesignTools/2026.1/Vitis/tps/tcl/tcllib2.0/pt/pkgIndex.tcl 
Execute         source C:/AMDDesignTools/2026.1/Vitis/tps/tcl/tcllib2.0/rcs/pkgIndex.tcl 
Execute         source C:/AMDDesignTools/2026.1/Vitis/tps/tcl/tcllib2.0/report/pkgIndex.tcl 
Execute         source C:/AMDDesignTools/2026.1/Vitis/tps/tcl/tcllib2.0/rest/pkgIndex.tcl 
Execute         source C:/AMDDesignTools/2026.1/Vitis/tps/tcl/tcllib2.0/ripemd/pkgIndex.tcl 
Execute         source C:/AMDDesignTools/2026.1/Vitis/tps/tcl/tcllib2.0/sasl/pkgIndex.tcl 
Execute         source C:/AMDDesignTools/2026.1/Vitis/tps/tcl/tcllib2.0/sha1/pkgIndex.tcl 
Execute         source C:/AMDDesignTools/2026.1/Vitis/tps/tcl/tcllib2.0/simulation/pkgIndex.tcl 
Execute         source C:/AMDDesignTools/2026.1/Vitis/tps/tcl/tcllib2.0/smtpd/pkgIndex.tcl 
Execute         source C:/AMDDesignTools/2026.1/Vitis/tps/tcl/tcllib2.0/snit/pkgIndex.tcl 
Execute         source C:/AMDDesignTools/2026.1/Vitis/tps/tcl/tcllib2.0/soundex/pkgIndex.tcl 
Execute         source C:/AMDDesignTools/2026.1/Vitis/tps/tcl/tcllib2.0/stooop/pkgIndex.tcl 
Execute         source C:/AMDDesignTools/2026.1/Vitis/tps/tcl/tcllib2.0/string/pkgIndex.tcl 
Execute         source C:/AMDDesignTools/2026.1/Vitis/tps/tcl/tcllib2.0/stringprep/pkgIndex.tcl 
Execute         source C:/AMDDesignTools/2026.1/Vitis/tps/tcl/tcllib2.0/struct/pkgIndex.tcl 
Execute         source C:/AMDDesignTools/2026.1/Vitis/tps/tcl/tcllib2.0/tar/pkgIndex.tcl 
Execute         source C:/AMDDesignTools/2026.1/Vitis/tps/tcl/tcllib2.0/tepam/pkgIndex.tcl 
Execute         source C:/AMDDesignTools/2026.1/Vitis/tps/tcl/tcllib2.0/term/pkgIndex.tcl 
Execute         source C:/AMDDesignTools/2026.1/Vitis/tps/tcl/tcllib2.0/textutil/pkgIndex.tcl 
Execute         source C:/AMDDesignTools/2026.1/Vitis/tps/tcl/tcllib2.0/tie/pkgIndex.tcl 
Execute         source C:/AMDDesignTools/2026.1/Vitis/tps/tcl/tcllib2.0/tiff/pkgIndex.tcl 
Execute         source C:/AMDDesignTools/2026.1/Vitis/tps/tcl/tcllib2.0/tool/pkgIndex.tcl 
Execute         source C:/AMDDesignTools/2026.1/Vitis/tps/tcl/tcllib2.0/transfer/pkgIndex.tcl 
Execute         source C:/AMDDesignTools/2026.1/Vitis/tps/tcl/tcllib2.0/treeql/pkgIndex.tcl 
Execute         source C:/AMDDesignTools/2026.1/Vitis/tps/tcl/tcllib2.0/try/pkgIndex.tcl 
Execute         source C:/AMDDesignTools/2026.1/Vitis/tps/tcl/tcllib2.0/udpcluster/pkgIndex.tcl 
Execute         source C:/AMDDesignTools/2026.1/Vitis/tps/tcl/tcllib2.0/uev/pkgIndex.tcl 
Execute         source C:/AMDDesignTools/2026.1/Vitis/tps/tcl/tcllib2.0/units/pkgIndex.tcl 
Execute         source C:/AMDDesignTools/2026.1/Vitis/tps/tcl/tcllib2.0/uri/pkgIndex.tcl 
Execute         source C:/AMDDesignTools/2026.1/Vitis/tps/tcl/tcllib2.0/uuid/pkgIndex.tcl 
Execute         source C:/AMDDesignTools/2026.1/Vitis/tps/tcl/tcllib2.0/valtype/pkgIndex.tcl 
Execute         source C:/AMDDesignTools/2026.1/Vitis/tps/tcl/tcllib2.0/virtchannel_base/pkgIndex.tcl 
Execute         source C:/AMDDesignTools/2026.1/Vitis/tps/tcl/tcllib2.0/virtchannel_core/pkgIndex.tcl 
Execute         source C:/AMDDesignTools/2026.1/Vitis/tps/tcl/tcllib2.0/virtchannel_transform/pkgIndex.tcl 
Execute         source C:/AMDDesignTools/2026.1/Vitis/tps/tcl/tcllib2.0/websocket/pkgIndex.tcl 
Execute         source C:/AMDDesignTools/2026.1/Vitis/tps/tcl/tcllib2.0/wip/pkgIndex.tcl 
Execute         source C:/AMDDesignTools/2026.1/Vitis/tps/tcl/tcllib2.0/yaml/pkgIndex.tcl 
Execute         source C:/AMDDesignTools/2026.1/Vitis/tps/tcl/tcllib2.0/zip/pkgIndex.tcl 
Execute         source C:/AMDDesignTools/2026.1/Vitis/tps/tcl/tcllib2.0/pkgIndex.tcl 
Execute           source C:/AMDDesignTools/2026.1/Vitis/tps/tcl/tcllib2.0/0compatibility/pkgIndex.tcl 
Execute           source C:/AMDDesignTools/2026.1/Vitis/tps/tcl/tcllib2.0/amazon-s3/pkgIndex.tcl 
Execute           source C:/AMDDesignTools/2026.1/Vitis/tps/tcl/tcllib2.0/asn/pkgIndex.tcl 
Execute           source C:/AMDDesignTools/2026.1/Vitis/tps/tcl/tcllib2.0/base32/pkgIndex.tcl 
Execute           source C:/AMDDesignTools/2026.1/Vitis/tps/tcl/tcllib2.0/base64/pkgIndex.tcl 
Execute           source C:/AMDDesignTools/2026.1/Vitis/tps/tcl/tcllib2.0/bee/pkgIndex.tcl 
Execute           source C:/AMDDesignTools/2026.1/Vitis/tps/tcl/tcllib2.0/bench/pkgIndex.tcl 
Execute           source C:/AMDDesignTools/2026.1/Vitis/tps/tcl/tcllib2.0/bibtex/pkgIndex.tcl 
Execute           source C:/AMDDesignTools/2026.1/Vitis/tps/tcl/tcllib2.0/cache/pkgIndex.tcl 
Execute           source C:/AMDDesignTools/2026.1/Vitis/tps/tcl/tcllib2.0/clay/pkgIndex.tcl 
Execute           source C:/AMDDesignTools/2026.1/Vitis/tps/tcl/tcllib2.0/clock/pkgIndex.tcl 
Execute           source C:/AMDDesignTools/2026.1/Vitis/tps/tcl/tcllib2.0/cmdline/pkgIndex.tcl 
Execute           source C:/AMDDesignTools/2026.1/Vitis/tps/tcl/tcllib2.0/comm/pkgIndex.tcl 
Execute           source C:/AMDDesignTools/2026.1/Vitis/tps/tcl/tcllib2.0/control/pkgIndex.tcl 
Execute           source C:/AMDDesignTools/2026.1/Vitis/tps/tcl/tcllib2.0/coroutine/pkgIndex.tcl 
Execute           source C:/AMDDesignTools/2026.1/Vitis/tps/tcl/tcllib2.0/counter/pkgIndex.tcl 
Execute           source C:/AMDDesignTools/2026.1/Vitis/tps/tcl/tcllib2.0/crc/pkgIndex.tcl 
Execute           source C:/AMDDesignTools/2026.1/Vitis/tps/tcl/tcllib2.0/cron/pkgIndex.tcl 
Execute           source C:/AMDDesignTools/2026.1/Vitis/tps/tcl/tcllib2.0/csv/pkgIndex.tcl 
Execute           source C:/AMDDesignTools/2026.1/Vitis/tps/tcl/tcllib2.0/debug/pkgIndex.tcl 
Execute           source C:/AMDDesignTools/2026.1/Vitis/tps/tcl/tcllib2.0/defer/pkgIndex.tcl 
Execute           source C:/AMDDesignTools/2026.1/Vitis/tps/tcl/tcllib2.0/dicttool/pkgIndex.tcl 
Execute           source C:/AMDDesignTools/2026.1/Vitis/tps/tcl/tcllib2.0/dns/pkgIndex.tcl 
Execute           source C:/AMDDesignTools/2026.1/Vitis/tps/tcl/tcllib2.0/docstrip/pkgIndex.tcl 
Execute           source C:/AMDDesignTools/2026.1/Vitis/tps/tcl/tcllib2.0/doctools/pkgIndex.tcl 
Execute           source C:/AMDDesignTools/2026.1/Vitis/tps/tcl/tcllib2.0/doctools2base/pkgIndex.tcl 
Execute           source C:/AMDDesignTools/2026.1/Vitis/tps/tcl/tcllib2.0/doctools2idx/pkgIndex.tcl 
Execute           source C:/AMDDesignTools/2026.1/Vitis/tps/tcl/tcllib2.0/doctools2toc/pkgIndex.tcl 
Execute           source C:/AMDDesignTools/2026.1/Vitis/tps/tcl/tcllib2.0/dtplite/pkgIndex.tcl 
Execute           source C:/AMDDesignTools/2026.1/Vitis/tps/tcl/tcllib2.0/fileutil/pkgIndex.tcl 
Execute           source C:/AMDDesignTools/2026.1/Vitis/tps/tcl/tcllib2.0/ftp/pkgIndex.tcl 
Execute           source C:/AMDDesignTools/2026.1/Vitis/tps/tcl/tcllib2.0/ftpd/pkgIndex.tcl 
Execute           source C:/AMDDesignTools/2026.1/Vitis/tps/tcl/tcllib2.0/fumagic/pkgIndex.tcl 
Execute           source C:/AMDDesignTools/2026.1/Vitis/tps/tcl/tcllib2.0/generator/pkgIndex.tcl 
Execute           source C:/AMDDesignTools/2026.1/Vitis/tps/tcl/tcllib2.0/gpx/pkgIndex.tcl 
Execute           source C:/AMDDesignTools/2026.1/Vitis/tps/tcl/tcllib2.0/grammar_aycock/pkgIndex.tcl 
Execute           source C:/AMDDesignTools/2026.1/Vitis/tps/tcl/tcllib2.0/grammar_fa/pkgIndex.tcl 
Execute           source C:/AMDDesignTools/2026.1/Vitis/tps/tcl/tcllib2.0/grammar_me/pkgIndex.tcl 
Execute           source C:/AMDDesignTools/2026.1/Vitis/tps/tcl/tcllib2.0/grammar_peg/pkgIndex.tcl 
Execute           source C:/AMDDesignTools/2026.1/Vitis/tps/tcl/tcllib2.0/hook/pkgIndex.tcl 
Execute           source C:/AMDDesignTools/2026.1/Vitis/tps/tcl/tcllib2.0/html/pkgIndex.tcl 
Execute           source C:/AMDDesignTools/2026.1/Vitis/tps/tcl/tcllib2.0/htmlparse/pkgIndex.tcl 
Execute           source C:/AMDDesignTools/2026.1/Vitis/tps/tcl/tcllib2.0/http/pkgIndex.tcl 
Execute           source C:/AMDDesignTools/2026.1/Vitis/tps/tcl/tcllib2.0/httpd/pkgIndex.tcl 
Execute           source C:/AMDDesignTools/2026.1/Vitis/tps/tcl/tcllib2.0/httpwget/pkgIndex.tcl 
Execute           source C:/AMDDesignTools/2026.1/Vitis/tps/tcl/tcllib2.0/ident/pkgIndex.tcl 
Execute           source C:/AMDDesignTools/2026.1/Vitis/tps/tcl/tcllib2.0/imap4/pkgIndex.tcl 
Execute           source C:/AMDDesignTools/2026.1/Vitis/tps/tcl/tcllib2.0/inifile/pkgIndex.tcl 
Execute           source C:/AMDDesignTools/2026.1/Vitis/tps/tcl/tcllib2.0/interp/pkgIndex.tcl 
Execute           source C:/AMDDesignTools/2026.1/Vitis/tps/tcl/tcllib2.0/irc/pkgIndex.tcl 
Execute           source C:/AMDDesignTools/2026.1/Vitis/tps/tcl/tcllib2.0/javascript/pkgIndex.tcl 
Execute           source C:/AMDDesignTools/2026.1/Vitis/tps/tcl/tcllib2.0/jpeg/pkgIndex.tcl 
Execute           source C:/AMDDesignTools/2026.1/Vitis/tps/tcl/tcllib2.0/json/pkgIndex.tcl 
Execute           source C:/AMDDesignTools/2026.1/Vitis/tps/tcl/tcllib2.0/lambda/pkgIndex.tcl 
Execute           source C:/AMDDesignTools/2026.1/Vitis/tps/tcl/tcllib2.0/lazyset/pkgIndex.tcl 
Execute           source C:/AMDDesignTools/2026.1/Vitis/tps/tcl/tcllib2.0/ldap/pkgIndex.tcl 
Execute           source C:/AMDDesignTools/2026.1/Vitis/tps/tcl/tcllib2.0/log/pkgIndex.tcl 
Execute           source C:/AMDDesignTools/2026.1/Vitis/tps/tcl/tcllib2.0/map/pkgIndex.tcl 
Execute           source C:/AMDDesignTools/2026.1/Vitis/tps/tcl/tcllib2.0/mapproj/pkgIndex.tcl 
Execute           source C:/AMDDesignTools/2026.1/Vitis/tps/tcl/tcllib2.0/markdown/pkgIndex.tcl 
Execute           source C:/AMDDesignTools/2026.1/Vitis/tps/tcl/tcllib2.0/math/pkgIndex.tcl 
Execute           source C:/AMDDesignTools/2026.1/Vitis/tps/tcl/tcllib2.0/md4/pkgIndex.tcl 
Execute           source C:/AMDDesignTools/2026.1/Vitis/tps/tcl/tcllib2.0/md5/pkgIndex.tcl 
Execute           source C:/AMDDesignTools/2026.1/Vitis/tps/tcl/tcllib2.0/md5crypt/pkgIndex.tcl 
Execute           source C:/AMDDesignTools/2026.1/Vitis/tps/tcl/tcllib2.0/mime/pkgIndex.tcl 
Execute           source C:/AMDDesignTools/2026.1/Vitis/tps/tcl/tcllib2.0/mkdoc/pkgIndex.tcl 
Execute           source C:/AMDDesignTools/2026.1/Vitis/tps/tcl/tcllib2.0/multiplexer/pkgIndex.tcl 
Execute           source C:/AMDDesignTools/2026.1/Vitis/tps/tcl/tcllib2.0/namespacex/pkgIndex.tcl 
Execute           source C:/AMDDesignTools/2026.1/Vitis/tps/tcl/tcllib2.0/ncgi/pkgIndex.tcl 
Execute           source C:/AMDDesignTools/2026.1/Vitis/tps/tcl/tcllib2.0/nettool/pkgIndex.tcl 
Execute           source C:/AMDDesignTools/2026.1/Vitis/tps/tcl/tcllib2.0/nmea/pkgIndex.tcl 
Execute           source C:/AMDDesignTools/2026.1/Vitis/tps/tcl/tcllib2.0/nns/pkgIndex.tcl 
Execute           source C:/AMDDesignTools/2026.1/Vitis/tps/tcl/tcllib2.0/nntp/pkgIndex.tcl 
Execute           source C:/AMDDesignTools/2026.1/Vitis/tps/tcl/tcllib2.0/ntp/pkgIndex.tcl 
Execute           source C:/AMDDesignTools/2026.1/Vitis/tps/tcl/tcllib2.0/oauth/pkgIndex.tcl 
Execute           source C:/AMDDesignTools/2026.1/Vitis/tps/tcl/tcllib2.0/oodialect/pkgIndex.tcl 
Execute           source C:/AMDDesignTools/2026.1/Vitis/tps/tcl/tcllib2.0/oometa/pkgIndex.tcl 
Execute           source C:/AMDDesignTools/2026.1/Vitis/tps/tcl/tcllib2.0/ooutil/pkgIndex.tcl 
Execute           source C:/AMDDesignTools/2026.1/Vitis/tps/tcl/tcllib2.0/otp/pkgIndex.tcl 
Execute           source C:/AMDDesignTools/2026.1/Vitis/tps/tcl/tcllib2.0/page/pkgIndex.tcl 
Execute           source C:/AMDDesignTools/2026.1/Vitis/tps/tcl/tcllib2.0/pluginmgr/pkgIndex.tcl 
Execute           source C:/AMDDesignTools/2026.1/Vitis/tps/tcl/tcllib2.0/png/pkgIndex.tcl 
Execute           source C:/AMDDesignTools/2026.1/Vitis/tps/tcl/tcllib2.0/pop3/pkgIndex.tcl 
Execute           source C:/AMDDesignTools/2026.1/Vitis/tps/tcl/tcllib2.0/pop3d/pkgIndex.tcl 
Execute           source C:/AMDDesignTools/2026.1/Vitis/tps/tcl/tcllib2.0/practcl/pkgIndex.tcl 
Execute           source C:/AMDDesignTools/2026.1/Vitis/tps/tcl/tcllib2.0/processman/pkgIndex.tcl 
Execute           source C:/AMDDesignTools/2026.1/Vitis/tps/tcl/tcllib2.0/profiler/pkgIndex.tcl 
Execute           source C:/AMDDesignTools/2026.1/Vitis/tps/tcl/tcllib2.0/pt/pkgIndex.tcl 
Execute           source C:/AMDDesignTools/2026.1/Vitis/tps/tcl/tcllib2.0/rcs/pkgIndex.tcl 
Execute           source C:/AMDDesignTools/2026.1/Vitis/tps/tcl/tcllib2.0/report/pkgIndex.tcl 
Execute           source C:/AMDDesignTools/2026.1/Vitis/tps/tcl/tcllib2.0/rest/pkgIndex.tcl 
Execute           source C:/AMDDesignTools/2026.1/Vitis/tps/tcl/tcllib2.0/ripemd/pkgIndex.tcl 
Execute           source C:/AMDDesignTools/2026.1/Vitis/tps/tcl/tcllib2.0/sasl/pkgIndex.tcl 
Execute           source C:/AMDDesignTools/2026.1/Vitis/tps/tcl/tcllib2.0/sha1/pkgIndex.tcl 
Execute           source C:/AMDDesignTools/2026.1/Vitis/tps/tcl/tcllib2.0/simulation/pkgIndex.tcl 
Execute           source C:/AMDDesignTools/2026.1/Vitis/tps/tcl/tcllib2.0/smtpd/pkgIndex.tcl 
Execute           source C:/AMDDesignTools/2026.1/Vitis/tps/tcl/tcllib2.0/snit/pkgIndex.tcl 
Execute           source C:/AMDDesignTools/2026.1/Vitis/tps/tcl/tcllib2.0/soundex/pkgIndex.tcl 
Execute           source C:/AMDDesignTools/2026.1/Vitis/tps/tcl/tcllib2.0/stooop/pkgIndex.tcl 
Execute           source C:/AMDDesignTools/2026.1/Vitis/tps/tcl/tcllib2.0/string/pkgIndex.tcl 
Execute           source C:/AMDDesignTools/2026.1/Vitis/tps/tcl/tcllib2.0/stringprep/pkgIndex.tcl 
Execute           source C:/AMDDesignTools/2026.1/Vitis/tps/tcl/tcllib2.0/struct/pkgIndex.tcl 
Execute           source C:/AMDDesignTools/2026.1/Vitis/tps/tcl/tcllib2.0/tar/pkgIndex.tcl 
Execute           source C:/AMDDesignTools/2026.1/Vitis/tps/tcl/tcllib2.0/tepam/pkgIndex.tcl 
Execute           source C:/AMDDesignTools/2026.1/Vitis/tps/tcl/tcllib2.0/term/pkgIndex.tcl 
Execute           source C:/AMDDesignTools/2026.1/Vitis/tps/tcl/tcllib2.0/textutil/pkgIndex.tcl 
Execute           source C:/AMDDesignTools/2026.1/Vitis/tps/tcl/tcllib2.0/tie/pkgIndex.tcl 
Execute           source C:/AMDDesignTools/2026.1/Vitis/tps/tcl/tcllib2.0/tiff/pkgIndex.tcl 
Execute           source C:/AMDDesignTools/2026.1/Vitis/tps/tcl/tcllib2.0/tool/pkgIndex.tcl 
Execute           source C:/AMDDesignTools/2026.1/Vitis/tps/tcl/tcllib2.0/transfer/pkgIndex.tcl 
Execute           source C:/AMDDesignTools/2026.1/Vitis/tps/tcl/tcllib2.0/treeql/pkgIndex.tcl 
Execute           source C:/AMDDesignTools/2026.1/Vitis/tps/tcl/tcllib2.0/try/pkgIndex.tcl 
Execute           source C:/AMDDesignTools/2026.1/Vitis/tps/tcl/tcllib2.0/udpcluster/pkgIndex.tcl 
Execute           source C:/AMDDesignTools/2026.1/Vitis/tps/tcl/tcllib2.0/uev/pkgIndex.tcl 
Execute           source C:/AMDDesignTools/2026.1/Vitis/tps/tcl/tcllib2.0/units/pkgIndex.tcl 
Execute           source C:/AMDDesignTools/2026.1/Vitis/tps/tcl/tcllib2.0/uri/pkgIndex.tcl 
Execute           source C:/AMDDesignTools/2026.1/Vitis/tps/tcl/tcllib2.0/uuid/pkgIndex.tcl 
Execute           source C:/AMDDesignTools/2026.1/Vitis/tps/tcl/tcllib2.0/valtype/pkgIndex.tcl 
Execute           source C:/AMDDesignTools/2026.1/Vitis/tps/tcl/tcllib2.0/virtchannel_base/pkgIndex.tcl 
Execute           source C:/AMDDesignTools/2026.1/Vitis/tps/tcl/tcllib2.0/virtchannel_core/pkgIndex.tcl 
Execute           source C:/AMDDesignTools/2026.1/Vitis/tps/tcl/tcllib2.0/virtchannel_transform/pkgIndex.tcl 
Execute           source C:/AMDDesignTools/2026.1/Vitis/tps/tcl/tcllib2.0/websocket/pkgIndex.tcl 
Execute           source C:/AMDDesignTools/2026.1/Vitis/tps/tcl/tcllib2.0/wip/pkgIndex.tcl 
Execute           source C:/AMDDesignTools/2026.1/Vitis/tps/tcl/tcllib2.0/yaml/pkgIndex.tcl 
Execute           source C:/AMDDesignTools/2026.1/Vitis/tps/tcl/tcllib2.0/zip/pkgIndex.tcl 
Command         ap_source done; 0.113 sec.
Execute         source C:/AMDDesignTools/2026.1/Vitis/tps/tcl/tdom/pkgIndex.tcl 
Execute         source C:/AMDDesignTools/2026.1/Vitis/tps/tcl/tk8.6/pkgIndex.tcl 
Execute         source C:/AMDDesignTools/2026.1/Vitis/tps/tcl/tcl8.6/opt0.4/pkgIndex.tcl 
Execute         source C:/AMDDesignTools/2026.1/Vitis/tps/tcl/tcl8.6/pkgs/win/thread2.8.7/pkgIndex.tcl 
Command       ap_source done; 0.524 sec.
INFO-FLOW: Workspace C:/F.A.L.C.O.N/Vitis_WS/Gaussian_Filter_IP/Gaussian_Filter_IP/hls opened at Wed Sep 23 01:28:12 +0530 2026
Execute       send_msg_by_id INFO @200-2174@%s%s component hls_config.cfg 
INFO: [HLS 200-2174] Applying component config ini file hls_config.cfg
Execute       apply_ini hls_config.cfg 
Execute         send_msg_by_id INFO @200-1465@%s 'syn.file=Gaussian_Filter.cpp' from hls_config.cfg(6) 
INFO: [HLS 200-1465] Applying config ini 'syn.file=Gaussian_Filter.cpp' from hls_config.cfg(6)
Execute         add_files C:/F.A.L.C.O.N/Vitis_WS/Gaussian_Filter_IP/Gaussian_Filter.cpp 
INFO: [HLS 200-10] Adding design file 'C:/F.A.L.C.O.N/Vitis_WS/Gaussian_Filter_IP/Gaussian_Filter.cpp' to the project
Execute         send_msg_by_id INFO @200-1465@%s 'syn.top=Gaussian_Filter' from hls_config.cfg(7) 
INFO: [HLS 200-1465] Applying config ini 'syn.top=Gaussian_Filter' from hls_config.cfg(7)
Execute         set_top Gaussian_Filter 
Execute         send_msg_by_id INFO @200-1465@%s 'part=xc7z020clg400-1' from hls_config.cfg(1) 
INFO: [HLS 200-1465] Applying config ini 'part=xc7z020clg400-1' from hls_config.cfg(1)
Execute         set_part xc7z020clg400-1 
Execute           create_platform xc7z020clg400-1 -board  
DBG:HLSDevice: Trying to load device library: C:/AMDDesignTools/2026.1/Vitis\lib\win64.o\xv_hlsvwrap.dll
DBG:HLSDevice: first parts/arch.xml in RDI_DATADIR: C:/AMDDesignTools/2026.1/Vitis/data/parts/arch.xml
DBG:HLSDevice: init success
INFO: [HLS 200-1611] Setting target device to 'xc7z020-clg400-1'
Command           create_platform done; 1.64 sec.
Execute           source C:/AMDDesignTools/2026.1/Vitis/common/technology/xilinx/common/xilinx.gen 
Execute             source C:/AMDDesignTools/2026.1/Vitis/common/technology/xilinx/interface/plb46.gen 
Execute             source C:/AMDDesignTools/2026.1/Vitis/common/technology/xilinx/interface/axi4.gen 
Execute             source C:/AMDDesignTools/2026.1/Vitis/common/technology/xilinx/interface/nativeAXI4.gen 
Execute               source C:/AMDDesignTools/2026.1/Vitis/common/technology/xilinx/interface/saxilite.gen 
Execute             source C:/AMDDesignTools/2026.1/Vitis/common/technology/xilinx/scripts/xilinxcoregen.gen 
Execute             source C:/AMDDesignTools/2026.1/Vitis/common/technology/xilinx/interface/XilEDKCoreGen.gen 
Execute             source C:/AMDDesignTools/2026.1/Vitis/common/technology/xilinx/ip/dds_compiler.gen 
Execute             source C:/AMDDesignTools/2026.1/Vitis/common/technology/xilinx/ip/util.gen 
Execute             source C:/AMDDesignTools/2026.1/Vitis/common/technology/xilinx/ip/xfft.gen 
Execute             source C:/AMDDesignTools/2026.1/Vitis/common/technology/xilinx/ip/xfir.gen 
Execute             source C:/AMDDesignTools/2026.1/Vitis/common/technology/xilinx/DSP48/dsp48.gen 
Command           ap_source done; 0.221 sec.
Execute           ap_part_info -name xc7z020-clg400-1 -data info 
Execute           config_compile -quiet -complex-mul-dsp=0 
Command         set_part done; 1.893 sec.
Execute         send_msg_by_id INFO @200-1465@%s 'package.output.format=ip_catalog' from hls_config.cfg(4) 
INFO: [HLS 200-1465] Applying config ini 'package.output.format=ip_catalog' from hls_config.cfg(4)
Execute         config_export -format=ip_catalog 
Command       apply_ini done; 1.919 sec.
Execute       write_component -config C:/F.A.L.C.O.N/Vitis_WS/Gaussian_Filter_IP/hls_config.cfg 
Execute         send_msg_by_id INFO @200-2176@%s C:/F.A.L.C.O.N/Vitis_WS/Gaussian_Filter_IP/Gaussian_Filter_IP/vitis-comp.json 
INFO: [HLS 200-2176] Writing Vitis IDE component file C:/F.A.L.C.O.N/Vitis_WS/Gaussian_Filter_IP/Gaussian_Filter_IP/vitis-comp.json
Command     open_solution done; 2.578 sec.
Command   open_component done; 2.593 sec.
Execute   apply_ini C:/F.A.L.C.O.N/Vitis_WS/Gaussian_Filter_IP/Gaussian_Filter_IP/hls/config.cmdline -iscmdline 
Execute   ::AP::init_summary_file csynth 
Execute     AP::app_get_file_relativeroot [AP::app_get_root] {}
Execute   csynth_design 
Execute     AP::msg_collection_file -open C:/F.A.L.C.O.N/Vitis_WS/Gaussian_Filter_IP/Gaussian_Filter_IP/hls/.autopilot/db/be_messages.xml 
Execute     ap_part_info -name xc7z020-clg400-1 -data info 
INFO-FLOW: run_clang Gaussian_Filter.cpp.xilinx-performance-pragma-detector exec: C:/AMDDesignTools/2026.1/Vitis/win64/tools/clang-16/bin/xilinx-performance-pragma-detector Gaussian_Filter.cpp -- -fhls -D__VITIS_HLS__ -DAESL_SYN -D__SYNTHESIS__ -D__HLS_SYN__ -I C:/AMDDesignTools/2026.1/Vitis/common/technology/autopilot -I C:/AMDDesignTools/2026.1/Vitis/common/technology/autopilot/ap_sysc -include etc/autopilot_ssdm_op.h -D__DSP48E1__ -target fpga64-xilinx-mingw32 --sysroot C:/AMDDesignTools/2026.1/Vitis/tps/mingw/8.3.0/win64.o/nt {-hls-platform-db-name=C:/AMDDesignTools/2026.1/Vitis\common/technology\xilinx/common/platform.db} -hls-platform-name=zynq_slow -device-resource-info=BRAM_280.000000_DSP_220.000000_FF_106400.000000_LUT_53200.000000_SLICE_13300.000000_URAM_0.000000 -device-name-info=xc7z020clg400-1 > C:/F.A.L.C.O.N/Vitis_WS/Gaussian_Filter_IP/Gaussian_Filter_IP/hls/.autopilot/db/Gaussian_Filter.cpp.xilinx-performance-pragma-detector.out.log 2> C:/F.A.L.C.O.N/Vitis_WS/Gaussian_Filter_IP/Gaussian_Filter_IP/hls/.autopilot/db/Gaussian_Filter.cpp.xilinx-performance-pragma-detector.err.log
INFO-FLOW: run_clang result=success num-err-msgs=0 num-stderr-lines=1
INFO-FLOW: Found performance pragma in Gaussian_Filter.cpp
Execute     elaborate -effort=medium -skip_syncheck=0 -keep_printf=0 -skip_cdt=0 -skip_transform=0 -ng=0 -g=0 -from_csynth_design=1 
INFO: [HLS 200-111] Finished File checks and directory preparation: CPU user time: 1 seconds. CPU system time: 1 seconds. Elapsed time: 10.701 seconds; current allocated memory: 138.750 MB.
Execute       send_msg_by_id INFO @200-2191@%s%s C-Synthesis clang-16 
INFO: [HLS 200-2191] C-Synthesis will use clang-16 as the compiler
Execute       set_directive_top Gaussian_Filter -name=Gaussian_Filter 
INFO: [HLS 200-10] Analyzing design file 'Gaussian_Filter.cpp' ... 
INFO-FLOW: Compiling one TU...
INFO-FLOW: Handling Gaussian_Filter.cpp as C++
Execute       ap_part_info -name xc7z020-clg400-1 -data info 
INFO-FLOW: Running: GCC PP 39
INFO-FLOW: Source preprocessing
INFO-FLOW: run_clang Gaussian_Filter.cpp.clang exec: C:/AMDDesignTools/2026.1/Vitis/win64/tools/clang-16/bin/clang Gaussian_Filter.cpp -foptimization-record-file=C:/F.A.L.C.O.N/Vitis_WS/Gaussian_Filter_IP/Gaussian_Filter_IP/hls/.autopilot/db/Gaussian_Filter.cpp.clang.diag.yml -mllvm -pass-remarks-missed=reflow|pasta|unroll|inline -mllvm -pass-remarks=reflow|pasta|unroll|inline -fno-limit-debug-info --sysroot C:/AMDDesignTools/2026.1/Vitis/tps/mingw/8.3.0/win64.o/nt -fhls -fno-exceptions -insert-hls-directive=C:/F.A.L.C.O.N/Vitis_WS/Gaussian_Filter_IP/Gaussian_Filter_IP/hls/.autopilot/db/all.directive.json -hls-directive-location -E -fno-math-errno -c -emit-llvm -mllvm -disable-llvm-optzns -Xclang -no-opaque-pointers -Xclang -fmerge-all-constants -Werror=implicit-hls-streams -Werror=return-type -Wpragmas -Wunused-parameter -Wdump-hls-pragmas -Wno-error=dump-hls-pragmas -hls-clock-period=10 -fno-threadsafe-statics -fno-use-cxa-atexit -target fpga64-xilinx-mingw32 -fno-threadsafe-statics -fno-use-cxa-atexit -D__VITIS_HLS__ -DAESL_SYN -D__SYNTHESIS__ -D__HLS_SYN__ -I C:/AMDDesignTools/2026.1/Vitis/common/technology/autopilot -I C:/AMDDesignTools/2026.1/Vitis/common/technology/autopilot/ap_sysc -include etc/autopilot_ssdm_op.h -D__DSP48E1__ -o C:/F.A.L.C.O.N/Vitis_WS/Gaussian_Filter_IP/Gaussian_Filter_IP/hls/.autopilot/db/Gaussian_Filter.pp.0.cpp {-hls-platform-db-name=C:/AMDDesignTools/2026.1/Vitis\common/technology\xilinx/common/platform.db} -hls-platform-name=zynq_slow -device-resource-info=BRAM_280.000000_DSP_220.000000_FF_106400.000000_LUT_53200.000000_SLICE_13300.000000_URAM_0.000000 -device-name-info=xc7z020clg400-1 > C:/F.A.L.C.O.N/Vitis_WS/Gaussian_Filter_IP/Gaussian_Filter_IP/hls/.autopilot/db/Gaussian_Filter.cpp.clang.out.log 2> C:/F.A.L.C.O.N/Vitis_WS/Gaussian_Filter_IP/Gaussian_Filter_IP/hls/.autopilot/db/Gaussian_Filter.cpp.clang.err.log
INFO-FLOW: run_clang result=success num-err-msgs=0 num-stderr-lines=0
INFO-FLOW: Done: GCC PP 39 time: 0.5 seconds 
INFO-FLOW: Source syntax check for synthesis
INFO-FLOW: run_clang clang exec: C:/AMDDesignTools/2026.1/Vitis/win64/tools/clang-16/bin/clang -foptimization-record-file=C:/F.A.L.C.O.N/Vitis_WS/Gaussian_Filter_IP/Gaussian_Filter_IP/hls/.autopilot/db/clang.diag.yml -mllvm -pass-remarks-missed=reflow|pasta|unroll|inline -mllvm -pass-remarks=reflow|pasta|unroll|inline -fsyntax-only -fhls -target fpga64-xilinx-linux-gnu C:/F.A.L.C.O.N/Vitis_WS/Gaussian_Filter_IP/Gaussian_Filter_IP/hls/.autopilot/db/Gaussian_Filter.pp.0.cpp {-hls-platform-db-name=C:/AMDDesignTools/2026.1/Vitis\common/technology\xilinx/common/platform.db} -hls-platform-name=zynq_slow -device-resource-info=BRAM_280.000000_DSP_220.000000_FF_106400.000000_LUT_53200.000000_SLICE_13300.000000_URAM_0.000000 -device-name-info=xc7z020clg400-1 > C:/F.A.L.C.O.N/Vitis_WS/Gaussian_Filter_IP/Gaussian_Filter_IP/hls/.autopilot/db/clang.out.log 2> C:/F.A.L.C.O.N/Vitis_WS/Gaussian_Filter_IP/Gaussian_Filter_IP/hls/.autopilot/db/clang.err.log
INFO-FLOW: run_clang result=success num-err-msgs=0 num-stderr-lines=0
Execute       clang_tidy xilinx-systemc-detector -desc systemc-detector C:/F.A.L.C.O.N/Vitis_WS/Gaussian_Filter_IP/Gaussian_Filter_IP/hls/.autopilot/db/Gaussian_Filter.pp.0.cpp  -target fpga -directive=C:/F.A.L.C.O.N/Vitis_WS/Gaussian_Filter_IP/Gaussian_Filter_IP/hls/.autopilot/db/.systemc_flag 
INFO-FLOW: exec C:/AMDDesignTools/2026.1/Vitis/win64/tools/clang-16/bin/clang-tidy -header-filter=.* --checks=-*,xilinx-systemc-detector -import-directive=C:/F.A.L.C.O.N/Vitis_WS/Gaussian_Filter_IP/Gaussian_Filter_IP/hls/.autopilot/db/.systemc_flag -fix-errors C:/F.A.L.C.O.N/Vitis_WS/Gaussian_Filter_IP/Gaussian_Filter_IP/hls/.autopilot/db/Gaussian_Filter.pp.0.cpp -- - -target fpga -fhls -ferror-limit=0
Command       clang_tidy done; 1.043 sec.
INFO-FLOW: Running: clang-tidy CDT preprocess 39
Execute       clang_tidy xilinx-directive2pragma -desc directive2pragma C:/F.A.L.C.O.N/Vitis_WS/Gaussian_Filter_IP/Gaussian_Filter_IP/hls/.autopilot/db/Gaussian_Filter.pp.0.cpp  -target fpga -directive=C:/F.A.L.C.O.N/Vitis_WS/Gaussian_Filter_IP/Gaussian_Filter_IP/hls/.autopilot/db/all.directive.json 
INFO-FLOW: exec C:/AMDDesignTools/2026.1/Vitis/win64/tools/clang-16/bin/clang-tidy -header-filter=.* --checks=-*,xilinx-directive2pragma -import-directive=C:/F.A.L.C.O.N/Vitis_WS/Gaussian_Filter_IP/Gaussian_Filter_IP/hls/.autopilot/db/all.directive.json -fix-errors C:/F.A.L.C.O.N/Vitis_WS/Gaussian_Filter_IP/Gaussian_Filter_IP/hls/.autopilot/db/Gaussian_Filter.pp.0.cpp -- - -target fpga -fhls -ferror-limit=0
Command       clang_tidy done; 1.76 sec.
INFO-FLOW: Done: clang-tidy CDT preprocess 39 time: 1.8 seconds 
INFO-FLOW: Calling xilinx-label-all-loops ... 
INFO-FLOW: Calling xilinx-aggregate-on-hls-vector ... 
Execute       clang_tidy -errorcheck -desc loop-label xilinx-label-all-loops,xilinx-aggregate-on-hls-vector,,xilinx-warn-mayneed-no-ctor-attribute C:/F.A.L.C.O.N/Vitis_WS/Gaussian_Filter_IP/Gaussian_Filter_IP/hls/.autopilot/db/Gaussian_Filter.pp.0.cpp  -target fpga 
INFO-FLOW: run_clang loop-label exec: C:/AMDDesignTools/2026.1/Vitis/win64/tools/clang-16/bin/clang-tidy -export-fixes=C:/F.A.L.C.O.N/Vitis_WS/Gaussian_Filter_IP/Gaussian_Filter_IP/hls/.autopilot/db/Gaussian_Filter.pp.0.cpp.clang-tidy.loop-label.diag.yml -header-filter=.* --checks=-*,xilinx-label-all-loops,xilinx-aggregate-on-hls-vector,,xilinx-warn-mayneed-no-ctor-attribute -fix-errors C:/F.A.L.C.O.N/Vitis_WS/Gaussian_Filter_IP/Gaussian_Filter_IP/hls/.autopilot/db/Gaussian_Filter.pp.0.cpp -- - -target fpga -fhls -ferror-limit=0 > C:/F.A.L.C.O.N/Vitis_WS/Gaussian_Filter_IP/Gaussian_Filter_IP/hls/.autopilot/db/Gaussian_Filter.pp.0.cpp.clang-tidy.loop-label.out.log 2> C:/F.A.L.C.O.N/Vitis_WS/Gaussian_Filter_IP/Gaussian_Filter_IP/hls/.autopilot/db/Gaussian_Filter.pp.0.cpp.clang-tidy.loop-label.err.log
Execute         source C:/AMDDesignTools/2026.1/Vitis/tps/tcl/tcllib2.0/yaml/yaml.tcl 
Execute           source C:/AMDDesignTools/2026.1/Vitis/tps/tcl/tcllib2.0/cmdline/cmdline.tcl 
INFO-FLOW: run_clang result=success num-err-msgs=0 num-stderr-lines=48
Command       clang_tidy done; 1.958 sec.
INFO-FLOW: run_clang Gaussian_Filter.pp.0.cpp.xilinx-dataflow-lawyer exec: C:/AMDDesignTools/2026.1/Vitis/win64/tools/clang-16/bin/xilinx-dataflow-lawyer -export-fixes=C:/F.A.L.C.O.N/Vitis_WS/Gaussian_Filter_IP/Gaussian_Filter_IP/hls/.autopilot/db/Gaussian_Filter.pp.0.cpp.xilinx-dataflow-lawyer.diag.yml C:/F.A.L.C.O.N/Vitis_WS/Gaussian_Filter_IP/Gaussian_Filter_IP/hls/.autopilot/db/Gaussian_Filter.pp.0.cpp -- - -target fpga -fhls -ferror-limit=0 -fstrict-dataflow > C:/F.A.L.C.O.N/Vitis_WS/Gaussian_Filter_IP/Gaussian_Filter_IP/hls/.autopilot/db/Gaussian_Filter.pp.0.cpp.xilinx-dataflow-lawyer.out.log 2> C:/F.A.L.C.O.N/Vitis_WS/Gaussian_Filter_IP/Gaussian_Filter_IP/hls/.autopilot/db/Gaussian_Filter.pp.0.cpp.xilinx-dataflow-lawyer.err.log
INFO-FLOW: run_clang result=success num-err-msgs=0 num-stderr-lines=0
Execute       ap_part_info -name xc7z020-clg400-1 -data info 
INFO-FLOW: compiling source code to llvm bc
INFO-FLOW: run_clang Gaussian_Filter.pp.0.cpp.clang exec: C:/AMDDesignTools/2026.1/Vitis/win64/tools/clang-16/bin/clang -foptimization-record-file=C:/F.A.L.C.O.N/Vitis_WS/Gaussian_Filter_IP/Gaussian_Filter_IP/hls/.autopilot/db/Gaussian_Filter.pp.0.cpp.clang.diag.yml -mllvm -pass-remarks-missed=reflow|pasta|unroll|inline -mllvm -pass-remarks=reflow|pasta|unroll|inline -flto -fno-exceptions -Wno-error=c++11-narrowing -fno-limit-debug-info -fhls -hls-emit-hint-scope C:/F.A.L.C.O.N/Vitis_WS/Gaussian_Filter_IP/Gaussian_Filter_IP/hls/.autopilot/db/Gaussian_Filter.pp.0.cpp -fno-math-errno -c -emit-llvm -mllvm -disable-llvm-optzns -Xclang -no-opaque-pointers -Xclang -fmerge-all-constants -Werror=implicit-hls-streams -Werror=return-type -Wpragmas -Wunused-parameter -Wdump-hls-pragmas -Wno-error=dump-hls-pragmas -hls-clock-period=10 -fno-threadsafe-statics -fno-use-cxa-atexit -target fpga64-xilinx-linux-gnu -D__VITIS_HLS__ -DAESL_SYN -D__SYNTHESIS__ -D__HLS_SYN__ -I C:/AMDDesignTools/2026.1/Vitis/common/technology/autopilot -I C:/AMDDesignTools/2026.1/Vitis/common/technology/autopilot/ap_sysc -include etc/autopilot_ssdm_op.h -D__DSP48E1__ -g -o C:/F.A.L.C.O.N/Vitis_WS/Gaussian_Filter_IP/Gaussian_Filter_IP/hls/.autopilot/db/Gaussian_Filter.pre.g.bc {-hls-platform-db-name=C:/AMDDesignTools/2026.1/Vitis\common/technology\xilinx/common/platform.db} -hls-platform-name=zynq_slow -device-resource-info=BRAM_280.000000_DSP_220.000000_FF_106400.000000_LUT_53200.000000_SLICE_13300.000000_URAM_0.000000 -device-name-info=xc7z020clg400-1 > C:/F.A.L.C.O.N/Vitis_WS/Gaussian_Filter_IP/Gaussian_Filter_IP/hls/.autopilot/db/Gaussian_Filter.pp.0.cpp.clang.out.log 2> C:/F.A.L.C.O.N/Vitis_WS/Gaussian_Filter_IP/Gaussian_Filter_IP/hls/.autopilot/db/Gaussian_Filter.pp.0.cpp.clang.err.log
INFO-FLOW: run_clang result=success num-err-msgs=0 num-stderr-lines=59
INFO-FLOW: converting llvm 16.0.4 bc to downstrem bc
INFO-FLOW: run_clang Gaussian_Filter.bc.llvm-converter exec: C:/AMDDesignTools/2026.1/Vitis/win64/tools/clang-16/bin/llvm-converter -opaque-pointers=0 C:/F.A.L.C.O.N/Vitis_WS/Gaussian_Filter_IP/Gaussian_Filter_IP/hls/.autopilot/db/Gaussian_Filter.pre.g.bc -o C:/F.A.L.C.O.N/Vitis_WS/Gaussian_Filter_IP/Gaussian_Filter_IP/hls/.autopilot/db/Gaussian_Filter.bc > C:/F.A.L.C.O.N/Vitis_WS/Gaussian_Filter_IP/Gaussian_Filter_IP/hls/.autopilot/db/Gaussian_Filter.bc.llvm-converter.out.log 2> C:/F.A.L.C.O.N/Vitis_WS/Gaussian_Filter_IP/Gaussian_Filter_IP/hls/.autopilot/db/Gaussian_Filter.bc.llvm-converter.err.log
INFO-FLOW: run_clang result=success num-err-msgs=0 num-stderr-lines=0
INFO: [HLS 200-111] Finished Source Code Analysis and Preprocessing: CPU user time: 0 seconds. CPU system time: 1 seconds. Elapsed time: 9.034 seconds; current allocated memory: 141.289 MB.
INFO-FLOW: Linking Debug ...
INFO-FLOW: Linking dut bc code.
Execute       run_link_or_opt -out C:/F.A.L.C.O.N/Vitis_WS/Gaussian_Filter_IP/Gaussian_Filter_IP/hls/.autopilot/db/a.g.ld.0.bc -args C:/F.A.L.C.O.N/Vitis_WS/Gaussian_Filter_IP/Gaussian_Filter_IP/hls/.autopilot/db/Gaussian_Filter.bc 
INFO-FLOW: run_clang a.g.ld.0.bc.llvm-link exec: C:/AMDDesignTools/2026.1/Vitis/win64/tools/clang-3.9-csynth/bin/llvm-link C:/F.A.L.C.O.N/Vitis_WS/Gaussian_Filter_IP/Gaussian_Filter_IP/hls/.autopilot/db/Gaussian_Filter.bc -o C:/F.A.L.C.O.N/Vitis_WS/Gaussian_Filter_IP/Gaussian_Filter_IP/hls/.autopilot/db/a.g.ld.0.bc > C:/F.A.L.C.O.N/Vitis_WS/Gaussian_Filter_IP/Gaussian_Filter_IP/hls/.autopilot/db/a.g.ld.0.bc.llvm-link.out.log 2> C:/F.A.L.C.O.N/Vitis_WS/Gaussian_Filter_IP/Gaussian_Filter_IP/hls/.autopilot/db/a.g.ld.0.bc.llvm-link.err.log
INFO-FLOW: run_clang result=success num-err-msgs=0 num-stderr-lines=0
Command       run_link_or_opt done; 0.294 sec.
Execute       run_link_or_opt -opt -out C:/F.A.L.C.O.N/Vitis_WS/Gaussian_Filter_IP/Gaussian_Filter_IP/hls/.autopilot/db/a.g.ld.1.lower.bc -args C:/F.A.L.C.O.N/Vitis_WS/Gaussian_Filter_IP/Gaussian_Filter_IP/hls/.autopilot/db/a.g.ld.0.bc -reflow-lower-math-intrinsics 
INFO-FLOW: run_clang a.g.ld.1.lower.bc.opt exec: C:/AMDDesignTools/2026.1/Vitis/win64/tools/clang-3.9-csynth/bin/opt -pass-remarks-missed=reflow|pasta|unroll|inline -pass-remarks=reflow|pasta|unroll|inline -pass-remarks-output=C:/F.A.L.C.O.N/Vitis_WS/Gaussian_Filter_IP/Gaussian_Filter_IP/hls/.autopilot/db/a.g.ld.1.lower.bc.opt.diag.yml C:/F.A.L.C.O.N/Vitis_WS/Gaussian_Filter_IP/Gaussian_Filter_IP/hls/.autopilot/db/a.g.ld.0.bc -reflow-lower-math-intrinsics -o C:/F.A.L.C.O.N/Vitis_WS/Gaussian_Filter_IP/Gaussian_Filter_IP/hls/.autopilot/db/a.g.ld.1.lower.bc > C:/F.A.L.C.O.N/Vitis_WS/Gaussian_Filter_IP/Gaussian_Filter_IP/hls/.autopilot/db/a.g.ld.1.lower.bc.opt.out.log 2> C:/F.A.L.C.O.N/Vitis_WS/Gaussian_Filter_IP/Gaussian_Filter_IP/hls/.autopilot/db/a.g.ld.1.lower.bc.opt.err.log
INFO-FLOW: run_clang result=success num-err-msgs=0 num-stderr-lines=0
INFO-FLOW: Running: gen_design_size_report post-opt
INFO-FLOW: Done: gen_design_size_report post-opt time: 0 seconds 
Command       run_link_or_opt done; 0.211 sec.
INFO-FLOW: Linking math bc lib
Execute       run_link_or_opt -out C:/F.A.L.C.O.N/Vitis_WS/Gaussian_Filter_IP/Gaussian_Filter_IP/hls/.autopilot/db/a.g.ld.2.m1.bc -args C:/F.A.L.C.O.N/Vitis_WS/Gaussian_Filter_IP/Gaussian_Filter_IP/hls/.autopilot/db/a.g.ld.1.lower.bc -only-needed C:/AMDDesignTools/2026.1/Vitis/win64/lib/libhlsm_39.bc C:/AMDDesignTools/2026.1/Vitis/win64/lib/libhlsmc++_39.bc 
INFO-FLOW: run_clang a.g.ld.2.m1.bc.llvm-link exec: C:/AMDDesignTools/2026.1/Vitis/win64/tools/clang-3.9-csynth/bin/llvm-link C:/F.A.L.C.O.N/Vitis_WS/Gaussian_Filter_IP/Gaussian_Filter_IP/hls/.autopilot/db/a.g.ld.1.lower.bc -only-needed C:/AMDDesignTools/2026.1/Vitis/win64/lib/libhlsm_39.bc C:/AMDDesignTools/2026.1/Vitis/win64/lib/libhlsmc++_39.bc -o C:/F.A.L.C.O.N/Vitis_WS/Gaussian_Filter_IP/Gaussian_Filter_IP/hls/.autopilot/db/a.g.ld.2.m1.bc > C:/F.A.L.C.O.N/Vitis_WS/Gaussian_Filter_IP/Gaussian_Filter_IP/hls/.autopilot/db/a.g.ld.2.m1.bc.llvm-link.out.log 2> C:/F.A.L.C.O.N/Vitis_WS/Gaussian_Filter_IP/Gaussian_Filter_IP/hls/.autopilot/db/a.g.ld.2.m1.bc.llvm-link.err.log
INFO-FLOW: run_clang result=success num-err-msgs=0 num-stderr-lines=0
Command       run_link_or_opt done; 1.859 sec.
Execute       run_link_or_opt -opt -out C:/F.A.L.C.O.N/Vitis_WS/Gaussian_Filter_IP/Gaussian_Filter_IP/hls/.autopilot/db/a.g.ld.3.fpc.bc -args C:/F.A.L.C.O.N/Vitis_WS/Gaussian_Filter_IP/Gaussian_Filter_IP/hls/.autopilot/db/a.g.ld.2.m1.bc -reflow-globaldce -hls-top-function-name=Gaussian_Filter -reflow-float-conversion 
INFO-FLOW: run_clang a.g.ld.3.fpc.bc.opt exec: C:/AMDDesignTools/2026.1/Vitis/win64/tools/clang-3.9-csynth/bin/opt -pass-remarks-missed=reflow|pasta|unroll|inline -pass-remarks=reflow|pasta|unroll|inline -pass-remarks-output=C:/F.A.L.C.O.N/Vitis_WS/Gaussian_Filter_IP/Gaussian_Filter_IP/hls/.autopilot/db/a.g.ld.3.fpc.bc.opt.diag.yml C:/F.A.L.C.O.N/Vitis_WS/Gaussian_Filter_IP/Gaussian_Filter_IP/hls/.autopilot/db/a.g.ld.2.m1.bc -reflow-globaldce -hls-top-function-name=Gaussian_Filter -reflow-float-conversion -o C:/F.A.L.C.O.N/Vitis_WS/Gaussian_Filter_IP/Gaussian_Filter_IP/hls/.autopilot/db/a.g.ld.3.fpc.bc > C:/F.A.L.C.O.N/Vitis_WS/Gaussian_Filter_IP/Gaussian_Filter_IP/hls/.autopilot/db/a.g.ld.3.fpc.bc.opt.out.log 2> C:/F.A.L.C.O.N/Vitis_WS/Gaussian_Filter_IP/Gaussian_Filter_IP/hls/.autopilot/db/a.g.ld.3.fpc.bc.opt.err.log
INFO-FLOW: run_clang result=success num-err-msgs=0 num-stderr-lines=0
INFO-FLOW: Running: gen_design_size_report post-opt
INFO-FLOW: Done: gen_design_size_report post-opt time: 0 seconds 
Command       run_link_or_opt done; 0.889 sec.
Execute       run_link_or_opt -out C:/F.A.L.C.O.N/Vitis_WS/Gaussian_Filter_IP/Gaussian_Filter_IP/hls/.autopilot/db/a.g.ld.4.m2.bc -args C:/F.A.L.C.O.N/Vitis_WS/Gaussian_Filter_IP/Gaussian_Filter_IP/hls/.autopilot/db/a.g.ld.3.fpc.bc -only-needed C:/AMDDesignTools/2026.1/Vitis/win64/lib/libfloatconversion_39.bc 
INFO-FLOW: run_clang a.g.ld.4.m2.bc.llvm-link exec: C:/AMDDesignTools/2026.1/Vitis/win64/tools/clang-3.9-csynth/bin/llvm-link C:/F.A.L.C.O.N/Vitis_WS/Gaussian_Filter_IP/Gaussian_Filter_IP/hls/.autopilot/db/a.g.ld.3.fpc.bc -only-needed C:/AMDDesignTools/2026.1/Vitis/win64/lib/libfloatconversion_39.bc -o C:/F.A.L.C.O.N/Vitis_WS/Gaussian_Filter_IP/Gaussian_Filter_IP/hls/.autopilot/db/a.g.ld.4.m2.bc > C:/F.A.L.C.O.N/Vitis_WS/Gaussian_Filter_IP/Gaussian_Filter_IP/hls/.autopilot/db/a.g.ld.4.m2.bc.llvm-link.out.log 2> C:/F.A.L.C.O.N/Vitis_WS/Gaussian_Filter_IP/Gaussian_Filter_IP/hls/.autopilot/db/a.g.ld.4.m2.bc.llvm-link.err.log
INFO-FLOW: run_clang result=success num-err-msgs=0 num-stderr-lines=0
Command       run_link_or_opt done; 0.107 sec.
Execute       run_link_or_opt -opt -out C:/F.A.L.C.O.N/Vitis_WS/Gaussian_Filter_IP/Gaussian_Filter_IP/hls/.autopilot/db/a.g.ld.5.gdce.bc -args C:/F.A.L.C.O.N/Vitis_WS/Gaussian_Filter_IP/Gaussian_Filter_IP/hls/.autopilot/db/a.g.ld.4.m2.bc -reflow-globaldce -hls-top-function-name=Gaussian_Filter 
INFO-FLOW: run_clang a.g.ld.5.gdce.bc.opt exec: C:/AMDDesignTools/2026.1/Vitis/win64/tools/clang-3.9-csynth/bin/opt -pass-remarks-missed=reflow|pasta|unroll|inline -pass-remarks=reflow|pasta|unroll|inline -pass-remarks-output=C:/F.A.L.C.O.N/Vitis_WS/Gaussian_Filter_IP/Gaussian_Filter_IP/hls/.autopilot/db/a.g.ld.5.gdce.bc.opt.diag.yml C:/F.A.L.C.O.N/Vitis_WS/Gaussian_Filter_IP/Gaussian_Filter_IP/hls/.autopilot/db/a.g.ld.4.m2.bc -reflow-globaldce -hls-top-function-name=Gaussian_Filter -o C:/F.A.L.C.O.N/Vitis_WS/Gaussian_Filter_IP/Gaussian_Filter_IP/hls/.autopilot/db/a.g.ld.5.gdce.bc > C:/F.A.L.C.O.N/Vitis_WS/Gaussian_Filter_IP/Gaussian_Filter_IP/hls/.autopilot/db/a.g.ld.5.gdce.bc.opt.out.log 2> C:/F.A.L.C.O.N/Vitis_WS/Gaussian_Filter_IP/Gaussian_Filter_IP/hls/.autopilot/db/a.g.ld.5.gdce.bc.opt.err.log
INFO-FLOW: run_clang result=success num-err-msgs=0 num-stderr-lines=0
INFO-FLOW: Running: gen_design_size_report post-opt
INFO-FLOW: Done: gen_design_size_report post-opt time: 0 seconds 
Execute       is_m_axi_addr64 
INFO-FLOW: Doing LTO.
INFO-FLOW: run_clang reflow (background poll_ms 5000) exec: C:/AMDDesignTools/2026.1/Vitis/win64/tools/clang-3.9-csynth/bin/clang -foptimization-record-file=C:/F.A.L.C.O.N/Vitis_WS/Gaussian_Filter_IP/Gaussian_Filter_IP/hls/.autopilot/db/a.g.ld.0.bc.clang.reflow.diag.yml -mllvm -pass-remarks-missed=reflow|pasta|unroll|inline -mllvm -pass-remarks=reflow|pasta|unroll|inline -fhls -mllvm -hls-top-function-name=Gaussian_Filter -mllvm -hls-db-dir -mllvm C:/F.A.L.C.O.N/Vitis_WS/Gaussian_Filter_IP/Gaussian_Filter_IP/hls/.autopilot/db -emit-llvm -c -target fpga64-xilinx-none -mllvm -xcl-xmlinfo=C:/F.A.L.C.O.N/Vitis_WS/Gaussian_Filter_IP/Gaussian_Filter_IP/hls/.autopilot/db/kernel.internal.xml -mllvm -top-io-mapping-info=C:/F.A.L.C.O.N/Vitis_WS/Gaussian_Filter_IP/Gaussian_Filter_IP/hls/.autopilot/db/top-io-fe.xml -mllvm -hls-bitcode-version=3.1 -mllvm -reflow-enable-slave-interface-default-setting=true -mllvm -gen-kernel-xml=false -mllvm -default-maxi-offset=slave -mllvm -reflow-unroll-size-threshold=10000 -mllvm -reflow-unroll-cost-threshold=1000000 -mllvm -maxi-latency=0 -mllvm -hls-maxi-data-size-in-bits=8 -mllvm -hls-maxi-max-data-size-in-bits=1024 -mllvm -hls-max-widen-size-in-bits=0 -mllvm -xcl-kernel-max-mem-ports=0 -mllvm -maxi-read-trans=16 -mllvm -maxi-write-trans=16 -mllvm -maxi-read-burst-len=16 -mllvm -maxi-write-burst-len=16 -mllvm -reflow-enable-saxi-64bits=0 -mllvm -reflow-basic-block-instr-threshold=200000 -mllvm -reflow-auto-pipeline-threshold=64 -mllvm -reflow-enable-maxi-auto-id-channel=0 -mllvm -reflow-bdd-simplify-threshold=1048576 -mllvm -reflow-fanout-threshold=16 -mllvm -reflow-force-aggressive-unroll=0 -mllvm -reflow-aggressive-unroll-adjust-factor=1.000000 -mllvm -reflow-complete-threshold=4 -mllvm -reflow-array-promotion-threshold=64 -mllvm -reflow-enable-critical-path-for-performance=1 -mllvm -assume-maxi-align=1 -mllvm -reflow-enable-dataflow-strict-mode-checking=1 -ftime-report -mllvm -time-passes -mllvm -reflow-auto-array-partition-mode=default -mllvm -reflow-enable-auto-small-array-partition=true -mllvm -reflow-enable-auto-array-promotion=true -mllvm -reflow-enable-auto-array-partition-for-flatten=true -mllvm -reflow-enable-auto-parallel-performance-driven=true -mllvm -reflow-enable-partition-for-automation=true -mllvm -reflow-aggregate-bitwidth-threshold=4096 -mllvm -reflow-reserved-saxilite-registers=0 -mllvm -enable-reflow-auto-loop-pipeline -mllvm -reflow-max-unroll-threshold=409600 -mllvm -auto-unroll-tripcount-threshold=0 -mllvm -reflow-assume-no-address-wrap=true -mllvm -reflow-enable-occurrence-inference=true -mllvm -reflow-emit-hint-scope=true -mllvm -reflow-enable-codegen-with-if=true -mllvm -reflow-enable-dataflow-canon=true -mllvm -reflow-enable-dataflow-canon2=true -mllvm -reflow-dump-extra-complexity-metric=true -mllvm -reflow-enable-ml-inference-flow=false -mllvm -reflow-enable-ml-training-flow-only=false -mllvm -hls -mllvm -disable-inlined-alloca-merging=true -mllvm -enable-reflow-vitis-flow-setting=false -mllvm -default-clock-period=10 -mllvm -use_read_first_ram_in_loop=1 -mllvm -default-clock-uncertainty=2.7 -x ir C:/F.A.L.C.O.N/Vitis_WS/Gaussian_Filter_IP/Gaussian_Filter_IP/hls/.autopilot/db/a.g.ld.5.gdce.bc -o C:/F.A.L.C.O.N/Vitis_WS/Gaussian_Filter_IP/Gaussian_Filter_IP/hls/.autopilot/db/a.g.lto.bc {-hls-platform-db-name=C:/AMDDesignTools/2026.1/Vitis\common/technology\xilinx/common/platform.db} -hls-platform-name=zynq_slow -device-resource-info=BRAM_280.000000_DSP_220.000000_FF_106400.000000_LUT_53200.000000_SLICE_13300.000000_URAM_0.000000 -device-name-info=xc7z020clg400-1 2> C:/F.A.L.C.O.N/Vitis_WS/Gaussian_Filter_IP/Gaussian_Filter_IP/hls/.autopilot/db/a.g.ld.0.bc.clang.reflow.err.log bg_poll_cmd: ::AP::poll_reflow_multi_yml message_counts {desc reflow associated_file C:/F.A.L.C.O.N/Vitis_WS/Gaussian_Filter_IP/Gaussian_Filter_IP/hls/.autopilot/db/a.g.ld.0.bc diag_yaml_file C:/F.A.L.C.O.N/Vitis_WS/Gaussian_Filter_IP/Gaussian_Filter_IP/hls/.autopilot/db/a.g.ld.0.bc.clang.reflow.diag.yml diag_xml_file C:/F.A.L.C.O.N/Vitis_WS/Gaussian_Filter_IP/Gaussian_Filter_IP/hls/.autopilot/db/a.g.ld.0.bc.clang.reflow.diag.xml is_clang 1 is_debug 0 is_msg_debug 0 downgrade_errors false keep_files 0} process_yml_data false
Execute       send_msg_by_id INFO @200-1995@%s%s%s 1,099 Compile/Link (C:/F.A.L.C.O.N/Vitis_WS/Gaussian_Filter_IP/Gaussian_Filter_IP/hls/syn/report/csynth_design_size.rpt:2) 
INFO: [HLS 200-1995] There were 1,099 instructions in the design after the 'Compile/Link' phase of compilation. See the Design Size Report for more details (C:/F.A.L.C.O.N/Vitis_WS/Gaussian_Filter_IP/Gaussian_Filter_IP/hls/syn/report/csynth_design_size.rpt:2)
INFO: [HLS 214-291] Loop 'VITIS_LOOP_33_3' is marked as complete unroll implied by the pipeline pragma (Gaussian_Filter.cpp:33:30)
INFO: [HLS 214-291] Loop 'VITIS_LOOP_51_4' is marked as complete unroll implied by the pipeline pragma (Gaussian_Filter.cpp:51:30)
INFO: [HLS 214-291] Loop 'VITIS_LOOP_53_5' is marked as complete unroll implied by the pipeline pragma (Gaussian_Filter.cpp:53:34)
INFO: [HLS 214-186] Unrolling loop 'VITIS_LOOP_33_3' (Gaussian_Filter.cpp:33:30) in function 'Gaussian_Filter' completely with a factor of 3 (Gaussian_Filter.cpp:10:0)
INFO: [HLS 214-186] Unrolling loop 'VITIS_LOOP_51_4' (Gaussian_Filter.cpp:51:30) in function 'Gaussian_Filter' completely with a factor of 3 (Gaussian_Filter.cpp:10:0)
INFO: [HLS 214-186] Unrolling loop 'VITIS_LOOP_53_5' (Gaussian_Filter.cpp:53:34) in function 'Gaussian_Filter' completely with a factor of 3 (Gaussian_Filter.cpp:10:0)
Execute       send_msg_by_id INFO @200-1995@%s%s%s 646 Unroll/Inline (C:/F.A.L.C.O.N/Vitis_WS/Gaussian_Filter_IP/Gaussian_Filter_IP/hls/syn/report/csynth_design_size.rpt:2) 
INFO: [HLS 200-1995] There were 646 instructions in the design after the 'Unroll/Inline' phase of compilation. See the Design Size Report for more details (C:/F.A.L.C.O.N/Vitis_WS/Gaussian_Filter_IP/Gaussian_Filter_IP/hls/syn/report/csynth_design_size.rpt:2)
Execute       send_msg_by_id INFO @200-1995@%s%s%s 492 Unroll/Inline (step 2) (C:/F.A.L.C.O.N/Vitis_WS/Gaussian_Filter_IP/Gaussian_Filter_IP/hls/syn/report/csynth_design_size.rpt:2) 
INFO: [HLS 200-1995] There were 492 instructions in the design after the 'Unroll/Inline (step 2)' phase of compilation. See the Design Size Report for more details (C:/F.A.L.C.O.N/Vitis_WS/Gaussian_Filter_IP/Gaussian_Filter_IP/hls/syn/report/csynth_design_size.rpt:2)
WARNING: [HLS 214-366] Duplicating function 'hls::axis<ap_int<32>, 3ul, 5ul, 6ul, (unsigned char)56, false>::axis()' as different function signatures were detected between this call site and other call site(s). This may impact the resources used in the design. (Gaussian_Filter.cpp:31:38)
WARNING: [HLS 214-366] Duplicating function 'hls::axis<ap_int<32>, 3ul, 5ul, 6ul, (unsigned char)56, false>::axis()' as different function signatures were detected between this call site and other call site(s). This may impact the resources used in the design. (Gaussian_Filter.cpp:59:21)
INFO: [HLS 214-178] Inlining function 'hls::axis<ap_int<32>, 3ul, 5ul, 6ul, (unsigned char)56, false>::axis()' into 'Gaussian_Filter(hls::stream<hls::axis<ap_int<32>, 3ul, 5ul, 6ul, (unsigned char)56, false>, 0>&, hls::stream<hls::axis<ap_int<32>, 3ul, 5ul, 6ul, (unsigned char)56, false>, 0>&, int, int)' (Gaussian_Filter.cpp:10:0)
INFO: [HLS 214-178] Inlining function 'hls::axis<ap_int<32>, 3ul, 5ul, 6ul, (unsigned char)56, false>::axis() (.47)' into 'Gaussian_Filter(hls::stream<hls::axis<ap_int<32>, 3ul, 5ul, 6ul, (unsigned char)56, false>, 0>&, hls::stream<hls::axis<ap_int<32>, 3ul, 5ul, 6ul, (unsigned char)56, false>, 0>&, int, int)' (Gaussian_Filter.cpp:10:0)
Execute       send_msg_by_id INFO @200-1995@%s%s%s 662 Unroll/Inline (step 3) (C:/F.A.L.C.O.N/Vitis_WS/Gaussian_Filter_IP/Gaussian_Filter_IP/hls/syn/report/csynth_design_size.rpt:2) 
INFO: [HLS 200-1995] There were 662 instructions in the design after the 'Unroll/Inline (step 3)' phase of compilation. See the Design Size Report for more details (C:/F.A.L.C.O.N/Vitis_WS/Gaussian_Filter_IP/Gaussian_Filter_IP/hls/syn/report/csynth_design_size.rpt:2)
Execute       send_msg_by_id INFO @200-1995@%s%s%s 626 Unroll/Inline (step 4) (C:/F.A.L.C.O.N/Vitis_WS/Gaussian_Filter_IP/Gaussian_Filter_IP/hls/syn/report/csynth_design_size.rpt:2) 
INFO: [HLS 200-1995] There were 626 instructions in the design after the 'Unroll/Inline (step 4)' phase of compilation. See the Design Size Report for more details (C:/F.A.L.C.O.N/Vitis_WS/Gaussian_Filter_IP/Gaussian_Filter_IP/hls/syn/report/csynth_design_size.rpt:2)
INFO: [HLS 214-248] Applying array_partition to 'Line_Buffer.data': Complete partitioning on dimension 1. (Gaussian_Filter.cpp:17:13)
INFO: [HLS 214-248] Applying array_partition to 'Line_Buffer.keep': Complete partitioning on dimension 1. (Gaussian_Filter.cpp:17:13)
INFO: [HLS 214-248] Applying array_partition to 'Line_Buffer.strb': Complete partitioning on dimension 1. (Gaussian_Filter.cpp:17:13)
INFO: [HLS 214-248] Applying array_partition to 'Line_Buffer.user': Complete partitioning on dimension 1. (Gaussian_Filter.cpp:17:13)
INFO: [HLS 214-248] Applying array_partition to 'Line_Buffer.last': Complete partitioning on dimension 1. (Gaussian_Filter.cpp:17:13)
INFO: [HLS 214-248] Applying array_partition to 'Line_Buffer.id': Complete partitioning on dimension 1. (Gaussian_Filter.cpp:17:13)
INFO: [HLS 214-248] Applying array_partition to 'Line_Buffer.dest': Complete partitioning on dimension 1. (Gaussian_Filter.cpp:17:13)
INFO: [HLS 214-248] Applying array_partition to 'Window.keep': Complete partitioning on dimension 1. Complete partitioning on dimension 2. (Gaussian_Filter.cpp:20:13)
INFO: [HLS 214-248] Applying array_partition to 'Window.strb': Complete partitioning on dimension 1. Complete partitioning on dimension 2. (Gaussian_Filter.cpp:20:13)
INFO: [HLS 214-248] Applying array_partition to 'Window.user': Complete partitioning on dimension 1. Complete partitioning on dimension 2. (Gaussian_Filter.cpp:20:13)
INFO: [HLS 214-248] Applying array_partition to 'Window.last': Complete partitioning on dimension 1. Complete partitioning on dimension 2. (Gaussian_Filter.cpp:20:13)
INFO: [HLS 214-248] Applying array_partition to 'Window.id': Complete partitioning on dimension 1. Complete partitioning on dimension 2. (Gaussian_Filter.cpp:20:13)
INFO: [HLS 214-248] Applying array_partition to 'Window.dest': Complete partitioning on dimension 1. Complete partitioning on dimension 2. (Gaussian_Filter.cpp:20:13)
Execute       send_msg_by_id INFO @200-1995@%s%s%s 1,022 Array/Struct (C:/F.A.L.C.O.N/Vitis_WS/Gaussian_Filter_IP/Gaussian_Filter_IP/hls/syn/report/csynth_design_size.rpt:2) 
INFO: [HLS 200-1995] There were 1,022 instructions in the design after the 'Array/Struct' phase of compilation. See the Design Size Report for more details (C:/F.A.L.C.O.N/Vitis_WS/Gaussian_Filter_IP/Gaussian_Filter_IP/hls/syn/report/csynth_design_size.rpt:2)
Execute       send_msg_by_id INFO @200-1995@%s%s%s 389 Array/Struct (step 2) (C:/F.A.L.C.O.N/Vitis_WS/Gaussian_Filter_IP/Gaussian_Filter_IP/hls/syn/report/csynth_design_size.rpt:2) 
INFO: [HLS 200-1995] There were 389 instructions in the design after the 'Array/Struct (step 2)' phase of compilation. See the Design Size Report for more details (C:/F.A.L.C.O.N/Vitis_WS/Gaussian_Filter_IP/Gaussian_Filter_IP/hls/syn/report/csynth_design_size.rpt:2)
Execute       send_msg_by_id INFO @200-1995@%s%s%s 389 Array/Struct (step 3) (C:/F.A.L.C.O.N/Vitis_WS/Gaussian_Filter_IP/Gaussian_Filter_IP/hls/syn/report/csynth_design_size.rpt:2) 
INFO: [HLS 200-1995] There were 389 instructions in the design after the 'Array/Struct (step 3)' phase of compilation. See the Design Size Report for more details (C:/F.A.L.C.O.N/Vitis_WS/Gaussian_Filter_IP/Gaussian_Filter_IP/hls/syn/report/csynth_design_size.rpt:2)
Execute       send_msg_by_id INFO @200-1995@%s%s%s 359 Array/Struct (step 4) (C:/F.A.L.C.O.N/Vitis_WS/Gaussian_Filter_IP/Gaussian_Filter_IP/hls/syn/report/csynth_design_size.rpt:2) 
INFO: [HLS 200-1995] There were 359 instructions in the design after the 'Array/Struct (step 4)' phase of compilation. See the Design Size Report for more details (C:/F.A.L.C.O.N/Vitis_WS/Gaussian_Filter_IP/Gaussian_Filter_IP/hls/syn/report/csynth_design_size.rpt:2)
Execute       send_msg_by_id INFO @200-1995@%s%s%s 457 Array/Struct (step 5) (C:/F.A.L.C.O.N/Vitis_WS/Gaussian_Filter_IP/Gaussian_Filter_IP/hls/syn/report/csynth_design_size.rpt:2) 
INFO: [HLS 200-1995] There were 457 instructions in the design after the 'Array/Struct (step 5)' phase of compilation. See the Design Size Report for more details (C:/F.A.L.C.O.N/Vitis_WS/Gaussian_Filter_IP/Gaussian_Filter_IP/hls/syn/report/csynth_design_size.rpt:2)
Execute       send_msg_by_id INFO @200-1995@%s%s%s 446 Performance (C:/F.A.L.C.O.N/Vitis_WS/Gaussian_Filter_IP/Gaussian_Filter_IP/hls/syn/report/csynth_design_size.rpt:2) 
INFO: [HLS 200-1995] There were 446 instructions in the design after the 'Performance' phase of compilation. See the Design Size Report for more details (C:/F.A.L.C.O.N/Vitis_WS/Gaussian_Filter_IP/Gaussian_Filter_IP/hls/syn/report/csynth_design_size.rpt:2)
INFO: [HLS 214-376] Pipelining loop< unknown> at Gaussian_Filter.cpp:17:13 due to pipeline_loops threshold
INFO: [HLS 214-376] Pipelining loop< unknown> at Gaussian_Filter.cpp:20:13 due to pipeline_loops threshold
INFO: [HLS 214-291] Loop 'anonymous' is marked as complete unroll implied by the pipeline pragma (Gaussian_Filter.cpp:20:13)
INFO: [HLS 214-186] Unrolling loop 'anonymous' (Gaussian_Filter.cpp:20:13) in function 'Gaussian_Filter' completely with a factor of 3 (Gaussian_Filter.cpp:10:0)
Execute       send_msg_by_id INFO @200-1995@%s%s%s 393 Performance (step 2) (C:/F.A.L.C.O.N/Vitis_WS/Gaussian_Filter_IP/Gaussian_Filter_IP/hls/syn/report/csynth_design_size.rpt:2) 
INFO: [HLS 200-1995] There were 393 instructions in the design after the 'Performance (step 2)' phase of compilation. See the Design Size Report for more details (C:/F.A.L.C.O.N/Vitis_WS/Gaussian_Filter_IP/Gaussian_Filter_IP/hls/syn/report/csynth_design_size.rpt:2)
Execute       send_msg_by_id INFO @200-1995@%s%s%s 322 Performance (step 3) (C:/F.A.L.C.O.N/Vitis_WS/Gaussian_Filter_IP/Gaussian_Filter_IP/hls/syn/report/csynth_design_size.rpt:2) 
INFO: [HLS 200-1995] There were 322 instructions in the design after the 'Performance (step 3)' phase of compilation. See the Design Size Report for more details (C:/F.A.L.C.O.N/Vitis_WS/Gaussian_Filter_IP/Gaussian_Filter_IP/hls/syn/report/csynth_design_size.rpt:2)
Execute       send_msg_by_id INFO @200-1995@%s%s%s 316 Performance (step 4) (C:/F.A.L.C.O.N/Vitis_WS/Gaussian_Filter_IP/Gaussian_Filter_IP/hls/syn/report/csynth_design_size.rpt:2) 
INFO: [HLS 200-1995] There were 316 instructions in the design after the 'Performance (step 4)' phase of compilation. See the Design Size Report for more details (C:/F.A.L.C.O.N/Vitis_WS/Gaussian_Filter_IP/Gaussian_Filter_IP/hls/syn/report/csynth_design_size.rpt:2)
Execute       send_msg_by_id INFO @200-1995@%s%s%s 236 HW Transforms (C:/F.A.L.C.O.N/Vitis_WS/Gaussian_Filter_IP/Gaussian_Filter_IP/hls/syn/report/csynth_design_size.rpt:2) 
INFO: [HLS 200-1995] There were 236 instructions in the design after the 'HW Transforms' phase of compilation. See the Design Size Report for more details (C:/F.A.L.C.O.N/Vitis_WS/Gaussian_Filter_IP/Gaussian_Filter_IP/hls/syn/report/csynth_design_size.rpt:2)
Execute       send_msg_by_id INFO @200-1995@%s%s%s 181 HW Transforms (step 2) (C:/F.A.L.C.O.N/Vitis_WS/Gaussian_Filter_IP/Gaussian_Filter_IP/hls/syn/report/csynth_design_size.rpt:2) 
INFO: [HLS 200-1995] There were 181 instructions in the design after the 'HW Transforms (step 2)' phase of compilation. See the Design Size Report for more details (C:/F.A.L.C.O.N/Vitis_WS/Gaussian_Filter_IP/Gaussian_Filter_IP/hls/syn/report/csynth_design_size.rpt:2)
INFO-FLOW: run_clang reflow (finalize) exec: ::AP::poll_reflow_multi_yml message_counts {desc reflow associated_file C:/F.A.L.C.O.N/Vitis_WS/Gaussian_Filter_IP/Gaussian_Filter_IP/hls/.autopilot/db/a.g.ld.0.bc diag_yaml_file C:/F.A.L.C.O.N/Vitis_WS/Gaussian_Filter_IP/Gaussian_Filter_IP/hls/.autopilot/db/a.g.ld.0.bc.clang.reflow.diag.yml diag_xml_file C:/F.A.L.C.O.N/Vitis_WS/Gaussian_Filter_IP/Gaussian_Filter_IP/hls/.autopilot/db/a.g.ld.0.bc.clang.reflow.diag.xml is_clang 1 is_debug 0 is_msg_debug 0 downgrade_errors false keep_files 0} process_yml_data true
INFO-FLOW: run_clang result=success num-err-msgs=0 num-stderr-lines=69
INFO-FLOW: DBG:PUTS: copy_raw_kernel_xml ap_link_39: kernel.xml not generated: C:/F.A.L.C.O.N/Vitis_WS/Gaussian_Filter_IP/Gaussian_Filter_IP/hls/.autopilot/db/kernel.internal.xml
INFO: [HLS 200-111] Finished Compiling Optimization and Transform: CPU user time: 1 seconds. CPU system time: 0 seconds. Elapsed time: 11.301 seconds; current allocated memory: 144.289 MB.
INFO: [HLS 200-111] Finished Checking Pragmas: CPU user time: 0 seconds. CPU system time: 0 seconds. Elapsed time: 0.008 seconds; current allocated memory: 144.289 MB.
Execute       opt_and_import_c a -opt_level=2 -skip_syncheck=0 -ng=0 -keep_printf=0 
Execute         cleanup_all_models 
INFO: [HLS 200-10] Starting code transformations ...
INFO-FLOW: Running Standard Transforms...
Execute         transform -hls -share-std-xform -demangle-name -inline-byval-memcpy -always-inline -promote-dbg-pointer -interface-preproc -mem2reg -reassociate -gvn -reassociate -scalarrepl -mem2reg -keep-read-access -instcombine -dce -promote-dbg-pointer -bitop-raise -loop-simplify -indvarspre -indvars -loop-simplify -constprop -instcombine -simplifycfg -indvars -simplifycfg -dce -globaldce -basicaa -simplifycfg -mem2reg -globalopt -global-constprop -deadargelim -instcombine -simplifycfg -scalarrepl -instcombine -reassociate -licm -simplifycfg -loop-simplify -indvars -instcombine -simplifycfg -mem2reg -loop-simplify -indvars -instcombine -gvn -gvn -instcombine -adce -break-crit-edges -simplifycfg -loop-delete -global-array-opt -dce -dse -adce -find-syn-modules -top Gaussian_Filter -deadargelim -mem2reg -instcombine -dce -presyn-prepare -interface-preproc -syn-check -check-rec-only -find-region -simplifycfg -func-extr -function-inline -globaldce -mem2reg -instcombine -dce -gvn -globaldce -adce -adse -constprop -instcombine -bit-constprop -instcombine -dce -simplifycfg -bitop-raise -simplifycfg -dce -loop-delete -reassociate -globalopt -global-privatize -mem2reg -dce -global-constprop -pointer-simplify -constprop -dce -promote-dbg-pointer -norm-name C:/F.A.L.C.O.N/Vitis_WS/Gaussian_Filter_IP/Gaussian_Filter_IP/hls/.autopilot/db/a.g.0.bc -o C:/F.A.L.C.O.N/Vitis_WS/Gaussian_Filter_IP/Gaussian_Filter_IP/hls/.autopilot/db/a.g.1.bc -f -phase std-opt 
Command         transform done; 0.122 sec.
INFO: [HLS 200-111] Finished Standard Transforms: CPU user time: 0 seconds. CPU system time: 0 seconds. Elapsed time: 0.15 seconds; current allocated memory: 148.969 MB.
INFO: [HLS 200-10] Checking synthesizability ...
INFO-FLOW: Checking Synthesizability 1/2..
Execute         transform -hls -syn-check -check-rec-only -scalarrepl -norm-name -dce -mem2reg -instcombine -directive-preproc -mem2reg -dse -dce -dce -pag -array-normalize -instcombine -dce -array-seg-normalize -instcombine -dce -data-pack -instcombine -dce -inst-simplify -array-flatten -instcombine -dce -array-burst -dce -deadargelim -promote-global-argument -simplifycfg -mem2reg -globaldce -dce -deadargelim -dce -instcombine -function-inline -globaldce -dce -doublePtrSimplify -doublePtrElim -dce -doublePtrSimplify -promote-dbg-pointer -dce -scalarrepl -dse -adse -instcombine -ptrLegalization -simplifycfg -dce -instcombine -pointer-simplify -ptrArgReplace -dce -instcombine -resolve-double-ptr -scalarrepl -norm-name -dce -mem2reg -instcombine -ptrLegalization -simplifycfg -deadargelim -instcombine -dce -inst-simplify -directive-preproc -mem2reg -dse -dce -globaldce C:/F.A.L.C.O.N/Vitis_WS/Gaussian_Filter_IP/Gaussian_Filter_IP/hls/.autopilot/db/a.g.1.bc -o C:/F.A.L.C.O.N/Vitis_WS/Gaussian_Filter_IP/Gaussian_Filter_IP/hls/.autopilot/db/a.g.2.prechk.bc -f 
INFO-FLOW: Checking Synthesizability 2/2..
Execute         transform -syn-check C:/F.A.L.C.O.N/Vitis_WS/Gaussian_Filter_IP/Gaussian_Filter_IP/hls/.autopilot/db/a.g.2.prechk.bc -o C:/F.A.L.C.O.N/Vitis_WS/Gaussian_Filter_IP/Gaussian_Filter_IP/hls/.autopilot/db/a.g.2.bc -f -phase syn-check 
INFO: [HLS 200-111] Finished Checking Synthesizability: CPU user time: 0 seconds. CPU system time: 0 seconds. Elapsed time: 0.086 seconds; current allocated memory: 150.801 MB.
INFO-FLOW: Compiler optimizing ...
INFO-FLOW: Share syncheck's 1.bc for syn flow: copy C:/F.A.L.C.O.N/Vitis_WS/Gaussian_Filter_IP/Gaussian_Filter_IP/hls/.autopilot/db/a.g.1.bc to C:/F.A.L.C.O.N/Vitis_WS/Gaussian_Filter_IP/Gaussian_Filter_IP/hls/.autopilot/db/a.o.1.bc
INFO-FLOW: Presyn 1...
Execute         transform -hls -tmp C:/F.A.L.C.O.N/Vitis_WS/Gaussian_Filter_IP/Gaussian_Filter_IP/hls/.autopilot/db -interface-port-rename -directive-preproc -mem2reg -dse -dce -scalarrepl -norm-name -deadargelim -dce -hls-dead-arg-elim -deadargelim -mem2reg -instcombine -dce -simplifycfg -dce -resource-proc -clib-intrinsic-prepare -dce -func-buffer -dce -pag -array-normalize -func-legal -instcombine -gvn -constprop -dce -simplifycfg -mem2reg -globaldce -resolve-double-ptr -dce -deadargelim -dce -instcombine -ptrArgReplace -mem2reg -dce -array-seg-normalize -deadargelim -instcombine -dce -directive-preproc -mem2reg -dse -dce -pointer-simplify -dce -dce -interface-preproc -data-pack -instcombine -dce -basicaa -aggr-aa -aggrmodref-aa -aggr-aa -gvn -gvn -basicaa -aggr-aa -aggrmodref-aa -aggr-aa -dse -adse -adce -loop-simplify -indvars -instcombine -gvn -loop-simplify -mem2reg -dce -find-region -instcombine -inst-simplify -interface-preproc -cfgopt -instcombine -indvars -loop-simplify -loop-bound -constprop -instcombine -simplifycfg -indvars -simplifycfg -dce -globaldce -clean-region -attach-range -gvn -inst-simplify -constprop -simplifycfg -dce -pointer-simplify -dce -globalopt -constprop -dce -ptrArgReplace -mem2reg -simplifycfg -dce -instcombine -dce -array-transform-check -array-reshape -instcombine -simplifycfg -dce -ptrArgReplace -deadargelim -mem2reg -instcombine -simplifycfg -dce -indvars -loop-simplify -loop-bound -constprop -instcombine -simplifycfg -indvars -simplifycfg -dce -globaldce -basicaa -aggr-aa -aggrmodref-aa -aggr-aa -dse -duplicate-dataflow-processes -globaldce -instcombine -array-partition -prepare-dynamic-array-partition -instcombine -simplifycfg -dce -ptrArgReplace -global-constprop -deadargelim -mem2reg -func-legal -dce -global-constprop -deadargelim -mem2reg -simplifycfg -dce -merge-param -deadargelim -globalopt -constprop -dce -ptrArgReplace -mem2reg -simplifycfg -dce -mem-intrinsic-preproc -dce -global-internalize -global-privatize -mem2reg -globaldce -lcssa -loop-simplify -phi-select-elim -promote-global-argument -ptrArgReplace -mem2reg -dce -globalopt -mergereturn -simplify-global-access -mem2reg -dce -pointer-simplify -dce -basicaa -aggr-aa -aggrmodref-aa -aggr-aa -functionattrs -basicaa -aggr-aa -aggrmodref-aa -aggr-aa -gvn -gvn -basicaa -aggr-aa -aggrmodref-aa -aggr-aa -dse -adse -adce -dce -norm-name -basicaa -aggr-aa -aggrmodref-aa -aggr-aa -accesses-merge -function-inline -complex-op-raise -inst-simplify -globaldce -func-legal -dce -loop-bound -arraycheck -bitwidthmin2 -bitwidthmin2 -on-by-dataflow -loop-delete -instcombine -simplifycfg -globaldce -dce -gvn -deadargelim -dce -loop-simplify -clean-region -simplifycfg -propagate-stable-arguments -instcombine -simplifycfg -dce -globaldce -duplicate-dataflow-processes -stream-intrinsic-preproc -dce -check-ap-stream -loop-simplify -eliminate-keepreads -gen-dataflow-loop-spec -loop-simplify -dce -gvn -deadargelim -dse -duplicate-dataflow-processes -check-dataflow-syntax -legalize-stream-variable -globaldce -extract-subproc -global-constprop -deadargelim -globaldce -legalize-global -dce -dead-channel-elimination -canonicalize-gep -globaldce -dce -gvn -hls-dead-arg-elim -deadargelim -canonicalize-dataflow -directive-preproc -dce -globaldce -scalar-preprocessing -scalar-propagation2 -scalar-stream -deadargelim -globaldce -mem2reg -check-dataflow-channels -function-stream -dce -globaldce -prop-fifo-spec -internal-stream-gen -canonicalize-gep -globaldce -dce -gvn -deadargelim -mergereturn -indvars -loop-simplify -instcombine -array-stream -array-seg-normalize -array-partition -clean-array-spec -func-legal -instcombine -simplifycfg -dce -bundle-memfifo-ops -deadargelim -directive-preproc -mem2reg -dse -dce -group-axi-access -licm -simplifycfg -dce -loop-delete -hls-display -norm-name C:/F.A.L.C.O.N/Vitis_WS/Gaussian_Filter_IP/Gaussian_Filter_IP/hls/.autopilot/db/a.o.1.bc -o C:/F.A.L.C.O.N/Vitis_WS/Gaussian_Filter_IP/Gaussian_Filter_IP/hls/.autopilot/db/a.o.1.tmp.bc -f 
Command         transform done; 0.128 sec.
INFO-FLOW: Presyn 2...
Execute         transform -hls -keep-callgraph -scalarrepl -mem2reg -attach-range -dce -pipe-mux-gen -indvars -loop-bound -inst-simplify -instcombine -dce -merge-array-access -mem2reg -dce -clean-region -mergereturn -if-conv -instcombine -dce -constprop -basicaa -aggr-aa -aggrmodref-aa -aggr-aa -gvn -gvn -basicaa -aggr-aa -aggrmodref-aa -aggr-aa -dse -adse -adce -scalarrepl -mem2reg -global-constprop -deadargelim -deadargelim -instcombine -dce -simplifycfg -ptrArgReplace -mem2reg -function-inline -globaldce -mem2reg -instcombine -dce -expr-balance -instcombine -dce -bitwidthmin2 -bitwidthmin2 -interface-preproc -directive-preproc -inst-rectify -instcombine -dce -basicaa -aggr-aa -aggrmodref-aa -aggr-aa -functionattrs -constprop -instcombine -bit-constprop -simplify-global-access -globalopt -globaldce -inst-simplify -instcombine -elimdeaddata -dce -loop-delete -simplifycfg -loop-simplify -barrier -norm-name C:/F.A.L.C.O.N/Vitis_WS/Gaussian_Filter_IP/Gaussian_Filter_IP/hls/.autopilot/db/a.o.1.tmp.bc -o C:/F.A.L.C.O.N/Vitis_WS/Gaussian_Filter_IP/Gaussian_Filter_IP/hls/.autopilot/db/a.o.2.bc -f -phase presyn 
INFO: [XFORM 203-401] Performing if-conversion on hyperblock from (Gaussian_Filter.cpp:17:13) to (Gaussian_Filter.cpp:17:13) in function 'Gaussian_Filter'... converting 3 basic blocks.
INFO: [XFORM 203-401] Performing if-conversion on hyperblock from (Gaussian_Filter.cpp:20:13) to (Gaussian_Filter.cpp:20:13) in function 'Gaussian_Filter'... converting 3 basic blocks.
INFO: [XFORM 203-11] Balancing expressions in function 'Gaussian_Filter' (Gaussian_Filter.cpp:9:22)...8 expression(s) balanced.
INFO: [HLS 200-111] Finished Loop, function and other optimizations: CPU user time: 0 seconds. CPU system time: 0 seconds. Elapsed time: 0.215 seconds; current allocated memory: 172.887 MB.
Execute         transform -hls -auto-function-inline -globaldce -ptrArgReplace -mem2reg -dce -reset-lda -loop-simplify -indvars -aggr-aa -licm -loop-dep -loop-bound -licm -loop-simplify -loop-sink-hoist -flattenloopnest -array-flatten -gvn -instcombine -dce -array-map -dce -func-legal -gvn -adce -instcombine -cfgopt -simplifycfg-lite -loop-simplify -array-burst -promote-global-argument -dce -array-seg-normalize -basicaa -aggrmodref-aa -globalsmodref-aa -aggr-aa -gvn -gvn -basicaa -aggrmodref-aa -globalsmodref-aa -aggr-aa -dse -adse -adce -licm -inst-simplify -dce -globaldce -instcombine -array-stream -eliminate-keepreads -instcombine -dce -deadargelim -doublePtrSimplify -doublePtrElim -dce -doublePtrSimplify -promote-dbg-pointer -dce -scalarrepl -mem2reg -norm-name -mem2reg -instcombine -dse -adse -adce -ptrLegalization -dce -array-flatten -dce -instcombine -check-doubleptr -loop-rot -constprop -inst-simplify -cfgopt -simplifycfg-lite -loop-simplify -indvars -pointer-simplify -dce -loop-bound -loop-simplify -loop-preproc -constprop -global-constprop -gvn -mem2reg -instcombine -dce -loop-bound -loop-merge -dce -deadargelim -dce -canonicalize-dataflow -dce -deadargelim -globaldce -mem2reg -bram-byte-enable -inst-simplify -inst-rectify -instcombine -adce -deadargelim -load-elim -read-loop-dep -loop-simplify -loop-rewind-sink-hoist -loop-outline -hls-dead-arg-elim -directive-preproc -bitwidthmin2 -bitwidthmin2 -read-loop-dep -interface-preproc -directive-preproc -interface-gen -bram-byte-enable-spec-prop -mul2addshift -deadargelim -inst-simplify -dce -mem2reg -instcombine -gvn -dce -adse -loop-bound -instcombine -cfgopt -simplifycfg-lite -loop-simplify -clean-region -io-protocol -find-region -mem2reg -bitop-raise -complex-op-raise -inst-simplify -inst-rectify -instcombine -gvn -adce -deadargelim -float-op-raise -loop-simplify -phi-opt -bitop-raise -cfgopt -simplifycfg-lite -strip-dead-prototypes -interface-lower -bitop-lower -intrinsic-lower -auto-function-inline -basicaa -aggrmodref-aa -globalsmodref-aa -aggr-aa -inst-simplify -simplifycfg-lite -loop-simplify -mergereturn -inst-simplify -inst-rectify -globaldce -dce -load-elim -bitop-lower -float-op-raise -fma-raise -loop-rewind -pointer-simplify -dce -cfgopt -dce -loop-bound -loop-dep -read-loop-dep -dce -dyn-mem-reuse -dce -recurrence-min -dce -share-scalar-alloca -deadargelim -dce -check-stream -norm-name -legalize -inst-clarity -bitwidth -dce -validate-dataflow -dump-loop-dep-to-ir -check-all-ssdm -drop-inferred-ii -dump-complexity-metric -attach-call-site-id -program-abstraction C:/F.A.L.C.O.N/Vitis_WS/Gaussian_Filter_IP/Gaussian_Filter_IP/hls/.autopilot/db/a.o.2.bc -o C:/F.A.L.C.O.N/Vitis_WS/Gaussian_Filter_IP/Gaussian_Filter_IP/hls/.autopilot/db/a.o.3.bc -f -phase build-ssdm 
INFO: [HLS 200-2061] Successfully converted nested loops 'VITIS_LOOP_25_1'(Gaussian_Filter.cpp:25:22) and 'VITIS_LOOP_27_2'(Gaussian_Filter.cpp:27:26) in function 'Gaussian_Filter' into perfectly nested loops.
INFO: [HLS 200-2259] Flattening a loop nest with inner loop 'VITIS_LOOP_27_2' (Gaussian_Filter.cpp:27:26) and outer loop 'VITIS_LOOP_25_1' (Gaussian_Filter.cpp:25:22) in function 'Gaussian_Filter' successfully.
Execute           AP::auto_get_db
Execute           AP::auto_get_db
Command         transform done; 0.118 sec.
INFO-FLOW: Building ssdm...
Execute         transform -hls -cdfg-build C:/F.A.L.C.O.N/Vitis_WS/Gaussian_Filter_IP/Gaussian_Filter_IP/hls/.autopilot/db/a.o.3.bc -o C:/F.A.L.C.O.N/Vitis_WS/Gaussian_Filter_IP/Gaussian_Filter_IP/hls/.autopilot/db/a.o.3.bc -f -phase build-ssdm 
INFO: [HLS 200-111] Finished Architecture Synthesis: CPU user time: 0 seconds. CPU system time: 0 seconds. Elapsed time: 0.181 seconds; current allocated memory: 176.676 MB.
INFO-FLOW: Finish building internal data model.
Command       opt_and_import_c done; 0.638 sec.
Command     elaborate done; 22.516 sec.
Execute     ap_eval exec zip -j C:/F.A.L.C.O.N/Vitis_WS/Gaussian_Filter_IP/Gaussian_Filter_IP/hls/.autopilot/db/dut.hcp $dbDir/a.o.3.bc $dbDir/${topname}.rtl_wrap.cfg.tcl $dbDir/apatb_${topname}.cpp $dbDir/apatb_${topname}_util.cpp $dbDir/apatb_${topname}_ir.ll $dbDir/mapper_${topname}.cpp $dbDir/top-io-fe.xml $dbDir/kernel.internal.xml $workdir/../hls.app 
Command     ap_eval done; 0.373 sec.
Execute     send_msg_by_id INFO @200-2255@%s Wire Delay Mode is ON 
INFO: [HLS 200-2255] Checking Wire Delay Status: Wire Delay Mode is ON
INFO: [HLS 200-10] Starting hardware synthesis ...
INFO-FLOW: Synthesizing C/C++ design AP::SynTopModule=Gaussian_Filter
INFO: [HLS 200-10] Synthesizing 'Gaussian_Filter' ...
Execute     ap_set_top_model Gaussian_Filter 
Execute     get_model_list Gaussian_Filter -filter all-wo-channel -topdown 
Execute     preproc_iomode -model Gaussian_Filter 
Execute     preproc_iomode -model Gaussian_Filter_Pipeline_VITIS_LOOP_25_1_VITIS_LOOP_27_2 
Execute     create_clock 
Execute       ap_set_clock -name default -period 10 -unit ns -default=false 
INFO: [SYN 201-201] Setting up clock 'default' with a period of 10ns.
Execute     get_model_list Gaussian_Filter -filter all-wo-channel 
INFO-FLOW: Model list for configure: Gaussian_Filter_Pipeline_VITIS_LOOP_25_1_VITIS_LOOP_27_2 Gaussian_Filter
INFO-FLOW: Configuring Module : Gaussian_Filter_Pipeline_VITIS_LOOP_25_1_VITIS_LOOP_27_2 ...
Execute     set_default_model Gaussian_Filter_Pipeline_VITIS_LOOP_25_1_VITIS_LOOP_27_2 
Execute     apply_spec_resource_limit Gaussian_Filter_Pipeline_VITIS_LOOP_25_1_VITIS_LOOP_27_2 
INFO-FLOW: Configuring Module : Gaussian_Filter ...
Execute     set_default_model Gaussian_Filter 
Execute     apply_spec_resource_limit Gaussian_Filter 
INFO-FLOW: Model list for preprocess: Gaussian_Filter_Pipeline_VITIS_LOOP_25_1_VITIS_LOOP_27_2 Gaussian_Filter
INFO-FLOW: Preprocessing Module: Gaussian_Filter_Pipeline_VITIS_LOOP_25_1_VITIS_LOOP_27_2 ...
Execute     set_default_model Gaussian_Filter_Pipeline_VITIS_LOOP_25_1_VITIS_LOOP_27_2 
Execute     cdfg_preprocess -model Gaussian_Filter_Pipeline_VITIS_LOOP_25_1_VITIS_LOOP_27_2 
Execute     rtl_gen_preprocess Gaussian_Filter_Pipeline_VITIS_LOOP_25_1_VITIS_LOOP_27_2 
INFO-FLOW: Preprocessing Module: Gaussian_Filter ...
Execute     set_default_model Gaussian_Filter 
Execute     cdfg_preprocess -model Gaussian_Filter 
Execute     rtl_gen_preprocess Gaussian_Filter 
INFO-FLOW: Model list for synthesis: Gaussian_Filter_Pipeline_VITIS_LOOP_25_1_VITIS_LOOP_27_2 Gaussian_Filter
INFO: [HLS 200-10] ----------------------------------------------------------------
INFO: [HLS 200-42] -- Implementing module 'Gaussian_Filter_Pipeline_VITIS_LOOP_25_1_VITIS_LOOP_27_2' 
INFO: [HLS 200-10] ----------------------------------------------------------------
Execute     set_default_model Gaussian_Filter_Pipeline_VITIS_LOOP_25_1_VITIS_LOOP_27_2 
Execute     schedule -model Gaussian_Filter_Pipeline_VITIS_LOOP_25_1_VITIS_LOOP_27_2 
INFO: [SCHED 204-11] Starting scheduling ...
INFO: [SCHED 204-61] Pipelining loop 'VITIS_LOOP_25_1_VITIS_LOOP_27_2'.
INFO: [HLS 200-1470] Pipelining result : Target II = 1, Final II = 1, Depth = 7, loop 'VITIS_LOOP_25_1_VITIS_LOOP_27_2'
INFO: [SCHED 204-11] Finished scheduling.
Command     schedule done; 0.115 sec.
INFO: [HLS 200-111] Finished Scheduling: CPU user time: 0 seconds. CPU system time: 0 seconds. Elapsed time: 0.524 seconds; current allocated memory: 180.582 MB.
Execute     syn_report -verbosereport -o C:/F.A.L.C.O.N/Vitis_WS/Gaussian_Filter_IP/Gaussian_Filter_IP/hls/.autopilot/db/Gaussian_Filter_Pipeline_VITIS_LOOP_25_1_VITIS_LOOP_27_2.verbose.sched.rpt 
Execute       list_part -family xc7z020-clg400-1 
Execute         ap_family_info -name xc7z020-clg400-1 -data names 
Execute         ap_part_info -quiet -name xc7z020-clg400-1 -data family 
Execute     db_write -o C:/F.A.L.C.O.N/Vitis_WS/Gaussian_Filter_IP/Gaussian_Filter_IP/hls/.autopilot/db/Gaussian_Filter_Pipeline_VITIS_LOOP_25_1_VITIS_LOOP_27_2.sched.adb -f 
INFO-FLOW: Finish scheduling Gaussian_Filter_Pipeline_VITIS_LOOP_25_1_VITIS_LOOP_27_2.
Execute     set_default_model Gaussian_Filter_Pipeline_VITIS_LOOP_25_1_VITIS_LOOP_27_2 
Execute     bind -model Gaussian_Filter_Pipeline_VITIS_LOOP_25_1_VITIS_LOOP_27_2 
INFO: [BIND 205-100] Starting micro-architecture generation ...
INFO: [BIND 205-101] Performing variable lifetime analysis.
INFO: [BIND 205-101] Exploring resource sharing.
INFO: [BIND 205-101] Binding ...
INFO: [BIND 205-100] Finished micro-architecture generation.
INFO: [HLS 200-111] Finished Binding: CPU user time: 0 seconds. CPU system time: 0 seconds. Elapsed time: 0.098 seconds; current allocated memory: 181.719 MB.
Execute     syn_report -verbosereport -o C:/F.A.L.C.O.N/Vitis_WS/Gaussian_Filter_IP/Gaussian_Filter_IP/hls/.autopilot/db/Gaussian_Filter_Pipeline_VITIS_LOOP_25_1_VITIS_LOOP_27_2.verbose.bind.rpt 
Execute       list_part -family xc7z020-clg400-1 
Execute         ap_family_info -name xc7z020-clg400-1 -data names 
Execute         ap_part_info -quiet -name xc7z020-clg400-1 -data family 
Execute     db_write -o C:/F.A.L.C.O.N/Vitis_WS/Gaussian_Filter_IP/Gaussian_Filter_IP/hls/.autopilot/db/Gaussian_Filter_Pipeline_VITIS_LOOP_25_1_VITIS_LOOP_27_2.bind.adb -f 
INFO-FLOW: Finish binding Gaussian_Filter_Pipeline_VITIS_LOOP_25_1_VITIS_LOOP_27_2.
INFO: [HLS 200-10] ----------------------------------------------------------------
INFO: [HLS 200-42] -- Implementing module 'Gaussian_Filter' 
INFO: [HLS 200-10] ----------------------------------------------------------------
Execute     set_default_model Gaussian_Filter 
Execute     schedule -model Gaussian_Filter 
INFO: [SCHED 204-11] Starting scheduling ...
INFO: [SCHED 204-11] Finished scheduling.
INFO: [HLS 200-111] Finished Scheduling: CPU user time: 0 seconds. CPU system time: 0 seconds. Elapsed time: 0.073 seconds; current allocated memory: 181.840 MB.
Execute     syn_report -verbosereport -o C:/F.A.L.C.O.N/Vitis_WS/Gaussian_Filter_IP/Gaussian_Filter_IP/hls/.autopilot/db/Gaussian_Filter.verbose.sched.rpt 
Execute       list_part -family xc7z020-clg400-1 
Execute         ap_family_info -name xc7z020-clg400-1 -data names 
Execute         ap_part_info -quiet -name xc7z020-clg400-1 -data family 
Execute     db_write -o C:/F.A.L.C.O.N/Vitis_WS/Gaussian_Filter_IP/Gaussian_Filter_IP/hls/.autopilot/db/Gaussian_Filter.sched.adb -f 
INFO-FLOW: Finish scheduling Gaussian_Filter.
Execute     set_default_model Gaussian_Filter 
Execute     bind -model Gaussian_Filter 
INFO: [BIND 205-100] Starting micro-architecture generation ...
INFO: [BIND 205-101] Performing variable lifetime analysis.
INFO: [BIND 205-101] Exploring resource sharing.
INFO: [BIND 205-101] Binding ...
INFO: [BIND 205-100] Finished micro-architecture generation.
INFO: [HLS 200-111] Finished Binding: CPU user time: 0 seconds. CPU system time: 0 seconds. Elapsed time: 0.031 seconds; current allocated memory: 181.910 MB.
Execute     syn_report -verbosereport -o C:/F.A.L.C.O.N/Vitis_WS/Gaussian_Filter_IP/Gaussian_Filter_IP/hls/.autopilot/db/Gaussian_Filter.verbose.bind.rpt 
Execute       list_part -family xc7z020-clg400-1 
Execute         ap_family_info -name xc7z020-clg400-1 -data names 
Execute         ap_part_info -quiet -name xc7z020-clg400-1 -data family 
Execute     db_write -o C:/F.A.L.C.O.N/Vitis_WS/Gaussian_Filter_IP/Gaussian_Filter_IP/hls/.autopilot/db/Gaussian_Filter.bind.adb -f 
INFO-FLOW: Finish binding Gaussian_Filter.
Execute     get_model_list Gaussian_Filter -filter all-wo-channel 
INFO-FLOW: Preprocessing for RTLGen ...
Execute     rtl_gen_preprocess Gaussian_Filter_Pipeline_VITIS_LOOP_25_1_VITIS_LOOP_27_2 
Execute     rtl_gen_preprocess Gaussian_Filter 
INFO-FLOW: Model list for RTL generation: Gaussian_Filter_Pipeline_VITIS_LOOP_25_1_VITIS_LOOP_27_2 Gaussian_Filter
INFO: [HLS 200-10] ----------------------------------------------------------------
INFO: [HLS 200-10] -- Generating RTL for module 'Gaussian_Filter_Pipeline_VITIS_LOOP_25_1_VITIS_LOOP_27_2' 
INFO: [HLS 200-10] ----------------------------------------------------------------
Execute     create_rtl_model Gaussian_Filter_Pipeline_VITIS_LOOP_25_1_VITIS_LOOP_27_2 -top_prefix Gaussian_Filter_ -sub_prefix Gaussian_Filter_ -mg_file C:/F.A.L.C.O.N/Vitis_WS/Gaussian_Filter_IP/Gaussian_Filter_IP/hls/.autopilot/db/Gaussian_Filter_Pipeline_VITIS_LOOP_25_1_VITIS_LOOP_27_2.compgen.tcl 
INFO: [HLS 200-1030] Apply Unified Pipeline Control on module 'Gaussian_Filter_Pipeline_VITIS_LOOP_25_1_VITIS_LOOP_27_2' pipeline 'VITIS_LOOP_25_1_VITIS_LOOP_27_2' pipeline type 'loop pipeline'
INFO: [SYN 201-210] Renamed object name 'Gaussian_Filter_Pipeline_VITIS_LOOP_25_1_VITIS_LOOP_27_2_Line_Buffer_data_1_RAM_AUTO_1R1W' to 'Gaussian_Filter_Pipeline_VITIS_LOOP_25_1_VITIS_LOOP_27_2_Line_Buffer_data_1_Rbkb' due to the length limit 80
INFO: [SYN 201-210] Renamed object name 'Gaussian_Filter_Pipeline_VITIS_LOOP_25_1_VITIS_LOOP_27_2_Line_Buffer_data_RAM_AUTO_1R1W' to 'Gaussian_Filter_Pipeline_VITIS_LOOP_25_1_VITIS_LOOP_27_2_Line_Buffer_data_RAMcud' due to the length limit 80
INFO: [RTGEN 206-100] Finished creating RTL model for 'Gaussian_Filter_Pipeline_VITIS_LOOP_25_1_VITIS_LOOP_27_2'.
INFO: [RTMG 210-278] Implementing memory 'Gaussian_Filter_Gaussian_Filter_Pipeline_VITIS_LOOP_25_1_VITIS_LOOP_27_2_Line_Buffer_data_1_Rbkb' using auto RAMs.
Command     create_rtl_model done; 0.114 sec.
INFO: [HLS 200-111] Finished Creating RTL model: CPU user time: 0 seconds. CPU system time: 0 seconds. Elapsed time: 0.153 seconds; current allocated memory: 184.051 MB.
Execute     source C:/F.A.L.C.O.N/Vitis_WS/Gaussian_Filter_IP/Gaussian_Filter_IP/hls/.autopilot/db/Gaussian_Filter.rtl_wrap.cfg.tcl 
Execute     gen_rtl Gaussian_Filter_Pipeline_VITIS_LOOP_25_1_VITIS_LOOP_27_2 -style xilinx -f -lang vhdl -o C:/F.A.L.C.O.N/Vitis_WS/Gaussian_Filter_IP/Gaussian_Filter_IP/hls/syn/vhdl/Gaussian_Filter_Gaussian_Filter_Pipeline_VITIS_LOOP_25_1_VITIS_LOOP_27_2 
Execute     gen_rtl Gaussian_Filter_Pipeline_VITIS_LOOP_25_1_VITIS_LOOP_27_2 -style xilinx -f -lang vlog -o C:/F.A.L.C.O.N/Vitis_WS/Gaussian_Filter_IP/Gaussian_Filter_IP/hls/syn/verilog/Gaussian_Filter_Gaussian_Filter_Pipeline_VITIS_LOOP_25_1_VITIS_LOOP_27_2 
Execute     syn_report -csynth -model Gaussian_Filter_Pipeline_VITIS_LOOP_25_1_VITIS_LOOP_27_2 -o C:/F.A.L.C.O.N/Vitis_WS/Gaussian_Filter_IP/Gaussian_Filter_IP/hls/syn/report/Gaussian_Filter_Pipeline_VITIS_LOOP_25_1_VITIS_LOOP_27_2_csynth.rpt 
Execute       list_part -family xc7z020-clg400-1 
Execute         ap_family_info -name xc7z020-clg400-1 -data names 
Execute         ap_part_info -quiet -name xc7z020-clg400-1 -data family 
Execute     syn_report -rtlxml -model Gaussian_Filter_Pipeline_VITIS_LOOP_25_1_VITIS_LOOP_27_2 -o C:/F.A.L.C.O.N/Vitis_WS/Gaussian_Filter_IP/Gaussian_Filter_IP/hls/syn/report/Gaussian_Filter_Pipeline_VITIS_LOOP_25_1_VITIS_LOOP_27_2_csynth.xml 
Execute       list_part -family xc7z020-clg400-1 
Execute         ap_family_info -name xc7z020-clg400-1 -data names 
Execute         ap_part_info -quiet -name xc7z020-clg400-1 -data family 
Execute     syn_report -verbosereport -model Gaussian_Filter_Pipeline_VITIS_LOOP_25_1_VITIS_LOOP_27_2 -o C:/F.A.L.C.O.N/Vitis_WS/Gaussian_Filter_IP/Gaussian_Filter_IP/hls/.autopilot/db/Gaussian_Filter_Pipeline_VITIS_LOOP_25_1_VITIS_LOOP_27_2.verbose.rpt 
Execute       list_part -family xc7z020-clg400-1 
Execute         ap_family_info -name xc7z020-clg400-1 -data names 
Execute         ap_part_info -quiet -name xc7z020-clg400-1 -data family 
Execute     db_write -model Gaussian_Filter_Pipeline_VITIS_LOOP_25_1_VITIS_LOOP_27_2 -f -o C:/F.A.L.C.O.N/Vitis_WS/Gaussian_Filter_IP/Gaussian_Filter_IP/hls/.autopilot/db/Gaussian_Filter_Pipeline_VITIS_LOOP_25_1_VITIS_LOOP_27_2.adb 
Execute     db_write -model Gaussian_Filter_Pipeline_VITIS_LOOP_25_1_VITIS_LOOP_27_2 -bindview -o C:/F.A.L.C.O.N/Vitis_WS/Gaussian_Filter_IP/Gaussian_Filter_IP/hls/.autopilot/db/design.bindinfo.xml 
Execute     gen_tb_info Gaussian_Filter_Pipeline_VITIS_LOOP_25_1_VITIS_LOOP_27_2 -p C:/F.A.L.C.O.N/Vitis_WS/Gaussian_Filter_IP/Gaussian_Filter_IP/hls/.autopilot/db -o C:/F.A.L.C.O.N/Vitis_WS/Gaussian_Filter_IP/Gaussian_Filter_IP/hls/.autopilot/db/Gaussian_Filter_Pipeline_VITIS_LOOP_25_1_VITIS_LOOP_27_2 
INFO: [HLS 200-10] ----------------------------------------------------------------
INFO: [HLS 200-10] -- Generating RTL for module 'Gaussian_Filter' 
INFO: [HLS 200-10] ----------------------------------------------------------------
Execute     create_rtl_model Gaussian_Filter -top_prefix  -sub_prefix Gaussian_Filter_ -mg_file C:/F.A.L.C.O.N/Vitis_WS/Gaussian_Filter_IP/Gaussian_Filter_IP/hls/.autopilot/db/Gaussian_Filter.compgen.tcl 
WARNING: [RTGEN 206-101] Design contains AXI ports. Reset is fixed to synchronous and active low.
INFO: [RTGEN 206-500] Setting interface mode on port 'Gaussian_Filter/Input_r_V_data_V' to 'axis' (register, both mode).
INFO: [RTGEN 206-500] Setting interface mode on port 'Gaussian_Filter/Input_r_V_keep_V' to 'axis' (register, both mode).
INFO: [RTGEN 206-500] Setting interface mode on port 'Gaussian_Filter/Input_r_V_strb_V' to 'axis' (register, both mode).
INFO: [RTGEN 206-500] Setting interface mode on port 'Gaussian_Filter/Input_r_V_user_V' to 'axis' (register, both mode).
INFO: [RTGEN 206-500] Setting interface mode on port 'Gaussian_Filter/Input_r_V_last_V' to 'axis' (register, both mode).
INFO: [RTGEN 206-500] Setting interface mode on port 'Gaussian_Filter/Input_r_V_id_V' to 'axis' (register, both mode).
INFO: [RTGEN 206-500] Setting interface mode on port 'Gaussian_Filter/Input_r_V_dest_V' to 'axis' (register, both mode).
INFO: [RTGEN 206-500] Setting interface mode on port 'Gaussian_Filter/Output_r_V_data_V' to 'axis' (register, both mode).
INFO: [RTGEN 206-500] Setting interface mode on port 'Gaussian_Filter/Output_r_V_keep_V' to 'axis' (register, both mode).
INFO: [RTGEN 206-500] Setting interface mode on port 'Gaussian_Filter/Output_r_V_strb_V' to 'axis' (register, both mode).
INFO: [RTGEN 206-500] Setting interface mode on port 'Gaussian_Filter/Output_r_V_user_V' to 'axis' (register, both mode).
INFO: [RTGEN 206-500] Setting interface mode on port 'Gaussian_Filter/Output_r_V_last_V' to 'axis' (register, both mode).
INFO: [RTGEN 206-500] Setting interface mode on port 'Gaussian_Filter/Output_r_V_id_V' to 'axis' (register, both mode).
INFO: [RTGEN 206-500] Setting interface mode on port 'Gaussian_Filter/Output_r_V_dest_V' to 'axis' (register, both mode).
INFO: [RTGEN 206-500] Setting interface mode on port 'Gaussian_Filter/Rows' to 's_axilite & ap_none'.
INFO: [RTGEN 206-500] Setting interface mode on port 'Gaussian_Filter/Cols' to 's_axilite & ap_none'.
INFO: [RTGEN 206-500] Setting interface mode on function 'Gaussian_Filter' to 's_axilite & ap_ctrl_hs'.
INFO: [RTGEN 206-100] Bundling port 'Rows', 'Cols' and 'return' to AXI-Lite port control.
INFO: [RTGEN 206-100] Generating core module 'mul_31ns_31ns_62_2_1': 1 instance(s).
INFO: [RTGEN 206-100] Finished creating RTL model for 'Gaussian_Filter'.
Command     create_rtl_model done; 0.191 sec.
INFO: [HLS 200-111] Finished Creating RTL model: CPU user time: 0 seconds. CPU system time: 0 seconds. Elapsed time: 0.477 seconds; current allocated memory: 187.105 MB.
Execute     source C:/F.A.L.C.O.N/Vitis_WS/Gaussian_Filter_IP/Gaussian_Filter_IP/hls/.autopilot/db/Gaussian_Filter.rtl_wrap.cfg.tcl 
Execute     gen_rtl Gaussian_Filter -istop -style xilinx -f -lang vhdl -o C:/F.A.L.C.O.N/Vitis_WS/Gaussian_Filter_IP/Gaussian_Filter_IP/hls/syn/vhdl/Gaussian_Filter 
Execute     gen_rtl Gaussian_Filter -istop -style xilinx -f -lang vlog -o C:/F.A.L.C.O.N/Vitis_WS/Gaussian_Filter_IP/Gaussian_Filter_IP/hls/syn/verilog/Gaussian_Filter 
Execute     syn_report -csynth -model Gaussian_Filter -o C:/F.A.L.C.O.N/Vitis_WS/Gaussian_Filter_IP/Gaussian_Filter_IP/hls/syn/report/Gaussian_Filter_csynth.rpt 
Execute       list_part -family xc7z020-clg400-1 
Execute         ap_family_info -name xc7z020-clg400-1 -data names 
Execute         ap_part_info -quiet -name xc7z020-clg400-1 -data family 
Execute     syn_report -rtlxml -model Gaussian_Filter -o C:/F.A.L.C.O.N/Vitis_WS/Gaussian_Filter_IP/Gaussian_Filter_IP/hls/syn/report/Gaussian_Filter_csynth.xml 
Execute       list_part -family xc7z020-clg400-1 
Execute         ap_family_info -name xc7z020-clg400-1 -data names 
Execute         ap_part_info -quiet -name xc7z020-clg400-1 -data family 
Execute     syn_report -verbosereport -model Gaussian_Filter -o C:/F.A.L.C.O.N/Vitis_WS/Gaussian_Filter_IP/Gaussian_Filter_IP/hls/.autopilot/db/Gaussian_Filter.verbose.rpt 
Execute       list_part -family xc7z020-clg400-1 
Execute         ap_family_info -name xc7z020-clg400-1 -data names 
Execute         ap_part_info -quiet -name xc7z020-clg400-1 -data family 
Execute     db_write -model Gaussian_Filter -f -o C:/F.A.L.C.O.N/Vitis_WS/Gaussian_Filter_IP/Gaussian_Filter_IP/hls/.autopilot/db/Gaussian_Filter.adb 
Execute     db_write -model Gaussian_Filter -bindview -o C:/F.A.L.C.O.N/Vitis_WS/Gaussian_Filter_IP/Gaussian_Filter_IP/hls/.autopilot/db/design.bindinfo.xml 
Execute     gen_tb_info Gaussian_Filter -p C:/F.A.L.C.O.N/Vitis_WS/Gaussian_Filter_IP/Gaussian_Filter_IP/hls/.autopilot/db -o C:/F.A.L.C.O.N/Vitis_WS/Gaussian_Filter_IP/Gaussian_Filter_IP/hls/.autopilot/db/Gaussian_Filter 
Execute     export_constraint_db -f -tool general -o C:/F.A.L.C.O.N/Vitis_WS/Gaussian_Filter_IP/Gaussian_Filter_IP/hls/.autopilot/db/Gaussian_Filter.constraint.tcl 
Execute     syn_report -designview -model Gaussian_Filter -o C:/F.A.L.C.O.N/Vitis_WS/Gaussian_Filter_IP/Gaussian_Filter_IP/hls/.autopilot/db/Gaussian_Filter.design.xml 
Execute     syn_report -csynthDesign -model Gaussian_Filter -o C:/F.A.L.C.O.N/Vitis_WS/Gaussian_Filter_IP/Gaussian_Filter_IP/hls/syn/report/csynth.rpt -MHOut C:/F.A.L.C.O.N/Vitis_WS/Gaussian_Filter_IP/Gaussian_Filter_IP/hls/.autopilot/db/kernel_module_hierarchy.tcl 
Execute       list_part -family xc7z020-clg400-1 
Execute         ap_family_info -name xc7z020-clg400-1 -data names 
Execute         ap_part_info -quiet -name xc7z020-clg400-1 -data family 
Execute     syn_report -wcfg -model Gaussian_Filter -o C:/F.A.L.C.O.N/Vitis_WS/Gaussian_Filter_IP/Gaussian_Filter_IP/hls/.autopilot/db/Gaussian_Filter_dataflow_ana.wcfg 
Execute     syn_report -protoinst -model Gaussian_Filter -o C:/F.A.L.C.O.N/Vitis_WS/Gaussian_Filter_IP/Gaussian_Filter_IP/hls/.autopilot/db/Gaussian_Filter.protoinst 
Execute     sc_get_clocks Gaussian_Filter 
Execute     sc_get_portdomain Gaussian_Filter 
INFO-FLOW: Model list for RTL component generation: Gaussian_Filter_Pipeline_VITIS_LOOP_25_1_VITIS_LOOP_27_2 Gaussian_Filter
INFO-FLOW: Handling components in module [Gaussian_Filter_Pipeline_VITIS_LOOP_25_1_VITIS_LOOP_27_2] ... 
Execute     source C:/F.A.L.C.O.N/Vitis_WS/Gaussian_Filter_IP/Gaussian_Filter_IP/hls/.autopilot/db/Gaussian_Filter_Pipeline_VITIS_LOOP_25_1_VITIS_LOOP_27_2.compgen.tcl 
INFO-FLOW: Found component Gaussian_Filter_Gaussian_Filter_Pipeline_VITIS_LOOP_25_1_VITIS_LOOP_27_2_Line_Buffer_data_1_Rbkb.
INFO-FLOW: Append model Gaussian_Filter_Gaussian_Filter_Pipeline_VITIS_LOOP_25_1_VITIS_LOOP_27_2_Line_Buffer_data_1_Rbkb
INFO-FLOW: Found component Gaussian_Filter_flow_control_loop_pipe_sequential_init.
INFO-FLOW: Append model Gaussian_Filter_flow_control_loop_pipe_sequential_init
INFO-FLOW: Handling components in module [Gaussian_Filter] ... 
Execute     source C:/F.A.L.C.O.N/Vitis_WS/Gaussian_Filter_IP/Gaussian_Filter_IP/hls/.autopilot/db/Gaussian_Filter.compgen.tcl 
INFO-FLOW: Found component Gaussian_Filter_mul_31ns_31ns_62_2_1.
INFO-FLOW: Append model Gaussian_Filter_mul_31ns_31ns_62_2_1
INFO-FLOW: Found component Gaussian_Filter_control_s_axi.
INFO-FLOW: Append model Gaussian_Filter_control_s_axi
INFO-FLOW: Found component Gaussian_Filter_regslice_both.
INFO-FLOW: Append model Gaussian_Filter_regslice_both
INFO-FLOW: Found component Gaussian_Filter_regslice_both.
INFO-FLOW: Append model Gaussian_Filter_regslice_both
INFO-FLOW: Found component Gaussian_Filter_regslice_both.
INFO-FLOW: Append model Gaussian_Filter_regslice_both
INFO-FLOW: Found component Gaussian_Filter_regslice_both.
INFO-FLOW: Append model Gaussian_Filter_regslice_both
INFO-FLOW: Found component Gaussian_Filter_regslice_both.
INFO-FLOW: Append model Gaussian_Filter_regslice_both
INFO-FLOW: Found component Gaussian_Filter_regslice_both.
INFO-FLOW: Append model Gaussian_Filter_regslice_both
INFO-FLOW: Found component Gaussian_Filter_regslice_both.
INFO-FLOW: Append model Gaussian_Filter_regslice_both
INFO-FLOW: Found component Gaussian_Filter_regslice_both.
INFO-FLOW: Append model Gaussian_Filter_regslice_both
INFO-FLOW: Found component Gaussian_Filter_regslice_both.
INFO-FLOW: Append model Gaussian_Filter_regslice_both
INFO-FLOW: Found component Gaussian_Filter_regslice_both.
INFO-FLOW: Append model Gaussian_Filter_regslice_both
INFO-FLOW: Found component Gaussian_Filter_regslice_both.
INFO-FLOW: Append model Gaussian_Filter_regslice_both
INFO-FLOW: Found component Gaussian_Filter_regslice_both.
INFO-FLOW: Append model Gaussian_Filter_regslice_both
INFO-FLOW: Found component Gaussian_Filter_regslice_both.
INFO-FLOW: Append model Gaussian_Filter_regslice_both
INFO-FLOW: Found component Gaussian_Filter_regslice_both.
INFO-FLOW: Append model Gaussian_Filter_regslice_both
INFO-FLOW: Append model Gaussian_Filter_Pipeline_VITIS_LOOP_25_1_VITIS_LOOP_27_2
INFO-FLOW: Append model Gaussian_Filter
INFO-FLOW: Generating RTL model list ...
INFO-FLOW: All models in this session: Gaussian_Filter_Gaussian_Filter_Pipeline_VITIS_LOOP_25_1_VITIS_LOOP_27_2_Line_Buffer_data_1_Rbkb Gaussian_Filter_flow_control_loop_pipe_sequential_init Gaussian_Filter_mul_31ns_31ns_62_2_1 Gaussian_Filter_control_s_axi Gaussian_Filter_regslice_both Gaussian_Filter_regslice_both Gaussian_Filter_regslice_both Gaussian_Filter_regslice_both Gaussian_Filter_regslice_both Gaussian_Filter_regslice_both Gaussian_Filter_regslice_both Gaussian_Filter_regslice_both Gaussian_Filter_regslice_both Gaussian_Filter_regslice_both Gaussian_Filter_regslice_both Gaussian_Filter_regslice_both Gaussian_Filter_regslice_both Gaussian_Filter_regslice_both Gaussian_Filter_Pipeline_VITIS_LOOP_25_1_VITIS_LOOP_27_2 Gaussian_Filter
INFO-FLOW: Generating C:/F.A.L.C.O.N/Vitis_WS/Gaussian_Filter_IP/Gaussian_Filter_IP/hls/.autopilot/db/autopilot.rtl.models.txt file...
INFO-FLOW: To file: write model Gaussian_Filter_Gaussian_Filter_Pipeline_VITIS_LOOP_25_1_VITIS_LOOP_27_2_Line_Buffer_data_1_Rbkb
INFO-FLOW: To file: write model Gaussian_Filter_flow_control_loop_pipe_sequential_init
INFO-FLOW: To file: write model Gaussian_Filter_mul_31ns_31ns_62_2_1
INFO-FLOW: To file: write model Gaussian_Filter_control_s_axi
INFO-FLOW: To file: write model Gaussian_Filter_regslice_both
INFO-FLOW: To file: write model Gaussian_Filter_regslice_both
INFO-FLOW: To file: write model Gaussian_Filter_regslice_both
INFO-FLOW: To file: write model Gaussian_Filter_regslice_both
INFO-FLOW: To file: write model Gaussian_Filter_regslice_both
INFO-FLOW: To file: write model Gaussian_Filter_regslice_both
INFO-FLOW: To file: write model Gaussian_Filter_regslice_both
INFO-FLOW: To file: write model Gaussian_Filter_regslice_both
INFO-FLOW: To file: write model Gaussian_Filter_regslice_both
INFO-FLOW: To file: write model Gaussian_Filter_regslice_both
INFO-FLOW: To file: write model Gaussian_Filter_regslice_both
INFO-FLOW: To file: write model Gaussian_Filter_regslice_both
INFO-FLOW: To file: write model Gaussian_Filter_regslice_both
INFO-FLOW: To file: write model Gaussian_Filter_regslice_both
INFO-FLOW: To file: write model Gaussian_Filter_Pipeline_VITIS_LOOP_25_1_VITIS_LOOP_27_2
INFO-FLOW: To file: write model Gaussian_Filter
INFO-FLOW: Generating C:/F.A.L.C.O.N/Vitis_WS/Gaussian_Filter_IP/Gaussian_Filter_IP/hls/.autopilot/db/autopilot.rtl.models.tcl file...
INFO-FLOW: Finished generating RTL model list.


INFO-FLOW: RTL Generation done.
INFO-FLOW: CAS Generation done.
INFO-FLOW: CBC Generation done.
Execute     AP::msg_collection_file -close 
INFO-FLOW: DBG:PROC: ::AESL_AUTOMG::auto_generate_csynth_design
INFO-FLOW: DBG:PUTS: read_platform_lib C:/F.A.L.C.O.N/Vitis_WS/Gaussian_Filter_IP/Gaussian_Filter_IP/hls/.autopilot/db/global.setting.tcl
Execute     source C:/AMDDesignTools/2026.1/Vitis/common/technology/generic/autopilot/common.gen 
Execute       source C:/AMDDesignTools/2026.1/Vitis/common/technology/generic/autopilot/APCoreGen.gen 
Execute     source C:/AMDDesignTools/2026.1/Vitis/common/technology/generic/autopilot/op.gen 
Execute     source C:/AMDDesignTools/2026.1/Vitis/common/technology/generic/autopilot/op_simcore.gen 
Execute     source C:/AMDDesignTools/2026.1/Vitis/common/technology/generic/autopilot/interface.gen 
Execute     source C:/F.A.L.C.O.N/Vitis_WS/Gaussian_Filter_IP/Gaussian_Filter_IP/hls/.autopilot/db/global.setting.tcl 
Execute     source C:/AMDDesignTools/2026.1/Vitis/common/technology/xilinx/common/xilinx.gen 
Execute       source C:/AMDDesignTools/2026.1/Vitis/common/technology/xilinx/interface/plb46.gen 
Execute       source C:/AMDDesignTools/2026.1/Vitis/common/technology/xilinx/interface/axi4.gen 
Execute       source C:/AMDDesignTools/2026.1/Vitis/common/technology/xilinx/interface/nativeAXI4.gen 
Execute         source C:/AMDDesignTools/2026.1/Vitis/common/technology/xilinx/interface/saxilite.gen 
Execute       source C:/AMDDesignTools/2026.1/Vitis/common/technology/xilinx/scripts/xilinxcoregen.gen 
Execute       source C:/AMDDesignTools/2026.1/Vitis/common/technology/xilinx/interface/XilEDKCoreGen.gen 
Execute       source C:/AMDDesignTools/2026.1/Vitis/common/technology/xilinx/ip/dds_compiler.gen 
Execute       source C:/AMDDesignTools/2026.1/Vitis/common/technology/xilinx/ip/util.gen 
Execute       source C:/AMDDesignTools/2026.1/Vitis/common/technology/xilinx/ip/xfft.gen 
Execute       source C:/AMDDesignTools/2026.1/Vitis/common/technology/xilinx/ip/xfir.gen 
Execute       source C:/AMDDesignTools/2026.1/Vitis/common/technology/xilinx/DSP48/dsp48.gen 
Command     ap_source done; 0.128 sec.
INFO-FLOW: DBG:PUTS:   using AESL_AUTOCG::g_clock_period=10.000 (was NA)
INFO-FLOW: DBG:PROC: ::AESL_AUTOMG::generate_ip_cores gen_sim_model='1' gen_fp_models='0' gen_for_export='0' dstSCDir='' dstVhdlDir='C:/F.A.L.C.O.N/Vitis_WS/Gaussian_Filter_IP/Gaussian_Filter_IP/hls/.autopilot/db/vhdl' dstVlogDir='C:/F.A.L.C.O.N/Vitis_WS/Gaussian_Filter_IP/Gaussian_Filter_IP/hls/.autopilot/db/vlog' tclDir='C:/F.A.L.C.O.N/Vitis_WS/Gaussian_Filter_IP/Gaussian_Filter_IP/hls/.autopilot/db' modelList='Gaussian_Filter_Gaussian_Filter_Pipeline_VITIS_LOOP_25_1_VITIS_LOOP_27_2_Line_Buffer_data_1_Rbkb
Gaussian_Filter_flow_control_loop_pipe_sequential_init
Gaussian_Filter_mul_31ns_31ns_62_2_1
Gaussian_Filter_control_s_axi
Gaussian_Filter_regslice_both
Gaussian_Filter_regslice_both
Gaussian_Filter_regslice_both
Gaussian_Filter_regslice_both
Gaussian_Filter_regslice_both
Gaussian_Filter_regslice_both
Gaussian_Filter_regslice_both
Gaussian_Filter_regslice_both
Gaussian_Filter_regslice_both
Gaussian_Filter_regslice_both
Gaussian_Filter_regslice_both
Gaussian_Filter_regslice_both
Gaussian_Filter_regslice_both
Gaussian_Filter_regslice_both
Gaussian_Filter_Pipeline_VITIS_LOOP_25_1_VITIS_LOOP_27_2
Gaussian_Filter
' expOnly='0'
Execute     source C:/F.A.L.C.O.N/Vitis_WS/Gaussian_Filter_IP/Gaussian_Filter_IP/hls/.autopilot/db/global.setting.tcl 
Execute     ap_part_info -name xc7z020-clg400-1 -data names -quiet 
Execute     ap_part_info -name xc7z020-clg400-1 -data info -quiet 
Execute     source C:/F.A.L.C.O.N/Vitis_WS/Gaussian_Filter_IP/Gaussian_Filter_IP/hls/.autopilot/db/global.setting.tcl 
Execute     source C:/F.A.L.C.O.N/Vitis_WS/Gaussian_Filter_IP/Gaussian_Filter_IP/hls/.autopilot/db/global.setting.tcl 
Execute     source C:/F.A.L.C.O.N/Vitis_WS/Gaussian_Filter_IP/Gaussian_Filter_IP/hls/.autopilot/db/Gaussian_Filter_Pipeline_VITIS_LOOP_25_1_VITIS_LOOP_27_2.compgen.tcl 
Execute     source C:/F.A.L.C.O.N/Vitis_WS/Gaussian_Filter_IP/Gaussian_Filter_IP/hls/.autopilot/db/Gaussian_Filter.compgen.tcl 
Execute       source ./control.slave.tcl 
INFO: [HLS 200-111] Finished Generating all RTL models: CPU user time: 1 seconds. CPU system time: 0 seconds. Elapsed time: 1.037 seconds; current allocated memory: 190.820 MB.
INFO-FLOW: DBG:PROC: ::HLSREPORTS::create_csynth_xml bind_info_var='bind_info' RtlSubPrefix='Gaussian_Filter_' outfile=''
INFO-FLOW: Running: create_csynth_xml read xml data
INFO-FLOW: Done: create_csynth_xml read xml data time: 0 seconds 
INFO-FLOW: create_csynth_xml: all_module_nodes count=2
INFO-FLOW: Running: create_csynth_xml bind info
INFO-FLOW: create_csynth_xml: all_bind_nodes count=19
INFO-FLOW: Done: create_csynth_xml bind info time: 0 seconds 
INFO-FLOW: create_csynth_xml: bind_instances counts: modules=2 instances=19
INFO-FLOW: Running: create_csynth_xml update csynth_xml_module_hier
INFO-FLOW: Done: create_csynth_xml update csynth_xml_module_hier time: 0 seconds 
INFO-FLOW: create_csynth_xml: csynth_xml_module_hier max_depth=3
INFO-FLOW: Running: create_csynth_xml gen bind_report_dict
INFO-FLOW: Done: create_csynth_xml gen bind_report_dict time: 0 seconds 
INFO-FLOW: Running: create_csynth_xml config info
INFO-FLOW: Done: create_csynth_xml config info time: 0.7 seconds 
INFO-FLOW: Running: create_csynth_xml write xml
INFO-FLOW: Done: create_csynth_xml write xml time: 0 seconds 
INFO-FLOW: DBG:PUTS:      create_csynth_xml wrote csynth_xml=C:/F.A.L.C.O.N/Vitis_WS/Gaussian_Filter_IP/Gaussian_Filter_IP/hls/syn/report/csynth.xml
INFO-FLOW: Running: generate_json
INFO-FLOW: DBG:PROC: ::AP::DESIGN_DATA::generate_json generate_bd_files='0' generate_xo_files='0' modelList='Gaussian_Filter_Gaussian_Filter_Pipeline_VITIS_LOOP_25_1_VITIS_LOOP_27_2_Line_Buffer_data_1_Rbkb
Gaussian_Filter_flow_control_loop_pipe_sequential_init
Gaussian_Filter_mul_31ns_31ns_62_2_1
Gaussian_Filter_control_s_axi
Gaussian_Filter_regslice_both
Gaussian_Filter_regslice_both
Gaussian_Filter_regslice_both
Gaussian_Filter_regslice_both
Gaussian_Filter_regslice_both
Gaussian_Filter_regslice_both
Gaussian_Filter_regslice_both
Gaussian_Filter_regslice_both
Gaussian_Filter_regslice_both
Gaussian_Filter_regslice_both
Gaussian_Filter_regslice_both
Gaussian_Filter_regslice_both
Gaussian_Filter_regslice_both
Gaussian_Filter_regslice_both
Gaussian_Filter_Pipeline_VITIS_LOOP_25_1_VITIS_LOOP_27_2
Gaussian_Filter
' rtl_lang='both' bootstrap_tcl='false' outdir='' outfilename=''
Execute     source C:/F.A.L.C.O.N/Vitis_WS/Gaussian_Filter_IP/Gaussian_Filter_IP/hls/.autopilot/db/global.setting.tcl 
Execute     source C:/F.A.L.C.O.N/Vitis_WS/Gaussian_Filter_IP/Gaussian_Filter_IP/hls/.autopilot/db/global.setting.tcl 
Execute     source C:/F.A.L.C.O.N/Vitis_WS/Gaussian_Filter_IP/Gaussian_Filter_IP/hls/.autopilot/db/top-io-be.tcl 
Execute     source C:/F.A.L.C.O.N/Vitis_WS/Gaussian_Filter_IP/Gaussian_Filter_IP/hls/.autopilot/db/Gaussian_Filter.tbgen.tcl 
Execute     source C:/F.A.L.C.O.N/Vitis_WS/Gaussian_Filter_IP/Gaussian_Filter_IP/hls/.autopilot/db/Gaussian_Filter.compgen.dataonly.tcl 
Execute     source C:/F.A.L.C.O.N/Vitis_WS/Gaussian_Filter_IP/Gaussian_Filter_IP/hls/.autopilot/db/Gaussian_Filter.compgen.dataonly.tcl 
Execute     source C:/F.A.L.C.O.N/Vitis_WS/Gaussian_Filter_IP/Gaussian_Filter_IP/hls/.autopilot/db/Gaussian_Filter.rtl_wrap.cfg.tcl 
Execute     source C:/F.A.L.C.O.N/Vitis_WS/Gaussian_Filter_IP/Gaussian_Filter_IP/hls/.autopilot/db/Gaussian_Filter.compgen.dataonly.tcl 
Execute     source C:/F.A.L.C.O.N/Vitis_WS/Gaussian_Filter_IP/Gaussian_Filter_IP/hls/.autopilot/db/Gaussian_Filter_Pipeline_VITIS_LOOP_25_1_VITIS_LOOP_27_2.tbgen.tcl 
Execute     source C:/F.A.L.C.O.N/Vitis_WS/Gaussian_Filter_IP/Gaussian_Filter_IP/hls/.autopilot/db/Gaussian_Filter.tbgen.tcl 
Execute     source C:/F.A.L.C.O.N/Vitis_WS/Gaussian_Filter_IP/Gaussian_Filter_IP/hls/.autopilot/db/global.setting.tcl 
Execute     ap_part_info -name xc7z020-clg400-1 -data names -quiet 
Execute     ap_part_info -name xc7z020-clg400-1 -data info -quiet 
Execute     source C:/F.A.L.C.O.N/Vitis_WS/Gaussian_Filter_IP/Gaussian_Filter_IP/hls/.autopilot/db/Gaussian_Filter.constraint.tcl 
Execute     sc_get_clocks Gaussian_Filter 
Execute     source C:/F.A.L.C.O.N/Vitis_WS/Gaussian_Filter_IP/Gaussian_Filter_IP/hls/.autopilot/db/global.setting.tcl 
Execute     source C:/AMDDesignTools/2026.1/Vitis/tps/tcl/tcllib2.0/fileutil/fileutil.tcl 
INFO-FLOW: Done: generate_json time: 0.8 seconds 
INFO-FLOW: Running: add_csynth_report_sections
INFO-FLOW: DBG:PROC: ::HLSREPORTS::add_csynth_report_sections bind_info_dict='adapter_nodes {{BINDTYPE adapter ID {} IMPL {} LATENCY {} OPTYPE {} PRAGMA {} RTLNAME control_s_axi_U SOURCE {} VARIABLE {} LOOP {} BUNDLEDNAME control DSP 0 BRAM 0 URAM 0 STORAGESUBTYPE s_axilite STORAGESIZE {} CE_REG {} STORAGEUSAGE interface DISPNAME {bind_adapter }}} cache_nodes {} report_dict {TOPINST Gaussian_Filter MODULE2INSTS {Gaussian_Filter Gaussian_Filter Gaussian_Filter_Pipeline_VITIS_LOOP_25_1_VITIS_LOOP_27_2 grp_Gaussian_Filter_Pipeline_VITIS_LOOP_25_1_VITIS_LOOP_27_2_fu_86} INST2MODULE {Gaussian_Filter Gaussian_Filter grp_Gaussian_Filter_Pipeline_VITIS_LOOP_25_1_VITIS_LOOP_27_2_fu_86 Gaussian_Filter_Pipeline_VITIS_LOOP_25_1_VITIS_LOOP_27_2} INSTDATA {Gaussian_Filter {DEPTH 1 CHILDREN grp_Gaussian_Filter_Pipeline_VITIS_LOOP_25_1_VITIS_LOOP_27_2_fu_86} grp_Gaussian_Filter_Pipeline_VITIS_LOOP_25_1_VITIS_LOOP_27_2_fu_86 {DEPTH 2 CHILDREN {}}} MODULEDATA {Gaussian_Filter_Pipeline_VITIS_LOOP_25_1_VITIS_LOOP_27_2 {BINDINFO {{BINDTYPE storage BINDID 8589934627 ID {} IMPL auto LATENCY 1 OPTYPE ram_1p PRAGMA {} RTLNAME Line_Buffer_data_1_U SOURCE Gaussian_Filter.cpp:17 VARIABLE Line_Buffer_data_1 LOOP {} BUNDLEDNAME {} DSP 0 BRAM 4 URAM 0 STORAGESUBTYPE {} STORAGESIZE {32 1920 1} CE_REG N STORAGEUSAGE {ram_1p array} DISPNAME {bind_storage ram_1p} VISIBLE true} {BINDTYPE storage BINDID 8589934628 ID {} IMPL auto LATENCY 1 OPTYPE ram_1p PRAGMA {} RTLNAME Line_Buffer_data_U SOURCE Gaussian_Filter.cpp:17 VARIABLE Line_Buffer_data LOOP {} BUNDLEDNAME {} DSP 0 BRAM 4 URAM 0 STORAGESUBTYPE {} STORAGESIZE {32 1920 1} CE_REG N STORAGEUSAGE {ram_1p array} DISPNAME {bind_storage ram_1p} VISIBLE true} {BINDTYPE op ID {} IMPL auto LATENCY 0 OPTYPE setlt PRAGMA {} RTLNAME icmp_ln27_fu_284_p2 SOURCE Gaussian_Filter.cpp:27 VARIABLE icmp_ln27 LOOP VITIS_LOOP_25_1_VITIS_LOOP_27_2 BUNDLEDNAME {} DSP 0 BRAM 0 URAM 0 STORAGESUBTYPE {} CE_REG {} DISPNAME {bind_op setlt} VISIBLE false} {BINDTYPE op ID {} IMPL auto LATENCY 0 OPTYPE seteq PRAGMA {} RTLNAME icmp_ln25_fu_261_p2 SOURCE Gaussian_Filter.cpp:25 VARIABLE icmp_ln25 LOOP VITIS_LOOP_25_1_VITIS_LOOP_27_2 BUNDLEDNAME {} DSP 0 BRAM 0 URAM 0 STORAGESUBTYPE {} CE_REG {} DISPNAME {bind_op seteq} VISIBLE false} {BINDTYPE op ID {} IMPL fabric LATENCY 0 OPTYPE add PRAGMA {} RTLNAME add_ln25_fu_266_p2 SOURCE Gaussian_Filter.cpp:25 VARIABLE add_ln25 LOOP VITIS_LOOP_25_1_VITIS_LOOP_27_2 BUNDLEDNAME {} DSP 0 BRAM 0 URAM 0 STORAGESUBTYPE {} CE_REG {} DISPNAME {bind_op add} VISIBLE true} {BINDTYPE op ID {} IMPL auto_sel LATENCY 0 OPTYPE select PRAGMA {} RTLNAME select_ln25_fu_289_p3 SOURCE Gaussian_Filter.cpp:25 VARIABLE select_ln25 LOOP VITIS_LOOP_25_1_VITIS_LOOP_27_2 BUNDLEDNAME {} DSP 0 BRAM 0 URAM 0 STORAGESUBTYPE {} CE_REG {} DISPNAME {bind_op select} VISIBLE false} {BINDTYPE op ID {} IMPL auto LATENCY 0 OPTYPE seteq PRAGMA {} RTLNAME addr_cmp25_fu_335_p2 SOURCE Gaussian_Filter.cpp:27 VARIABLE addr_cmp25 LOOP VITIS_LOOP_25_1_VITIS_LOOP_27_2 BUNDLEDNAME {} DSP 0 BRAM 0 URAM 0 STORAGESUBTYPE {} CE_REG {} DISPNAME {bind_op seteq} VISIBLE false} {BINDTYPE op ID {} IMPL auto_sel LATENCY 0 OPTYPE select PRAGMA {} RTLNAME reuse_select26_fu_410_p3 SOURCE Gaussian_Filter.cpp:27 VARIABLE reuse_select26 LOOP VITIS_LOOP_25_1_VITIS_LOOP_27_2 BUNDLEDNAME {} DSP 0 BRAM 0 URAM 0 STORAGESUBTYPE {} CE_REG {} DISPNAME {bind_op select} VISIBLE false} {BINDTYPE op ID {} IMPL auto LATENCY 0 OPTYPE seteq PRAGMA {} RTLNAME addr_cmp_fu_344_p2 SOURCE Gaussian_Filter.cpp:27 VARIABLE addr_cmp LOOP VITIS_LOOP_25_1_VITIS_LOOP_27_2 BUNDLEDNAME {} DSP 0 BRAM 0 URAM 0 STORAGESUBTYPE {} CE_REG {} DISPNAME {bind_op seteq} VISIBLE false} {BINDTYPE op ID {} IMPL auto_sel LATENCY 0 OPTYPE select PRAGMA {} RTLNAME reuse_select_fu_377_p3 SOURCE Gaussian_Filter.cpp:27 VARIABLE reuse_select LOOP VITIS_LOOP_25_1_VITIS_LOOP_27_2 BUNDLEDNAME {} DSP 0 BRAM 0 URAM 0 STORAGESUBTYPE {} CE_REG {} DISPNAME {bind_op select} VISIBLE false} {BINDTYPE op ID {} IMPL fabric LATENCY 0 OPTYPE add PRAGMA {} RTLNAME tmp1_fu_442_p2 SOURCE Gaussian_Filter.cpp:42 VARIABLE tmp1 LOOP VITIS_LOOP_25_1_VITIS_LOOP_27_2 BUNDLEDNAME {} DSP 0 BRAM 0 URAM 0 STORAGESUBTYPE {} CE_REG {} DISPNAME {bind_op add} VISIBLE true} {BINDTYPE op ID {} IMPL fabric LATENCY 0 OPTYPE add PRAGMA {} RTLNAME add_ln55_fu_453_p2 SOURCE Gaussian_Filter.cpp:55 VARIABLE add_ln55 LOOP VITIS_LOOP_25_1_VITIS_LOOP_27_2 BUNDLEDNAME {} DSP 0 BRAM 0 URAM 0 STORAGESUBTYPE {} CE_REG {} DISPNAME {bind_op add} VISIBLE true} {BINDTYPE op ID {} IMPL fabric LATENCY 0 OPTYPE add PRAGMA {} RTLNAME add_ln27_fu_360_p2 SOURCE Gaussian_Filter.cpp:27 VARIABLE add_ln27 LOOP VITIS_LOOP_25_1_VITIS_LOOP_27_2 BUNDLEDNAME {} DSP 0 BRAM 0 URAM 0 STORAGESUBTYPE {} CE_REG {} DISPNAME {bind_op add} VISIBLE true}} AREA {DSP 0 BRAM 8 URAM 0}} Gaussian_Filter {BINDINFO {{BINDTYPE op ID {} IMPL auto LATENCY 0 OPTYPE setgt PRAGMA {} RTLNAME empty_fu_132_p2 SOURCE Gaussian_Filter.cpp:9 VARIABLE empty LOOP {} BUNDLEDNAME {} DSP 0 BRAM 0 URAM 0 STORAGESUBTYPE {} CE_REG {} DISPNAME {bind_op setgt} VISIBLE false} {BINDTYPE op ID {} IMPL auto_sel LATENCY 0 OPTYPE select PRAGMA {} RTLNAME smax_fu_138_p3 SOURCE Gaussian_Filter.cpp:9 VARIABLE smax LOOP {} BUNDLEDNAME {} DSP 0 BRAM 0 URAM 0 STORAGESUBTYPE {} CE_REG {} DISPNAME {bind_op select} VISIBLE false} {BINDTYPE op ID {} IMPL auto LATENCY 0 OPTYPE setgt PRAGMA {} RTLNAME empty_30_fu_146_p2 SOURCE Gaussian_Filter.cpp:9 VARIABLE empty_30 LOOP {} BUNDLEDNAME {} DSP 0 BRAM 0 URAM 0 STORAGESUBTYPE {} CE_REG {} DISPNAME {bind_op setgt} VISIBLE false} {BINDTYPE op ID {} IMPL auto_sel LATENCY 0 OPTYPE select PRAGMA {} RTLNAME smax1_fu_152_p3 SOURCE Gaussian_Filter.cpp:9 VARIABLE smax1 LOOP {} BUNDLEDNAME {} DSP 0 BRAM 0 URAM 0 STORAGESUBTYPE {} CE_REG {} DISPNAME {bind_op select} VISIBLE false} {BINDTYPE op ID {} IMPL auto LATENCY 1 OPTYPE mul PRAGMA {} RTLNAME mul_31ns_31ns_62_2_1_U18 SOURCE Gaussian_Filter.cpp:9 VARIABLE bound LOOP {} BUNDLEDNAME {} DSP 4 BRAM 0 URAM 0 STORAGESUBTYPE {} CE_REG {} DISPNAME {bind_op mul} VISIBLE true}} AREA {DSP 4 BRAM 8 URAM 0}}}}'
INFO-FLOW: DBG:PUTS:      update_csynth_reports json2rpt_hw_sw_interfaces
INFO-FLOW: Running: gen_csynth_sec_pragma
INFO-FLOW: Done: gen_csynth_sec_pragma time: 0.1 seconds 
Execute     send_msg_by_id INFO @200-2225@%s C:/F.A.L.C.O.N/Vitis_WS/Gaussian_Filter_IP/Gaussian_Filter_IP/hls/syn/inferred_directives.ini 
INFO: [HLS 200-2225] Wrote inferred directives to file C:/F.A.L.C.O.N/Vitis_WS/Gaussian_Filter_IP/Gaussian_Filter_IP/hls/syn/inferred_directives.ini
INFO-FLOW: DBG:PUTS:      update_csynth_reports wrote xml
INFO-FLOW: DBG:PUTS:      update_csynth_reports appended to csynth rpt file
INFO-FLOW: Done: add_csynth_report_sections time: 0.2 seconds 
INFO: [HLS 200-111] Finished Updating report files: CPU user time: 1 seconds. CPU system time: 1 seconds. Elapsed time: 1.747 seconds; current allocated memory: 195.094 MB.
INFO: [VHDL 208-304] Generating VHDL RTL for Gaussian_Filter.
INFO: [VLOG 209-307] Generating Verilog RTL for Gaussian_Filter.
Execute     syn_report -model Gaussian_Filter -printsummary 
INFO: [HLS 200-790] **** Loop Constraint Status: All loop constraints were satisfied.
INFO: [HLS 200-789] **** Estimated Fmax: 138.77 MHz
Execute     AP::msg_collection_file -close 
Command   csynth_design done; 33.719 sec.
Execute   close_project 
Execute     close_solution 
Execute       cleanup_all 
Execute       cleanup_all 
Execute       source -notrace -encoding utf-8 C:/AMDDesignTools/2026.1/Vitis/tps/tcl/tcl8.6/clock.tcl 
Execute         source -encoding utf-8 C:/AMDDesignTools/2026.1/Vitis/tps/tcl/tcl8/8.5/msgcat-1.6.1.tm 
Execute           source C:/AMDDesignTools/2026.1/Vitis/tps/tcl/tcllib2.0/0compatibility/pkgIndex.tcl 
Execute           source C:/AMDDesignTools/2026.1/Vitis/tps/tcl/tcllib2.0/amazon-s3/pkgIndex.tcl 
Execute           source C:/AMDDesignTools/2026.1/Vitis/tps/tcl/tcllib2.0/asn/pkgIndex.tcl 
Execute           source C:/AMDDesignTools/2026.1/Vitis/tps/tcl/tcllib2.0/base32/pkgIndex.tcl 
Execute           source C:/AMDDesignTools/2026.1/Vitis/tps/tcl/tcllib2.0/base64/pkgIndex.tcl 
Execute           source C:/AMDDesignTools/2026.1/Vitis/tps/tcl/tcllib2.0/bee/pkgIndex.tcl 
Execute           source C:/AMDDesignTools/2026.1/Vitis/tps/tcl/tcllib2.0/bench/pkgIndex.tcl 
Execute           source C:/AMDDesignTools/2026.1/Vitis/tps/tcl/tcllib2.0/bibtex/pkgIndex.tcl 
Execute           source C:/AMDDesignTools/2026.1/Vitis/tps/tcl/tcllib2.0/cache/pkgIndex.tcl 
Execute           source C:/AMDDesignTools/2026.1/Vitis/tps/tcl/tcllib2.0/clay/pkgIndex.tcl 
Execute           source C:/AMDDesignTools/2026.1/Vitis/tps/tcl/tcllib2.0/clock/pkgIndex.tcl 
Execute           source C:/AMDDesignTools/2026.1/Vitis/tps/tcl/tcllib2.0/cmdline/pkgIndex.tcl 
Execute           source C:/AMDDesignTools/2026.1/Vitis/tps/tcl/tcllib2.0/comm/pkgIndex.tcl 
Execute           source C:/AMDDesignTools/2026.1/Vitis/tps/tcl/tcllib2.0/control/pkgIndex.tcl 
Execute           source C:/AMDDesignTools/2026.1/Vitis/tps/tcl/tcllib2.0/coroutine/pkgIndex.tcl 
Execute           source C:/AMDDesignTools/2026.1/Vitis/tps/tcl/tcllib2.0/counter/pkgIndex.tcl 
Execute           source C:/AMDDesignTools/2026.1/Vitis/tps/tcl/tcllib2.0/crc/pkgIndex.tcl 
Execute           source C:/AMDDesignTools/2026.1/Vitis/tps/tcl/tcllib2.0/cron/pkgIndex.tcl 
Execute           source C:/AMDDesignTools/2026.1/Vitis/tps/tcl/tcllib2.0/csv/pkgIndex.tcl 
Execute           source C:/AMDDesignTools/2026.1/Vitis/tps/tcl/tcllib2.0/debug/pkgIndex.tcl 
Execute           source C:/AMDDesignTools/2026.1/Vitis/tps/tcl/tcllib2.0/defer/pkgIndex.tcl 
Execute           source C:/AMDDesignTools/2026.1/Vitis/tps/tcl/tcllib2.0/dicttool/pkgIndex.tcl 
Execute           source C:/AMDDesignTools/2026.1/Vitis/tps/tcl/tcllib2.0/dns/pkgIndex.tcl 
Execute           source C:/AMDDesignTools/2026.1/Vitis/tps/tcl/tcllib2.0/docstrip/pkgIndex.tcl 
Execute           source C:/AMDDesignTools/2026.1/Vitis/tps/tcl/tcllib2.0/doctools/pkgIndex.tcl 
Execute           source C:/AMDDesignTools/2026.1/Vitis/tps/tcl/tcllib2.0/doctools2base/pkgIndex.tcl 
Execute           source C:/AMDDesignTools/2026.1/Vitis/tps/tcl/tcllib2.0/doctools2idx/pkgIndex.tcl 
Execute           source C:/AMDDesignTools/2026.1/Vitis/tps/tcl/tcllib2.0/doctools2toc/pkgIndex.tcl 
Execute           source C:/AMDDesignTools/2026.1/Vitis/tps/tcl/tcllib2.0/dtplite/pkgIndex.tcl 
Execute           source C:/AMDDesignTools/2026.1/Vitis/tps/tcl/tcllib2.0/fileutil/pkgIndex.tcl 
Execute           source C:/AMDDesignTools/2026.1/Vitis/tps/tcl/tcllib2.0/ftp/pkgIndex.tcl 
Execute           source C:/AMDDesignTools/2026.1/Vitis/tps/tcl/tcllib2.0/ftpd/pkgIndex.tcl 
Execute           source C:/AMDDesignTools/2026.1/Vitis/tps/tcl/tcllib2.0/fumagic/pkgIndex.tcl 
Execute           source C:/AMDDesignTools/2026.1/Vitis/tps/tcl/tcllib2.0/generator/pkgIndex.tcl 
Execute           source C:/AMDDesignTools/2026.1/Vitis/tps/tcl/tcllib2.0/gpx/pkgIndex.tcl 
Execute           source C:/AMDDesignTools/2026.1/Vitis/tps/tcl/tcllib2.0/grammar_aycock/pkgIndex.tcl 
Execute           source C:/AMDDesignTools/2026.1/Vitis/tps/tcl/tcllib2.0/grammar_fa/pkgIndex.tcl 
Execute           source C:/AMDDesignTools/2026.1/Vitis/tps/tcl/tcllib2.0/grammar_me/pkgIndex.tcl 
Execute           source C:/AMDDesignTools/2026.1/Vitis/tps/tcl/tcllib2.0/grammar_peg/pkgIndex.tcl 
Execute           source C:/AMDDesignTools/2026.1/Vitis/tps/tcl/tcllib2.0/hook/pkgIndex.tcl 
Execute           source C:/AMDDesignTools/2026.1/Vitis/tps/tcl/tcllib2.0/html/pkgIndex.tcl 
Execute           source C:/AMDDesignTools/2026.1/Vitis/tps/tcl/tcllib2.0/htmlparse/pkgIndex.tcl 
Execute           source C:/AMDDesignTools/2026.1/Vitis/tps/tcl/tcllib2.0/http/pkgIndex.tcl 
Execute           source C:/AMDDesignTools/2026.1/Vitis/tps/tcl/tcllib2.0/httpd/pkgIndex.tcl 
Execute           source C:/AMDDesignTools/2026.1/Vitis/tps/tcl/tcllib2.0/httpwget/pkgIndex.tcl 
Execute           source C:/AMDDesignTools/2026.1/Vitis/tps/tcl/tcllib2.0/ident/pkgIndex.tcl 
Execute           source C:/AMDDesignTools/2026.1/Vitis/tps/tcl/tcllib2.0/imap4/pkgIndex.tcl 
Execute           source C:/AMDDesignTools/2026.1/Vitis/tps/tcl/tcllib2.0/inifile/pkgIndex.tcl 
Execute           source C:/AMDDesignTools/2026.1/Vitis/tps/tcl/tcllib2.0/interp/pkgIndex.tcl 
Execute           source C:/AMDDesignTools/2026.1/Vitis/tps/tcl/tcllib2.0/irc/pkgIndex.tcl 
Execute           source C:/AMDDesignTools/2026.1/Vitis/tps/tcl/tcllib2.0/javascript/pkgIndex.tcl 
Execute           source C:/AMDDesignTools/2026.1/Vitis/tps/tcl/tcllib2.0/jpeg/pkgIndex.tcl 
Execute           source C:/AMDDesignTools/2026.1/Vitis/tps/tcl/tcllib2.0/json/pkgIndex.tcl 
Execute           source C:/AMDDesignTools/2026.1/Vitis/tps/tcl/tcllib2.0/lambda/pkgIndex.tcl 
Execute           source C:/AMDDesignTools/2026.1/Vitis/tps/tcl/tcllib2.0/lazyset/pkgIndex.tcl 
Execute           source C:/AMDDesignTools/2026.1/Vitis/tps/tcl/tcllib2.0/ldap/pkgIndex.tcl 
Execute           source C:/AMDDesignTools/2026.1/Vitis/tps/tcl/tcllib2.0/log/pkgIndex.tcl 
Execute           source C:/AMDDesignTools/2026.1/Vitis/tps/tcl/tcllib2.0/map/pkgIndex.tcl 
Execute           source C:/AMDDesignTools/2026.1/Vitis/tps/tcl/tcllib2.0/mapproj/pkgIndex.tcl 
Execute           source C:/AMDDesignTools/2026.1/Vitis/tps/tcl/tcllib2.0/markdown/pkgIndex.tcl 
Execute           source C:/AMDDesignTools/2026.1/Vitis/tps/tcl/tcllib2.0/math/pkgIndex.tcl 
Execute           source C:/AMDDesignTools/2026.1/Vitis/tps/tcl/tcllib2.0/md4/pkgIndex.tcl 
Execute           source C:/AMDDesignTools/2026.1/Vitis/tps/tcl/tcllib2.0/md5/pkgIndex.tcl 
Execute           source C:/AMDDesignTools/2026.1/Vitis/tps/tcl/tcllib2.0/md5crypt/pkgIndex.tcl 
Execute           source C:/AMDDesignTools/2026.1/Vitis/tps/tcl/tcllib2.0/mime/pkgIndex.tcl 
Execute           source C:/AMDDesignTools/2026.1/Vitis/tps/tcl/tcllib2.0/mkdoc/pkgIndex.tcl 
Execute           source C:/AMDDesignTools/2026.1/Vitis/tps/tcl/tcllib2.0/multiplexer/pkgIndex.tcl 
Execute           source C:/AMDDesignTools/2026.1/Vitis/tps/tcl/tcllib2.0/namespacex/pkgIndex.tcl 
Execute           source C:/AMDDesignTools/2026.1/Vitis/tps/tcl/tcllib2.0/ncgi/pkgIndex.tcl 
Execute           source C:/AMDDesignTools/2026.1/Vitis/tps/tcl/tcllib2.0/nettool/pkgIndex.tcl 
Execute           source C:/AMDDesignTools/2026.1/Vitis/tps/tcl/tcllib2.0/nmea/pkgIndex.tcl 
Execute           source C:/AMDDesignTools/2026.1/Vitis/tps/tcl/tcllib2.0/nns/pkgIndex.tcl 
Execute           source C:/AMDDesignTools/2026.1/Vitis/tps/tcl/tcllib2.0/nntp/pkgIndex.tcl 
Execute           source C:/AMDDesignTools/2026.1/Vitis/tps/tcl/tcllib2.0/ntp/pkgIndex.tcl 
Execute           source C:/AMDDesignTools/2026.1/Vitis/tps/tcl/tcllib2.0/oauth/pkgIndex.tcl 
Execute           source C:/AMDDesignTools/2026.1/Vitis/tps/tcl/tcllib2.0/oodialect/pkgIndex.tcl 
Execute           source C:/AMDDesignTools/2026.1/Vitis/tps/tcl/tcllib2.0/oometa/pkgIndex.tcl 
Execute           source C:/AMDDesignTools/2026.1/Vitis/tps/tcl/tcllib2.0/ooutil/pkgIndex.tcl 
Execute           source C:/AMDDesignTools/2026.1/Vitis/tps/tcl/tcllib2.0/otp/pkgIndex.tcl 
Execute           source C:/AMDDesignTools/2026.1/Vitis/tps/tcl/tcllib2.0/page/pkgIndex.tcl 
Execute           source C:/AMDDesignTools/2026.1/Vitis/tps/tcl/tcllib2.0/pluginmgr/pkgIndex.tcl 
Execute           source C:/AMDDesignTools/2026.1/Vitis/tps/tcl/tcllib2.0/png/pkgIndex.tcl 
Execute           source C:/AMDDesignTools/2026.1/Vitis/tps/tcl/tcllib2.0/pop3/pkgIndex.tcl 
Execute           source C:/AMDDesignTools/2026.1/Vitis/tps/tcl/tcllib2.0/pop3d/pkgIndex.tcl 
Execute           source C:/AMDDesignTools/2026.1/Vitis/tps/tcl/tcllib2.0/practcl/pkgIndex.tcl 
Execute           source C:/AMDDesignTools/2026.1/Vitis/tps/tcl/tcllib2.0/processman/pkgIndex.tcl 
Execute           source C:/AMDDesignTools/2026.1/Vitis/tps/tcl/tcllib2.0/profiler/pkgIndex.tcl 
Execute           source C:/AMDDesignTools/2026.1/Vitis/tps/tcl/tcllib2.0/pt/pkgIndex.tcl 
Execute           source C:/AMDDesignTools/2026.1/Vitis/tps/tcl/tcllib2.0/rcs/pkgIndex.tcl 
Execute           source C:/AMDDesignTools/2026.1/Vitis/tps/tcl/tcllib2.0/report/pkgIndex.tcl 
Execute           source C:/AMDDesignTools/2026.1/Vitis/tps/tcl/tcllib2.0/rest/pkgIndex.tcl 
Execute           source C:/AMDDesignTools/2026.1/Vitis/tps/tcl/tcllib2.0/ripemd/pkgIndex.tcl 
Execute           source C:/AMDDesignTools/2026.1/Vitis/tps/tcl/tcllib2.0/sasl/pkgIndex.tcl 
Execute           source C:/AMDDesignTools/2026.1/Vitis/tps/tcl/tcllib2.0/sha1/pkgIndex.tcl 
Execute           source C:/AMDDesignTools/2026.1/Vitis/tps/tcl/tcllib2.0/simulation/pkgIndex.tcl 
Execute           source C:/AMDDesignTools/2026.1/Vitis/tps/tcl/tcllib2.0/smtpd/pkgIndex.tcl 
Execute           source C:/AMDDesignTools/2026.1/Vitis/tps/tcl/tcllib2.0/snit/pkgIndex.tcl 
Execute           source C:/AMDDesignTools/2026.1/Vitis/tps/tcl/tcllib2.0/soundex/pkgIndex.tcl 
Execute           source C:/AMDDesignTools/2026.1/Vitis/tps/tcl/tcllib2.0/stooop/pkgIndex.tcl 
Execute           source C:/AMDDesignTools/2026.1/Vitis/tps/tcl/tcllib2.0/string/pkgIndex.tcl 
Execute           source C:/AMDDesignTools/2026.1/Vitis/tps/tcl/tcllib2.0/stringprep/pkgIndex.tcl 
Execute           source C:/AMDDesignTools/2026.1/Vitis/tps/tcl/tcllib2.0/struct/pkgIndex.tcl 
Execute           source C:/AMDDesignTools/2026.1/Vitis/tps/tcl/tcllib2.0/tar/pkgIndex.tcl 
Execute           source C:/AMDDesignTools/2026.1/Vitis/tps/tcl/tcllib2.0/tepam/pkgIndex.tcl 
Execute           source C:/AMDDesignTools/2026.1/Vitis/tps/tcl/tcllib2.0/term/pkgIndex.tcl 
Execute           source C:/AMDDesignTools/2026.1/Vitis/tps/tcl/tcllib2.0/textutil/pkgIndex.tcl 
Execute           source C:/AMDDesignTools/2026.1/Vitis/tps/tcl/tcllib2.0/tie/pkgIndex.tcl 
Execute           source C:/AMDDesignTools/2026.1/Vitis/tps/tcl/tcllib2.0/tiff/pkgIndex.tcl 
Execute           source C:/AMDDesignTools/2026.1/Vitis/tps/tcl/tcllib2.0/tool/pkgIndex.tcl 
Execute           source C:/AMDDesignTools/2026.1/Vitis/tps/tcl/tcllib2.0/transfer/pkgIndex.tcl 
Execute           source C:/AMDDesignTools/2026.1/Vitis/tps/tcl/tcllib2.0/treeql/pkgIndex.tcl 
Execute           source C:/AMDDesignTools/2026.1/Vitis/tps/tcl/tcllib2.0/try/pkgIndex.tcl 
Execute           source C:/AMDDesignTools/2026.1/Vitis/tps/tcl/tcllib2.0/udpcluster/pkgIndex.tcl 
Execute           source C:/AMDDesignTools/2026.1/Vitis/tps/tcl/tcllib2.0/uev/pkgIndex.tcl 
Execute           source C:/AMDDesignTools/2026.1/Vitis/tps/tcl/tcllib2.0/units/pkgIndex.tcl 
Execute           source C:/AMDDesignTools/2026.1/Vitis/tps/tcl/tcllib2.0/uri/pkgIndex.tcl 
Execute           source C:/AMDDesignTools/2026.1/Vitis/tps/tcl/tcllib2.0/uuid/pkgIndex.tcl 
Execute           source C:/AMDDesignTools/2026.1/Vitis/tps/tcl/tcllib2.0/valtype/pkgIndex.tcl 
Execute           source C:/AMDDesignTools/2026.1/Vitis/tps/tcl/tcllib2.0/virtchannel_base/pkgIndex.tcl 
Execute           source C:/AMDDesignTools/2026.1/Vitis/tps/tcl/tcllib2.0/virtchannel_core/pkgIndex.tcl 
Execute           source C:/AMDDesignTools/2026.1/Vitis/tps/tcl/tcllib2.0/virtchannel_transform/pkgIndex.tcl 
Execute           source C:/AMDDesignTools/2026.1/Vitis/tps/tcl/tcllib2.0/websocket/pkgIndex.tcl 
Execute           source C:/AMDDesignTools/2026.1/Vitis/tps/tcl/tcllib2.0/wip/pkgIndex.tcl 
Execute           source C:/AMDDesignTools/2026.1/Vitis/tps/tcl/tcllib2.0/yaml/pkgIndex.tcl 
Execute           source C:/AMDDesignTools/2026.1/Vitis/tps/tcl/tcllib2.0/zip/pkgIndex.tcl 
Execute           source C:/AMDDesignTools/2026.1/Vitis/tps/tcl/tcllib2.0/pkgIndex.tcl 
Execute             source C:/AMDDesignTools/2026.1/Vitis/tps/tcl/tcllib2.0/0compatibility/pkgIndex.tcl 
Execute             source C:/AMDDesignTools/2026.1/Vitis/tps/tcl/tcllib2.0/amazon-s3/pkgIndex.tcl 
Execute             source C:/AMDDesignTools/2026.1/Vitis/tps/tcl/tcllib2.0/asn/pkgIndex.tcl 
Execute             source C:/AMDDesignTools/2026.1/Vitis/tps/tcl/tcllib2.0/base32/pkgIndex.tcl 
Execute             source C:/AMDDesignTools/2026.1/Vitis/tps/tcl/tcllib2.0/base64/pkgIndex.tcl 
Execute             source C:/AMDDesignTools/2026.1/Vitis/tps/tcl/tcllib2.0/bee/pkgIndex.tcl 
Execute             source C:/AMDDesignTools/2026.1/Vitis/tps/tcl/tcllib2.0/bench/pkgIndex.tcl 
Execute             source C:/AMDDesignTools/2026.1/Vitis/tps/tcl/tcllib2.0/bibtex/pkgIndex.tcl 
Execute             source C:/AMDDesignTools/2026.1/Vitis/tps/tcl/tcllib2.0/cache/pkgIndex.tcl 
Execute             source C:/AMDDesignTools/2026.1/Vitis/tps/tcl/tcllib2.0/clay/pkgIndex.tcl 
Execute             source C:/AMDDesignTools/2026.1/Vitis/tps/tcl/tcllib2.0/clock/pkgIndex.tcl 
Execute             source C:/AMDDesignTools/2026.1/Vitis/tps/tcl/tcllib2.0/cmdline/pkgIndex.tcl 
Execute             source C:/AMDDesignTools/2026.1/Vitis/tps/tcl/tcllib2.0/comm/pkgIndex.tcl 
Execute             source C:/AMDDesignTools/2026.1/Vitis/tps/tcl/tcllib2.0/control/pkgIndex.tcl 
Execute             source C:/AMDDesignTools/2026.1/Vitis/tps/tcl/tcllib2.0/coroutine/pkgIndex.tcl 
Execute             source C:/AMDDesignTools/2026.1/Vitis/tps/tcl/tcllib2.0/counter/pkgIndex.tcl 
Execute             source C:/AMDDesignTools/2026.1/Vitis/tps/tcl/tcllib2.0/crc/pkgIndex.tcl 
Execute             source C:/AMDDesignTools/2026.1/Vitis/tps/tcl/tcllib2.0/cron/pkgIndex.tcl 
Execute             source C:/AMDDesignTools/2026.1/Vitis/tps/tcl/tcllib2.0/csv/pkgIndex.tcl 
Execute             source C:/AMDDesignTools/2026.1/Vitis/tps/tcl/tcllib2.0/debug/pkgIndex.tcl 
Execute             source C:/AMDDesignTools/2026.1/Vitis/tps/tcl/tcllib2.0/defer/pkgIndex.tcl 
Execute             source C:/AMDDesignTools/2026.1/Vitis/tps/tcl/tcllib2.0/dicttool/pkgIndex.tcl 
Execute             source C:/AMDDesignTools/2026.1/Vitis/tps/tcl/tcllib2.0/dns/pkgIndex.tcl 
Execute             source C:/AMDDesignTools/2026.1/Vitis/tps/tcl/tcllib2.0/docstrip/pkgIndex.tcl 
Execute             source C:/AMDDesignTools/2026.1/Vitis/tps/tcl/tcllib2.0/doctools/pkgIndex.tcl 
Execute             source C:/AMDDesignTools/2026.1/Vitis/tps/tcl/tcllib2.0/doctools2base/pkgIndex.tcl 
Execute             source C:/AMDDesignTools/2026.1/Vitis/tps/tcl/tcllib2.0/doctools2idx/pkgIndex.tcl 
Execute             source C:/AMDDesignTools/2026.1/Vitis/tps/tcl/tcllib2.0/doctools2toc/pkgIndex.tcl 
Execute             source C:/AMDDesignTools/2026.1/Vitis/tps/tcl/tcllib2.0/dtplite/pkgIndex.tcl 
Execute             source C:/AMDDesignTools/2026.1/Vitis/tps/tcl/tcllib2.0/fileutil/pkgIndex.tcl 
Execute             source C:/AMDDesignTools/2026.1/Vitis/tps/tcl/tcllib2.0/ftp/pkgIndex.tcl 
Execute             source C:/AMDDesignTools/2026.1/Vitis/tps/tcl/tcllib2.0/ftpd/pkgIndex.tcl 
Execute             source C:/AMDDesignTools/2026.1/Vitis/tps/tcl/tcllib2.0/fumagic/pkgIndex.tcl 
Execute             source C:/AMDDesignTools/2026.1/Vitis/tps/tcl/tcllib2.0/generator/pkgIndex.tcl 
Execute             source C:/AMDDesignTools/2026.1/Vitis/tps/tcl/tcllib2.0/gpx/pkgIndex.tcl 
Execute             source C:/AMDDesignTools/2026.1/Vitis/tps/tcl/tcllib2.0/grammar_aycock/pkgIndex.tcl 
Execute             source C:/AMDDesignTools/2026.1/Vitis/tps/tcl/tcllib2.0/grammar_fa/pkgIndex.tcl 
Execute             source C:/AMDDesignTools/2026.1/Vitis/tps/tcl/tcllib2.0/grammar_me/pkgIndex.tcl 
Execute             source C:/AMDDesignTools/2026.1/Vitis/tps/tcl/tcllib2.0/grammar_peg/pkgIndex.tcl 
Execute             source C:/AMDDesignTools/2026.1/Vitis/tps/tcl/tcllib2.0/hook/pkgIndex.tcl 
Execute             source C:/AMDDesignTools/2026.1/Vitis/tps/tcl/tcllib2.0/html/pkgIndex.tcl 
Execute             source C:/AMDDesignTools/2026.1/Vitis/tps/tcl/tcllib2.0/htmlparse/pkgIndex.tcl 
Execute             source C:/AMDDesignTools/2026.1/Vitis/tps/tcl/tcllib2.0/http/pkgIndex.tcl 
Execute             source C:/AMDDesignTools/2026.1/Vitis/tps/tcl/tcllib2.0/httpd/pkgIndex.tcl 
Execute             source C:/AMDDesignTools/2026.1/Vitis/tps/tcl/tcllib2.0/httpwget/pkgIndex.tcl 
Execute             source C:/AMDDesignTools/2026.1/Vitis/tps/tcl/tcllib2.0/ident/pkgIndex.tcl 
Execute             source C:/AMDDesignTools/2026.1/Vitis/tps/tcl/tcllib2.0/imap4/pkgIndex.tcl 
Execute             source C:/AMDDesignTools/2026.1/Vitis/tps/tcl/tcllib2.0/inifile/pkgIndex.tcl 
Execute             source C:/AMDDesignTools/2026.1/Vitis/tps/tcl/tcllib2.0/interp/pkgIndex.tcl 
Execute             source C:/AMDDesignTools/2026.1/Vitis/tps/tcl/tcllib2.0/irc/pkgIndex.tcl 
Execute             source C:/AMDDesignTools/2026.1/Vitis/tps/tcl/tcllib2.0/javascript/pkgIndex.tcl 
Execute             source C:/AMDDesignTools/2026.1/Vitis/tps/tcl/tcllib2.0/jpeg/pkgIndex.tcl 
Execute             source C:/AMDDesignTools/2026.1/Vitis/tps/tcl/tcllib2.0/json/pkgIndex.tcl 
Execute             source C:/AMDDesignTools/2026.1/Vitis/tps/tcl/tcllib2.0/lambda/pkgIndex.tcl 
Execute             source C:/AMDDesignTools/2026.1/Vitis/tps/tcl/tcllib2.0/lazyset/pkgIndex.tcl 
Execute             source C:/AMDDesignTools/2026.1/Vitis/tps/tcl/tcllib2.0/ldap/pkgIndex.tcl 
Execute             source C:/AMDDesignTools/2026.1/Vitis/tps/tcl/tcllib2.0/log/pkgIndex.tcl 
Execute             source C:/AMDDesignTools/2026.1/Vitis/tps/tcl/tcllib2.0/map/pkgIndex.tcl 
Execute             source C:/AMDDesignTools/2026.1/Vitis/tps/tcl/tcllib2.0/mapproj/pkgIndex.tcl 
Execute             source C:/AMDDesignTools/2026.1/Vitis/tps/tcl/tcllib2.0/markdown/pkgIndex.tcl 
Execute             source C:/AMDDesignTools/2026.1/Vitis/tps/tcl/tcllib2.0/math/pkgIndex.tcl 
Execute             source C:/AMDDesignTools/2026.1/Vitis/tps/tcl/tcllib2.0/md4/pkgIndex.tcl 
Execute             source C:/AMDDesignTools/2026.1/Vitis/tps/tcl/tcllib2.0/md5/pkgIndex.tcl 
Execute             source C:/AMDDesignTools/2026.1/Vitis/tps/tcl/tcllib2.0/md5crypt/pkgIndex.tcl 
Execute             source C:/AMDDesignTools/2026.1/Vitis/tps/tcl/tcllib2.0/mime/pkgIndex.tcl 
Execute             source C:/AMDDesignTools/2026.1/Vitis/tps/tcl/tcllib2.0/mkdoc/pkgIndex.tcl 
Execute             source C:/AMDDesignTools/2026.1/Vitis/tps/tcl/tcllib2.0/multiplexer/pkgIndex.tcl 
Execute             source C:/AMDDesignTools/2026.1/Vitis/tps/tcl/tcllib2.0/namespacex/pkgIndex.tcl 
Execute             source C:/AMDDesignTools/2026.1/Vitis/tps/tcl/tcllib2.0/ncgi/pkgIndex.tcl 
Execute             source C:/AMDDesignTools/2026.1/Vitis/tps/tcl/tcllib2.0/nettool/pkgIndex.tcl 
Execute             source C:/AMDDesignTools/2026.1/Vitis/tps/tcl/tcllib2.0/nmea/pkgIndex.tcl 
Execute             source C:/AMDDesignTools/2026.1/Vitis/tps/tcl/tcllib2.0/nns/pkgIndex.tcl 
Execute             source C:/AMDDesignTools/2026.1/Vitis/tps/tcl/tcllib2.0/nntp/pkgIndex.tcl 
Execute             source C:/AMDDesignTools/2026.1/Vitis/tps/tcl/tcllib2.0/ntp/pkgIndex.tcl 
Execute             source C:/AMDDesignTools/2026.1/Vitis/tps/tcl/tcllib2.0/oauth/pkgIndex.tcl 
Execute             source C:/AMDDesignTools/2026.1/Vitis/tps/tcl/tcllib2.0/oodialect/pkgIndex.tcl 
Execute             source C:/AMDDesignTools/2026.1/Vitis/tps/tcl/tcllib2.0/oometa/pkgIndex.tcl 
Execute             source C:/AMDDesignTools/2026.1/Vitis/tps/tcl/tcllib2.0/ooutil/pkgIndex.tcl 
Execute             source C:/AMDDesignTools/2026.1/Vitis/tps/tcl/tcllib2.0/otp/pkgIndex.tcl 
Execute             source C:/AMDDesignTools/2026.1/Vitis/tps/tcl/tcllib2.0/page/pkgIndex.tcl 
Execute             source C:/AMDDesignTools/2026.1/Vitis/tps/tcl/tcllib2.0/pluginmgr/pkgIndex.tcl 
Execute             source C:/AMDDesignTools/2026.1/Vitis/tps/tcl/tcllib2.0/png/pkgIndex.tcl 
Execute             source C:/AMDDesignTools/2026.1/Vitis/tps/tcl/tcllib2.0/pop3/pkgIndex.tcl 
Execute             source C:/AMDDesignTools/2026.1/Vitis/tps/tcl/tcllib2.0/pop3d/pkgIndex.tcl 
Execute             source C:/AMDDesignTools/2026.1/Vitis/tps/tcl/tcllib2.0/practcl/pkgIndex.tcl 
Execute             source C:/AMDDesignTools/2026.1/Vitis/tps/tcl/tcllib2.0/processman/pkgIndex.tcl 
Execute             source C:/AMDDesignTools/2026.1/Vitis/tps/tcl/tcllib2.0/profiler/pkgIndex.tcl 
Execute             source C:/AMDDesignTools/2026.1/Vitis/tps/tcl/tcllib2.0/pt/pkgIndex.tcl 
Execute             source C:/AMDDesignTools/2026.1/Vitis/tps/tcl/tcllib2.0/rcs/pkgIndex.tcl 
Execute             source C:/AMDDesignTools/2026.1/Vitis/tps/tcl/tcllib2.0/report/pkgIndex.tcl 
Execute             source C:/AMDDesignTools/2026.1/Vitis/tps/tcl/tcllib2.0/rest/pkgIndex.tcl 
Execute             source C:/AMDDesignTools/2026.1/Vitis/tps/tcl/tcllib2.0/ripemd/pkgIndex.tcl 
Execute             source C:/AMDDesignTools/2026.1/Vitis/tps/tcl/tcllib2.0/sasl/pkgIndex.tcl 
Execute             source C:/AMDDesignTools/2026.1/Vitis/tps/tcl/tcllib2.0/sha1/pkgIndex.tcl 
Execute             source C:/AMDDesignTools/2026.1/Vitis/tps/tcl/tcllib2.0/simulation/pkgIndex.tcl 
Execute             source C:/AMDDesignTools/2026.1/Vitis/tps/tcl/tcllib2.0/smtpd/pkgIndex.tcl 
Execute             source C:/AMDDesignTools/2026.1/Vitis/tps/tcl/tcllib2.0/snit/pkgIndex.tcl 
Execute             source C:/AMDDesignTools/2026.1/Vitis/tps/tcl/tcllib2.0/soundex/pkgIndex.tcl 
Execute             source C:/AMDDesignTools/2026.1/Vitis/tps/tcl/tcllib2.0/stooop/pkgIndex.tcl 
Execute             source C:/AMDDesignTools/2026.1/Vitis/tps/tcl/tcllib2.0/string/pkgIndex.tcl 
Execute             source C:/AMDDesignTools/2026.1/Vitis/tps/tcl/tcllib2.0/stringprep/pkgIndex.tcl 
Execute             source C:/AMDDesignTools/2026.1/Vitis/tps/tcl/tcllib2.0/struct/pkgIndex.tcl 
Execute             source C:/AMDDesignTools/2026.1/Vitis/tps/tcl/tcllib2.0/tar/pkgIndex.tcl 
Execute             source C:/AMDDesignTools/2026.1/Vitis/tps/tcl/tcllib2.0/tepam/pkgIndex.tcl 
Execute             source C:/AMDDesignTools/2026.1/Vitis/tps/tcl/tcllib2.0/term/pkgIndex.tcl 
Execute             source C:/AMDDesignTools/2026.1/Vitis/tps/tcl/tcllib2.0/textutil/pkgIndex.tcl 
Execute             source C:/AMDDesignTools/2026.1/Vitis/tps/tcl/tcllib2.0/tie/pkgIndex.tcl 
Execute             source C:/AMDDesignTools/2026.1/Vitis/tps/tcl/tcllib2.0/tiff/pkgIndex.tcl 
Execute             source C:/AMDDesignTools/2026.1/Vitis/tps/tcl/tcllib2.0/tool/pkgIndex.tcl 
Execute             source C:/AMDDesignTools/2026.1/Vitis/tps/tcl/tcllib2.0/transfer/pkgIndex.tcl 
Execute             source C:/AMDDesignTools/2026.1/Vitis/tps/tcl/tcllib2.0/treeql/pkgIndex.tcl 
Execute             source C:/AMDDesignTools/2026.1/Vitis/tps/tcl/tcllib2.0/try/pkgIndex.tcl 
Execute             source C:/AMDDesignTools/2026.1/Vitis/tps/tcl/tcllib2.0/udpcluster/pkgIndex.tcl 
Execute             source C:/AMDDesignTools/2026.1/Vitis/tps/tcl/tcllib2.0/uev/pkgIndex.tcl 
Execute             source C:/AMDDesignTools/2026.1/Vitis/tps/tcl/tcllib2.0/units/pkgIndex.tcl 
Execute             source C:/AMDDesignTools/2026.1/Vitis/tps/tcl/tcllib2.0/uri/pkgIndex.tcl 
Execute             source C:/AMDDesignTools/2026.1/Vitis/tps/tcl/tcllib2.0/uuid/pkgIndex.tcl 
Execute             source C:/AMDDesignTools/2026.1/Vitis/tps/tcl/tcllib2.0/valtype/pkgIndex.tcl 
Execute             source C:/AMDDesignTools/2026.1/Vitis/tps/tcl/tcllib2.0/virtchannel_base/pkgIndex.tcl 
Execute             source C:/AMDDesignTools/2026.1/Vitis/tps/tcl/tcllib2.0/virtchannel_core/pkgIndex.tcl 
Execute             source C:/AMDDesignTools/2026.1/Vitis/tps/tcl/tcllib2.0/virtchannel_transform/pkgIndex.tcl 
Execute             source C:/AMDDesignTools/2026.1/Vitis/tps/tcl/tcllib2.0/websocket/pkgIndex.tcl 
Execute             source C:/AMDDesignTools/2026.1/Vitis/tps/tcl/tcllib2.0/wip/pkgIndex.tcl 
Execute             source C:/AMDDesignTools/2026.1/Vitis/tps/tcl/tcllib2.0/yaml/pkgIndex.tcl 
Execute             source C:/AMDDesignTools/2026.1/Vitis/tps/tcl/tcllib2.0/zip/pkgIndex.tcl 
Command           ap_source done; 0.124 sec.
Execute           source C:/AMDDesignTools/2026.1/Vitis/tps/tcl/tdom/pkgIndex.tcl 
Execute           source C:/AMDDesignTools/2026.1/Vitis/tps/tcl/tk8.6/pkgIndex.tcl 
Execute           source C:/AMDDesignTools/2026.1/Vitis/tps/tcl/tcl8.6/opt0.4/pkgIndex.tcl 
Execute           source C:/AMDDesignTools/2026.1/Vitis/tps/tcl/tcl8.6/pkgs/win/thread2.8.7/pkgIndex.tcl 
Command         ap_source done; 0.274 sec.
Execute         source C:/AMDDesignTools/2026.1/Vitis/tps/tcl/tcllib2.0/0compatibility/pkgIndex.tcl 
Execute         source C:/AMDDesignTools/2026.1/Vitis/tps/tcl/tcllib2.0/amazon-s3/pkgIndex.tcl 
Execute         source C:/AMDDesignTools/2026.1/Vitis/tps/tcl/tcllib2.0/asn/pkgIndex.tcl 
Execute         source C:/AMDDesignTools/2026.1/Vitis/tps/tcl/tcllib2.0/base32/pkgIndex.tcl 
Execute         source C:/AMDDesignTools/2026.1/Vitis/tps/tcl/tcllib2.0/base64/pkgIndex.tcl 
Execute         source C:/AMDDesignTools/2026.1/Vitis/tps/tcl/tcllib2.0/bee/pkgIndex.tcl 
Execute         source C:/AMDDesignTools/2026.1/Vitis/tps/tcl/tcllib2.0/bench/pkgIndex.tcl 
Execute         source C:/AMDDesignTools/2026.1/Vitis/tps/tcl/tcllib2.0/bibtex/pkgIndex.tcl 
Execute         source C:/AMDDesignTools/2026.1/Vitis/tps/tcl/tcllib2.0/cache/pkgIndex.tcl 
Execute         source C:/AMDDesignTools/2026.1/Vitis/tps/tcl/tcllib2.0/clay/pkgIndex.tcl 
Execute         source C:/AMDDesignTools/2026.1/Vitis/tps/tcl/tcllib2.0/clock/pkgIndex.tcl 
Execute         source C:/AMDDesignTools/2026.1/Vitis/tps/tcl/tcllib2.0/cmdline/pkgIndex.tcl 
Execute         source C:/AMDDesignTools/2026.1/Vitis/tps/tcl/tcllib2.0/comm/pkgIndex.tcl 
Execute         source C:/AMDDesignTools/2026.1/Vitis/tps/tcl/tcllib2.0/control/pkgIndex.tcl 
Execute         source C:/AMDDesignTools/2026.1/Vitis/tps/tcl/tcllib2.0/coroutine/pkgIndex.tcl 
Execute         source C:/AMDDesignTools/2026.1/Vitis/tps/tcl/tcllib2.0/counter/pkgIndex.tcl 
Execute         source C:/AMDDesignTools/2026.1/Vitis/tps/tcl/tcllib2.0/crc/pkgIndex.tcl 
Execute         source C:/AMDDesignTools/2026.1/Vitis/tps/tcl/tcllib2.0/cron/pkgIndex.tcl 
Execute         source C:/AMDDesignTools/2026.1/Vitis/tps/tcl/tcllib2.0/csv/pkgIndex.tcl 
Execute         source C:/AMDDesignTools/2026.1/Vitis/tps/tcl/tcllib2.0/debug/pkgIndex.tcl 
Execute         source C:/AMDDesignTools/2026.1/Vitis/tps/tcl/tcllib2.0/defer/pkgIndex.tcl 
Execute         source C:/AMDDesignTools/2026.1/Vitis/tps/tcl/tcllib2.0/dicttool/pkgIndex.tcl 
Execute         source C:/AMDDesignTools/2026.1/Vitis/tps/tcl/tcllib2.0/dns/pkgIndex.tcl 
Execute         source C:/AMDDesignTools/2026.1/Vitis/tps/tcl/tcllib2.0/docstrip/pkgIndex.tcl 
Execute         source C:/AMDDesignTools/2026.1/Vitis/tps/tcl/tcllib2.0/doctools/pkgIndex.tcl 
Execute         source C:/AMDDesignTools/2026.1/Vitis/tps/tcl/tcllib2.0/doctools2base/pkgIndex.tcl 
Execute         source C:/AMDDesignTools/2026.1/Vitis/tps/tcl/tcllib2.0/doctools2idx/pkgIndex.tcl 
Execute         source C:/AMDDesignTools/2026.1/Vitis/tps/tcl/tcllib2.0/doctools2toc/pkgIndex.tcl 
Execute         source C:/AMDDesignTools/2026.1/Vitis/tps/tcl/tcllib2.0/dtplite/pkgIndex.tcl 
Execute         source C:/AMDDesignTools/2026.1/Vitis/tps/tcl/tcllib2.0/fileutil/pkgIndex.tcl 
Execute         source C:/AMDDesignTools/2026.1/Vitis/tps/tcl/tcllib2.0/ftp/pkgIndex.tcl 
Execute         source C:/AMDDesignTools/2026.1/Vitis/tps/tcl/tcllib2.0/ftpd/pkgIndex.tcl 
Execute         source C:/AMDDesignTools/2026.1/Vitis/tps/tcl/tcllib2.0/fumagic/pkgIndex.tcl 
Execute         source C:/AMDDesignTools/2026.1/Vitis/tps/tcl/tcllib2.0/generator/pkgIndex.tcl 
Execute         source C:/AMDDesignTools/2026.1/Vitis/tps/tcl/tcllib2.0/gpx/pkgIndex.tcl 
Execute         source C:/AMDDesignTools/2026.1/Vitis/tps/tcl/tcllib2.0/grammar_aycock/pkgIndex.tcl 
Execute         source C:/AMDDesignTools/2026.1/Vitis/tps/tcl/tcllib2.0/grammar_fa/pkgIndex.tcl 
Execute         source C:/AMDDesignTools/2026.1/Vitis/tps/tcl/tcllib2.0/grammar_me/pkgIndex.tcl 
Execute         source C:/AMDDesignTools/2026.1/Vitis/tps/tcl/tcllib2.0/grammar_peg/pkgIndex.tcl 
Execute         source C:/AMDDesignTools/2026.1/Vitis/tps/tcl/tcllib2.0/hook/pkgIndex.tcl 
Execute         source C:/AMDDesignTools/2026.1/Vitis/tps/tcl/tcllib2.0/html/pkgIndex.tcl 
Execute         source C:/AMDDesignTools/2026.1/Vitis/tps/tcl/tcllib2.0/htmlparse/pkgIndex.tcl 
Execute         source C:/AMDDesignTools/2026.1/Vitis/tps/tcl/tcllib2.0/http/pkgIndex.tcl 
Execute         source C:/AMDDesignTools/2026.1/Vitis/tps/tcl/tcllib2.0/httpd/pkgIndex.tcl 
Execute         source C:/AMDDesignTools/2026.1/Vitis/tps/tcl/tcllib2.0/httpwget/pkgIndex.tcl 
Execute         source C:/AMDDesignTools/2026.1/Vitis/tps/tcl/tcllib2.0/ident/pkgIndex.tcl 
Execute         source C:/AMDDesignTools/2026.1/Vitis/tps/tcl/tcllib2.0/imap4/pkgIndex.tcl 
Execute         source C:/AMDDesignTools/2026.1/Vitis/tps/tcl/tcllib2.0/inifile/pkgIndex.tcl 
Execute         source C:/AMDDesignTools/2026.1/Vitis/tps/tcl/tcllib2.0/interp/pkgIndex.tcl 
Execute         source C:/AMDDesignTools/2026.1/Vitis/tps/tcl/tcllib2.0/irc/pkgIndex.tcl 
Execute         source C:/AMDDesignTools/2026.1/Vitis/tps/tcl/tcllib2.0/javascript/pkgIndex.tcl 
Execute         source C:/AMDDesignTools/2026.1/Vitis/tps/tcl/tcllib2.0/jpeg/pkgIndex.tcl 
Execute         source C:/AMDDesignTools/2026.1/Vitis/tps/tcl/tcllib2.0/json/pkgIndex.tcl 
Execute         source C:/AMDDesignTools/2026.1/Vitis/tps/tcl/tcllib2.0/lambda/pkgIndex.tcl 
Execute         source C:/AMDDesignTools/2026.1/Vitis/tps/tcl/tcllib2.0/lazyset/pkgIndex.tcl 
Execute         source C:/AMDDesignTools/2026.1/Vitis/tps/tcl/tcllib2.0/ldap/pkgIndex.tcl 
Execute         source C:/AMDDesignTools/2026.1/Vitis/tps/tcl/tcllib2.0/log/pkgIndex.tcl 
Execute         source C:/AMDDesignTools/2026.1/Vitis/tps/tcl/tcllib2.0/map/pkgIndex.tcl 
Execute         source C:/AMDDesignTools/2026.1/Vitis/tps/tcl/tcllib2.0/mapproj/pkgIndex.tcl 
Execute         source C:/AMDDesignTools/2026.1/Vitis/tps/tcl/tcllib2.0/markdown/pkgIndex.tcl 
Execute         source C:/AMDDesignTools/2026.1/Vitis/tps/tcl/tcllib2.0/math/pkgIndex.tcl 
Execute         source C:/AMDDesignTools/2026.1/Vitis/tps/tcl/tcllib2.0/md4/pkgIndex.tcl 
Execute         source C:/AMDDesignTools/2026.1/Vitis/tps/tcl/tcllib2.0/md5/pkgIndex.tcl 
Execute         source C:/AMDDesignTools/2026.1/Vitis/tps/tcl/tcllib2.0/md5crypt/pkgIndex.tcl 
Execute         source C:/AMDDesignTools/2026.1/Vitis/tps/tcl/tcllib2.0/mime/pkgIndex.tcl 
Execute         source C:/AMDDesignTools/2026.1/Vitis/tps/tcl/tcllib2.0/mkdoc/pkgIndex.tcl 
Execute         source C:/AMDDesignTools/2026.1/Vitis/tps/tcl/tcllib2.0/multiplexer/pkgIndex.tcl 
Execute         source C:/AMDDesignTools/2026.1/Vitis/tps/tcl/tcllib2.0/namespacex/pkgIndex.tcl 
Execute         source C:/AMDDesignTools/2026.1/Vitis/tps/tcl/tcllib2.0/ncgi/pkgIndex.tcl 
Execute         source C:/AMDDesignTools/2026.1/Vitis/tps/tcl/tcllib2.0/nettool/pkgIndex.tcl 
Execute         source C:/AMDDesignTools/2026.1/Vitis/tps/tcl/tcllib2.0/nmea/pkgIndex.tcl 
Execute         source C:/AMDDesignTools/2026.1/Vitis/tps/tcl/tcllib2.0/nns/pkgIndex.tcl 
Execute         source C:/AMDDesignTools/2026.1/Vitis/tps/tcl/tcllib2.0/nntp/pkgIndex.tcl 
Execute         source C:/AMDDesignTools/2026.1/Vitis/tps/tcl/tcllib2.0/ntp/pkgIndex.tcl 
Execute         source C:/AMDDesignTools/2026.1/Vitis/tps/tcl/tcllib2.0/oauth/pkgIndex.tcl 
Execute         source C:/AMDDesignTools/2026.1/Vitis/tps/tcl/tcllib2.0/oodialect/pkgIndex.tcl 
Execute         source C:/AMDDesignTools/2026.1/Vitis/tps/tcl/tcllib2.0/oometa/pkgIndex.tcl 
Execute         source C:/AMDDesignTools/2026.1/Vitis/tps/tcl/tcllib2.0/ooutil/pkgIndex.tcl 
Execute         source C:/AMDDesignTools/2026.1/Vitis/tps/tcl/tcllib2.0/otp/pkgIndex.tcl 
Execute         source C:/AMDDesignTools/2026.1/Vitis/tps/tcl/tcllib2.0/page/pkgIndex.tcl 
Execute         source C:/AMDDesignTools/2026.1/Vitis/tps/tcl/tcllib2.0/pluginmgr/pkgIndex.tcl 
Execute         source C:/AMDDesignTools/2026.1/Vitis/tps/tcl/tcllib2.0/png/pkgIndex.tcl 
Execute         source C:/AMDDesignTools/2026.1/Vitis/tps/tcl/tcllib2.0/pop3/pkgIndex.tcl 
Execute         source C:/AMDDesignTools/2026.1/Vitis/tps/tcl/tcllib2.0/pop3d/pkgIndex.tcl 
Execute         source C:/AMDDesignTools/2026.1/Vitis/tps/tcl/tcllib2.0/practcl/pkgIndex.tcl 
Execute         source C:/AMDDesignTools/2026.1/Vitis/tps/tcl/tcllib2.0/processman/pkgIndex.tcl 
Execute         source C:/AMDDesignTools/2026.1/Vitis/tps/tcl/tcllib2.0/profiler/pkgIndex.tcl 
Execute         source C:/AMDDesignTools/2026.1/Vitis/tps/tcl/tcllib2.0/pt/pkgIndex.tcl 
Execute         source C:/AMDDesignTools/2026.1/Vitis/tps/tcl/tcllib2.0/rcs/pkgIndex.tcl 
Execute         source C:/AMDDesignTools/2026.1/Vitis/tps/tcl/tcllib2.0/report/pkgIndex.tcl 
Execute         source C:/AMDDesignTools/2026.1/Vitis/tps/tcl/tcllib2.0/rest/pkgIndex.tcl 
Execute         source C:/AMDDesignTools/2026.1/Vitis/tps/tcl/tcllib2.0/ripemd/pkgIndex.tcl 
Execute         source C:/AMDDesignTools/2026.1/Vitis/tps/tcl/tcllib2.0/sasl/pkgIndex.tcl 
Execute         source C:/AMDDesignTools/2026.1/Vitis/tps/tcl/tcllib2.0/sha1/pkgIndex.tcl 
Execute         source C:/AMDDesignTools/2026.1/Vitis/tps/tcl/tcllib2.0/simulation/pkgIndex.tcl 
Execute         source C:/AMDDesignTools/2026.1/Vitis/tps/tcl/tcllib2.0/smtpd/pkgIndex.tcl 
Execute         source C:/AMDDesignTools/2026.1/Vitis/tps/tcl/tcllib2.0/snit/pkgIndex.tcl 
Execute         source C:/AMDDesignTools/2026.1/Vitis/tps/tcl/tcllib2.0/soundex/pkgIndex.tcl 
Execute         source C:/AMDDesignTools/2026.1/Vitis/tps/tcl/tcllib2.0/stooop/pkgIndex.tcl 
Execute         source C:/AMDDesignTools/2026.1/Vitis/tps/tcl/tcllib2.0/string/pkgIndex.tcl 
Execute         source C:/AMDDesignTools/2026.1/Vitis/tps/tcl/tcllib2.0/stringprep/pkgIndex.tcl 
Execute         source C:/AMDDesignTools/2026.1/Vitis/tps/tcl/tcllib2.0/struct/pkgIndex.tcl 
Execute         source C:/AMDDesignTools/2026.1/Vitis/tps/tcl/tcllib2.0/tar/pkgIndex.tcl 
Execute         source C:/AMDDesignTools/2026.1/Vitis/tps/tcl/tcllib2.0/tepam/pkgIndex.tcl 
Execute         source C:/AMDDesignTools/2026.1/Vitis/tps/tcl/tcllib2.0/term/pkgIndex.tcl 
Execute         source C:/AMDDesignTools/2026.1/Vitis/tps/tcl/tcllib2.0/textutil/pkgIndex.tcl 
Execute         source C:/AMDDesignTools/2026.1/Vitis/tps/tcl/tcllib2.0/tie/pkgIndex.tcl 
Execute         source C:/AMDDesignTools/2026.1/Vitis/tps/tcl/tcllib2.0/tiff/pkgIndex.tcl 
Execute         source C:/AMDDesignTools/2026.1/Vitis/tps/tcl/tcllib2.0/tool/pkgIndex.tcl 
Execute         source C:/AMDDesignTools/2026.1/Vitis/tps/tcl/tcllib2.0/transfer/pkgIndex.tcl 
Execute         source C:/AMDDesignTools/2026.1/Vitis/tps/tcl/tcllib2.0/treeql/pkgIndex.tcl 
Execute         source C:/AMDDesignTools/2026.1/Vitis/tps/tcl/tcllib2.0/try/pkgIndex.tcl 
Execute         source C:/AMDDesignTools/2026.1/Vitis/tps/tcl/tcllib2.0/udpcluster/pkgIndex.tcl 
Execute         source C:/AMDDesignTools/2026.1/Vitis/tps/tcl/tcllib2.0/uev/pkgIndex.tcl 
Execute         source C:/AMDDesignTools/2026.1/Vitis/tps/tcl/tcllib2.0/units/pkgIndex.tcl 
Execute         source C:/AMDDesignTools/2026.1/Vitis/tps/tcl/tcllib2.0/uri/pkgIndex.tcl 
Execute         source C:/AMDDesignTools/2026.1/Vitis/tps/tcl/tcllib2.0/uuid/pkgIndex.tcl 
Execute         source C:/AMDDesignTools/2026.1/Vitis/tps/tcl/tcllib2.0/valtype/pkgIndex.tcl 
Execute         source C:/AMDDesignTools/2026.1/Vitis/tps/tcl/tcllib2.0/virtchannel_base/pkgIndex.tcl 
Execute         source C:/AMDDesignTools/2026.1/Vitis/tps/tcl/tcllib2.0/virtchannel_core/pkgIndex.tcl 
Execute         source C:/AMDDesignTools/2026.1/Vitis/tps/tcl/tcllib2.0/virtchannel_transform/pkgIndex.tcl 
Execute         source C:/AMDDesignTools/2026.1/Vitis/tps/tcl/tcllib2.0/websocket/pkgIndex.tcl 
Execute         source C:/AMDDesignTools/2026.1/Vitis/tps/tcl/tcllib2.0/wip/pkgIndex.tcl 
Execute         source C:/AMDDesignTools/2026.1/Vitis/tps/tcl/tcllib2.0/yaml/pkgIndex.tcl 
Execute         source C:/AMDDesignTools/2026.1/Vitis/tps/tcl/tcllib2.0/zip/pkgIndex.tcl 
Execute         source C:/AMDDesignTools/2026.1/Vitis/tps/tcl/tcllib2.0/pkgIndex.tcl 
Execute           source C:/AMDDesignTools/2026.1/Vitis/tps/tcl/tcllib2.0/0compatibility/pkgIndex.tcl 
Execute           source C:/AMDDesignTools/2026.1/Vitis/tps/tcl/tcllib2.0/amazon-s3/pkgIndex.tcl 
Execute           source C:/AMDDesignTools/2026.1/Vitis/tps/tcl/tcllib2.0/asn/pkgIndex.tcl 
Execute           source C:/AMDDesignTools/2026.1/Vitis/tps/tcl/tcllib2.0/base32/pkgIndex.tcl 
Execute           source C:/AMDDesignTools/2026.1/Vitis/tps/tcl/tcllib2.0/base64/pkgIndex.tcl 
Execute           source C:/AMDDesignTools/2026.1/Vitis/tps/tcl/tcllib2.0/bee/pkgIndex.tcl 
Execute           source C:/AMDDesignTools/2026.1/Vitis/tps/tcl/tcllib2.0/bench/pkgIndex.tcl 
Execute           source C:/AMDDesignTools/2026.1/Vitis/tps/tcl/tcllib2.0/bibtex/pkgIndex.tcl 
Execute           source C:/AMDDesignTools/2026.1/Vitis/tps/tcl/tcllib2.0/cache/pkgIndex.tcl 
Execute           source C:/AMDDesignTools/2026.1/Vitis/tps/tcl/tcllib2.0/clay/pkgIndex.tcl 
Execute           source C:/AMDDesignTools/2026.1/Vitis/tps/tcl/tcllib2.0/clock/pkgIndex.tcl 
Execute           source C:/AMDDesignTools/2026.1/Vitis/tps/tcl/tcllib2.0/cmdline/pkgIndex.tcl 
Execute           source C:/AMDDesignTools/2026.1/Vitis/tps/tcl/tcllib2.0/comm/pkgIndex.tcl 
Execute           source C:/AMDDesignTools/2026.1/Vitis/tps/tcl/tcllib2.0/control/pkgIndex.tcl 
Execute           source C:/AMDDesignTools/2026.1/Vitis/tps/tcl/tcllib2.0/coroutine/pkgIndex.tcl 
Execute           source C:/AMDDesignTools/2026.1/Vitis/tps/tcl/tcllib2.0/counter/pkgIndex.tcl 
Execute           source C:/AMDDesignTools/2026.1/Vitis/tps/tcl/tcllib2.0/crc/pkgIndex.tcl 
Execute           source C:/AMDDesignTools/2026.1/Vitis/tps/tcl/tcllib2.0/cron/pkgIndex.tcl 
Execute           source C:/AMDDesignTools/2026.1/Vitis/tps/tcl/tcllib2.0/csv/pkgIndex.tcl 
Execute           source C:/AMDDesignTools/2026.1/Vitis/tps/tcl/tcllib2.0/debug/pkgIndex.tcl 
Execute           source C:/AMDDesignTools/2026.1/Vitis/tps/tcl/tcllib2.0/defer/pkgIndex.tcl 
Execute           source C:/AMDDesignTools/2026.1/Vitis/tps/tcl/tcllib2.0/dicttool/pkgIndex.tcl 
Execute           source C:/AMDDesignTools/2026.1/Vitis/tps/tcl/tcllib2.0/dns/pkgIndex.tcl 
Execute           source C:/AMDDesignTools/2026.1/Vitis/tps/tcl/tcllib2.0/docstrip/pkgIndex.tcl 
Execute           source C:/AMDDesignTools/2026.1/Vitis/tps/tcl/tcllib2.0/doctools/pkgIndex.tcl 
Execute           source C:/AMDDesignTools/2026.1/Vitis/tps/tcl/tcllib2.0/doctools2base/pkgIndex.tcl 
Execute           source C:/AMDDesignTools/2026.1/Vitis/tps/tcl/tcllib2.0/doctools2idx/pkgIndex.tcl 
Execute           source C:/AMDDesignTools/2026.1/Vitis/tps/tcl/tcllib2.0/doctools2toc/pkgIndex.tcl 
Execute           source C:/AMDDesignTools/2026.1/Vitis/tps/tcl/tcllib2.0/dtplite/pkgIndex.tcl 
Execute           source C:/AMDDesignTools/2026.1/Vitis/tps/tcl/tcllib2.0/fileutil/pkgIndex.tcl 
Execute           source C:/AMDDesignTools/2026.1/Vitis/tps/tcl/tcllib2.0/ftp/pkgIndex.tcl 
Execute           source C:/AMDDesignTools/2026.1/Vitis/tps/tcl/tcllib2.0/ftpd/pkgIndex.tcl 
Execute           source C:/AMDDesignTools/2026.1/Vitis/tps/tcl/tcllib2.0/fumagic/pkgIndex.tcl 
Execute           source C:/AMDDesignTools/2026.1/Vitis/tps/tcl/tcllib2.0/generator/pkgIndex.tcl 
Execute           source C:/AMDDesignTools/2026.1/Vitis/tps/tcl/tcllib2.0/gpx/pkgIndex.tcl 
Execute           source C:/AMDDesignTools/2026.1/Vitis/tps/tcl/tcllib2.0/grammar_aycock/pkgIndex.tcl 
Execute           source C:/AMDDesignTools/2026.1/Vitis/tps/tcl/tcllib2.0/grammar_fa/pkgIndex.tcl 
Execute           source C:/AMDDesignTools/2026.1/Vitis/tps/tcl/tcllib2.0/grammar_me/pkgIndex.tcl 
Execute           source C:/AMDDesignTools/2026.1/Vitis/tps/tcl/tcllib2.0/grammar_peg/pkgIndex.tcl 
Execute           source C:/AMDDesignTools/2026.1/Vitis/tps/tcl/tcllib2.0/hook/pkgIndex.tcl 
Execute           source C:/AMDDesignTools/2026.1/Vitis/tps/tcl/tcllib2.0/html/pkgIndex.tcl 
Execute           source C:/AMDDesignTools/2026.1/Vitis/tps/tcl/tcllib2.0/htmlparse/pkgIndex.tcl 
Execute           source C:/AMDDesignTools/2026.1/Vitis/tps/tcl/tcllib2.0/http/pkgIndex.tcl 
Execute           source C:/AMDDesignTools/2026.1/Vitis/tps/tcl/tcllib2.0/httpd/pkgIndex.tcl 
Execute           source C:/AMDDesignTools/2026.1/Vitis/tps/tcl/tcllib2.0/httpwget/pkgIndex.tcl 
Execute           source C:/AMDDesignTools/2026.1/Vitis/tps/tcl/tcllib2.0/ident/pkgIndex.tcl 
Execute           source C:/AMDDesignTools/2026.1/Vitis/tps/tcl/tcllib2.0/imap4/pkgIndex.tcl 
Execute           source C:/AMDDesignTools/2026.1/Vitis/tps/tcl/tcllib2.0/inifile/pkgIndex.tcl 
Execute           source C:/AMDDesignTools/2026.1/Vitis/tps/tcl/tcllib2.0/interp/pkgIndex.tcl 
Execute           source C:/AMDDesignTools/2026.1/Vitis/tps/tcl/tcllib2.0/irc/pkgIndex.tcl 
Execute           source C:/AMDDesignTools/2026.1/Vitis/tps/tcl/tcllib2.0/javascript/pkgIndex.tcl 
Execute           source C:/AMDDesignTools/2026.1/Vitis/tps/tcl/tcllib2.0/jpeg/pkgIndex.tcl 
Execute           source C:/AMDDesignTools/2026.1/Vitis/tps/tcl/tcllib2.0/json/pkgIndex.tcl 
Execute           source C:/AMDDesignTools/2026.1/Vitis/tps/tcl/tcllib2.0/lambda/pkgIndex.tcl 
Execute           source C:/AMDDesignTools/2026.1/Vitis/tps/tcl/tcllib2.0/lazyset/pkgIndex.tcl 
Execute           source C:/AMDDesignTools/2026.1/Vitis/tps/tcl/tcllib2.0/ldap/pkgIndex.tcl 
Execute           source C:/AMDDesignTools/2026.1/Vitis/tps/tcl/tcllib2.0/log/pkgIndex.tcl 
Execute           source C:/AMDDesignTools/2026.1/Vitis/tps/tcl/tcllib2.0/map/pkgIndex.tcl 
Execute           source C:/AMDDesignTools/2026.1/Vitis/tps/tcl/tcllib2.0/mapproj/pkgIndex.tcl 
Execute           source C:/AMDDesignTools/2026.1/Vitis/tps/tcl/tcllib2.0/markdown/pkgIndex.tcl 
Execute           source C:/AMDDesignTools/2026.1/Vitis/tps/tcl/tcllib2.0/math/pkgIndex.tcl 
Execute           source C:/AMDDesignTools/2026.1/Vitis/tps/tcl/tcllib2.0/md4/pkgIndex.tcl 
Execute           source C:/AMDDesignTools/2026.1/Vitis/tps/tcl/tcllib2.0/md5/pkgIndex.tcl 
Execute           source C:/AMDDesignTools/2026.1/Vitis/tps/tcl/tcllib2.0/md5crypt/pkgIndex.tcl 
Execute           source C:/AMDDesignTools/2026.1/Vitis/tps/tcl/tcllib2.0/mime/pkgIndex.tcl 
Execute           source C:/AMDDesignTools/2026.1/Vitis/tps/tcl/tcllib2.0/mkdoc/pkgIndex.tcl 
Execute           source C:/AMDDesignTools/2026.1/Vitis/tps/tcl/tcllib2.0/multiplexer/pkgIndex.tcl 
Execute           source C:/AMDDesignTools/2026.1/Vitis/tps/tcl/tcllib2.0/namespacex/pkgIndex.tcl 
Execute           source C:/AMDDesignTools/2026.1/Vitis/tps/tcl/tcllib2.0/ncgi/pkgIndex.tcl 
Execute           source C:/AMDDesignTools/2026.1/Vitis/tps/tcl/tcllib2.0/nettool/pkgIndex.tcl 
Execute           source C:/AMDDesignTools/2026.1/Vitis/tps/tcl/tcllib2.0/nmea/pkgIndex.tcl 
Execute           source C:/AMDDesignTools/2026.1/Vitis/tps/tcl/tcllib2.0/nns/pkgIndex.tcl 
Execute           source C:/AMDDesignTools/2026.1/Vitis/tps/tcl/tcllib2.0/nntp/pkgIndex.tcl 
Execute           source C:/AMDDesignTools/2026.1/Vitis/tps/tcl/tcllib2.0/ntp/pkgIndex.tcl 
Execute           source C:/AMDDesignTools/2026.1/Vitis/tps/tcl/tcllib2.0/oauth/pkgIndex.tcl 
Execute           source C:/AMDDesignTools/2026.1/Vitis/tps/tcl/tcllib2.0/oodialect/pkgIndex.tcl 
Execute           source C:/AMDDesignTools/2026.1/Vitis/tps/tcl/tcllib2.0/oometa/pkgIndex.tcl 
Execute           source C:/AMDDesignTools/2026.1/Vitis/tps/tcl/tcllib2.0/ooutil/pkgIndex.tcl 
Execute           source C:/AMDDesignTools/2026.1/Vitis/tps/tcl/tcllib2.0/otp/pkgIndex.tcl 
Execute           source C:/AMDDesignTools/2026.1/Vitis/tps/tcl/tcllib2.0/page/pkgIndex.tcl 
Execute           source C:/AMDDesignTools/2026.1/Vitis/tps/tcl/tcllib2.0/pluginmgr/pkgIndex.tcl 
Execute           source C:/AMDDesignTools/2026.1/Vitis/tps/tcl/tcllib2.0/png/pkgIndex.tcl 
Execute           source C:/AMDDesignTools/2026.1/Vitis/tps/tcl/tcllib2.0/pop3/pkgIndex.tcl 
Execute           source C:/AMDDesignTools/2026.1/Vitis/tps/tcl/tcllib2.0/pop3d/pkgIndex.tcl 
Execute           source C:/AMDDesignTools/2026.1/Vitis/tps/tcl/tcllib2.0/practcl/pkgIndex.tcl 
Execute           source C:/AMDDesignTools/2026.1/Vitis/tps/tcl/tcllib2.0/processman/pkgIndex.tcl 
Execute           source C:/AMDDesignTools/2026.1/Vitis/tps/tcl/tcllib2.0/profiler/pkgIndex.tcl 
Execute           source C:/AMDDesignTools/2026.1/Vitis/tps/tcl/tcllib2.0/pt/pkgIndex.tcl 
Execute           source C:/AMDDesignTools/2026.1/Vitis/tps/tcl/tcllib2.0/rcs/pkgIndex.tcl 
Execute           source C:/AMDDesignTools/2026.1/Vitis/tps/tcl/tcllib2.0/report/pkgIndex.tcl 
Execute           source C:/AMDDesignTools/2026.1/Vitis/tps/tcl/tcllib2.0/rest/pkgIndex.tcl 
Execute           source C:/AMDDesignTools/2026.1/Vitis/tps/tcl/tcllib2.0/ripemd/pkgIndex.tcl 
Execute           source C:/AMDDesignTools/2026.1/Vitis/tps/tcl/tcllib2.0/sasl/pkgIndex.tcl 
Execute           source C:/AMDDesignTools/2026.1/Vitis/tps/tcl/tcllib2.0/sha1/pkgIndex.tcl 
Execute           source C:/AMDDesignTools/2026.1/Vitis/tps/tcl/tcllib2.0/simulation/pkgIndex.tcl 
Execute           source C:/AMDDesignTools/2026.1/Vitis/tps/tcl/tcllib2.0/smtpd/pkgIndex.tcl 
Execute           source C:/AMDDesignTools/2026.1/Vitis/tps/tcl/tcllib2.0/snit/pkgIndex.tcl 
Execute           source C:/AMDDesignTools/2026.1/Vitis/tps/tcl/tcllib2.0/soundex/pkgIndex.tcl 
Execute           source C:/AMDDesignTools/2026.1/Vitis/tps/tcl/tcllib2.0/stooop/pkgIndex.tcl 
Execute           source C:/AMDDesignTools/2026.1/Vitis/tps/tcl/tcllib2.0/string/pkgIndex.tcl 
Execute           source C:/AMDDesignTools/2026.1/Vitis/tps/tcl/tcllib2.0/stringprep/pkgIndex.tcl 
Execute           source C:/AMDDesignTools/2026.1/Vitis/tps/tcl/tcllib2.0/struct/pkgIndex.tcl 
Execute           source C:/AMDDesignTools/2026.1/Vitis/tps/tcl/tcllib2.0/tar/pkgIndex.tcl 
Execute           source C:/AMDDesignTools/2026.1/Vitis/tps/tcl/tcllib2.0/tepam/pkgIndex.tcl 
Execute           source C:/AMDDesignTools/2026.1/Vitis/tps/tcl/tcllib2.0/term/pkgIndex.tcl 
Execute           source C:/AMDDesignTools/2026.1/Vitis/tps/tcl/tcllib2.0/textutil/pkgIndex.tcl 
Execute           source C:/AMDDesignTools/2026.1/Vitis/tps/tcl/tcllib2.0/tie/pkgIndex.tcl 
Execute           source C:/AMDDesignTools/2026.1/Vitis/tps/tcl/tcllib2.0/tiff/pkgIndex.tcl 
Execute           source C:/AMDDesignTools/2026.1/Vitis/tps/tcl/tcllib2.0/tool/pkgIndex.tcl 
Execute           source C:/AMDDesignTools/2026.1/Vitis/tps/tcl/tcllib2.0/transfer/pkgIndex.tcl 
Execute           source C:/AMDDesignTools/2026.1/Vitis/tps/tcl/tcllib2.0/treeql/pkgIndex.tcl 
Execute           source C:/AMDDesignTools/2026.1/Vitis/tps/tcl/tcllib2.0/try/pkgIndex.tcl 
Execute           source C:/AMDDesignTools/2026.1/Vitis/tps/tcl/tcllib2.0/udpcluster/pkgIndex.tcl 
Execute           source C:/AMDDesignTools/2026.1/Vitis/tps/tcl/tcllib2.0/uev/pkgIndex.tcl 
Execute           source C:/AMDDesignTools/2026.1/Vitis/tps/tcl/tcllib2.0/units/pkgIndex.tcl 
Execute           source C:/AMDDesignTools/2026.1/Vitis/tps/tcl/tcllib2.0/uri/pkgIndex.tcl 
Execute           source C:/AMDDesignTools/2026.1/Vitis/tps/tcl/tcllib2.0/uuid/pkgIndex.tcl 
Execute           source C:/AMDDesignTools/2026.1/Vitis/tps/tcl/tcllib2.0/valtype/pkgIndex.tcl 
Execute           source C:/AMDDesignTools/2026.1/Vitis/tps/tcl/tcllib2.0/virtchannel_base/pkgIndex.tcl 
Execute           source C:/AMDDesignTools/2026.1/Vitis/tps/tcl/tcllib2.0/virtchannel_core/pkgIndex.tcl 
Execute           source C:/AMDDesignTools/2026.1/Vitis/tps/tcl/tcllib2.0/virtchannel_transform/pkgIndex.tcl 
Execute           source C:/AMDDesignTools/2026.1/Vitis/tps/tcl/tcllib2.0/websocket/pkgIndex.tcl 
Execute           source C:/AMDDesignTools/2026.1/Vitis/tps/tcl/tcllib2.0/wip/pkgIndex.tcl 
Execute           source C:/AMDDesignTools/2026.1/Vitis/tps/tcl/tcllib2.0/yaml/pkgIndex.tcl 
Execute           source C:/AMDDesignTools/2026.1/Vitis/tps/tcl/tcllib2.0/zip/pkgIndex.tcl 
Command         ap_source done; 0.185 sec.
Execute         source C:/AMDDesignTools/2026.1/Vitis/tps/tcl/tdom/pkgIndex.tcl 
Execute         source C:/AMDDesignTools/2026.1/Vitis/tps/tcl/tk8.6/pkgIndex.tcl 
Execute         source C:/AMDDesignTools/2026.1/Vitis/tps/tcl/tcl8.6/opt0.4/pkgIndex.tcl 
Execute         source C:/AMDDesignTools/2026.1/Vitis/tps/tcl/tcl8.6/pkgs/win/thread2.8.7/pkgIndex.tcl 
Command       ap_source done; 0.655 sec.
INFO-FLOW: Workspace C:/F.A.L.C.O.N/Vitis_WS/Gaussian_Filter_IP/Gaussian_Filter_IP/hls opened at Wed Sep 23 01:29:11 +0530 2026
Execute       source C:/F.A.L.C.O.N/Vitis_WS/Gaussian_Filter_IP/Gaussian_Filter_IP/hls/.autopilot/db/global.setting.tcl 
Execute       set_part xc7z020-clg400-1 
Execute         create_platform xc7z020-clg400-1 -board  
DBG:HLSDevice: Trying to load device library: C:/AMDDesignTools/2026.1/Vitis\lib\win64.o\xv_hlsvwrap.dll
DBG:HLSDevice: first parts/arch.xml in RDI_DATADIR: C:/AMDDesignTools/2026.1/Vitis/data/parts/arch.xml
DBG:HLSDevice: init success
INFO: [HLS 200-1611] Setting target device to 'xc7z020-clg400-1'
Command         create_platform done; 0.853 sec.
Execute         source C:/AMDDesignTools/2026.1/Vitis/common/technology/xilinx/common/xilinx.gen 
Execute           source C:/AMDDesignTools/2026.1/Vitis/common/technology/xilinx/interface/plb46.gen 
Execute           source C:/AMDDesignTools/2026.1/Vitis/common/technology/xilinx/interface/axi4.gen 
Execute           source C:/AMDDesignTools/2026.1/Vitis/common/technology/xilinx/interface/nativeAXI4.gen 
Execute             source C:/AMDDesignTools/2026.1/Vitis/common/technology/xilinx/interface/saxilite.gen 
Execute           source C:/AMDDesignTools/2026.1/Vitis/common/technology/xilinx/scripts/xilinxcoregen.gen 
Execute           source C:/AMDDesignTools/2026.1/Vitis/common/technology/xilinx/interface/XilEDKCoreGen.gen 
Execute           source C:/AMDDesignTools/2026.1/Vitis/common/technology/xilinx/ip/dds_compiler.gen 
Execute           source C:/AMDDesignTools/2026.1/Vitis/common/technology/xilinx/ip/util.gen 
Execute           source C:/AMDDesignTools/2026.1/Vitis/common/technology/xilinx/ip/xfft.gen 
Execute           source C:/AMDDesignTools/2026.1/Vitis/common/technology/xilinx/ip/xfir.gen 
Execute           source C:/AMDDesignTools/2026.1/Vitis/common/technology/xilinx/DSP48/dsp48.gen 
Execute         ap_part_info -name xc7z020-clg400-1 -data info 
Execute         config_compile -quiet -complex-mul-dsp=0 
Command       set_part done; 0.939 sec.
Execute       send_msg_by_id INFO @200-2174@%s%s component hls_config.cfg 
INFO: [HLS 200-2174] Applying component config ini file hls_config.cfg
Execute       apply_ini hls_config.cfg 
Execute         send_msg_by_id INFO @200-1465@%s 'syn.file=Gaussian_Filter.cpp' from hls_config.cfg(6) 
INFO: [HLS 200-1465] Applying config ini 'syn.file=Gaussian_Filter.cpp' from hls_config.cfg(6)
Execute         add_files C:/F.A.L.C.O.N/Vitis_WS/Gaussian_Filter_IP/Gaussian_Filter.cpp 
INFO: [HLS 200-10] Adding design file 'C:/F.A.L.C.O.N/Vitis_WS/Gaussian_Filter_IP/Gaussian_Filter.cpp' to the project
Execute         send_msg_by_id INFO @200-1465@%s 'syn.top=Gaussian_Filter' from hls_config.cfg(7) 
INFO: [HLS 200-1465] Applying config ini 'syn.top=Gaussian_Filter' from hls_config.cfg(7)
Execute         set_top Gaussian_Filter 
Execute         send_msg_by_id INFO @200-1465@%s 'part=xc7z020clg400-1' from hls_config.cfg(1) 
INFO: [HLS 200-1465] Applying config ini 'part=xc7z020clg400-1' from hls_config.cfg(1)
Execute         set_part xc7z020clg400-1 
Execute           create_platform xc7z020clg400-1 -board  
Command           create_platform done; 0.155 sec.
Execute           source C:/AMDDesignTools/2026.1/Vitis/common/technology/xilinx/common/xilinx.gen 
Execute             source C:/AMDDesignTools/2026.1/Vitis/common/technology/xilinx/interface/plb46.gen 
Execute             source C:/AMDDesignTools/2026.1/Vitis/common/technology/xilinx/interface/axi4.gen 
Execute             source C:/AMDDesignTools/2026.1/Vitis/common/technology/xilinx/interface/nativeAXI4.gen 
Execute               source C:/AMDDesignTools/2026.1/Vitis/common/technology/xilinx/interface/saxilite.gen 
Execute             source C:/AMDDesignTools/2026.1/Vitis/common/technology/xilinx/scripts/xilinxcoregen.gen 
Execute             source C:/AMDDesignTools/2026.1/Vitis/common/technology/xilinx/interface/XilEDKCoreGen.gen 
Execute             source C:/AMDDesignTools/2026.1/Vitis/common/technology/xilinx/ip/dds_compiler.gen 
Execute             source C:/AMDDesignTools/2026.1/Vitis/common/technology/xilinx/ip/util.gen 
Execute             source C:/AMDDesignTools/2026.1/Vitis/common/technology/xilinx/ip/xfft.gen 
Execute             source C:/AMDDesignTools/2026.1/Vitis/common/technology/xilinx/ip/xfir.gen 
Execute             source C:/AMDDesignTools/2026.1/Vitis/common/technology/xilinx/DSP48/dsp48.gen 
Execute           ap_part_info -name xc7z020-clg400-1 -data info 
Execute           config_compile -quiet -complex-mul-dsp=0 
Command         set_part done; 0.281 sec.
Execute         send_msg_by_id INFO @200-1465@%s 'package.output.format=ip_catalog' from hls_config.cfg(4) 
INFO: [HLS 200-1465] Applying config ini 'package.output.format=ip_catalog' from hls_config.cfg(4)
Execute         config_export -format=ip_catalog 
Command       apply_ini done; 0.312 sec.
Execute       write_component -config C:/F.A.L.C.O.N/Vitis_WS/Gaussian_Filter_IP/hls_config.cfg 
Execute         send_msg_by_id INFO @200-2176@%s C:/F.A.L.C.O.N/Vitis_WS/Gaussian_Filter_IP/Gaussian_Filter_IP/vitis-comp.json 
INFO: [HLS 200-2176] Writing Vitis IDE component file C:/F.A.L.C.O.N/Vitis_WS/Gaussian_Filter_IP/Gaussian_Filter_IP/vitis-comp.json
Command     open_solution done; 2.019 sec.
Command   open_component done; 2.022 sec.
Execute   apply_ini C:/F.A.L.C.O.N/Vitis_WS/Gaussian_Filter_IP/Gaussian_Filter_IP/hls/config.cmdline -iscmdline 
Execute   ::AP::init_summary_file vivado-impl 
Execute     AP::app_get_file_relativeroot [AP::app_get_root] {}
Execute   export_design -flow impl 
Execute     config_export -flow=impl 
INFO-FLOW: DBG:PUTS: export_design_wrap: -flow impl -format ip_catalog -rtl verilog
Execute     source C:/F.A.L.C.O.N/Vitis_WS/Gaussian_Filter_IP/Gaussian_Filter_IP/hls/.autopilot/db/global.setting.tcl 
INFO-FLOW: DBG:PUTS:   auto_impl: pack: -export -rtl verilog
INFO-FLOW: DBG:PROC: ::AESL_AUTOIMPL::auto_impl args='-export -rtl verilog'
Execute     source C:/F.A.L.C.O.N/Vitis_WS/Gaussian_Filter_IP/Gaussian_Filter_IP/hls/.autopilot/db/global.setting.tcl 
INFO: [IMPL 213-8] Exporting RTL as a Vivado IP.
INFO-FLOW: DBG:PUTS: automg_wrap -export -pcore_version 1.00.a -rtl vlog -tool Vivado -impltomg_flag
INFO-FLOW: DBG:PROC: ::AESL_AUTOMG::auto_generate args='-export -pcore_version 1.00.a -rtl vlog -tool Vivado -impltomg_flag'
INFO-FLOW: DBG:PUTS:     auto_generate -export -pcore_version 1.00.a -rtl vlog -tool Vivado -impltomg_flag
Execute     source C:/F.A.L.C.O.N/Vitis_WS/Gaussian_Filter_IP/Gaussian_Filter_IP/hls/.autopilot/db/global.setting.tcl 
INFO-FLOW: DBG:PUTS: read_platform_lib C:/F.A.L.C.O.N/Vitis_WS/Gaussian_Filter_IP/Gaussian_Filter_IP/hls/.autopilot/db/global.setting.tcl
Execute     source C:/AMDDesignTools/2026.1/Vitis/common/technology/generic/autopilot/common.gen 
Execute       source C:/AMDDesignTools/2026.1/Vitis/common/technology/generic/autopilot/APCoreGen.gen 
Execute     source C:/AMDDesignTools/2026.1/Vitis/common/technology/generic/autopilot/op.gen 
Execute     source C:/AMDDesignTools/2026.1/Vitis/common/technology/generic/autopilot/op_simcore.gen 
Execute     source C:/AMDDesignTools/2026.1/Vitis/common/technology/generic/autopilot/interface.gen 
Execute     source C:/F.A.L.C.O.N/Vitis_WS/Gaussian_Filter_IP/Gaussian_Filter_IP/hls/.autopilot/db/global.setting.tcl 
Execute     source C:/AMDDesignTools/2026.1/Vitis/common/technology/xilinx/common/xilinx.gen 
Execute       source C:/AMDDesignTools/2026.1/Vitis/common/technology/xilinx/interface/plb46.gen 
Execute       source C:/AMDDesignTools/2026.1/Vitis/common/technology/xilinx/interface/axi4.gen 
Execute       source C:/AMDDesignTools/2026.1/Vitis/common/technology/xilinx/interface/nativeAXI4.gen 
Execute         source C:/AMDDesignTools/2026.1/Vitis/common/technology/xilinx/interface/saxilite.gen 
Execute       source C:/AMDDesignTools/2026.1/Vitis/common/technology/xilinx/scripts/xilinxcoregen.gen 
Execute       source C:/AMDDesignTools/2026.1/Vitis/common/technology/xilinx/interface/XilEDKCoreGen.gen 
Execute       source C:/AMDDesignTools/2026.1/Vitis/common/technology/xilinx/ip/dds_compiler.gen 
Execute       source C:/AMDDesignTools/2026.1/Vitis/common/technology/xilinx/ip/util.gen 
Execute       source C:/AMDDesignTools/2026.1/Vitis/common/technology/xilinx/ip/xfft.gen 
Execute       source C:/AMDDesignTools/2026.1/Vitis/common/technology/xilinx/ip/xfir.gen 
Execute       source C:/AMDDesignTools/2026.1/Vitis/common/technology/xilinx/DSP48/dsp48.gen 
INFO-FLOW: DBG:PUTS:   using AESL_AUTOCG::g_clock_period=10.000 (was NA)
INFO-FLOW: DBG:PUTS:       initCTypeInfo top_module=Gaussian_Filter xml_exists=0
Execute     source C:/F.A.L.C.O.N/Vitis_WS/Gaussian_Filter_IP/Gaussian_Filter_IP/hls/.autopilot/db/Gaussian_Filter.rtl_wrap.cfg.tcl 
Execute     source C:/F.A.L.C.O.N/Vitis_WS/Gaussian_Filter_IP/Gaussian_Filter_IP/hls/.autopilot/db/Gaussian_Filter.rtl_wrap.cfg.tcl 
Execute     source C:/F.A.L.C.O.N/Vitis_WS/Gaussian_Filter_IP/Gaussian_Filter_IP/hls/.autopilot/db/Gaussian_Filter.rtl_wrap.cfg.tcl 
Execute     source C:/F.A.L.C.O.N/Vitis_WS/Gaussian_Filter_IP/Gaussian_Filter_IP/hls/.autopilot/db/Gaussian_Filter.tbgen.tcl 
Execute     source C:/F.A.L.C.O.N/Vitis_WS/Gaussian_Filter_IP/Gaussian_Filter_IP/hls/.autopilot/db/Gaussian_Filter.tbgen.tcl 
Execute     source C:/F.A.L.C.O.N/Vitis_WS/Gaussian_Filter_IP/Gaussian_Filter_IP/hls/.autopilot/db/Gaussian_Filter.tbgen.tcl 
Execute     source C:/F.A.L.C.O.N/Vitis_WS/Gaussian_Filter_IP/Gaussian_Filter_IP/hls/.autopilot/db/global.setting.tcl 
Execute     source C:/F.A.L.C.O.N/Vitis_WS/Gaussian_Filter_IP/Gaussian_Filter_IP/hls/.autopilot/db/Gaussian_Filter.tbgen.tcl 
Execute     source C:/F.A.L.C.O.N/Vitis_WS/Gaussian_Filter_IP/Gaussian_Filter_IP/hls/.autopilot/db/cosimDB.tcl 
INFO-FLOW: DBG:PUTS:       cosim_export_main adding deadlock detection to Gaussian_Filter
INFO-FLOW: DBG:PUTS:       generate_datafile_ip_script ip_types={vitis sysgen} #gSsdmPorts=0
INFO-FLOW: DBG:PUTS: Skipping loadAnalyze_DB, #g_database=16
INFO-FLOW: DBG:PUTS:       generate_json generate_bd_files=0 generate_xo_files=false #modelList=20 #gSsdmPorts=0
INFO-FLOW: DBG:PROC: ::AP::DESIGN_DATA::generate_json generate_bd_files='0' generate_xo_files='false' modelList='Gaussian_Filter_Gaussian_Filter_Pipeline_VITIS_LOOP_25_1_VITIS_LOOP_27_2_Line_Buffer_data_1_Rbkb
Gaussian_Filter_flow_control_loop_pipe_sequential_init
Gaussian_Filter_mul_31ns_31ns_62_2_1
Gaussian_Filter_control_s_axi
Gaussian_Filter_regslice_both
Gaussian_Filter_regslice_both
Gaussian_Filter_regslice_both
Gaussian_Filter_regslice_both
Gaussian_Filter_regslice_both
Gaussian_Filter_regslice_both
Gaussian_Filter_regslice_both
Gaussian_Filter_regslice_both
Gaussian_Filter_regslice_both
Gaussian_Filter_regslice_both
Gaussian_Filter_regslice_both
Gaussian_Filter_regslice_both
Gaussian_Filter_regslice_both
Gaussian_Filter_regslice_both
Gaussian_Filter_Pipeline_VITIS_LOOP_25_1_VITIS_LOOP_27_2
Gaussian_Filter
' rtl_lang='vlog' bootstrap_tcl='false' outdir='' outfilename=''
Execute     source C:/F.A.L.C.O.N/Vitis_WS/Gaussian_Filter_IP/Gaussian_Filter_IP/hls/.autopilot/db/global.setting.tcl 
Execute     source C:/F.A.L.C.O.N/Vitis_WS/Gaussian_Filter_IP/Gaussian_Filter_IP/hls/.autopilot/db/global.setting.tcl 
Execute     source C:/F.A.L.C.O.N/Vitis_WS/Gaussian_Filter_IP/Gaussian_Filter_IP/hls/.autopilot/db/top-io-be.tcl 
Execute     source C:/F.A.L.C.O.N/Vitis_WS/Gaussian_Filter_IP/Gaussian_Filter_IP/hls/.autopilot/db/Gaussian_Filter.tbgen.tcl 
Execute     source C:/F.A.L.C.O.N/Vitis_WS/Gaussian_Filter_IP/Gaussian_Filter_IP/hls/.autopilot/db/Gaussian_Filter.compgen.dataonly.tcl 
Execute     source C:/F.A.L.C.O.N/Vitis_WS/Gaussian_Filter_IP/Gaussian_Filter_IP/hls/.autopilot/db/Gaussian_Filter.compgen.dataonly.tcl 
Execute     source C:/F.A.L.C.O.N/Vitis_WS/Gaussian_Filter_IP/Gaussian_Filter_IP/hls/.autopilot/db/Gaussian_Filter.rtl_wrap.cfg.tcl 
Execute     source C:/F.A.L.C.O.N/Vitis_WS/Gaussian_Filter_IP/Gaussian_Filter_IP/hls/.autopilot/db/Gaussian_Filter.compgen.dataonly.tcl 
Execute     source C:/F.A.L.C.O.N/Vitis_WS/Gaussian_Filter_IP/Gaussian_Filter_IP/hls/.autopilot/db/Gaussian_Filter_Pipeline_VITIS_LOOP_25_1_VITIS_LOOP_27_2.tbgen.tcl 
Execute     source C:/F.A.L.C.O.N/Vitis_WS/Gaussian_Filter_IP/Gaussian_Filter_IP/hls/.autopilot/db/Gaussian_Filter.tbgen.tcl 
Execute     source C:/F.A.L.C.O.N/Vitis_WS/Gaussian_Filter_IP/Gaussian_Filter_IP/hls/.autopilot/db/global.setting.tcl 
Execute     ap_part_info -name xc7z020-clg400-1 -data names -quiet 
Execute     ap_part_info -name xc7z020-clg400-1 -data info -quiet 
Execute     source C:/F.A.L.C.O.N/Vitis_WS/Gaussian_Filter_IP/Gaussian_Filter_IP/hls/.autopilot/db/Gaussian_Filter.constraint.tcl 
Execute     sc_get_clocks Gaussian_Filter 
Execute     source C:/F.A.L.C.O.N/Vitis_WS/Gaussian_Filter_IP/Gaussian_Filter_IP/hls/.autopilot/db/global.setting.tcl 
Execute     source C:/AMDDesignTools/2026.1/Vitis/tps/tcl/tcllib2.0/fileutil/fileutil.tcl 
Execute       source C:/AMDDesignTools/2026.1/Vitis/tps/tcl/tcllib2.0/cmdline/cmdline.tcl 
INFO-FLOW: DBG:PUTS:       generate_syn_sh
Execute     ap_part_info -name xc7z020-clg400-1 -data names -quiet 
Execute     ap_part_info -name xc7z020-clg400-1 -data info -quiet 
Execute     source C:/F.A.L.C.O.N/Vitis_WS/Gaussian_Filter_IP/Gaussian_Filter_IP/hls/.autopilot/db/global.setting.tcl 
INFO-FLOW: DBG:PUTS:       generate_imp_constraints
Execute     ap_part_info -name xc7z020-clg400-1 -data names -quiet 
Execute     ap_part_info -name xc7z020-clg400-1 -data info -quiet 
Execute     source C:/F.A.L.C.O.N/Vitis_WS/Gaussian_Filter_IP/Gaussian_Filter_IP/hls/.autopilot/db/Gaussian_Filter.constraint.tcl 
Execute     source C:/F.A.L.C.O.N/Vitis_WS/Gaussian_Filter_IP/Gaussian_Filter_IP/hls/.autopilot/db/Gaussian_Filter.tbgen.tcl 
INFO-FLOW: DBG:PUTS:       delete-temp-dirs pwd=C:/F.A.L.C.O.N/Vitis_WS/Gaussian_Filter_IP/Gaussian_Filter_IP/hls
Execute     ap_part_info -name xc7z020-clg400-1 -data names -quiet 
Execute     ap_part_info -name xc7z020-clg400-1 -data info -quiet 
INFO-FLOW: DBG:PUTS: read_platform_lib C:/F.A.L.C.O.N/Vitis_WS/Gaussian_Filter_IP/Gaussian_Filter_IP/hls/.autopilot/db/global.setting.tcl
Execute     source C:/AMDDesignTools/2026.1/Vitis/common/technology/generic/autopilot/common.gen 
Execute       source C:/AMDDesignTools/2026.1/Vitis/common/technology/generic/autopilot/APCoreGen.gen 
Execute     source C:/AMDDesignTools/2026.1/Vitis/common/technology/generic/autopilot/op.gen 
Execute     source C:/AMDDesignTools/2026.1/Vitis/common/technology/generic/autopilot/op_simcore.gen 
Execute     source C:/AMDDesignTools/2026.1/Vitis/common/technology/generic/autopilot/interface.gen 
Execute     source C:/F.A.L.C.O.N/Vitis_WS/Gaussian_Filter_IP/Gaussian_Filter_IP/hls/.autopilot/db/global.setting.tcl 
Execute     source C:/AMDDesignTools/2026.1/Vitis/common/technology/xilinx/common/xilinx.gen 
Execute       source C:/AMDDesignTools/2026.1/Vitis/common/technology/xilinx/interface/plb46.gen 
Execute       source C:/AMDDesignTools/2026.1/Vitis/common/technology/xilinx/interface/axi4.gen 
Execute       source C:/AMDDesignTools/2026.1/Vitis/common/technology/xilinx/interface/nativeAXI4.gen 
Execute         source C:/AMDDesignTools/2026.1/Vitis/common/technology/xilinx/interface/saxilite.gen 
Execute       source C:/AMDDesignTools/2026.1/Vitis/common/technology/xilinx/scripts/xilinxcoregen.gen 
Execute       source C:/AMDDesignTools/2026.1/Vitis/common/technology/xilinx/interface/XilEDKCoreGen.gen 
Execute       source C:/AMDDesignTools/2026.1/Vitis/common/technology/xilinx/ip/dds_compiler.gen 
Execute       source C:/AMDDesignTools/2026.1/Vitis/common/technology/xilinx/ip/util.gen 
Execute       source C:/AMDDesignTools/2026.1/Vitis/common/technology/xilinx/ip/xfft.gen 
Execute       source C:/AMDDesignTools/2026.1/Vitis/common/technology/xilinx/ip/xfir.gen 
Execute       source C:/AMDDesignTools/2026.1/Vitis/common/technology/xilinx/DSP48/dsp48.gen 
INFO-FLOW: DBG:PUTS:     IP package: exec C:/F.A.L.C.O.N/Vitis_WS/Gaussian_Filter_IP/Gaussian_Filter_IP/hls/impl/ip/pack.bat
INFO-FLOW: DBG:PUTS:     IP package: success C:/F.A.L.C.O.N/Vitis_WS/Gaussian_Filter_IP/Gaussian_Filter_IP/hls/impl/ip/pack.bat
INFO-FLOW: DBG:PUTS:   auto_impl: eval: -flow impl -rtl verilog
INFO-FLOW: DBG:PROC: ::AESL_AUTOIMPL::auto_impl args='-flow impl -rtl verilog'
Execute     source C:/F.A.L.C.O.N/Vitis_WS/Gaussian_Filter_IP/Gaussian_Filter_IP/hls/.autopilot/db/global.setting.tcl 
INFO: [IMPL 213-8] Starting RTL evaluation using Vivado ...
INFO-FLOW: DBG:PUTS: automg_wrap -rtl vlog -tool Vivado -impltomg_flag
INFO-FLOW: DBG:PROC: ::AESL_AUTOMG::auto_generate args='-rtl vlog -tool Vivado -impltomg_flag'
INFO-FLOW: DBG:PUTS:     auto_generate -rtl vlog -tool Vivado -impltomg_flag
Execute     source C:/F.A.L.C.O.N/Vitis_WS/Gaussian_Filter_IP/Gaussian_Filter_IP/hls/.autopilot/db/global.setting.tcl 
INFO-FLOW: DBG:PUTS: read_platform_lib C:/F.A.L.C.O.N/Vitis_WS/Gaussian_Filter_IP/Gaussian_Filter_IP/hls/.autopilot/db/global.setting.tcl
Execute     source C:/AMDDesignTools/2026.1/Vitis/common/technology/generic/autopilot/common.gen 
Execute       source C:/AMDDesignTools/2026.1/Vitis/common/technology/generic/autopilot/APCoreGen.gen 
Execute     source C:/AMDDesignTools/2026.1/Vitis/common/technology/generic/autopilot/op.gen 
Execute     source C:/AMDDesignTools/2026.1/Vitis/common/technology/generic/autopilot/op_simcore.gen 
Execute     source C:/AMDDesignTools/2026.1/Vitis/common/technology/generic/autopilot/interface.gen 
Execute     source C:/F.A.L.C.O.N/Vitis_WS/Gaussian_Filter_IP/Gaussian_Filter_IP/hls/.autopilot/db/global.setting.tcl 
Execute     source C:/AMDDesignTools/2026.1/Vitis/common/technology/xilinx/common/xilinx.gen 
Execute       source C:/AMDDesignTools/2026.1/Vitis/common/technology/xilinx/interface/plb46.gen 
Execute       source C:/AMDDesignTools/2026.1/Vitis/common/technology/xilinx/interface/axi4.gen 
Execute       source C:/AMDDesignTools/2026.1/Vitis/common/technology/xilinx/interface/nativeAXI4.gen 
Execute         source C:/AMDDesignTools/2026.1/Vitis/common/technology/xilinx/interface/saxilite.gen 
Execute       source C:/AMDDesignTools/2026.1/Vitis/common/technology/xilinx/scripts/xilinxcoregen.gen 
Execute       source C:/AMDDesignTools/2026.1/Vitis/common/technology/xilinx/interface/XilEDKCoreGen.gen 
Execute       source C:/AMDDesignTools/2026.1/Vitis/common/technology/xilinx/ip/dds_compiler.gen 
Execute       source C:/AMDDesignTools/2026.1/Vitis/common/technology/xilinx/ip/util.gen 
Execute       source C:/AMDDesignTools/2026.1/Vitis/common/technology/xilinx/ip/xfft.gen 
Execute       source C:/AMDDesignTools/2026.1/Vitis/common/technology/xilinx/ip/xfir.gen 
Execute       source C:/AMDDesignTools/2026.1/Vitis/common/technology/xilinx/DSP48/dsp48.gen 
INFO-FLOW: DBG:PUTS:       generate_syn_sh
Execute     ap_part_info -name xc7z020-clg400-1 -data names -quiet 
Execute     ap_part_info -name xc7z020-clg400-1 -data info -quiet 
Execute     source C:/F.A.L.C.O.N/Vitis_WS/Gaussian_Filter_IP/Gaussian_Filter_IP/hls/.autopilot/db/global.setting.tcl 
INFO-FLOW: DBG:PUTS:       generate_imp_constraints
Execute     ap_part_info -name xc7z020-clg400-1 -data names -quiet 
Execute     ap_part_info -name xc7z020-clg400-1 -data info -quiet 
Execute     source C:/F.A.L.C.O.N/Vitis_WS/Gaussian_Filter_IP/Gaussian_Filter_IP/hls/.autopilot/db/Gaussian_Filter.constraint.tcl 
Execute     source C:/F.A.L.C.O.N/Vitis_WS/Gaussian_Filter_IP/Gaussian_Filter_IP/hls/.autopilot/db/Gaussian_Filter.tbgen.tcl 
INFO-FLOW: DBG:PUTS:       delete-temp-dirs pwd=C:/F.A.L.C.O.N/Vitis_WS/Gaussian_Filter_IP/Gaussian_Filter_IP/hls
Execute     ap_part_info -name xc7z020-clg400-1 -data names -quiet 
Execute     ap_part_info -name xc7z020-clg400-1 -data info -quiet 
INFO-FLOW: DBG:PUTS: read_platform_lib C:/F.A.L.C.O.N/Vitis_WS/Gaussian_Filter_IP/Gaussian_Filter_IP/hls/.autopilot/db/global.setting.tcl
Execute     source C:/AMDDesignTools/2026.1/Vitis/common/technology/generic/autopilot/common.gen 
Execute       source C:/AMDDesignTools/2026.1/Vitis/common/technology/generic/autopilot/APCoreGen.gen 
Execute     source C:/AMDDesignTools/2026.1/Vitis/common/technology/generic/autopilot/op.gen 
Execute     source C:/AMDDesignTools/2026.1/Vitis/common/technology/generic/autopilot/op_simcore.gen 
Execute     source C:/AMDDesignTools/2026.1/Vitis/common/technology/generic/autopilot/interface.gen 
Execute     source C:/F.A.L.C.O.N/Vitis_WS/Gaussian_Filter_IP/Gaussian_Filter_IP/hls/.autopilot/db/global.setting.tcl 
Execute     source C:/AMDDesignTools/2026.1/Vitis/common/technology/xilinx/common/xilinx.gen 
Execute       source C:/AMDDesignTools/2026.1/Vitis/common/technology/xilinx/interface/plb46.gen 
Execute       source C:/AMDDesignTools/2026.1/Vitis/common/technology/xilinx/interface/axi4.gen 
Execute       source C:/AMDDesignTools/2026.1/Vitis/common/technology/xilinx/interface/nativeAXI4.gen 
Execute         source C:/AMDDesignTools/2026.1/Vitis/common/technology/xilinx/interface/saxilite.gen 
Execute       source C:/AMDDesignTools/2026.1/Vitis/common/technology/xilinx/scripts/xilinxcoregen.gen 
Execute       source C:/AMDDesignTools/2026.1/Vitis/common/technology/xilinx/interface/XilEDKCoreGen.gen 
Execute       source C:/AMDDesignTools/2026.1/Vitis/common/technology/xilinx/ip/dds_compiler.gen 
Execute       source C:/AMDDesignTools/2026.1/Vitis/common/technology/xilinx/ip/util.gen 
Execute       source C:/AMDDesignTools/2026.1/Vitis/common/technology/xilinx/ip/xfft.gen 
Execute       source C:/AMDDesignTools/2026.1/Vitis/common/technology/xilinx/ip/xfir.gen 
Execute       source C:/AMDDesignTools/2026.1/Vitis/common/technology/xilinx/DSP48/dsp48.gen 
Execute     source C:/F.A.L.C.O.N/Vitis_WS/Gaussian_Filter_IP/Gaussian_Filter_IP/hls/.autopilot/db/autopilot.rtl.models.tcl 
Execute     source C:/F.A.L.C.O.N/Vitis_WS/Gaussian_Filter_IP/Gaussian_Filter_IP/hls/.autopilot/db/global.setting.tcl 
Execute     ap_part_info -name xc7z020-clg400-1 -data names -quiet 
Execute     ap_part_info -name xc7z020-clg400-1 -data info -quiet 
INFO-FLOW: DBG:PUTS: debug_in_auto_impl: vlog exec C:/F.A.L.C.O.N/Vitis_WS/Gaussian_Filter_IP/Gaussian_Filter_IP/hls/impl/verilog/impl.bat
INFO-FLOW: DBG:PROC: ::HLSREPORTS::auto_impl_report topinfo_dict='RtlTopPrefix {} RtlSubPrefix Gaussian_Filter_ TopModuleNoPrefix Gaussian_Filter TopModuleWithPrefix Gaussian_Filter' export_design_flow='impl' impl_dir='C:/F.A.L.C.O.N/Vitis_WS/Gaussian_Filter_IP/Gaussian_Filter_IP/hls/impl' lang='verilog' out_dir='' flow_names=''
INFO-FLOW: Running: auto_impl_report read csynth_xml
INFO-FLOW: Done: auto_impl_report read csynth_xml time: 0 seconds 
INFO-FLOW: Running: auto_impl_report gen module_node_dict
INFO-FLOW: Done: auto_impl_report gen module_node_dict time: 0 seconds 
INFO-FLOW: Running: auto_impl_report get_csynth_rtlinst_dict
INFO-FLOW: Done: auto_impl_report get_csynth_rtlinst_dict time: 0 seconds 
INFO-FLOW: DBG:PUTS:     auto_impl_report: impl processing xml
INFO-FLOW: Running: auto_impl_report flow=impl process xml nodes: RtlModule (21)
INFO-FLOW: Done: auto_impl_report flow=impl process xml nodes: RtlModule (21) time: 0 seconds 
INFO-FLOW: Running: auto_impl_report flow=impl process xml nodes: TimingPaths (5)
INFO-FLOW: Done: auto_impl_report flow=impl process xml nodes: TimingPaths (5) time: 0 seconds 
Execute     ap_part_info -quiet -data family -name xc7z020-clg400-1 
INFO-FLOW: Running: auto_impl_report flow=impl write xml C:/F.A.L.C.O.N/Vitis_WS/Gaussian_Filter_IP/Gaussian_Filter_IP/hls/impl/report/verilog/export_impl.xml
INFO-FLOW: Done: auto_impl_report flow=impl write xml C:/F.A.L.C.O.N/Vitis_WS/Gaussian_Filter_IP/Gaussian_Filter_IP/hls/impl/report/verilog/export_impl.xml time: 0 seconds 
INFO-FLOW: Running: auto_impl_report flow=impl auto_impl_report_txt C:/F.A.L.C.O.N/Vitis_WS/Gaussian_Filter_IP/Gaussian_Filter_IP/hls/impl/report/verilog/export_impl.rpt
INFO-FLOW: DBG:PROC: ::HLSREPORTS::auto_impl_report_txt xml_root='domNode000001859137E728' export_design_flow='impl' export_rpt='C:/F.A.L.C.O.N/Vitis_WS/Gaussian_Filter_IP/Gaussian_Filter_IP/hls/impl/report/verilog/export_impl.rpt' rpt_txt_var=''
INFO-FLOW: DBG:PUTS:     wrote export rpt file: export_impl.rpt
INFO-FLOW: Done: auto_impl_report flow=impl auto_impl_report_txt C:/F.A.L.C.O.N/Vitis_WS/Gaussian_Filter_IP/Gaussian_Filter_IP/hls/impl/report/verilog/export_impl.rpt time: 0 seconds 
INFO-FLOW: DBG:PUTS:     auto_impl_report: syn processing xml
INFO-FLOW: Running: auto_impl_report flow=syn process xml nodes: RtlModule (21)
INFO-FLOW: Done: auto_impl_report flow=syn process xml nodes: RtlModule (21) time: 0 seconds 
INFO-FLOW: Running: auto_impl_report flow=syn process xml nodes: TimingPaths (5)
INFO-FLOW: Done: auto_impl_report flow=syn process xml nodes: TimingPaths (5) time: 0 seconds 
Execute     ap_part_info -quiet -data family -name xc7z020-clg400-1 
INFO-FLOW: Running: auto_impl_report flow=syn write xml C:/F.A.L.C.O.N/Vitis_WS/Gaussian_Filter_IP/Gaussian_Filter_IP/hls/impl/report/verilog/export_syn.xml
INFO-FLOW: Done: auto_impl_report flow=syn write xml C:/F.A.L.C.O.N/Vitis_WS/Gaussian_Filter_IP/Gaussian_Filter_IP/hls/impl/report/verilog/export_syn.xml time: 0 seconds 
INFO-FLOW: Running: auto_impl_report flow=syn auto_impl_report_txt C:/F.A.L.C.O.N/Vitis_WS/Gaussian_Filter_IP/Gaussian_Filter_IP/hls/impl/report/verilog/export_syn.rpt
INFO-FLOW: DBG:PROC: ::HLSREPORTS::auto_impl_report_txt xml_root='domNode0000018591385578' export_design_flow='syn' export_rpt='C:/F.A.L.C.O.N/Vitis_WS/Gaussian_Filter_IP/Gaussian_Filter_IP/hls/impl/report/verilog/export_syn.rpt' rpt_txt_var=''
INFO-FLOW: DBG:PUTS:     wrote export rpt file: export_syn.rpt
INFO-FLOW: Done: auto_impl_report flow=syn auto_impl_report_txt C:/F.A.L.C.O.N/Vitis_WS/Gaussian_Filter_IP/Gaussian_Filter_IP/hls/impl/report/verilog/export_syn.rpt time: 0 seconds 
Execute     send_msg_by_id INFO @200-802@%s Gaussian_Filter_IP/Gaussian_Filter.zip 
INFO: [HLS 200-802] Generated output file Gaussian_Filter_IP/Gaussian_Filter.zip
Command   export_design done; 315.729 sec.
Execute   close_project 
Execute     close_solution 
Execute       cleanup_all 
Execute       cleanup_all 
