

================================================================
== Vitis HLS Report for 'Gaussian_Filter_Pipeline_VITIS_LOOP_25_1_VITIS_LOOP_27_2'
================================================================
* Date:           Wed Sep 23 01:28:43 2026

* Version:        2026.1 (Build 6493734 on Jun 16 2026)
* Project:        Gaussian_Filter_IP
* Solution:       hls
* Product family: zynq
* Target device:  xc7z020-clg400-1


================================================================
== Performance Estimates
================================================================
+ Timing: 
    * Summary: 
    +--------+----------+----------+------------+
    |  Clock |  Target  | Estimated| Uncertainty|
    +--------+----------+----------+------------+
    |ap_clk  |  10.00 ns|  7.206 ns|     2.70 ns|
    +--------+----------+----------+------------+

+ Latency: 
    * Summary: 
    +---------+---------+----------+----------+-----+-----+-------------------+
    |  Latency (cycles) |  Latency (absolute) |  Interval |      Pipeline     |
    |   min   |   max   |    min   |    max   | min | max |        Type       |
    +---------+---------+----------+----------+-----+-----+-------------------+
    |        ?|        ?|         ?|         ?|    0|    0|  loop pipeline stp|
    +---------+---------+----------+----------+-----+-----+-------------------+

    + Detail: 
        * Instance: 
        N/A

        * Loop: 
        +-----------------------------------+---------+---------+----------+-----------+-----------+------+----------+
        |                                   |  Latency (cycles) | Iteration|  Initiation Interval  | Trip |          |
        |             Loop Name             |   min   |   max   |  Latency |  achieved |   target  | Count| Pipelined|
        +-----------------------------------+---------+---------+----------+-----------+-----------+------+----------+
        |- VITIS_LOOP_25_1_VITIS_LOOP_27_2  |        ?|        ?|         6|          1|          1|     ?|       yes|
        +-----------------------------------+---------+---------+----------+-----------+-----------+------+----------+



================================================================
== Utilization Estimates
================================================================
* Summary: 
+-----------------+---------+-----+--------+-------+-----+
|       Name      | BRAM_18K| DSP |   FF   |  LUT  | URAM|
+-----------------+---------+-----+--------+-------+-----+
|DSP              |        -|    -|       -|      -|    -|
|Expression       |        -|    -|       0|    679|    -|
|FIFO             |        -|    -|       -|      -|    -|
|Instance         |        -|    -|       -|      -|    -|
|Memory           |        8|    -|       0|      0|    0|
|Multiplexer      |        -|    -|       0|     99|    -|
|Register         |        -|    -|    1303|    256|    -|
+-----------------+---------+-----+--------+-------+-----+
|Total            |        8|    0|    1303|   1034|    0|
+-----------------+---------+-----+--------+-------+-----+
|Available        |      280|  220|  106400|  53200|    0|
+-----------------+---------+-----+--------+-------+-----+
|Utilization (%)  |        2|    0|       1|      1|    0|
+-----------------+---------+-----+--------+-------+-----+

+ Detail: 
    * Instance: 
    N/A

    * DSP: 
    N/A

    * Memory: 
    +----------------------+----------------------------------------------------------------------------------+---------+---+----+-----+------+-----+------+-------------+
    |        Memory        |                                      Module                                      | BRAM_18K| FF| LUT| URAM| Words| Bits| Banks| W*Bits*Banks|
    +----------------------+----------------------------------------------------------------------------------+---------+---+----+-----+------+-----+------+-------------+
    |Line_Buffer_data_1_U  |Gaussian_Filter_Pipeline_VITIS_LOOP_25_1_VITIS_LOOP_27_2_Line_Buffer_data_1_Rbkb  |        4|  0|   0|    0|  1920|   32|     1|        61440|
    |Line_Buffer_data_U    |Gaussian_Filter_Pipeline_VITIS_LOOP_25_1_VITIS_LOOP_27_2_Line_Buffer_data_1_Rbkb  |        4|  0|   0|    0|  1920|   32|     1|        61440|
    +----------------------+----------------------------------------------------------------------------------+---------+---+----+-----+------+-----+------+-------------+
    |Total                 |                                                                                  |        8|  0|   0|    0|  3840|   64|     2|       122880|
    +----------------------+----------------------------------------------------------------------------------+---------+---+----+-----+------+-----+------+-------------+

    * FIFO: 
    N/A

    * Expression: 
    +---------------------------------------+----------+----+---+----+------------+------------+
    |             Variable Name             | Operation| DSP| FF| LUT| Bitwidth P0| Bitwidth P1|
    +---------------------------------------+----------+----+---+----+------------+------------+
    |Sum_1_fu_514_p2                        |         +|   0|  0|  32|          32|          32|
    |add_ln25_fu_266_p2                     |         +|   0|  0|  69|          62|           1|
    |add_ln27_fu_360_p2                     |         +|   0|  0|  12|          11|           1|
    |add_ln55_1_fu_510_p2                   |         +|   0|  0|  32|          32|          32|
    |add_ln55_2_fu_490_p2                   |         +|   0|  0|  32|          32|          32|
    |add_ln55_3_fu_496_p2                   |         +|   0|  0|  32|          32|          32|
    |add_ln55_fu_453_p2                     |         +|   0|  0|  39|          32|          32|
    |tmp1_fu_442_p2                         |         +|   0|  0|  38|          31|          31|
    |tmp21_fu_447_p2                        |         +|   0|  0|  31|          31|          31|
    |tmp_fu_436_p2                          |         +|   0|  0|  31|          31|          31|
    |ap_block_state3_pp0_stage0_iter2_grp1  |       and|   0|  0|   2|           1|           1|
    |addr_cmp25_fu_335_p2                   |      icmp|   0|  0|  71|          64|          64|
    |addr_cmp_fu_344_p2                     |      icmp|   0|  0|  71|          64|          64|
    |icmp_ln25_fu_261_p2                    |      icmp|   0|  0|  69|          62|          62|
    |icmp_ln27_fu_284_p2                    |      icmp|   0|  0|  39|          32|          32|
    |ap_block_pp0_stage0_01001_grp1         |        or|   0|  0|   2|           1|           1|
    |reuse_select26_fu_410_p3               |    select|   0|  0|  32|           1|          32|
    |reuse_select_fu_377_p3                 |    select|   0|  0|  32|           1|          32|
    |select_ln25_fu_289_p3                  |    select|   0|  0|  11|           1|          11|
    |ap_enable_pp0                          |       xor|   0|  0|   2|           1|           2|
    +---------------------------------------+----------+----+---+----+------------+------------+
    |Total                                  |          |   0|  0| 679|         554|         556|
    +---------------------------------------+----------+----+---+----+------------+------------+

    * Multiplexer: 
    +-------------------------+----+-----------+-----+-----------+
    |           Name          | LUT| Input Size| Bits| Total Bits|
    +-------------------------+----+-----------+-----+-----------+
    |Input_r_TDATA_blk_n      |   9|          2|    1|          2|
    |J_fu_122                 |   9|          2|   11|         22|
    |Output_r_TDATA_blk_n     |   9|          2|    1|          2|
    |ap_done_int              |   9|          2|    1|          2|
    |ap_enable_reg_pp0_iter1  |   9|          2|    1|          2|
    |ap_enable_reg_pp0_iter5  |   9|          2|    1|          2|
    |indvar_flatten_fu_126    |   9|          2|   62|        124|
    |reuse_addr_reg22_fu_94   |   9|          2|   64|        128|
    |reuse_addr_reg_fu_102    |   9|          2|   64|        128|
    |reuse_reg21_fu_98        |   9|          2|   32|         64|
    |reuse_reg_fu_106         |   9|          2|   32|         64|
    +-------------------------+----+-----------+-----+-----------+
    |Total                    |  99|         22|  270|        540|
    +-------------------------+----+-----------+-----+-----------+

    * Register: 
    +----------------------------------+----+----+-----+-----------+
    |               Name               | FF | LUT| Bits| Const Bits|
    +----------------------------------+----+----+-----+-----------+
    |J_fu_122                          |  11|   0|   11|          0|
    |Line_Buffer_data_addr_reg_663     |  11|   0|   11|          0|
    |Sum_fu_110                        |  32|   0|   32|          0|
    |add_ln55_3_reg_714                |  32|   0|   32|          0|
    |add_ln55_reg_709                  |  32|   0|   32|          0|
    |add_ln55_reg_709_pp0_iter5_reg    |  32|   0|   32|          0|
    |addr_cmp25_reg_668                |   1|   0|    1|          0|
    |addr_cmp25_reg_668_pp0_iter3_reg  |   1|   0|    1|          0|
    |addr_cmp_reg_678                  |   1|   0|    1|          0|
    |ap_CS_fsm                         |   1|   0|    1|          0|
    |ap_done_reg                       |   1|   0|    1|          0|
    |ap_enable_reg_pp0_iter1           |   1|   0|    1|          0|
    |ap_enable_reg_pp0_iter2           |   1|   0|    1|          0|
    |ap_enable_reg_pp0_iter3           |   1|   0|    1|          0|
    |ap_enable_reg_pp0_iter4           |   1|   0|    1|          0|
    |ap_enable_reg_pp0_iter5           |   1|   0|    1|          0|
    |ap_enable_reg_pp0_iter6           |   1|   0|    1|          0|
    |ap_loop_exit_ready_pp0_iter2_reg  |   1|   0|    1|          0|
    |ap_loop_exit_ready_pp0_iter3_reg  |   1|   0|    1|          0|
    |ap_loop_exit_ready_pp0_iter4_reg  |   1|   0|    1|          0|
    |ap_loop_exit_ready_pp0_iter5_reg  |   1|   0|    1|          0|
    |icmp_ln25_reg_622                 |   1|   0|    1|          0|
    |indvar_flatten_fu_126             |  62|   0|   62|          0|
    |p_0_0_0_0120379_fu_130            |  32|   0|   32|          0|
    |p_0_0_0_0120379_load_reg_694      |  32|   0|   32|          0|
    |p_0_0_0_0120_1386_fu_114          |  31|   0|   31|          0|
    |p_0_0_0_0120_1393_fu_134          |  31|   0|   31|          0|
    |p_0_0_0_0120_2400_fu_118          |  32|   0|   32|          0|
    |p_0_0_0_0120_2407_fu_138          |  32|   0|   32|          0|
    |p_0_0_0_0120_2407_load_reg_699    |  32|   0|   32|          0|
    |p_0_reg_658                       |   6|   0|    6|          0|
    |p_1_reg_633                       |   4|   0|    4|          0|
    |p_2_reg_638                       |   4|   0|    4|          0|
    |p_3_reg_643                       |   3|   0|    3|          0|
    |p_4_reg_648                       |   1|   0|    1|          0|
    |p_5_reg_653                       |   5|   0|    5|          0|
    |p_s_reg_626                       |  32|   0|   32|          0|
    |reuse_addr_reg22_fu_94            |  64|   0|   64|          0|
    |reuse_addr_reg_fu_102             |  64|   0|   64|          0|
    |reuse_reg21_fu_98                 |  32|   0|   32|          0|
    |reuse_reg21_load_reg_683          |  32|   0|   32|          0|
    |reuse_reg_fu_106                  |  32|   0|   32|          0|
    |tmp21_reg_704                     |  31|   0|   31|          0|
    |trunc_ln42_reg_688                |  31|   0|   31|          0|
    |icmp_ln25_reg_622                 |  64|  32|    1|          0|
    |p_0_reg_658                       |  64|  32|    6|          0|
    |p_1_reg_633                       |  64|  32|    4|          0|
    |p_2_reg_638                       |  64|  32|    4|          0|
    |p_3_reg_643                       |  64|  32|    3|          0|
    |p_4_reg_648                       |  64|  32|    1|          0|
    |p_5_reg_653                       |  64|  32|    5|          0|
    |p_s_reg_626                       |  64|  32|   32|          0|
    +----------------------------------+----+----+-----+-----------+
    |Total                             |1303| 256|  847|          0|
    +----------------------------------+----+----+-----+-----------+



================================================================
== Interface
================================================================
* Summary: 
+-----------------+-----+-----+------------+----------------------------------------------------------+--------------+
|    RTL Ports    | Dir | Bits|  Protocol  |                       Source Object                      |    C Type    |
+-----------------+-----+-----+------------+----------------------------------------------------------+--------------+
|ap_clk           |   in|    1|  ap_ctrl_hs|  Gaussian_Filter_Pipeline_VITIS_LOOP_25_1_VITIS_LOOP_27_2|  return value|
|ap_rst           |   in|    1|  ap_ctrl_hs|  Gaussian_Filter_Pipeline_VITIS_LOOP_25_1_VITIS_LOOP_27_2|  return value|
|ap_start         |   in|    1|  ap_ctrl_hs|  Gaussian_Filter_Pipeline_VITIS_LOOP_25_1_VITIS_LOOP_27_2|  return value|
|ap_done          |  out|    1|  ap_ctrl_hs|  Gaussian_Filter_Pipeline_VITIS_LOOP_25_1_VITIS_LOOP_27_2|  return value|
|ap_idle          |  out|    1|  ap_ctrl_hs|  Gaussian_Filter_Pipeline_VITIS_LOOP_25_1_VITIS_LOOP_27_2|  return value|
|ap_ready         |  out|    1|  ap_ctrl_hs|  Gaussian_Filter_Pipeline_VITIS_LOOP_25_1_VITIS_LOOP_27_2|  return value|
|Input_r_TVALID   |   in|    1|        axis|                                          Input_r_V_data_V|       pointer|
|Input_r_TDATA    |   in|   32|        axis|                                          Input_r_V_data_V|       pointer|
|Output_r_TREADY  |   in|    1|        axis|                                         Output_r_V_data_V|       pointer|
|Output_r_TDATA   |  out|   32|        axis|                                         Output_r_V_data_V|       pointer|
|Cols             |   in|   32|     ap_none|                                                      Cols|        scalar|
|bound            |   in|   62|     ap_none|                                                     bound|        scalar|
|Input_r_TREADY   |  out|    1|        axis|                                          Input_r_V_dest_V|       pointer|
|Input_r_TDEST    |   in|    6|        axis|                                          Input_r_V_dest_V|       pointer|
|Input_r_TKEEP    |   in|    4|        axis|                                          Input_r_V_keep_V|       pointer|
|Input_r_TSTRB    |   in|    4|        axis|                                          Input_r_V_strb_V|       pointer|
|Input_r_TUSER    |   in|    3|        axis|                                          Input_r_V_user_V|       pointer|
|Input_r_TLAST    |   in|    1|        axis|                                          Input_r_V_last_V|       pointer|
|Input_r_TID      |   in|    5|        axis|                                            Input_r_V_id_V|       pointer|
|Output_r_TVALID  |  out|    1|        axis|                                         Output_r_V_dest_V|       pointer|
|Output_r_TDEST   |  out|    6|        axis|                                         Output_r_V_dest_V|       pointer|
|Output_r_TKEEP   |  out|    4|        axis|                                         Output_r_V_keep_V|       pointer|
|Output_r_TSTRB   |  out|    4|        axis|                                         Output_r_V_strb_V|       pointer|
|Output_r_TUSER   |  out|    3|        axis|                                         Output_r_V_user_V|       pointer|
|Output_r_TLAST   |  out|    1|        axis|                                         Output_r_V_last_V|       pointer|
|Output_r_TID     |  out|    5|        axis|                                           Output_r_V_id_V|       pointer|
+-----------------+-----+-----+------------+----------------------------------------------------------+--------------+

============================================================
+ Verbose Summary: Synthesis Manager
============================================================
InlineROM: 1
ExposeGlobal: 0
============================================================
+ Verbose Summary: CDFG Model
============================================================
IsTopModel: 0
ResetActiveHigh: 1
IsCombinational: 2
IsDatapathOnly: 2
HasWiredReturn: 1
HasMFsm: 2
HasVarLatency: 1
IsPipeline: 0
IsRtlPipelined: 0
IsInstanceOverlapped: 0
IsDontTouch: 0
HasImplIP: 0
IsGatedGlobalClock: 0

+ Individual pipeline summary: 
  * Pipeline-0: initiation interval (II) = 1, depth = 7


============================================================
+ Verbose Summary: Schedule
============================================================
* Number of FSM states : 7
* Pipeline : 1
  Pipeline-0 : II = 1, D = 7, States = { 1 2 3 4 5 6 7 }
* Dataflow Pipeline: 0

* FSM state transitions: 
1 --> 2 
2 --> 3 
3 --> 4 
4 --> 5 
5 --> 6 
6 --> 7 
7 --> 

* FSM state operations: 

State 1 <SV = 0> <Delay = 3.25>
ST_1 : Operation 9 [1/1] (0.00ns)   --->   "%reuse_addr_reg22 = alloca i32 1"   --->   Operation 9 'alloca' 'reuse_addr_reg22' <Predicate = true> <Delay = 0.00>
ST_1 : Operation 10 [1/1] (0.00ns)   --->   "%reuse_reg21 = alloca i32 1"   --->   Operation 10 'alloca' 'reuse_reg21' <Predicate = true> <Delay = 0.00>
ST_1 : Operation 11 [1/1] (0.00ns)   --->   "%reuse_addr_reg = alloca i32 1"   --->   Operation 11 'alloca' 'reuse_addr_reg' <Predicate = true> <Delay = 0.00>
ST_1 : Operation 12 [1/1] (0.00ns)   --->   "%reuse_reg = alloca i32 1"   --->   Operation 12 'alloca' 'reuse_reg' <Predicate = true> <Delay = 0.00>
ST_1 : Operation 13 [1/1] (0.00ns)   --->   "%Sum = alloca i32 1" [Gaussian_Filter.cpp:49]   --->   Operation 13 'alloca' 'Sum' <Predicate = true> <Delay = 0.00>
ST_1 : Operation 14 [1/1] (0.00ns)   --->   "%p_0_0_0_0120_1386 = alloca i32 1"   --->   Operation 14 'alloca' 'p_0_0_0_0120_1386' <Predicate = true> <Delay = 0.00>
ST_1 : Operation 15 [1/1] (0.00ns)   --->   "%p_0_0_0_0120_2400 = alloca i32 1"   --->   Operation 15 'alloca' 'p_0_0_0_0120_2400' <Predicate = true> <Delay = 0.00>
ST_1 : Operation 16 [1/1] (0.00ns)   --->   "%J = alloca i32 1" [Gaussian_Filter.cpp:27]   --->   Operation 16 'alloca' 'J' <Predicate = true> <Delay = 0.00>
ST_1 : Operation 17 [1/1] (0.00ns)   --->   "%indvar_flatten = alloca i32 1"   --->   Operation 17 'alloca' 'indvar_flatten' <Predicate = true> <Delay = 0.00>
ST_1 : Operation 18 [1/1] (0.00ns)   --->   "%p_0_0_0_0120379 = alloca i32 1"   --->   Operation 18 'alloca' 'p_0_0_0_0120379' <Predicate = true> <Delay = 0.00>
ST_1 : Operation 19 [1/1] (0.00ns)   --->   "%p_0_0_0_0120_1393 = alloca i32 1"   --->   Operation 19 'alloca' 'p_0_0_0_0120_1393' <Predicate = true> <Delay = 0.00>
ST_1 : Operation 20 [1/1] (0.00ns)   --->   "%p_0_0_0_0120_2407 = alloca i32 1"   --->   Operation 20 'alloca' 'p_0_0_0_0120_2407' <Predicate = true> <Delay = 0.00>
ST_1 : Operation 21 [1/1] (0.00ns)   --->   "%specaxissidechannel_ln0 = specaxissidechannel void @_ssdm_op_SpecAXISSideChannel, i32 %Output_r_V_data_V, i4 %Output_r_V_keep_V, i4 %Output_r_V_strb_V, i3 %Output_r_V_user_V, i1 %Output_r_V_last_V, i5 %Output_r_V_id_V, i6 %Output_r_V_dest_V, void @empty_7"   --->   Operation 21 'specaxissidechannel' 'specaxissidechannel_ln0' <Predicate = true> <Delay = 0.00>
ST_1 : Operation 22 [1/1] (0.00ns)   --->   "%specaxissidechannel_ln0 = specaxissidechannel void @_ssdm_op_SpecAXISSideChannel, i32 %Input_r_V_data_V, i4 %Input_r_V_keep_V, i4 %Input_r_V_strb_V, i3 %Input_r_V_user_V, i1 %Input_r_V_last_V, i5 %Input_r_V_id_V, i6 %Input_r_V_dest_V, void @empty_8"   --->   Operation 22 'specaxissidechannel' 'specaxissidechannel_ln0' <Predicate = true> <Delay = 0.00>
ST_1 : Operation 23 [1/1] (0.00ns)   --->   "%specinterface_ln0 = specinterface void @_ssdm_op_SpecInterface, i6 %Output_r_V_dest_V, i5 %Output_r_V_id_V, i1 %Output_r_V_last_V, i3 %Output_r_V_user_V, i4 %Output_r_V_strb_V, i4 %Output_r_V_keep_V, i32 %Output_r_V_data_V, void @empty, i32 0, i32 0, void @empty_0, i32 0, i32 0, void @empty_1, void @empty_1, void @empty_1, i32 0, i32 0, i32 0, i32 0, void @empty_1, void @empty_1, i32 4294967295, i32 0, i32 0, i32 0"   --->   Operation 23 'specinterface' 'specinterface_ln0' <Predicate = true> <Delay = 0.00>
ST_1 : Operation 24 [1/1] (0.00ns)   --->   "%specinterface_ln0 = specinterface void @_ssdm_op_SpecInterface, i6 %Input_r_V_dest_V, i5 %Input_r_V_id_V, i1 %Input_r_V_last_V, i3 %Input_r_V_user_V, i4 %Input_r_V_strb_V, i4 %Input_r_V_keep_V, i32 %Input_r_V_data_V, void @empty, i32 0, i32 0, void @empty_0, i32 0, i32 0, void @empty_1, void @empty_1, void @empty_1, i32 0, i32 0, i32 0, i32 0, void @empty_1, void @empty_1, i32 4294967295, i32 0, i32 0, i32 0"   --->   Operation 24 'specinterface' 'specinterface_ln0' <Predicate = true> <Delay = 0.00>
ST_1 : Operation 25 [1/1] (0.00ns)   --->   "%bound_read = read i62 @_ssdm_op_Read.ap_auto.i62, i62 %bound"   --->   Operation 25 'read' 'bound_read' <Predicate = true> <Delay = 0.00>
ST_1 : Operation 26 [1/1] (0.00ns)   --->   "%Cols_read = read i32 @_ssdm_op_Read.ap_auto.i32, i32 %Cols"   --->   Operation 26 'read' 'Cols_read' <Predicate = true> <Delay = 0.00>
ST_1 : Operation 27 [1/1] (3.25ns)   --->   "%Line_Buffer_data_1 = alloca i64 1" [Gaussian_Filter.cpp:17]   --->   Operation 27 'alloca' 'Line_Buffer_data_1' <Predicate = true> <Delay = 3.25> <CoreInst = "RAM">   --->   Core 81 'RAM' <Latency = 1> <II = 1> <Delay = 3.25> <Storage> <Opcode : 'load' 'store'> <Ports = 2> <Width = 32> <Depth = 1920> <RAM>
ST_1 : Operation 28 [1/1] (3.25ns)   --->   "%Line_Buffer_data = alloca i64 1" [Gaussian_Filter.cpp:17]   --->   Operation 28 'alloca' 'Line_Buffer_data' <Predicate = true> <Delay = 3.25> <CoreInst = "RAM">   --->   Core 81 'RAM' <Latency = 1> <II = 1> <Delay = 3.25> <Storage> <Opcode : 'load' 'store'> <Ports = 2> <Width = 32> <Depth = 1920> <RAM>
ST_1 : Operation 29 [1/1] (1.58ns)   --->   "%store_ln0 = store i62 0, i62 %indvar_flatten"   --->   Operation 29 'store' 'store_ln0' <Predicate = true> <Delay = 1.58>
ST_1 : Operation 30 [1/1] (1.58ns)   --->   "%store_ln27 = store i11 0, i11 %J" [Gaussian_Filter.cpp:27]   --->   Operation 30 'store' 'store_ln27' <Predicate = true> <Delay = 1.58>
ST_1 : Operation 31 [1/1] (1.58ns)   --->   "%store_ln0 = store i32 0, i32 %reuse_reg"   --->   Operation 31 'store' 'store_ln0' <Predicate = true> <Delay = 1.58>
ST_1 : Operation 32 [1/1] (1.58ns)   --->   "%store_ln0 = store i64 18446744073709551615, i64 %reuse_addr_reg"   --->   Operation 32 'store' 'store_ln0' <Predicate = true> <Delay = 1.58>
ST_1 : Operation 33 [1/1] (1.58ns)   --->   "%store_ln0 = store i32 0, i32 %reuse_reg21"   --->   Operation 33 'store' 'store_ln0' <Predicate = true> <Delay = 1.58>
ST_1 : Operation 34 [1/1] (1.58ns)   --->   "%store_ln0 = store i64 18446744073709551615, i64 %reuse_addr_reg22"   --->   Operation 34 'store' 'store_ln0' <Predicate = true> <Delay = 1.58>
ST_1 : Operation 35 [1/1] (0.00ns)   --->   "%br_ln25 = br void %VITIS_LOOP_33_3" [Gaussian_Filter.cpp:25]   --->   Operation 35 'br' 'br_ln25' <Predicate = true> <Delay = 0.00>

State 2 <SV = 1> <Delay = 5.05>
ST_2 : Operation 36 [1/1] (0.00ns)   --->   "%indvar_flatten_load = load i62 %indvar_flatten" [Gaussian_Filter.cpp:25]   --->   Operation 36 'load' 'indvar_flatten_load' <Predicate = true> <Delay = 0.00>
ST_2 : Operation 37 [1/1] (3.46ns)   --->   "%icmp_ln25 = icmp_eq  i62 %indvar_flatten_load, i62 %bound_read" [Gaussian_Filter.cpp:25]   --->   Operation 37 'icmp' 'icmp_ln25' <Predicate = true> <Delay = 3.46> <CoreInst = "Cmp">   --->   Core 9 'Cmp' <Latency = 0> <II = 1> <Delay = 3.46> <FuncUnit> <Opcode : 'seteq' 'setne' 'setle' 'setge' 'setlt' 'setgt'> <InPorts = 2> <OutPorts = 1>
ST_2 : Operation 38 [1/1] (3.46ns)   --->   "%add_ln25 = add i62 %indvar_flatten_load, i62 1" [Gaussian_Filter.cpp:25]   --->   Operation 38 'add' 'add_ln25' <Predicate = true> <Delay = 3.46> <CoreInst = "Adder">   --->   Core 1 'Adder' <Latency = 0> <II = 1> <Delay = 3.46> <FuncUnit> <Opcode : 'add' 'sub'> <InPorts = 2> <OutPorts = 1>
ST_2 : Operation 39 [1/1] (0.00ns)   --->   "%br_ln25 = br i1 %icmp_ln25, void %for.inc92, void %for.end94.exitStub" [Gaussian_Filter.cpp:25]   --->   Operation 39 'br' 'br_ln25' <Predicate = true> <Delay = 0.00>
ST_2 : Operation 40 [1/1] (1.58ns)   --->   "%store_ln25 = store i62 %add_ln25, i62 %indvar_flatten" [Gaussian_Filter.cpp:25]   --->   Operation 40 'store' 'store_ln25' <Predicate = (!icmp_ln25)> <Delay = 1.58>

State 3 <SV = 2> <Delay = 6.76>
ST_3 : Operation 41 [1/1] (0.00ns)   --->   "%J_1 = load i11 %J" [Gaussian_Filter.cpp:27]   --->   Operation 41 'load' 'J_1' <Predicate = true> <Delay = 0.00>
ST_3 : Operation 42 [1/1] (0.00ns)   --->   "%zext_ln27_1 = zext i11 %J_1" [Gaussian_Filter.cpp:27]   --->   Operation 42 'zext' 'zext_ln27_1' <Predicate = true> <Delay = 0.00>
ST_3 : Operation 43 [1/1] (2.55ns)   --->   "%icmp_ln27 = icmp_slt  i32 %zext_ln27_1, i32 %Cols_read" [Gaussian_Filter.cpp:27]   --->   Operation 43 'icmp' 'icmp_ln27' <Predicate = true> <Delay = 2.55> <CoreInst = "Cmp">   --->   Core 9 'Cmp' <Latency = 0> <II = 1> <Delay = 2.55> <FuncUnit> <Opcode : 'seteq' 'setne' 'setle' 'setge' 'setlt' 'setgt'> <InPorts = 2> <OutPorts = 1>
ST_3 : Operation 44 [1/1] (0.69ns)   --->   "%select_ln25 = select i1 %icmp_ln27, i11 %J_1, i11 0" [Gaussian_Filter.cpp:25]   --->   Operation 44 'select' 'select_ln25' <Predicate = (!icmp_ln25)> <Delay = 0.69> <CoreInst = "Sel">   --->   Core 73 'Sel' <Latency = 0> <II = 1> <Delay = 0.69> <FuncUnit> <Opcode : 'select'> <InPorts = 3> <OutPorts = 1>
ST_3 : Operation 45 [1/1] (0.00ns)   --->   "%zext_ln27 = zext i11 %select_ln25" [Gaussian_Filter.cpp:27]   --->   Operation 45 'zext' 'zext_ln27' <Predicate = (!icmp_ln25)> <Delay = 0.00>
ST_3 : Operation 46 [1/1] ( I:0.51ns O:0.51ns )   --->   "%empty = read i55 @_ssdm_op_Read.axis.volatile.i32P0A.i4P0A.i4P0A.i3P0A.i1P0A.i5P0A.i6P0A, i32 %Input_r_V_data_V, i4 %Input_r_V_keep_V, i4 %Input_r_V_strb_V, i3 %Input_r_V_user_V, i1 %Input_r_V_last_V, i5 %Input_r_V_id_V, i6 %Input_r_V_dest_V" [Gaussian_Filter.cpp:31]   --->   Operation 46 'read' 'empty' <Predicate = (!icmp_ln25)> <Delay = 0.51> <CoreInst = "regslice">   --->   Core 135 'regslice' <Latency = 0> <II = 1> <Delay = 1.86> <Adapter> <Opcode : 'read' 'write'>
ST_3 : Operation 47 [1/1] (0.00ns)   --->   "%p_s = extractvalue i55 %empty" [Gaussian_Filter.cpp:31]   --->   Operation 47 'extractvalue' 'p_s' <Predicate = (!icmp_ln25)> <Delay = 0.00>
ST_3 : Operation 48 [1/1] (0.00ns)   --->   "%p_1 = extractvalue i55 %empty" [Gaussian_Filter.cpp:31]   --->   Operation 48 'extractvalue' 'p_1' <Predicate = (!icmp_ln25)> <Delay = 0.00>
ST_3 : Operation 49 [1/1] (0.00ns)   --->   "%p_2 = extractvalue i55 %empty" [Gaussian_Filter.cpp:31]   --->   Operation 49 'extractvalue' 'p_2' <Predicate = (!icmp_ln25)> <Delay = 0.00>
ST_3 : Operation 50 [1/1] (0.00ns)   --->   "%p_3 = extractvalue i55 %empty" [Gaussian_Filter.cpp:31]   --->   Operation 50 'extractvalue' 'p_3' <Predicate = (!icmp_ln25)> <Delay = 0.00>
ST_3 : Operation 51 [1/1] (0.00ns)   --->   "%p_4 = extractvalue i55 %empty" [Gaussian_Filter.cpp:31]   --->   Operation 51 'extractvalue' 'p_4' <Predicate = (!icmp_ln25)> <Delay = 0.00>
ST_3 : Operation 52 [1/1] (0.00ns)   --->   "%p_5 = extractvalue i55 %empty" [Gaussian_Filter.cpp:31]   --->   Operation 52 'extractvalue' 'p_5' <Predicate = (!icmp_ln25)> <Delay = 0.00>
ST_3 : Operation 53 [1/1] (0.00ns)   --->   "%p_0 = extractvalue i55 %empty" [Gaussian_Filter.cpp:31]   --->   Operation 53 'extractvalue' 'p_0' <Predicate = (!icmp_ln25)> <Delay = 0.00>
ST_3 : Operation 54 [1/1] (0.00ns)   --->   "%Line_Buffer_data_addr = getelementptr i32 %Line_Buffer_data, i64 0, i64 %zext_ln27" [Gaussian_Filter.cpp:39]   --->   Operation 54 'getelementptr' 'Line_Buffer_data_addr' <Predicate = (!icmp_ln25)> <Delay = 0.00>
ST_3 : Operation 55 [1/1] (0.00ns)   --->   "%reuse_addr_reg22_load = load i64 %reuse_addr_reg22"   --->   Operation 55 'load' 'reuse_addr_reg22_load' <Predicate = (!icmp_ln25)> <Delay = 0.00>
ST_3 : Operation 56 [1/1] (3.52ns)   --->   "%addr_cmp25 = icmp_eq  i64 %reuse_addr_reg22_load, i64 %zext_ln27" [Gaussian_Filter.cpp:27]   --->   Operation 56 'icmp' 'addr_cmp25' <Predicate = (!icmp_ln25)> <Delay = 3.52> <CoreInst = "Cmp">   --->   Core 9 'Cmp' <Latency = 0> <II = 1> <Delay = 3.52> <FuncUnit> <Opcode : 'seteq' 'setne' 'setle' 'setge' 'setlt' 'setgt'> <InPorts = 2> <OutPorts = 1>
ST_3 : Operation 57 [1/1] (0.00ns)   --->   "%Line_Buffer_data_1_addr = getelementptr i32 %Line_Buffer_data_1, i64 0, i64 %zext_ln27" [Gaussian_Filter.cpp:40]   --->   Operation 57 'getelementptr' 'Line_Buffer_data_1_addr' <Predicate = (!icmp_ln25)> <Delay = 0.00>
ST_3 : Operation 58 [1/1] (0.00ns)   --->   "%reuse_addr_reg_load = load i64 %reuse_addr_reg"   --->   Operation 58 'load' 'reuse_addr_reg_load' <Predicate = (!icmp_ln25)> <Delay = 0.00>
ST_3 : Operation 59 [2/2] (3.25ns)   --->   "%Line_Buffer_data_1_load = load i11 %Line_Buffer_data_1_addr" [Gaussian_Filter.cpp:46]   --->   Operation 59 'load' 'Line_Buffer_data_1_load' <Predicate = (!icmp_ln25)> <Delay = 3.25> <CoreInst = "RAM">   --->   Core 81 'RAM' <Latency = 1> <II = 1> <Delay = 3.25> <Storage> <Opcode : 'load' 'store'> <Ports = 2> <Width = 32> <Depth = 1920> <RAM>
ST_3 : Operation 60 [1/1] (3.52ns)   --->   "%addr_cmp = icmp_eq  i64 %reuse_addr_reg_load, i64 %zext_ln27" [Gaussian_Filter.cpp:27]   --->   Operation 60 'icmp' 'addr_cmp' <Predicate = (!icmp_ln25)> <Delay = 3.52> <CoreInst = "Cmp">   --->   Core 9 'Cmp' <Latency = 0> <II = 1> <Delay = 3.52> <FuncUnit> <Opcode : 'seteq' 'setne' 'setle' 'setge' 'setlt' 'setgt'> <InPorts = 2> <OutPorts = 1>
ST_3 : Operation 61 [1/1] (1.58ns)   --->   "%store_ln27 = store i64 %zext_ln27, i64 %reuse_addr_reg22" [Gaussian_Filter.cpp:27]   --->   Operation 61 'store' 'store_ln27' <Predicate = (!icmp_ln25)> <Delay = 1.58>
ST_3 : Operation 62 [1/1] ( I:3.25ns O:3.25ns )   --->   "%store_ln43 = store i32 %p_s, i11 %Line_Buffer_data_1_addr" [Gaussian_Filter.cpp:43]   --->   Operation 62 'store' 'store_ln43' <Predicate = (!icmp_ln25)> <Delay = 3.25> <CoreInst = "RAM">   --->   Core 81 'RAM' <Latency = 1> <II = 1> <Delay = 3.25> <Storage> <Opcode : 'load' 'store'> <Ports = 2> <Width = 32> <Depth = 1920> <RAM>
ST_3 : Operation 63 [1/1] (1.58ns)   --->   "%store_ln27 = store i64 %zext_ln27, i64 %reuse_addr_reg" [Gaussian_Filter.cpp:27]   --->   Operation 63 'store' 'store_ln27' <Predicate = (!icmp_ln25)> <Delay = 1.58>
ST_3 : Operation 64 [1/1] (1.63ns)   --->   "%add_ln27 = add i11 %select_ln25, i11 1" [Gaussian_Filter.cpp:27]   --->   Operation 64 'add' 'add_ln27' <Predicate = (!icmp_ln25)> <Delay = 1.63> <CoreInst = "Adder">   --->   Core 1 'Adder' <Latency = 0> <II = 1> <Delay = 1.63> <FuncUnit> <Opcode : 'add' 'sub'> <InPorts = 2> <OutPorts = 1>
ST_3 : Operation 65 [1/1] (1.58ns)   --->   "%store_ln27 = store i11 %add_ln27, i11 %J" [Gaussian_Filter.cpp:27]   --->   Operation 65 'store' 'store_ln27' <Predicate = (!icmp_ln25)> <Delay = 1.58>

State 4 <SV = 3> <Delay = 7.20>
ST_4 : Operation 66 [1/1] (0.00ns)   --->   "%reuse_reg21_load = load i32 %reuse_reg21"   --->   Operation 66 'load' 'reuse_reg21_load' <Predicate = (!icmp_ln25 & addr_cmp25)> <Delay = 0.00>
ST_4 : Operation 67 [2/2] (3.25ns)   --->   "%Line_Buffer_data_load = load i11 %Line_Buffer_data_addr" [Gaussian_Filter.cpp:45]   --->   Operation 67 'load' 'Line_Buffer_data_load' <Predicate = (!icmp_ln25 & !addr_cmp25)> <Delay = 3.25> <CoreInst = "RAM">   --->   Core 81 'RAM' <Latency = 1> <II = 1> <Delay = 3.25> <Storage> <Opcode : 'load' 'store'> <Ports = 2> <Width = 32> <Depth = 1920> <RAM>
ST_4 : Operation 68 [1/1] (0.00ns)   --->   "%reuse_reg_load = load i32 %reuse_reg"   --->   Operation 68 'load' 'reuse_reg_load' <Predicate = (!icmp_ln25 & addr_cmp)> <Delay = 0.00>
ST_4 : Operation 69 [1/2] ( I:3.25ns O:3.25ns )   --->   "%Line_Buffer_data_1_load = load i11 %Line_Buffer_data_1_addr" [Gaussian_Filter.cpp:46]   --->   Operation 69 'load' 'Line_Buffer_data_1_load' <Predicate = (!icmp_ln25)> <Delay = 3.25> <CoreInst = "RAM">   --->   Core 81 'RAM' <Latency = 1> <II = 1> <Delay = 3.25> <Storage> <Opcode : 'load' 'store'> <Ports = 2> <Width = 32> <Depth = 1920> <RAM>
ST_4 : Operation 70 [1/1] (0.69ns)   --->   "%reuse_select = select i1 %addr_cmp, i32 %reuse_reg_load, i32 %Line_Buffer_data_1_load" [Gaussian_Filter.cpp:27]   --->   Operation 70 'select' 'reuse_select' <Predicate = (!icmp_ln25)> <Delay = 0.69> <CoreInst = "Sel">   --->   Core 73 'Sel' <Latency = 0> <II = 1> <Delay = 0.69> <FuncUnit> <Opcode : 'select'> <InPorts = 3> <OutPorts = 1>
ST_4 : Operation 71 [1/1] (0.00ns)   --->   "%trunc_ln42 = trunc i32 %reuse_select" [Gaussian_Filter.cpp:42]   --->   Operation 71 'trunc' 'trunc_ln42' <Predicate = (!icmp_ln25)> <Delay = 0.00>
ST_4 : Operation 72 [1/1] ( I:3.25ns O:3.25ns )   --->   "%store_ln42 = store i32 %reuse_select, i11 %Line_Buffer_data_addr" [Gaussian_Filter.cpp:42]   --->   Operation 72 'store' 'store_ln42' <Predicate = (!icmp_ln25)> <Delay = 3.25> <CoreInst = "RAM">   --->   Core 81 'RAM' <Latency = 1> <II = 1> <Delay = 3.25> <Storage> <Opcode : 'load' 'store'> <Ports = 2> <Width = 32> <Depth = 1920> <RAM>
ST_4 : Operation 73 [1/1] (1.58ns)   --->   "%store_ln27 = store i32 %reuse_select, i32 %reuse_reg21" [Gaussian_Filter.cpp:27]   --->   Operation 73 'store' 'store_ln27' <Predicate = (!icmp_ln25)> <Delay = 1.58>
ST_4 : Operation 74 [1/1] (1.58ns)   --->   "%store_ln31 = store i32 %p_s, i32 %reuse_reg" [Gaussian_Filter.cpp:31]   --->   Operation 74 'store' 'store_ln31' <Predicate = (!icmp_ln25)> <Delay = 1.58>

State 5 <SV = 4> <Delay = 6.86>
ST_5 : Operation 75 [1/1] (0.00ns)   --->   "%p_0_0_0_0120379_load = load i32 %p_0_0_0_0120379"   --->   Operation 75 'load' 'p_0_0_0_0120379_load' <Predicate = true> <Delay = 0.00>
ST_5 : Operation 76 [1/1] (0.00ns)   --->   "%p_0_0_0_0120_1393_load = load i31 %p_0_0_0_0120_1393" [Gaussian_Filter.cpp:55]   --->   Operation 76 'load' 'p_0_0_0_0120_1393_load' <Predicate = true> <Delay = 0.00>
ST_5 : Operation 77 [1/1] (0.00ns)   --->   "%p_0_0_0_0120_2407_load = load i32 %p_0_0_0_0120_2407"   --->   Operation 77 'load' 'p_0_0_0_0120_2407_load' <Predicate = true> <Delay = 0.00>
ST_5 : Operation 78 [1/1] (0.00ns)   --->   "%p_0_0_0_0120_1386_load = load i31 %p_0_0_0_0120_1386"   --->   Operation 78 'load' 'p_0_0_0_0120_1386_load' <Predicate = (!icmp_ln25)> <Delay = 0.00>
ST_5 : Operation 79 [1/2] ( I:3.25ns O:3.25ns )   --->   "%Line_Buffer_data_load = load i11 %Line_Buffer_data_addr" [Gaussian_Filter.cpp:45]   --->   Operation 79 'load' 'Line_Buffer_data_load' <Predicate = (!icmp_ln25 & !addr_cmp25)> <Delay = 3.25> <CoreInst = "RAM">   --->   Core 81 'RAM' <Latency = 1> <II = 1> <Delay = 3.25> <Storage> <Opcode : 'load' 'store'> <Ports = 2> <Width = 32> <Depth = 1920> <RAM>
ST_5 : Operation 80 [1/1] (0.69ns)   --->   "%reuse_select26 = select i1 %addr_cmp25, i32 %reuse_reg21_load, i32 %Line_Buffer_data_load" [Gaussian_Filter.cpp:27]   --->   Operation 80 'select' 'reuse_select26' <Predicate = (!icmp_ln25)> <Delay = 0.69> <CoreInst = "Sel">   --->   Core 73 'Sel' <Latency = 0> <II = 1> <Delay = 0.69> <FuncUnit> <Opcode : 'select'> <InPorts = 3> <OutPorts = 1>
ST_5 : Operation 81 [1/1] (0.00ns)   --->   "%trunc_ln55 = trunc i31 %p_0_0_0_0120_1393_load" [Gaussian_Filter.cpp:55]   --->   Operation 81 'trunc' 'trunc_ln55' <Predicate = (!icmp_ln25)> <Delay = 0.00>
ST_5 : Operation 82 [1/1] (0.00ns)   --->   "%tmp_1 = bitconcatenate i32 @_ssdm_op_BitConcatenate.i32.i30.i2, i30 %trunc_ln55, i2 0" [Gaussian_Filter.cpp:55]   --->   Operation 82 'bitconcatenate' 'tmp_1' <Predicate = (!icmp_ln25)> <Delay = 0.00>
ST_5 : Operation 83 [1/1] (0.00ns)   --->   "%empty_28 = trunc i32 %p_0_0_0_0120_2407_load"   --->   Operation 83 'trunc' 'empty_28' <Predicate = (!icmp_ln25)> <Delay = 0.00>
ST_5 : Operation 84 [1/1] (0.00ns)   --->   "%empty_29 = trunc i32 %p_0_0_0_0120379_load"   --->   Operation 84 'trunc' 'empty_29' <Predicate = (!icmp_ln25)> <Delay = 0.00>
ST_5 : Operation 85 [1/1] (0.00ns) (grouped into TernaryAdder)   --->   "%tmp = add i31 %p_0_0_0_0120_1386_load, i31 %empty_28"   --->   Operation 85 'add' 'tmp' <Predicate = (!icmp_ln25)> <Delay = 0.00> <CoreInst = "TAddSub">   --->   Core 10 'TAddSub' <Latency = 0> <II = 1> <Delay = 2.17> <IPBlock> <Opcode : 'add' 'sub'> <InPorts = 3> <OutPorts = 1> <Sync> <CReg>
ST_5 : Operation 86 [1/1] (2.52ns)   --->   "%tmp1 = add i31 %empty_29, i31 %trunc_ln42" [Gaussian_Filter.cpp:42]   --->   Operation 86 'add' 'tmp1' <Predicate = (!icmp_ln25)> <Delay = 2.52> <CoreInst = "Adder">   --->   Core 1 'Adder' <Latency = 0> <II = 1> <Delay = 2.52> <FuncUnit> <Opcode : 'add' 'sub'> <InPorts = 2> <OutPorts = 1>
ST_5 : Operation 87 [1/1] (4.34ns) (root node of TernaryAdder)   --->   "%tmp21 = add i31 %tmp1, i31 %tmp" [Gaussian_Filter.cpp:42]   --->   Operation 87 'add' 'tmp21' <Predicate = (!icmp_ln25)> <Delay = 4.34> <CoreInst = "TAddSub">   --->   Core 10 'TAddSub' <Latency = 0> <II = 1> <Delay = 2.17> <IPBlock> <Opcode : 'add' 'sub'> <InPorts = 3> <OutPorts = 1> <Sync> <CReg>
ST_5 : Operation 88 [1/1] (2.55ns)   --->   "%add_ln55 = add i32 %reuse_select26, i32 %tmp_1" [Gaussian_Filter.cpp:55]   --->   Operation 88 'add' 'add_ln55' <Predicate = (!icmp_ln25)> <Delay = 2.55> <CoreInst = "Adder">   --->   Core 1 'Adder' <Latency = 0> <II = 1> <Delay = 2.55> <FuncUnit> <Opcode : 'add' 'sub'> <InPorts = 2> <OutPorts = 1>
ST_5 : Operation 89 [1/1] (0.00ns)   --->   "%store_ln31 = store i32 %p_s, i32 %p_0_0_0_0120_2407" [Gaussian_Filter.cpp:31]   --->   Operation 89 'store' 'store_ln31' <Predicate = (!icmp_ln25)> <Delay = 0.00>
ST_5 : Operation 90 [1/1] (0.00ns)   --->   "%store_ln42 = store i31 %trunc_ln42, i31 %p_0_0_0_0120_1393" [Gaussian_Filter.cpp:42]   --->   Operation 90 'store' 'store_ln42' <Predicate = (!icmp_ln25)> <Delay = 0.00>
ST_5 : Operation 91 [1/1] (0.00ns)   --->   "%store_ln27 = store i32 %reuse_select26, i32 %p_0_0_0_0120379" [Gaussian_Filter.cpp:27]   --->   Operation 91 'store' 'store_ln27' <Predicate = (!icmp_ln25)> <Delay = 0.00>
ST_5 : Operation 92 [1/1] (0.00ns)   --->   "%store_ln55 = store i31 %p_0_0_0_0120_1393_load, i31 %p_0_0_0_0120_1386" [Gaussian_Filter.cpp:55]   --->   Operation 92 'store' 'store_ln55' <Predicate = (!icmp_ln25)> <Delay = 0.00>

State 6 <SV = 5> <Delay = 4.37>
ST_6 : Operation 93 [1/1] (0.00ns)   --->   "%Sum_load = load i32 %Sum" [Gaussian_Filter.cpp:55]   --->   Operation 93 'load' 'Sum_load' <Predicate = true> <Delay = 0.00>
ST_6 : Operation 94 [1/1] (0.00ns)   --->   "%p_0_0_0_0120_2400_load = load i32 %p_0_0_0_0120_2400" [Gaussian_Filter.cpp:55]   --->   Operation 94 'load' 'p_0_0_0_0120_2400_load' <Predicate = true> <Delay = 0.00>
ST_6 : Operation 95 [1/1] (0.00ns)   --->   "%tmp3 = bitconcatenate i32 @_ssdm_op_BitConcatenate.i32.i31.i1, i31 %tmp21, i1 0" [Gaussian_Filter.cpp:42]   --->   Operation 95 'bitconcatenate' 'tmp3' <Predicate = true> <Delay = 0.00>
ST_6 : Operation 96 [1/1] (0.00ns) (grouped into TernaryAdder)   --->   "%add_ln55_2 = add i32 %Sum_load, i32 %tmp3" [Gaussian_Filter.cpp:55]   --->   Operation 96 'add' 'add_ln55_2' <Predicate = true> <Delay = 0.00> <CoreInst = "TAddSub">   --->   Core 10 'TAddSub' <Latency = 0> <II = 1> <Delay = 2.17> <IPBlock> <Opcode : 'add' 'sub'> <InPorts = 3> <OutPorts = 1> <Sync> <CReg>
ST_6 : Operation 97 [1/1] (4.37ns) (root node of TernaryAdder)   --->   "%add_ln55_3 = add i32 %add_ln55_2, i32 %p_0_0_0_0120_2400_load" [Gaussian_Filter.cpp:55]   --->   Operation 97 'add' 'add_ln55_3' <Predicate = true> <Delay = 4.37> <CoreInst = "TAddSub">   --->   Core 10 'TAddSub' <Latency = 0> <II = 1> <Delay = 2.17> <IPBlock> <Opcode : 'add' 'sub'> <InPorts = 3> <OutPorts = 1> <Sync> <CReg>
ST_6 : Operation 98 [1/1] (0.00ns)   --->   "%store_ln0 = store i32 %p_0_0_0_0120_2407_load, i32 %p_0_0_0_0120_2400"   --->   Operation 98 'store' 'store_ln0' <Predicate = true> <Delay = 0.00>
ST_6 : Operation 99 [1/1] (0.00ns)   --->   "%store_ln49 = store i32 %p_0_0_0_0120379_load, i32 %Sum" [Gaussian_Filter.cpp:49]   --->   Operation 99 'store' 'store_ln49' <Predicate = true> <Delay = 0.00>
ST_6 : Operation 108 [1/1] (1.58ns)   --->   "%ret_ln0 = ret"   --->   Operation 108 'ret' 'ret_ln0' <Predicate = (icmp_ln25)> <Delay = 1.58>

State 7 <SV = 6> <Delay = 5.66>
ST_7 : Operation 100 [1/1] (0.00ns)   --->   "%specloopname_ln0 = specloopname void @_ssdm_op_SpecLoopName, void @VITIS_LOOP_25_1_VITIS_LOOP_27_2_str"   --->   Operation 100 'specloopname' 'specloopname_ln0' <Predicate = true> <Delay = 0.00>
ST_7 : Operation 101 [1/1] (0.00ns)   --->   "%specpipeline_ln29 = specpipeline void @_ssdm_op_SpecPipeline, i32 1, i32 0, i32 0, i32 0, i32 4294967295, void @empty_1" [Gaussian_Filter.cpp:29]   --->   Operation 101 'specpipeline' 'specpipeline_ln29' <Predicate = true> <Delay = 0.00>
ST_7 : Operation 102 [1/1] (0.00ns) (grouped into TernaryAdder)   --->   "%add_ln55_1 = add i32 %add_ln55, i32 %p_s" [Gaussian_Filter.cpp:55]   --->   Operation 102 'add' 'add_ln55_1' <Predicate = true> <Delay = 0.00> <CoreInst = "TAddSub">   --->   Core 10 'TAddSub' <Latency = 0> <II = 1> <Delay = 2.17> <IPBlock> <Opcode : 'add' 'sub'> <InPorts = 3> <OutPorts = 1> <Sync> <CReg>
ST_7 : Operation 103 [1/1] (4.37ns) (root node of TernaryAdder)   --->   "%Sum_1 = add i32 %add_ln55_3, i32 %add_ln55_1" [Gaussian_Filter.cpp:55]   --->   Operation 103 'add' 'Sum_1' <Predicate = true> <Delay = 4.37> <CoreInst = "TAddSub">   --->   Core 10 'TAddSub' <Latency = 0> <II = 1> <Delay = 2.17> <IPBlock> <Opcode : 'add' 'sub'> <InPorts = 3> <OutPorts = 1> <Sync> <CReg>
ST_7 : Operation 104 [1/1] (0.00ns)   --->   "%trunc_ln = partselect i28 @_ssdm_op_PartSelect.i28.i32.i32.i32, i32 %Sum_1, i32 4, i32 31" [Gaussian_Filter.cpp:60]   --->   Operation 104 'partselect' 'trunc_ln' <Predicate = true> <Delay = 0.00>
ST_7 : Operation 105 [1/1] (0.00ns)   --->   "%sext_ln60 = sext i28 %trunc_ln" [Gaussian_Filter.cpp:60]   --->   Operation 105 'sext' 'sext_ln60' <Predicate = true> <Delay = 0.00>
ST_7 : Operation 106 [1/1] ( I:1.29ns O:1.29ns )   --->   "%write_ln69 = write void @_ssdm_op_Write.axis.volatile.i32P0A.i4P0A.i4P0A.i3P0A.i1P0A.i5P0A.i6P0A, i32 %Output_r_V_data_V, i4 %Output_r_V_keep_V, i4 %Output_r_V_strb_V, i3 %Output_r_V_user_V, i1 %Output_r_V_last_V, i5 %Output_r_V_id_V, i6 %Output_r_V_dest_V, i32 %sext_ln60, i4 %p_1, i4 %p_2, i3 %p_3, i1 %p_4, i5 %p_5, i6 %p_0" [Gaussian_Filter.cpp:69]   --->   Operation 106 'write' 'write_ln69' <Predicate = true> <Delay = 1.29> <CoreInst = "regslice">   --->   Core 135 'regslice' <Latency = 0> <II = 1> <Delay = 1.86> <Adapter> <Opcode : 'read' 'write'>
ST_7 : Operation 107 [1/1] (0.00ns)   --->   "%br_ln27 = br void %VITIS_LOOP_33_3" [Gaussian_Filter.cpp:27]   --->   Operation 107 'br' 'br_ln27' <Predicate = true> <Delay = 0.00>


============================================================
+ Verbose Summary: Binding
============================================================
STG Binding: 
---------------- STG Properties BEGIN ----------------
- Is combinational: 0
- Is one-state seq: 0
- Is datapath-only: 0
- Is pipelined: 0
- Is top level: 0
Port [ Return ] is wired: 1; IO mode=ap_ctrl_hs:ce=0
Port [ Cols]:  wired=1; compound=0; hidden=0; nouse=0; global=0; static=0; extern=0; dir=0; type=0; pingpong=0; private_global=0; IO mode=ap_none:ce=0
Port [ bound]:  wired=1; compound=0; hidden=0; nouse=0; global=0; static=0; extern=0; dir=0; type=0; pingpong=0; private_global=0; IO mode=ap_none:ce=0
Port [ Input_r_V_data_V]:  wired=1; compound=1; hidden=0; nouse=0; global=0; static=0; extern=0; dir=0; type=0; pingpong=0; private_global=0; IO mode=axis:ce=0
Port [ Input_r_V_keep_V]:  wired=1; compound=1; hidden=0; nouse=0; global=0; static=0; extern=0; dir=0; type=0; pingpong=0; private_global=0; IO mode=axis:ce=0
Port [ Input_r_V_strb_V]:  wired=1; compound=1; hidden=0; nouse=0; global=0; static=0; extern=0; dir=0; type=0; pingpong=0; private_global=0; IO mode=axis:ce=0
Port [ Input_r_V_user_V]:  wired=1; compound=1; hidden=0; nouse=0; global=0; static=0; extern=0; dir=0; type=0; pingpong=0; private_global=0; IO mode=axis:ce=0
Port [ Input_r_V_last_V]:  wired=1; compound=1; hidden=0; nouse=0; global=0; static=0; extern=0; dir=0; type=0; pingpong=0; private_global=0; IO mode=axis:ce=0
Port [ Input_r_V_id_V]:  wired=1; compound=1; hidden=0; nouse=0; global=0; static=0; extern=0; dir=0; type=0; pingpong=0; private_global=0; IO mode=axis:ce=0
Port [ Input_r_V_dest_V]:  wired=1; compound=1; hidden=0; nouse=0; global=0; static=0; extern=0; dir=0; type=0; pingpong=0; private_global=0; IO mode=axis:ce=0
Port [ Output_r_V_data_V]:  wired=1; compound=1; hidden=0; nouse=0; global=0; static=0; extern=0; dir=1; type=0; pingpong=0; private_global=0; IO mode=axis:ce=0
Port [ Output_r_V_keep_V]:  wired=1; compound=1; hidden=0; nouse=0; global=0; static=0; extern=0; dir=1; type=0; pingpong=0; private_global=0; IO mode=axis:ce=0
Port [ Output_r_V_strb_V]:  wired=1; compound=1; hidden=0; nouse=0; global=0; static=0; extern=0; dir=1; type=0; pingpong=0; private_global=0; IO mode=axis:ce=0
Port [ Output_r_V_user_V]:  wired=1; compound=1; hidden=0; nouse=0; global=0; static=0; extern=0; dir=1; type=0; pingpong=0; private_global=0; IO mode=axis:ce=0
Port [ Output_r_V_last_V]:  wired=1; compound=1; hidden=0; nouse=0; global=0; static=0; extern=0; dir=1; type=0; pingpong=0; private_global=0; IO mode=axis:ce=0
Port [ Output_r_V_id_V]:  wired=1; compound=1; hidden=0; nouse=0; global=0; static=0; extern=0; dir=1; type=0; pingpong=0; private_global=0; IO mode=axis:ce=0
Port [ Output_r_V_dest_V]:  wired=1; compound=1; hidden=0; nouse=0; global=0; static=0; extern=0; dir=1; type=0; pingpong=0; private_global=0; IO mode=axis:ce=0
---------------- STG Properties END ------------------

---------------- Datapath Model BEGIN ----------------

<LifeTime>
<method=bitvector/>
reuse_addr_reg22        (alloca             ) [ 01110000]
reuse_reg21             (alloca             ) [ 01111000]
reuse_addr_reg          (alloca             ) [ 01110000]
reuse_reg               (alloca             ) [ 01111000]
Sum                     (alloca             ) [ 01111110]
p_0_0_0_0120_1386       (alloca             ) [ 01111100]
p_0_0_0_0120_2400       (alloca             ) [ 01111110]
J                       (alloca             ) [ 01110000]
indvar_flatten          (alloca             ) [ 01100000]
p_0_0_0_0120379         (alloca             ) [ 01111100]
p_0_0_0_0120_1393       (alloca             ) [ 01111100]
p_0_0_0_0120_2407       (alloca             ) [ 01111100]
specaxissidechannel_ln0 (specaxissidechannel) [ 00000000]
specaxissidechannel_ln0 (specaxissidechannel) [ 00000000]
specinterface_ln0       (specinterface      ) [ 00000000]
specinterface_ln0       (specinterface      ) [ 00000000]
bound_read              (read               ) [ 01100000]
Cols_read               (read               ) [ 01110000]
Line_Buffer_data_1      (alloca             ) [ 01110000]
Line_Buffer_data        (alloca             ) [ 01110000]
store_ln0               (store              ) [ 00000000]
store_ln27              (store              ) [ 00000000]
store_ln0               (store              ) [ 00000000]
store_ln0               (store              ) [ 00000000]
store_ln0               (store              ) [ 00000000]
store_ln0               (store              ) [ 00000000]
br_ln25                 (br                 ) [ 00000000]
indvar_flatten_load     (load               ) [ 00000000]
icmp_ln25               (icmp               ) [ 01111110]
add_ln25                (add                ) [ 00000000]
br_ln25                 (br                 ) [ 00000000]
store_ln25              (store              ) [ 00000000]
J_1                     (load               ) [ 00000000]
zext_ln27_1             (zext               ) [ 00000000]
icmp_ln27               (icmp               ) [ 00000000]
select_ln25             (select             ) [ 00000000]
zext_ln27               (zext               ) [ 00000000]
empty                   (read               ) [ 00000000]
p_s                     (extractvalue       ) [ 01001111]
p_1                     (extractvalue       ) [ 01001111]
p_2                     (extractvalue       ) [ 01001111]
p_3                     (extractvalue       ) [ 01001111]
p_4                     (extractvalue       ) [ 01001111]
p_5                     (extractvalue       ) [ 01001111]
p_0                     (extractvalue       ) [ 01001111]
Line_Buffer_data_addr   (getelementptr      ) [ 01001100]
reuse_addr_reg22_load   (load               ) [ 00000000]
addr_cmp25              (icmp               ) [ 01001100]
Line_Buffer_data_1_addr (getelementptr      ) [ 01001000]
reuse_addr_reg_load     (load               ) [ 00000000]
addr_cmp                (icmp               ) [ 01001000]
store_ln27              (store              ) [ 00000000]
store_ln43              (store              ) [ 00000000]
store_ln27              (store              ) [ 00000000]
add_ln27                (add                ) [ 00000000]
store_ln27              (store              ) [ 00000000]
reuse_reg21_load        (load               ) [ 01000100]
reuse_reg_load          (load               ) [ 00000000]
Line_Buffer_data_1_load (load               ) [ 00000000]
reuse_select            (select             ) [ 00000000]
trunc_ln42              (trunc              ) [ 01000100]
store_ln42              (store              ) [ 00000000]
store_ln27              (store              ) [ 00000000]
store_ln31              (store              ) [ 00000000]
p_0_0_0_0120379_load    (load               ) [ 01000010]
p_0_0_0_0120_1393_load  (load               ) [ 00000000]
p_0_0_0_0120_2407_load  (load               ) [ 01000010]
p_0_0_0_0120_1386_load  (load               ) [ 00000000]
Line_Buffer_data_load   (load               ) [ 00000000]
reuse_select26          (select             ) [ 00000000]
trunc_ln55              (trunc              ) [ 00000000]
tmp_1                   (bitconcatenate     ) [ 00000000]
empty_28                (trunc              ) [ 00000000]
empty_29                (trunc              ) [ 00000000]
tmp                     (add                ) [ 00000000]
tmp1                    (add                ) [ 00000000]
tmp21                   (add                ) [ 01000010]
add_ln55                (add                ) [ 01000011]
store_ln31              (store              ) [ 00000000]
store_ln42              (store              ) [ 00000000]
store_ln27              (store              ) [ 00000000]
store_ln55              (store              ) [ 00000000]
Sum_load                (load               ) [ 00000000]
p_0_0_0_0120_2400_load  (load               ) [ 00000000]
tmp3                    (bitconcatenate     ) [ 00000000]
add_ln55_2              (add                ) [ 00000000]
add_ln55_3              (add                ) [ 01000001]
store_ln0               (store              ) [ 00000000]
store_ln49              (store              ) [ 00000000]
specloopname_ln0        (specloopname       ) [ 00000000]
specpipeline_ln29       (specpipeline       ) [ 00000000]
add_ln55_1              (add                ) [ 00000000]
Sum_1                   (add                ) [ 00000000]
trunc_ln                (partselect         ) [ 00000000]
sext_ln60               (sext               ) [ 00000000]
write_ln69              (write              ) [ 00000000]
br_ln27                 (br                 ) [ 00000000]
ret_ln0                 (ret                ) [ 00000000]
</LifeTime>

<model>

<comp_list>
<comp id="0" class="1000" name="Cols">
<pin_list>
<pin id="1" dir="1" index="0" bw="1" slack="0"/>
</pin_list>
<bind>
<StgValue><ssdm name="Cols"/></StgValue>
</bind>
</comp>

<comp id="2" class="1000" name="bound">
<pin_list>
<pin id="3" dir="1" index="0" bw="1" slack="0"/>
</pin_list>
<bind>
<StgValue><ssdm name="bound"/></StgValue>
</bind>
</comp>

<comp id="4" class="1000" name="Input_r_V_data_V">
<pin_list>
<pin id="5" dir="1" index="0" bw="1" slack="0"/>
</pin_list>
<bind>
<StgValue><ssdm name="Input_r_V_data_V"/></StgValue>
</bind>
</comp>

<comp id="6" class="1000" name="Input_r_V_keep_V">
<pin_list>
<pin id="7" dir="1" index="0" bw="1" slack="0"/>
</pin_list>
<bind>
<StgValue><ssdm name="Input_r_V_keep_V"/></StgValue>
</bind>
</comp>

<comp id="8" class="1000" name="Input_r_V_strb_V">
<pin_list>
<pin id="9" dir="1" index="0" bw="1" slack="0"/>
</pin_list>
<bind>
<StgValue><ssdm name="Input_r_V_strb_V"/></StgValue>
</bind>
</comp>

<comp id="10" class="1000" name="Input_r_V_user_V">
<pin_list>
<pin id="11" dir="1" index="0" bw="1" slack="0"/>
</pin_list>
<bind>
<StgValue><ssdm name="Input_r_V_user_V"/></StgValue>
</bind>
</comp>

<comp id="12" class="1000" name="Input_r_V_last_V">
<pin_list>
<pin id="13" dir="1" index="0" bw="1" slack="0"/>
</pin_list>
<bind>
<StgValue><ssdm name="Input_r_V_last_V"/></StgValue>
</bind>
</comp>

<comp id="14" class="1000" name="Input_r_V_id_V">
<pin_list>
<pin id="15" dir="1" index="0" bw="1" slack="0"/>
</pin_list>
<bind>
<StgValue><ssdm name="Input_r_V_id_V"/></StgValue>
</bind>
</comp>

<comp id="16" class="1000" name="Input_r_V_dest_V">
<pin_list>
<pin id="17" dir="1" index="0" bw="1" slack="0"/>
</pin_list>
<bind>
<StgValue><ssdm name="Input_r_V_dest_V"/></StgValue>
</bind>
</comp>

<comp id="18" class="1000" name="Output_r_V_data_V">
<pin_list>
<pin id="19" dir="1" index="0" bw="1" slack="0"/>
</pin_list>
<bind>
<StgValue><ssdm name="Output_r_V_data_V"/></StgValue>
</bind>
</comp>

<comp id="20" class="1000" name="Output_r_V_keep_V">
<pin_list>
<pin id="21" dir="1" index="0" bw="1" slack="0"/>
</pin_list>
<bind>
<StgValue><ssdm name="Output_r_V_keep_V"/></StgValue>
</bind>
</comp>

<comp id="22" class="1000" name="Output_r_V_strb_V">
<pin_list>
<pin id="23" dir="1" index="0" bw="1" slack="0"/>
</pin_list>
<bind>
<StgValue><ssdm name="Output_r_V_strb_V"/></StgValue>
</bind>
</comp>

<comp id="24" class="1000" name="Output_r_V_user_V">
<pin_list>
<pin id="25" dir="1" index="0" bw="1" slack="0"/>
</pin_list>
<bind>
<StgValue><ssdm name="Output_r_V_user_V"/></StgValue>
</bind>
</comp>

<comp id="26" class="1000" name="Output_r_V_last_V">
<pin_list>
<pin id="27" dir="1" index="0" bw="1" slack="0"/>
</pin_list>
<bind>
<StgValue><ssdm name="Output_r_V_last_V"/></StgValue>
</bind>
</comp>

<comp id="28" class="1000" name="Output_r_V_id_V">
<pin_list>
<pin id="29" dir="1" index="0" bw="1" slack="0"/>
</pin_list>
<bind>
<StgValue><ssdm name="Output_r_V_id_V"/></StgValue>
</bind>
</comp>

<comp id="30" class="1000" name="Output_r_V_dest_V">
<pin_list>
<pin id="31" dir="1" index="0" bw="1" slack="0"/>
</pin_list>
<bind>
<StgValue><ssdm name="Output_r_V_dest_V"/></StgValue>
</bind>
</comp>

<comp id="32" class="1001" name="const_32">
<pin_list>
<pin id="33" dir="1" index="0" bw="1" slack="0"/>
</pin_list>
<bind>
<StgValue><ssdm name=""/></StgValue>
</bind>
</comp>

<comp id="34" class="1001" name="const_34">
<pin_list>
<pin id="35" dir="1" index="0" bw="1" slack="2147483647"/>
</pin_list>
<bind>
<StgValue><ssdm name="_ssdm_op_SpecAXISSideChannel"/></StgValue>
</bind>
</comp>

<comp id="36" class="1001" name="const_36">
<pin_list>
<pin id="37" dir="1" index="0" bw="1" slack="2147483647"/>
</pin_list>
<bind>
<StgValue><ssdm name="empty_7"/></StgValue>
</bind>
</comp>

<comp id="38" class="1001" name="const_38">
<pin_list>
<pin id="39" dir="1" index="0" bw="1" slack="2147483647"/>
</pin_list>
<bind>
<StgValue><ssdm name="empty_8"/></StgValue>
</bind>
</comp>

<comp id="40" class="1001" name="const_40">
<pin_list>
<pin id="41" dir="1" index="0" bw="1" slack="2147483647"/>
</pin_list>
<bind>
<StgValue><ssdm name="_ssdm_op_SpecInterface"/></StgValue>
</bind>
</comp>

<comp id="42" class="1001" name="const_42">
<pin_list>
<pin id="43" dir="1" index="0" bw="1" slack="2147483647"/>
</pin_list>
<bind>
<StgValue><ssdm name="empty"/></StgValue>
</bind>
</comp>

<comp id="44" class="1001" name="const_44">
<pin_list>
<pin id="45" dir="1" index="0" bw="1" slack="0"/>
</pin_list>
<bind>
<StgValue><ssdm name=""/></StgValue>
</bind>
</comp>

<comp id="46" class="1001" name="const_46">
<pin_list>
<pin id="47" dir="1" index="0" bw="1" slack="2147483647"/>
</pin_list>
<bind>
<StgValue><ssdm name="empty_0"/></StgValue>
</bind>
</comp>

<comp id="48" class="1001" name="const_48">
<pin_list>
<pin id="49" dir="1" index="0" bw="1" slack="2147483647"/>
</pin_list>
<bind>
<StgValue><ssdm name="empty_1"/></StgValue>
</bind>
</comp>

<comp id="50" class="1001" name="const_50">
<pin_list>
<pin id="51" dir="1" index="0" bw="1" slack="2147483647"/>
</pin_list>
<bind>
<StgValue><ssdm name=""/></StgValue>
</bind>
</comp>

<comp id="52" class="1001" name="const_52">
<pin_list>
<pin id="53" dir="1" index="0" bw="1" slack="0"/>
</pin_list>
<bind>
<StgValue><ssdm name="_ssdm_op_Read.ap_auto.i62"/></StgValue>
</bind>
</comp>

<comp id="54" class="1001" name="const_54">
<pin_list>
<pin id="55" dir="1" index="0" bw="1" slack="0"/>
</pin_list>
<bind>
<StgValue><ssdm name="_ssdm_op_Read.ap_auto.i32"/></StgValue>
</bind>
</comp>

<comp id="56" class="1001" name="const_56">
<pin_list>
<pin id="57" dir="1" index="0" bw="1" slack="0"/>
</pin_list>
<bind>
<StgValue><ssdm name=""/></StgValue>
</bind>
</comp>

<comp id="58" class="1001" name="const_58">
<pin_list>
<pin id="59" dir="1" index="0" bw="1" slack="0"/>
</pin_list>
<bind>
<StgValue><ssdm name=""/></StgValue>
</bind>
</comp>

<comp id="60" class="1001" name="const_60">
<pin_list>
<pin id="61" dir="1" index="0" bw="1" slack="0"/>
</pin_list>
<bind>
<StgValue><ssdm name=""/></StgValue>
</bind>
</comp>

<comp id="62" class="1001" name="const_62">
<pin_list>
<pin id="63" dir="1" index="0" bw="1" slack="0"/>
</pin_list>
<bind>
<StgValue><ssdm name=""/></StgValue>
</bind>
</comp>

<comp id="64" class="1001" name="const_64">
<pin_list>
<pin id="65" dir="1" index="0" bw="1" slack="0"/>
</pin_list>
<bind>
<StgValue><ssdm name=""/></StgValue>
</bind>
</comp>

<comp id="66" class="1001" name="const_66">
<pin_list>
<pin id="67" dir="1" index="0" bw="1" slack="0"/>
</pin_list>
<bind>
<StgValue><ssdm name="_ssdm_op_Read.axis.volatile.i32P0A.i4P0A.i4P0A.i3P0A.i1P0A.i5P0A.i6P0A"/></StgValue>
</bind>
</comp>

<comp id="68" class="1001" name="const_68">
<pin_list>
<pin id="69" dir="1" index="0" bw="1" slack="0"/>
</pin_list>
<bind>
<StgValue><ssdm name=""/></StgValue>
</bind>
</comp>

<comp id="70" class="1001" name="const_70">
<pin_list>
<pin id="71" dir="1" index="0" bw="1" slack="0"/>
</pin_list>
<bind>
<StgValue><ssdm name=""/></StgValue>
</bind>
</comp>

<comp id="72" class="1001" name="const_72">
<pin_list>
<pin id="73" dir="1" index="0" bw="1" slack="0"/>
</pin_list>
<bind>
<StgValue><ssdm name="_ssdm_op_BitConcatenate.i32.i30.i2"/></StgValue>
</bind>
</comp>

<comp id="74" class="1001" name="const_74">
<pin_list>
<pin id="75" dir="1" index="0" bw="1" slack="0"/>
</pin_list>
<bind>
<StgValue><ssdm name=""/></StgValue>
</bind>
</comp>

<comp id="76" class="1001" name="const_76">
<pin_list>
<pin id="77" dir="1" index="0" bw="1" slack="0"/>
</pin_list>
<bind>
<StgValue><ssdm name="_ssdm_op_BitConcatenate.i32.i31.i1"/></StgValue>
</bind>
</comp>

<comp id="78" class="1001" name="const_78">
<pin_list>
<pin id="79" dir="1" index="0" bw="1" slack="0"/>
</pin_list>
<bind>
<StgValue><ssdm name=""/></StgValue>
</bind>
</comp>

<comp id="80" class="1001" name="const_80">
<pin_list>
<pin id="81" dir="1" index="0" bw="1" slack="2147483647"/>
</pin_list>
<bind>
<StgValue><ssdm name="_ssdm_op_SpecLoopName"/></StgValue>
</bind>
</comp>

<comp id="82" class="1001" name="const_82">
<pin_list>
<pin id="83" dir="1" index="0" bw="1" slack="2147483647"/>
</pin_list>
<bind>
<StgValue><ssdm name="VITIS_LOOP_25_1_VITIS_LOOP_27_2_str"/></StgValue>
</bind>
</comp>

<comp id="84" class="1001" name="const_84">
<pin_list>
<pin id="85" dir="1" index="0" bw="1" slack="2147483647"/>
</pin_list>
<bind>
<StgValue><ssdm name="_ssdm_op_SpecPipeline"/></StgValue>
</bind>
</comp>

<comp id="86" class="1001" name="const_86">
<pin_list>
<pin id="87" dir="1" index="0" bw="1" slack="0"/>
</pin_list>
<bind>
<StgValue><ssdm name="_ssdm_op_PartSelect.i28.i32.i32.i32"/></StgValue>
</bind>
</comp>

<comp id="88" class="1001" name="const_88">
<pin_list>
<pin id="89" dir="1" index="0" bw="1" slack="0"/>
</pin_list>
<bind>
<StgValue><ssdm name=""/></StgValue>
</bind>
</comp>

<comp id="90" class="1001" name="const_90">
<pin_list>
<pin id="91" dir="1" index="0" bw="1" slack="0"/>
</pin_list>
<bind>
<StgValue><ssdm name=""/></StgValue>
</bind>
</comp>

<comp id="92" class="1001" name="const_92">
<pin_list>
<pin id="93" dir="1" index="0" bw="1" slack="0"/>
</pin_list>
<bind>
<StgValue><ssdm name="_ssdm_op_Write.axis.volatile.i32P0A.i4P0A.i4P0A.i3P0A.i1P0A.i5P0A.i6P0A"/></StgValue>
</bind>
</comp>

<comp id="94" class="1004" name="reuse_addr_reg22_fu_94">
<pin_list>
<pin id="95" dir="0" index="0" bw="1" slack="0"/>
<pin id="96" dir="1" index="1" bw="64" slack="0"/>
</pin_list>
<bind>
<opcode="alloca(26) " fcode="alloca"/>
<opset="reuse_addr_reg22/1 "/>
</bind>
</comp>

<comp id="98" class="1004" name="reuse_reg21_fu_98">
<pin_list>
<pin id="99" dir="0" index="0" bw="1" slack="0"/>
<pin id="100" dir="1" index="1" bw="32" slack="0"/>
</pin_list>
<bind>
<opcode="alloca(26) " fcode="alloca"/>
<opset="reuse_reg21/1 "/>
</bind>
</comp>

<comp id="102" class="1004" name="reuse_addr_reg_fu_102">
<pin_list>
<pin id="103" dir="0" index="0" bw="1" slack="0"/>
<pin id="104" dir="1" index="1" bw="64" slack="0"/>
</pin_list>
<bind>
<opcode="alloca(26) " fcode="alloca"/>
<opset="reuse_addr_reg/1 "/>
</bind>
</comp>

<comp id="106" class="1004" name="reuse_reg_fu_106">
<pin_list>
<pin id="107" dir="0" index="0" bw="1" slack="0"/>
<pin id="108" dir="1" index="1" bw="32" slack="0"/>
</pin_list>
<bind>
<opcode="alloca(26) " fcode="alloca"/>
<opset="reuse_reg/1 "/>
</bind>
</comp>

<comp id="110" class="1004" name="Sum_fu_110">
<pin_list>
<pin id="111" dir="0" index="0" bw="1" slack="0"/>
<pin id="112" dir="1" index="1" bw="32" slack="5"/>
</pin_list>
<bind>
<opcode="alloca(26) " fcode="alloca"/>
<opset="Sum/1 "/>
</bind>
</comp>

<comp id="114" class="1004" name="p_0_0_0_0120_1386_fu_114">
<pin_list>
<pin id="115" dir="0" index="0" bw="1" slack="0"/>
<pin id="116" dir="1" index="1" bw="31" slack="4"/>
</pin_list>
<bind>
<opcode="alloca(26) " fcode="alloca"/>
<opset="p_0_0_0_0120_1386/1 "/>
</bind>
</comp>

<comp id="118" class="1004" name="p_0_0_0_0120_2400_fu_118">
<pin_list>
<pin id="119" dir="0" index="0" bw="1" slack="0"/>
<pin id="120" dir="1" index="1" bw="32" slack="5"/>
</pin_list>
<bind>
<opcode="alloca(26) " fcode="alloca"/>
<opset="p_0_0_0_0120_2400/1 "/>
</bind>
</comp>

<comp id="122" class="1004" name="J_fu_122">
<pin_list>
<pin id="123" dir="0" index="0" bw="1" slack="0"/>
<pin id="124" dir="1" index="1" bw="11" slack="0"/>
</pin_list>
<bind>
<opcode="alloca(26) " fcode="alloca"/>
<opset="J/1 "/>
</bind>
</comp>

<comp id="126" class="1004" name="indvar_flatten_fu_126">
<pin_list>
<pin id="127" dir="0" index="0" bw="1" slack="0"/>
<pin id="128" dir="1" index="1" bw="62" slack="0"/>
</pin_list>
<bind>
<opcode="alloca(26) " fcode="alloca"/>
<opset="indvar_flatten/1 "/>
</bind>
</comp>

<comp id="130" class="1004" name="p_0_0_0_0120379_fu_130">
<pin_list>
<pin id="131" dir="0" index="0" bw="1" slack="0"/>
<pin id="132" dir="1" index="1" bw="32" slack="4"/>
</pin_list>
<bind>
<opcode="alloca(26) " fcode="alloca"/>
<opset="p_0_0_0_0120379/1 "/>
</bind>
</comp>

<comp id="134" class="1004" name="p_0_0_0_0120_1393_fu_134">
<pin_list>
<pin id="135" dir="0" index="0" bw="1" slack="0"/>
<pin id="136" dir="1" index="1" bw="31" slack="4"/>
</pin_list>
<bind>
<opcode="alloca(26) " fcode="alloca"/>
<opset="p_0_0_0_0120_1393/1 "/>
</bind>
</comp>

<comp id="138" class="1004" name="p_0_0_0_0120_2407_fu_138">
<pin_list>
<pin id="139" dir="0" index="0" bw="1" slack="0"/>
<pin id="140" dir="1" index="1" bw="32" slack="4"/>
</pin_list>
<bind>
<opcode="alloca(26) " fcode="alloca"/>
<opset="p_0_0_0_0120_2407/1 "/>
</bind>
</comp>

<comp id="142" class="1004" name="Line_Buffer_data_1_alloca_fu_142">
<pin_list>
<pin id="143" dir="0" index="0" bw="1" slack="0"/>
<pin id="144" dir="1" index="1" bw="32" slack="2147483647"/>
</pin_list>
<bind>
<opcode="alloca(26) " fcode="alloca"/>
<opset="Line_Buffer_data_1/1 "/>
</bind>
</comp>

<comp id="146" class="1004" name="Line_Buffer_data_alloca_fu_146">
<pin_list>
<pin id="147" dir="0" index="0" bw="1" slack="0"/>
<pin id="148" dir="1" index="1" bw="32" slack="2147483647"/>
</pin_list>
<bind>
<opcode="alloca(26) " fcode="alloca"/>
<opset="Line_Buffer_data/1 "/>
</bind>
</comp>

<comp id="150" class="1004" name="bound_read_read_fu_150">
<pin_list>
<pin id="151" dir="0" index="0" bw="62" slack="0"/>
<pin id="152" dir="0" index="1" bw="62" slack="0"/>
<pin id="153" dir="1" index="2" bw="62" slack="1"/>
</pin_list>
<bind>
<opcode="read(1150) " fcode="read"/>
<opset="bound_read/1 "/>
</bind>
</comp>

<comp id="156" class="1004" name="Cols_read_read_fu_156">
<pin_list>
<pin id="157" dir="0" index="0" bw="32" slack="0"/>
<pin id="158" dir="0" index="1" bw="32" slack="0"/>
<pin id="159" dir="1" index="2" bw="32" slack="2"/>
</pin_list>
<bind>
<opcode="read(1150) " fcode="read"/>
<opset="Cols_read/1 "/>
</bind>
</comp>

<comp id="162" class="1004" name="empty_read_fu_162">
<pin_list>
<pin id="163" dir="0" index="0" bw="55" slack="0"/>
<pin id="164" dir="0" index="1" bw="32" slack="0"/>
<pin id="165" dir="0" index="2" bw="4" slack="0"/>
<pin id="166" dir="0" index="3" bw="4" slack="0"/>
<pin id="167" dir="0" index="4" bw="3" slack="0"/>
<pin id="168" dir="0" index="5" bw="1" slack="0"/>
<pin id="169" dir="0" index="6" bw="5" slack="0"/>
<pin id="170" dir="0" index="7" bw="6" slack="0"/>
<pin id="171" dir="1" index="8" bw="55" slack="0"/>
</pin_list>
<bind>
<opcode="read(1150) " fcode="read"/>
<opset="empty/3 "/>
</bind>
</comp>

<comp id="180" class="1004" name="write_ln69_write_fu_180">
<pin_list>
<pin id="181" dir="0" index="0" bw="0" slack="0"/>
<pin id="182" dir="0" index="1" bw="32" slack="0"/>
<pin id="183" dir="0" index="2" bw="4" slack="0"/>
<pin id="184" dir="0" index="3" bw="4" slack="0"/>
<pin id="185" dir="0" index="4" bw="3" slack="0"/>
<pin id="186" dir="0" index="5" bw="1" slack="0"/>
<pin id="187" dir="0" index="6" bw="5" slack="0"/>
<pin id="188" dir="0" index="7" bw="6" slack="0"/>
<pin id="189" dir="0" index="8" bw="28" slack="0"/>
<pin id="190" dir="0" index="9" bw="4" slack="4"/>
<pin id="191" dir="0" index="10" bw="4" slack="4"/>
<pin id="192" dir="0" index="11" bw="3" slack="4"/>
<pin id="193" dir="0" index="12" bw="1" slack="4"/>
<pin id="194" dir="0" index="13" bw="5" slack="4"/>
<pin id="195" dir="0" index="14" bw="6" slack="4"/>
<pin id="196" dir="1" index="15" bw="0" slack="2147483647"/>
</pin_list>
<bind>
<opcode="write(1151) " fcode="write"/>
<opset="write_ln69/7 "/>
</bind>
</comp>

<comp id="205" class="1004" name="Line_Buffer_data_addr_gep_fu_205">
<pin_list>
<pin id="206" dir="0" index="0" bw="32" slack="2147483647"/>
<pin id="207" dir="0" index="1" bw="1" slack="0"/>
<pin id="208" dir="0" index="2" bw="11" slack="0"/>
<pin id="209" dir="1" index="3" bw="11" slack="1"/>
</pin_list>
<bind>
<opcode="getelementptr(29) " fcode="getelementptr"/>
<opset="Line_Buffer_data_addr/3 "/>
</bind>
</comp>

<comp id="211" class="1004" name="Line_Buffer_data_1_addr_gep_fu_211">
<pin_list>
<pin id="212" dir="0" index="0" bw="32" slack="2147483647"/>
<pin id="213" dir="0" index="1" bw="1" slack="0"/>
<pin id="214" dir="0" index="2" bw="11" slack="0"/>
<pin id="215" dir="1" index="3" bw="11" slack="0"/>
</pin_list>
<bind>
<opcode="getelementptr(29) " fcode="getelementptr"/>
<opset="Line_Buffer_data_1_addr/3 "/>
</bind>
</comp>

<comp id="217" class="1004" name="grp_access_fu_217">
<pin_list>
<pin id="218" dir="0" index="0" bw="11" slack="0"/>
<pin id="219" dir="0" index="1" bw="32" slack="0"/>
<pin id="220" dir="0" index="2" bw="0" slack="2147483647"/>
<pin id="221" dir="1" index="3" bw="32" slack="0"/>
</pin_list>
<bind>
<opcode="load(27) store(28) " fcode="store"/>
<opset="Line_Buffer_data_1_load/3 store_ln43/3 "/>
</bind>
</comp>

<comp id="223" class="1004" name="grp_access_fu_223">
<pin_list>
<pin id="224" dir="0" index="0" bw="11" slack="1"/>
<pin id="225" dir="0" index="1" bw="32" slack="0"/>
<pin id="226" dir="0" index="2" bw="0" slack="2147483647"/>
<pin id="227" dir="1" index="3" bw="32" slack="0"/>
</pin_list>
<bind>
<opcode="load(27) store(28) " fcode="store"/>
<opset="Line_Buffer_data_load/4 store_ln42/4 "/>
</bind>
</comp>

<comp id="228" class="1004" name="store_ln0_store_fu_228">
<pin_list>
<pin id="229" dir="0" index="0" bw="1" slack="0"/>
<pin id="230" dir="0" index="1" bw="62" slack="0"/>
<pin id="231" dir="1" index="2" bw="0" slack="2147483647"/>
</pin_list>
<bind>
<opcode="store(28) " fcode="store"/>
<opset="store_ln0/1 "/>
</bind>
</comp>

<comp id="233" class="1004" name="store_ln27_store_fu_233">
<pin_list>
<pin id="234" dir="0" index="0" bw="1" slack="0"/>
<pin id="235" dir="0" index="1" bw="11" slack="0"/>
<pin id="236" dir="1" index="2" bw="0" slack="2147483647"/>
</pin_list>
<bind>
<opcode="store(28) " fcode="store"/>
<opset="store_ln27/1 "/>
</bind>
</comp>

<comp id="238" class="1004" name="store_ln0_store_fu_238">
<pin_list>
<pin id="239" dir="0" index="0" bw="1" slack="0"/>
<pin id="240" dir="0" index="1" bw="32" slack="0"/>
<pin id="241" dir="1" index="2" bw="0" slack="2147483647"/>
</pin_list>
<bind>
<opcode="store(28) " fcode="store"/>
<opset="store_ln0/1 "/>
</bind>
</comp>

<comp id="243" class="1004" name="store_ln0_store_fu_243">
<pin_list>
<pin id="244" dir="0" index="0" bw="1" slack="0"/>
<pin id="245" dir="0" index="1" bw="64" slack="0"/>
<pin id="246" dir="1" index="2" bw="0" slack="2147483647"/>
</pin_list>
<bind>
<opcode="store(28) " fcode="store"/>
<opset="store_ln0/1 "/>
</bind>
</comp>

<comp id="248" class="1004" name="store_ln0_store_fu_248">
<pin_list>
<pin id="249" dir="0" index="0" bw="1" slack="0"/>
<pin id="250" dir="0" index="1" bw="32" slack="0"/>
<pin id="251" dir="1" index="2" bw="0" slack="2147483647"/>
</pin_list>
<bind>
<opcode="store(28) " fcode="store"/>
<opset="store_ln0/1 "/>
</bind>
</comp>

<comp id="253" class="1004" name="store_ln0_store_fu_253">
<pin_list>
<pin id="254" dir="0" index="0" bw="1" slack="0"/>
<pin id="255" dir="0" index="1" bw="64" slack="0"/>
<pin id="256" dir="1" index="2" bw="0" slack="2147483647"/>
</pin_list>
<bind>
<opcode="store(28) " fcode="store"/>
<opset="store_ln0/1 "/>
</bind>
</comp>

<comp id="258" class="1004" name="indvar_flatten_load_load_fu_258">
<pin_list>
<pin id="259" dir="0" index="0" bw="62" slack="1"/>
<pin id="260" dir="1" index="1" bw="62" slack="0"/>
</pin_list>
<bind>
<opcode="load(27) " fcode="load"/>
<opset="indvar_flatten_load/2 "/>
</bind>
</comp>

<comp id="261" class="1004" name="icmp_ln25_fu_261">
<pin_list>
<pin id="262" dir="0" index="0" bw="62" slack="0"/>
<pin id="263" dir="0" index="1" bw="62" slack="1"/>
<pin id="264" dir="1" index="2" bw="1" slack="1"/>
</pin_list>
<bind>
<opcode="icmp(45) " fcode="icmp"/>
<opset="icmp_ln25/2 "/>
</bind>
</comp>

<comp id="266" class="1004" name="add_ln25_fu_266">
<pin_list>
<pin id="267" dir="0" index="0" bw="62" slack="0"/>
<pin id="268" dir="0" index="1" bw="1" slack="0"/>
<pin id="269" dir="1" index="2" bw="62" slack="0"/>
</pin_list>
<bind>
<opcode="add(8) " fcode="add"/>
<opset="add_ln25/2 "/>
</bind>
</comp>

<comp id="272" class="1004" name="store_ln25_store_fu_272">
<pin_list>
<pin id="273" dir="0" index="0" bw="62" slack="0"/>
<pin id="274" dir="0" index="1" bw="62" slack="1"/>
<pin id="275" dir="1" index="2" bw="0" slack="2147483647"/>
</pin_list>
<bind>
<opcode="store(28) " fcode="store"/>
<opset="store_ln25/2 "/>
</bind>
</comp>

<comp id="277" class="1004" name="J_1_load_fu_277">
<pin_list>
<pin id="278" dir="0" index="0" bw="11" slack="2"/>
<pin id="279" dir="1" index="1" bw="11" slack="0"/>
</pin_list>
<bind>
<opcode="load(27) " fcode="load"/>
<opset="J_1/3 "/>
</bind>
</comp>

<comp id="280" class="1004" name="zext_ln27_1_fu_280">
<pin_list>
<pin id="281" dir="0" index="0" bw="11" slack="0"/>
<pin id="282" dir="1" index="1" bw="32" slack="0"/>
</pin_list>
<bind>
<opcode="zext(34) " fcode="zext"/>
<opset="zext_ln27_1/3 "/>
</bind>
</comp>

<comp id="284" class="1004" name="icmp_ln27_fu_284">
<pin_list>
<pin id="285" dir="0" index="0" bw="32" slack="0"/>
<pin id="286" dir="0" index="1" bw="32" slack="2"/>
<pin id="287" dir="1" index="2" bw="1" slack="0"/>
</pin_list>
<bind>
<opcode="icmp(45) " fcode="icmp"/>
<opset="icmp_ln27/3 "/>
</bind>
</comp>

<comp id="289" class="1004" name="select_ln25_fu_289">
<pin_list>
<pin id="290" dir="0" index="0" bw="1" slack="0"/>
<pin id="291" dir="0" index="1" bw="11" slack="0"/>
<pin id="292" dir="0" index="2" bw="11" slack="0"/>
<pin id="293" dir="1" index="3" bw="11" slack="0"/>
</pin_list>
<bind>
<opcode="select(49) " fcode="select"/>
<opset="select_ln25/3 "/>
</bind>
</comp>

<comp id="297" class="1004" name="zext_ln27_fu_297">
<pin_list>
<pin id="298" dir="0" index="0" bw="11" slack="0"/>
<pin id="299" dir="1" index="1" bw="64" slack="0"/>
</pin_list>
<bind>
<opcode="zext(34) " fcode="zext"/>
<opset="zext_ln27/3 "/>
</bind>
</comp>

<comp id="303" class="1004" name="p_s_fu_303">
<pin_list>
<pin id="304" dir="0" index="0" bw="55" slack="0"/>
<pin id="305" dir="1" index="1" bw="32" slack="0"/>
</pin_list>
<bind>
<opcode="extractvalue(56) " fcode="extractvalue"/>
<opset="p_s/3 "/>
</bind>
</comp>

<comp id="308" class="1004" name="p_1_fu_308">
<pin_list>
<pin id="309" dir="0" index="0" bw="55" slack="0"/>
<pin id="310" dir="1" index="1" bw="4" slack="4"/>
</pin_list>
<bind>
<opcode="extractvalue(56) " fcode="extractvalue"/>
<opset="p_1/3 "/>
</bind>
</comp>

<comp id="312" class="1004" name="p_2_fu_312">
<pin_list>
<pin id="313" dir="0" index="0" bw="55" slack="0"/>
<pin id="314" dir="1" index="1" bw="4" slack="4"/>
</pin_list>
<bind>
<opcode="extractvalue(56) " fcode="extractvalue"/>
<opset="p_2/3 "/>
</bind>
</comp>

<comp id="316" class="1004" name="p_3_fu_316">
<pin_list>
<pin id="317" dir="0" index="0" bw="55" slack="0"/>
<pin id="318" dir="1" index="1" bw="3" slack="4"/>
</pin_list>
<bind>
<opcode="extractvalue(56) " fcode="extractvalue"/>
<opset="p_3/3 "/>
</bind>
</comp>

<comp id="320" class="1004" name="p_4_fu_320">
<pin_list>
<pin id="321" dir="0" index="0" bw="55" slack="0"/>
<pin id="322" dir="1" index="1" bw="1" slack="4"/>
</pin_list>
<bind>
<opcode="extractvalue(56) " fcode="extractvalue"/>
<opset="p_4/3 "/>
</bind>
</comp>

<comp id="324" class="1004" name="p_5_fu_324">
<pin_list>
<pin id="325" dir="0" index="0" bw="55" slack="0"/>
<pin id="326" dir="1" index="1" bw="5" slack="4"/>
</pin_list>
<bind>
<opcode="extractvalue(56) " fcode="extractvalue"/>
<opset="p_5/3 "/>
</bind>
</comp>

<comp id="328" class="1004" name="p_0_fu_328">
<pin_list>
<pin id="329" dir="0" index="0" bw="55" slack="0"/>
<pin id="330" dir="1" index="1" bw="6" slack="4"/>
</pin_list>
<bind>
<opcode="extractvalue(56) " fcode="extractvalue"/>
<opset="p_0/3 "/>
</bind>
</comp>

<comp id="332" class="1004" name="reuse_addr_reg22_load_load_fu_332">
<pin_list>
<pin id="333" dir="0" index="0" bw="64" slack="2"/>
<pin id="334" dir="1" index="1" bw="64" slack="0"/>
</pin_list>
<bind>
<opcode="load(27) " fcode="load"/>
<opset="reuse_addr_reg22_load/3 "/>
</bind>
</comp>

<comp id="335" class="1004" name="addr_cmp25_fu_335">
<pin_list>
<pin id="336" dir="0" index="0" bw="64" slack="0"/>
<pin id="337" dir="0" index="1" bw="64" slack="0"/>
<pin id="338" dir="1" index="2" bw="1" slack="1"/>
</pin_list>
<bind>
<opcode="icmp(45) " fcode="icmp"/>
<opset="addr_cmp25/3 "/>
</bind>
</comp>

<comp id="341" class="1004" name="reuse_addr_reg_load_load_fu_341">
<pin_list>
<pin id="342" dir="0" index="0" bw="64" slack="2"/>
<pin id="343" dir="1" index="1" bw="64" slack="0"/>
</pin_list>
<bind>
<opcode="load(27) " fcode="load"/>
<opset="reuse_addr_reg_load/3 "/>
</bind>
</comp>

<comp id="344" class="1004" name="addr_cmp_fu_344">
<pin_list>
<pin id="345" dir="0" index="0" bw="64" slack="0"/>
<pin id="346" dir="0" index="1" bw="64" slack="0"/>
<pin id="347" dir="1" index="2" bw="1" slack="1"/>
</pin_list>
<bind>
<opcode="icmp(45) " fcode="icmp"/>
<opset="addr_cmp/3 "/>
</bind>
</comp>

<comp id="350" class="1004" name="store_ln27_store_fu_350">
<pin_list>
<pin id="351" dir="0" index="0" bw="11" slack="0"/>
<pin id="352" dir="0" index="1" bw="64" slack="2"/>
<pin id="353" dir="1" index="2" bw="0" slack="2147483647"/>
</pin_list>
<bind>
<opcode="store(28) " fcode="store"/>
<opset="store_ln27/3 "/>
</bind>
</comp>

<comp id="355" class="1004" name="store_ln27_store_fu_355">
<pin_list>
<pin id="356" dir="0" index="0" bw="11" slack="0"/>
<pin id="357" dir="0" index="1" bw="64" slack="2"/>
<pin id="358" dir="1" index="2" bw="0" slack="2147483647"/>
</pin_list>
<bind>
<opcode="store(28) " fcode="store"/>
<opset="store_ln27/3 "/>
</bind>
</comp>

<comp id="360" class="1004" name="add_ln27_fu_360">
<pin_list>
<pin id="361" dir="0" index="0" bw="11" slack="0"/>
<pin id="362" dir="0" index="1" bw="1" slack="0"/>
<pin id="363" dir="1" index="2" bw="11" slack="0"/>
</pin_list>
<bind>
<opcode="add(8) " fcode="add"/>
<opset="add_ln27/3 "/>
</bind>
</comp>

<comp id="366" class="1004" name="store_ln27_store_fu_366">
<pin_list>
<pin id="367" dir="0" index="0" bw="11" slack="0"/>
<pin id="368" dir="0" index="1" bw="11" slack="2"/>
<pin id="369" dir="1" index="2" bw="0" slack="2147483647"/>
</pin_list>
<bind>
<opcode="store(28) " fcode="store"/>
<opset="store_ln27/3 "/>
</bind>
</comp>

<comp id="371" class="1004" name="reuse_reg21_load_load_fu_371">
<pin_list>
<pin id="372" dir="0" index="0" bw="32" slack="3"/>
<pin id="373" dir="1" index="1" bw="32" slack="1"/>
</pin_list>
<bind>
<opcode="load(27) " fcode="load"/>
<opset="reuse_reg21_load/4 "/>
</bind>
</comp>

<comp id="374" class="1004" name="reuse_reg_load_load_fu_374">
<pin_list>
<pin id="375" dir="0" index="0" bw="32" slack="3"/>
<pin id="376" dir="1" index="1" bw="32" slack="0"/>
</pin_list>
<bind>
<opcode="load(27) " fcode="load"/>
<opset="reuse_reg_load/4 "/>
</bind>
</comp>

<comp id="377" class="1004" name="reuse_select_fu_377">
<pin_list>
<pin id="378" dir="0" index="0" bw="1" slack="1"/>
<pin id="379" dir="0" index="1" bw="32" slack="0"/>
<pin id="380" dir="0" index="2" bw="32" slack="0"/>
<pin id="381" dir="1" index="3" bw="32" slack="0"/>
</pin_list>
<bind>
<opcode="select(49) " fcode="select"/>
<opset="reuse_select/4 "/>
</bind>
</comp>

<comp id="385" class="1004" name="trunc_ln42_fu_385">
<pin_list>
<pin id="386" dir="0" index="0" bw="32" slack="0"/>
<pin id="387" dir="1" index="1" bw="31" slack="1"/>
</pin_list>
<bind>
<opcode="trunc(33) " fcode="trunc"/>
<opset="trunc_ln42/4 "/>
</bind>
</comp>

<comp id="389" class="1004" name="store_ln27_store_fu_389">
<pin_list>
<pin id="390" dir="0" index="0" bw="32" slack="0"/>
<pin id="391" dir="0" index="1" bw="32" slack="3"/>
<pin id="392" dir="1" index="2" bw="0" slack="2147483647"/>
</pin_list>
<bind>
<opcode="store(28) " fcode="store"/>
<opset="store_ln27/4 "/>
</bind>
</comp>

<comp id="394" class="1004" name="store_ln31_store_fu_394">
<pin_list>
<pin id="395" dir="0" index="0" bw="32" slack="1"/>
<pin id="396" dir="0" index="1" bw="32" slack="3"/>
<pin id="397" dir="1" index="2" bw="0" slack="2147483647"/>
</pin_list>
<bind>
<opcode="store(28) " fcode="store"/>
<opset="store_ln31/4 "/>
</bind>
</comp>

<comp id="398" class="1004" name="p_0_0_0_0120379_load_load_fu_398">
<pin_list>
<pin id="399" dir="0" index="0" bw="32" slack="4"/>
<pin id="400" dir="1" index="1" bw="32" slack="0"/>
</pin_list>
<bind>
<opcode="load(27) " fcode="load"/>
<opset="p_0_0_0_0120379_load/5 "/>
</bind>
</comp>

<comp id="401" class="1004" name="p_0_0_0_0120_1393_load_load_fu_401">
<pin_list>
<pin id="402" dir="0" index="0" bw="31" slack="4"/>
<pin id="403" dir="1" index="1" bw="31" slack="0"/>
</pin_list>
<bind>
<opcode="load(27) " fcode="load"/>
<opset="p_0_0_0_0120_1393_load/5 "/>
</bind>
</comp>

<comp id="404" class="1004" name="p_0_0_0_0120_2407_load_load_fu_404">
<pin_list>
<pin id="405" dir="0" index="0" bw="32" slack="4"/>
<pin id="406" dir="1" index="1" bw="32" slack="0"/>
</pin_list>
<bind>
<opcode="load(27) " fcode="load"/>
<opset="p_0_0_0_0120_2407_load/5 "/>
</bind>
</comp>

<comp id="407" class="1004" name="p_0_0_0_0120_1386_load_load_fu_407">
<pin_list>
<pin id="408" dir="0" index="0" bw="31" slack="4"/>
<pin id="409" dir="1" index="1" bw="31" slack="0"/>
</pin_list>
<bind>
<opcode="load(27) " fcode="load"/>
<opset="p_0_0_0_0120_1386_load/5 "/>
</bind>
</comp>

<comp id="410" class="1004" name="reuse_select26_fu_410">
<pin_list>
<pin id="411" dir="0" index="0" bw="1" slack="2"/>
<pin id="412" dir="0" index="1" bw="32" slack="1"/>
<pin id="413" dir="0" index="2" bw="32" slack="0"/>
<pin id="414" dir="1" index="3" bw="32" slack="0"/>
</pin_list>
<bind>
<opcode="select(49) " fcode="select"/>
<opset="reuse_select26/5 "/>
</bind>
</comp>

<comp id="416" class="1004" name="trunc_ln55_fu_416">
<pin_list>
<pin id="417" dir="0" index="0" bw="31" slack="0"/>
<pin id="418" dir="1" index="1" bw="30" slack="0"/>
</pin_list>
<bind>
<opcode="trunc(33) " fcode="trunc"/>
<opset="trunc_ln55/5 "/>
</bind>
</comp>

<comp id="420" class="1004" name="tmp_1_fu_420">
<pin_list>
<pin id="421" dir="0" index="0" bw="32" slack="0"/>
<pin id="422" dir="0" index="1" bw="30" slack="0"/>
<pin id="423" dir="0" index="2" bw="1" slack="0"/>
<pin id="424" dir="1" index="3" bw="32" slack="0"/>
</pin_list>
<bind>
<opcode="bitconcatenate(1004) " fcode="bitconcatenate"/>
<opset="tmp_1/5 "/>
</bind>
</comp>

<comp id="428" class="1004" name="empty_28_fu_428">
<pin_list>
<pin id="429" dir="0" index="0" bw="32" slack="0"/>
<pin id="430" dir="1" index="1" bw="31" slack="0"/>
</pin_list>
<bind>
<opcode="trunc(33) " fcode="trunc"/>
<opset="empty_28/5 "/>
</bind>
</comp>

<comp id="432" class="1004" name="empty_29_fu_432">
<pin_list>
<pin id="433" dir="0" index="0" bw="32" slack="0"/>
<pin id="434" dir="1" index="1" bw="31" slack="0"/>
</pin_list>
<bind>
<opcode="trunc(33) " fcode="trunc"/>
<opset="empty_29/5 "/>
</bind>
</comp>

<comp id="436" class="1004" name="tmp_fu_436">
<pin_list>
<pin id="437" dir="0" index="0" bw="31" slack="0"/>
<pin id="438" dir="0" index="1" bw="31" slack="0"/>
<pin id="439" dir="1" index="2" bw="31" slack="0"/>
</pin_list>
<bind>
<opcode="add(8) " fcode="add"/>
<opset="tmp/5 "/>
</bind>
</comp>

<comp id="442" class="1004" name="tmp1_fu_442">
<pin_list>
<pin id="443" dir="0" index="0" bw="31" slack="0"/>
<pin id="444" dir="0" index="1" bw="31" slack="1"/>
<pin id="445" dir="1" index="2" bw="31" slack="0"/>
</pin_list>
<bind>
<opcode="add(8) " fcode="add"/>
<opset="tmp1/5 "/>
</bind>
</comp>

<comp id="447" class="1004" name="tmp21_fu_447">
<pin_list>
<pin id="448" dir="0" index="0" bw="31" slack="0"/>
<pin id="449" dir="0" index="1" bw="31" slack="0"/>
<pin id="450" dir="1" index="2" bw="31" slack="1"/>
</pin_list>
<bind>
<opcode="add(8) " fcode="add"/>
<opset="tmp21/5 "/>
</bind>
</comp>

<comp id="453" class="1004" name="add_ln55_fu_453">
<pin_list>
<pin id="454" dir="0" index="0" bw="32" slack="0"/>
<pin id="455" dir="0" index="1" bw="32" slack="0"/>
<pin id="456" dir="1" index="2" bw="32" slack="2"/>
</pin_list>
<bind>
<opcode="add(8) " fcode="add"/>
<opset="add_ln55/5 "/>
</bind>
</comp>

<comp id="459" class="1004" name="store_ln31_store_fu_459">
<pin_list>
<pin id="460" dir="0" index="0" bw="32" slack="2"/>
<pin id="461" dir="0" index="1" bw="32" slack="4"/>
<pin id="462" dir="1" index="2" bw="0" slack="2147483647"/>
</pin_list>
<bind>
<opcode="store(28) " fcode="store"/>
<opset="store_ln31/5 "/>
</bind>
</comp>

<comp id="463" class="1004" name="store_ln42_store_fu_463">
<pin_list>
<pin id="464" dir="0" index="0" bw="31" slack="1"/>
<pin id="465" dir="0" index="1" bw="31" slack="4"/>
<pin id="466" dir="1" index="2" bw="0" slack="2147483647"/>
</pin_list>
<bind>
<opcode="store(28) " fcode="store"/>
<opset="store_ln42/5 "/>
</bind>
</comp>

<comp id="467" class="1004" name="store_ln27_store_fu_467">
<pin_list>
<pin id="468" dir="0" index="0" bw="32" slack="0"/>
<pin id="469" dir="0" index="1" bw="32" slack="4"/>
<pin id="470" dir="1" index="2" bw="0" slack="2147483647"/>
</pin_list>
<bind>
<opcode="store(28) " fcode="store"/>
<opset="store_ln27/5 "/>
</bind>
</comp>

<comp id="472" class="1004" name="store_ln55_store_fu_472">
<pin_list>
<pin id="473" dir="0" index="0" bw="31" slack="0"/>
<pin id="474" dir="0" index="1" bw="31" slack="4"/>
<pin id="475" dir="1" index="2" bw="0" slack="2147483647"/>
</pin_list>
<bind>
<opcode="store(28) " fcode="store"/>
<opset="store_ln55/5 "/>
</bind>
</comp>

<comp id="477" class="1004" name="Sum_load_load_fu_477">
<pin_list>
<pin id="478" dir="0" index="0" bw="32" slack="5"/>
<pin id="479" dir="1" index="1" bw="32" slack="0"/>
</pin_list>
<bind>
<opcode="load(27) " fcode="load"/>
<opset="Sum_load/6 "/>
</bind>
</comp>

<comp id="480" class="1004" name="p_0_0_0_0120_2400_load_load_fu_480">
<pin_list>
<pin id="481" dir="0" index="0" bw="32" slack="5"/>
<pin id="482" dir="1" index="1" bw="32" slack="0"/>
</pin_list>
<bind>
<opcode="load(27) " fcode="load"/>
<opset="p_0_0_0_0120_2400_load/6 "/>
</bind>
</comp>

<comp id="483" class="1004" name="tmp3_fu_483">
<pin_list>
<pin id="484" dir="0" index="0" bw="32" slack="0"/>
<pin id="485" dir="0" index="1" bw="31" slack="1"/>
<pin id="486" dir="0" index="2" bw="1" slack="0"/>
<pin id="487" dir="1" index="3" bw="32" slack="0"/>
</pin_list>
<bind>
<opcode="bitconcatenate(1004) " fcode="bitconcatenate"/>
<opset="tmp3/6 "/>
</bind>
</comp>

<comp id="490" class="1004" name="add_ln55_2_fu_490">
<pin_list>
<pin id="491" dir="0" index="0" bw="32" slack="0"/>
<pin id="492" dir="0" index="1" bw="32" slack="0"/>
<pin id="493" dir="1" index="2" bw="32" slack="0"/>
</pin_list>
<bind>
<opcode="add(8) " fcode="add"/>
<opset="add_ln55_2/6 "/>
</bind>
</comp>

<comp id="496" class="1004" name="add_ln55_3_fu_496">
<pin_list>
<pin id="497" dir="0" index="0" bw="32" slack="0"/>
<pin id="498" dir="0" index="1" bw="32" slack="0"/>
<pin id="499" dir="1" index="2" bw="32" slack="1"/>
</pin_list>
<bind>
<opcode="add(8) " fcode="add"/>
<opset="add_ln55_3/6 "/>
</bind>
</comp>

<comp id="502" class="1004" name="store_ln0_store_fu_502">
<pin_list>
<pin id="503" dir="0" index="0" bw="32" slack="1"/>
<pin id="504" dir="0" index="1" bw="32" slack="5"/>
<pin id="505" dir="1" index="2" bw="0" slack="2147483647"/>
</pin_list>
<bind>
<opcode="store(28) " fcode="store"/>
<opset="store_ln0/6 "/>
</bind>
</comp>

<comp id="506" class="1004" name="store_ln49_store_fu_506">
<pin_list>
<pin id="507" dir="0" index="0" bw="32" slack="1"/>
<pin id="508" dir="0" index="1" bw="32" slack="5"/>
<pin id="509" dir="1" index="2" bw="0" slack="2147483647"/>
</pin_list>
<bind>
<opcode="store(28) " fcode="store"/>
<opset="store_ln49/6 "/>
</bind>
</comp>

<comp id="510" class="1004" name="add_ln55_1_fu_510">
<pin_list>
<pin id="511" dir="0" index="0" bw="32" slack="2"/>
<pin id="512" dir="0" index="1" bw="32" slack="4"/>
<pin id="513" dir="1" index="2" bw="32" slack="0"/>
</pin_list>
<bind>
<opcode="add(8) " fcode="add"/>
<opset="add_ln55_1/7 "/>
</bind>
</comp>

<comp id="514" class="1004" name="Sum_1_fu_514">
<pin_list>
<pin id="515" dir="0" index="0" bw="32" slack="1"/>
<pin id="516" dir="0" index="1" bw="32" slack="0"/>
<pin id="517" dir="1" index="2" bw="32" slack="0"/>
</pin_list>
<bind>
<opcode="add(8) " fcode="add"/>
<opset="Sum_1/7 "/>
</bind>
</comp>

<comp id="519" class="1004" name="trunc_ln_fu_519">
<pin_list>
<pin id="520" dir="0" index="0" bw="28" slack="0"/>
<pin id="521" dir="0" index="1" bw="32" slack="0"/>
<pin id="522" dir="0" index="2" bw="4" slack="0"/>
<pin id="523" dir="0" index="3" bw="6" slack="0"/>
<pin id="524" dir="1" index="4" bw="28" slack="0"/>
</pin_list>
<bind>
<opcode="partselect(1002) " fcode="partselect"/>
<opset="trunc_ln/7 "/>
</bind>
</comp>

<comp id="529" class="1004" name="sext_ln60_fu_529">
<pin_list>
<pin id="530" dir="0" index="0" bw="28" slack="0"/>
<pin id="531" dir="1" index="1" bw="32" slack="0"/>
</pin_list>
<bind>
<opcode="sext(35) " fcode="sext"/>
<opset="sext_ln60/7 "/>
</bind>
</comp>

<comp id="534" class="1005" name="reuse_addr_reg22_reg_534">
<pin_list>
<pin id="535" dir="0" index="0" bw="64" slack="0"/>
<pin id="536" dir="1" index="1" bw="64" slack="0"/>
</pin_list>
<bind>
<opset="reuse_addr_reg22 "/>
</bind>
</comp>

<comp id="541" class="1005" name="reuse_reg21_reg_541">
<pin_list>
<pin id="542" dir="0" index="0" bw="32" slack="0"/>
<pin id="543" dir="1" index="1" bw="32" slack="0"/>
</pin_list>
<bind>
<opset="reuse_reg21 "/>
</bind>
</comp>

<comp id="548" class="1005" name="reuse_addr_reg_reg_548">
<pin_list>
<pin id="549" dir="0" index="0" bw="64" slack="0"/>
<pin id="550" dir="1" index="1" bw="64" slack="0"/>
</pin_list>
<bind>
<opset="reuse_addr_reg "/>
</bind>
</comp>

<comp id="555" class="1005" name="reuse_reg_reg_555">
<pin_list>
<pin id="556" dir="0" index="0" bw="32" slack="0"/>
<pin id="557" dir="1" index="1" bw="32" slack="0"/>
</pin_list>
<bind>
<opset="reuse_reg "/>
</bind>
</comp>

<comp id="562" class="1005" name="Sum_reg_562">
<pin_list>
<pin id="563" dir="0" index="0" bw="32" slack="5"/>
<pin id="564" dir="1" index="1" bw="32" slack="5"/>
</pin_list>
<bind>
<opset="Sum "/>
</bind>
</comp>

<comp id="568" class="1005" name="p_0_0_0_0120_1386_reg_568">
<pin_list>
<pin id="569" dir="0" index="0" bw="31" slack="4"/>
<pin id="570" dir="1" index="1" bw="31" slack="4"/>
</pin_list>
<bind>
<opset="p_0_0_0_0120_1386 "/>
</bind>
</comp>

<comp id="574" class="1005" name="p_0_0_0_0120_2400_reg_574">
<pin_list>
<pin id="575" dir="0" index="0" bw="32" slack="5"/>
<pin id="576" dir="1" index="1" bw="32" slack="5"/>
</pin_list>
<bind>
<opset="p_0_0_0_0120_2400 "/>
</bind>
</comp>

<comp id="580" class="1005" name="J_reg_580">
<pin_list>
<pin id="581" dir="0" index="0" bw="11" slack="0"/>
<pin id="582" dir="1" index="1" bw="11" slack="0"/>
</pin_list>
<bind>
<opset="J "/>
</bind>
</comp>

<comp id="587" class="1005" name="indvar_flatten_reg_587">
<pin_list>
<pin id="588" dir="0" index="0" bw="62" slack="0"/>
<pin id="589" dir="1" index="1" bw="62" slack="0"/>
</pin_list>
<bind>
<opset="indvar_flatten "/>
</bind>
</comp>

<comp id="594" class="1005" name="p_0_0_0_0120379_reg_594">
<pin_list>
<pin id="595" dir="0" index="0" bw="32" slack="4"/>
<pin id="596" dir="1" index="1" bw="32" slack="4"/>
</pin_list>
<bind>
<opset="p_0_0_0_0120379 "/>
</bind>
</comp>

<comp id="600" class="1005" name="p_0_0_0_0120_1393_reg_600">
<pin_list>
<pin id="601" dir="0" index="0" bw="31" slack="4"/>
<pin id="602" dir="1" index="1" bw="31" slack="4"/>
</pin_list>
<bind>
<opset="p_0_0_0_0120_1393 "/>
</bind>
</comp>

<comp id="606" class="1005" name="p_0_0_0_0120_2407_reg_606">
<pin_list>
<pin id="607" dir="0" index="0" bw="32" slack="4"/>
<pin id="608" dir="1" index="1" bw="32" slack="4"/>
</pin_list>
<bind>
<opset="p_0_0_0_0120_2407 "/>
</bind>
</comp>

<comp id="612" class="1005" name="bound_read_reg_612">
<pin_list>
<pin id="613" dir="0" index="0" bw="62" slack="1"/>
<pin id="614" dir="1" index="1" bw="62" slack="1"/>
</pin_list>
<bind>
<opset="bound_read "/>
</bind>
</comp>

<comp id="617" class="1005" name="Cols_read_reg_617">
<pin_list>
<pin id="618" dir="0" index="0" bw="32" slack="2"/>
<pin id="619" dir="1" index="1" bw="32" slack="2"/>
</pin_list>
<bind>
<opset="Cols_read "/>
</bind>
</comp>

<comp id="622" class="1005" name="icmp_ln25_reg_622">
<pin_list>
<pin id="623" dir="0" index="0" bw="1" slack="1"/>
<pin id="624" dir="1" index="1" bw="1" slack="2147483647"/>
</pin_list>
<bind>
<opset="icmp_ln25 "/>
</bind>
</comp>

<comp id="626" class="1005" name="p_s_reg_626">
<pin_list>
<pin id="627" dir="0" index="0" bw="32" slack="1"/>
<pin id="628" dir="1" index="1" bw="32" slack="1"/>
</pin_list>
<bind>
<opset="p_s "/>
</bind>
</comp>

<comp id="633" class="1005" name="p_1_reg_633">
<pin_list>
<pin id="634" dir="0" index="0" bw="4" slack="4"/>
<pin id="635" dir="1" index="1" bw="4" slack="4"/>
</pin_list>
<bind>
<opset="p_1 "/>
</bind>
</comp>

<comp id="638" class="1005" name="p_2_reg_638">
<pin_list>
<pin id="639" dir="0" index="0" bw="4" slack="4"/>
<pin id="640" dir="1" index="1" bw="4" slack="4"/>
</pin_list>
<bind>
<opset="p_2 "/>
</bind>
</comp>

<comp id="643" class="1005" name="p_3_reg_643">
<pin_list>
<pin id="644" dir="0" index="0" bw="3" slack="4"/>
<pin id="645" dir="1" index="1" bw="3" slack="4"/>
</pin_list>
<bind>
<opset="p_3 "/>
</bind>
</comp>

<comp id="648" class="1005" name="p_4_reg_648">
<pin_list>
<pin id="649" dir="0" index="0" bw="1" slack="4"/>
<pin id="650" dir="1" index="1" bw="1" slack="4"/>
</pin_list>
<bind>
<opset="p_4 "/>
</bind>
</comp>

<comp id="653" class="1005" name="p_5_reg_653">
<pin_list>
<pin id="654" dir="0" index="0" bw="5" slack="4"/>
<pin id="655" dir="1" index="1" bw="5" slack="4"/>
</pin_list>
<bind>
<opset="p_5 "/>
</bind>
</comp>

<comp id="658" class="1005" name="p_0_reg_658">
<pin_list>
<pin id="659" dir="0" index="0" bw="6" slack="4"/>
<pin id="660" dir="1" index="1" bw="6" slack="4"/>
</pin_list>
<bind>
<opset="p_0 "/>
</bind>
</comp>

<comp id="663" class="1005" name="Line_Buffer_data_addr_reg_663">
<pin_list>
<pin id="664" dir="0" index="0" bw="11" slack="1"/>
<pin id="665" dir="1" index="1" bw="11" slack="1"/>
</pin_list>
<bind>
<opset="Line_Buffer_data_addr "/>
</bind>
</comp>

<comp id="668" class="1005" name="addr_cmp25_reg_668">
<pin_list>
<pin id="669" dir="0" index="0" bw="1" slack="1"/>
<pin id="670" dir="1" index="1" bw="1" slack="2"/>
</pin_list>
<bind>
<opset="addr_cmp25 "/>
</bind>
</comp>

<comp id="673" class="1005" name="Line_Buffer_data_1_addr_reg_673">
<pin_list>
<pin id="674" dir="0" index="0" bw="11" slack="1"/>
<pin id="675" dir="1" index="1" bw="11" slack="1"/>
</pin_list>
<bind>
<opset="Line_Buffer_data_1_addr "/>
</bind>
</comp>

<comp id="678" class="1005" name="addr_cmp_reg_678">
<pin_list>
<pin id="679" dir="0" index="0" bw="1" slack="1"/>
<pin id="680" dir="1" index="1" bw="1" slack="1"/>
</pin_list>
<bind>
<opset="addr_cmp "/>
</bind>
</comp>

<comp id="683" class="1005" name="reuse_reg21_load_reg_683">
<pin_list>
<pin id="684" dir="0" index="0" bw="32" slack="1"/>
<pin id="685" dir="1" index="1" bw="32" slack="1"/>
</pin_list>
<bind>
<opset="reuse_reg21_load "/>
</bind>
</comp>

<comp id="688" class="1005" name="trunc_ln42_reg_688">
<pin_list>
<pin id="689" dir="0" index="0" bw="31" slack="1"/>
<pin id="690" dir="1" index="1" bw="31" slack="1"/>
</pin_list>
<bind>
<opset="trunc_ln42 "/>
</bind>
</comp>

<comp id="694" class="1005" name="p_0_0_0_0120379_load_reg_694">
<pin_list>
<pin id="695" dir="0" index="0" bw="32" slack="1"/>
<pin id="696" dir="1" index="1" bw="32" slack="1"/>
</pin_list>
<bind>
<opset="p_0_0_0_0120379_load "/>
</bind>
</comp>

<comp id="699" class="1005" name="p_0_0_0_0120_2407_load_reg_699">
<pin_list>
<pin id="700" dir="0" index="0" bw="32" slack="1"/>
<pin id="701" dir="1" index="1" bw="32" slack="1"/>
</pin_list>
<bind>
<opset="p_0_0_0_0120_2407_load "/>
</bind>
</comp>

<comp id="704" class="1005" name="tmp21_reg_704">
<pin_list>
<pin id="705" dir="0" index="0" bw="31" slack="1"/>
<pin id="706" dir="1" index="1" bw="31" slack="1"/>
</pin_list>
<bind>
<opset="tmp21 "/>
</bind>
</comp>

<comp id="709" class="1005" name="add_ln55_reg_709">
<pin_list>
<pin id="710" dir="0" index="0" bw="32" slack="2"/>
<pin id="711" dir="1" index="1" bw="32" slack="2"/>
</pin_list>
<bind>
<opset="add_ln55 "/>
</bind>
</comp>

<comp id="714" class="1005" name="add_ln55_3_reg_714">
<pin_list>
<pin id="715" dir="0" index="0" bw="32" slack="1"/>
<pin id="716" dir="1" index="1" bw="32" slack="1"/>
</pin_list>
<bind>
<opset="add_ln55_3 "/>
</bind>
</comp>

</comp_list>

<net_list>
<net id="97"><net_src comp="32" pin="0"/><net_sink comp="94" pin=0"/></net>

<net id="101"><net_src comp="32" pin="0"/><net_sink comp="98" pin=0"/></net>

<net id="105"><net_src comp="32" pin="0"/><net_sink comp="102" pin=0"/></net>

<net id="109"><net_src comp="32" pin="0"/><net_sink comp="106" pin=0"/></net>

<net id="113"><net_src comp="32" pin="0"/><net_sink comp="110" pin=0"/></net>

<net id="117"><net_src comp="32" pin="0"/><net_sink comp="114" pin=0"/></net>

<net id="121"><net_src comp="32" pin="0"/><net_sink comp="118" pin=0"/></net>

<net id="125"><net_src comp="32" pin="0"/><net_sink comp="122" pin=0"/></net>

<net id="129"><net_src comp="32" pin="0"/><net_sink comp="126" pin=0"/></net>

<net id="133"><net_src comp="32" pin="0"/><net_sink comp="130" pin=0"/></net>

<net id="137"><net_src comp="32" pin="0"/><net_sink comp="134" pin=0"/></net>

<net id="141"><net_src comp="32" pin="0"/><net_sink comp="138" pin=0"/></net>

<net id="145"><net_src comp="56" pin="0"/><net_sink comp="142" pin=0"/></net>

<net id="149"><net_src comp="56" pin="0"/><net_sink comp="146" pin=0"/></net>

<net id="154"><net_src comp="52" pin="0"/><net_sink comp="150" pin=0"/></net>

<net id="155"><net_src comp="2" pin="0"/><net_sink comp="150" pin=1"/></net>

<net id="160"><net_src comp="54" pin="0"/><net_sink comp="156" pin=0"/></net>

<net id="161"><net_src comp="0" pin="0"/><net_sink comp="156" pin=1"/></net>

<net id="172"><net_src comp="66" pin="0"/><net_sink comp="162" pin=0"/></net>

<net id="173"><net_src comp="4" pin="0"/><net_sink comp="162" pin=1"/></net>

<net id="174"><net_src comp="6" pin="0"/><net_sink comp="162" pin=2"/></net>

<net id="175"><net_src comp="8" pin="0"/><net_sink comp="162" pin=3"/></net>

<net id="176"><net_src comp="10" pin="0"/><net_sink comp="162" pin=4"/></net>

<net id="177"><net_src comp="12" pin="0"/><net_sink comp="162" pin=5"/></net>

<net id="178"><net_src comp="14" pin="0"/><net_sink comp="162" pin=6"/></net>

<net id="179"><net_src comp="16" pin="0"/><net_sink comp="162" pin=7"/></net>

<net id="197"><net_src comp="92" pin="0"/><net_sink comp="180" pin=0"/></net>

<net id="198"><net_src comp="18" pin="0"/><net_sink comp="180" pin=1"/></net>

<net id="199"><net_src comp="20" pin="0"/><net_sink comp="180" pin=2"/></net>

<net id="200"><net_src comp="22" pin="0"/><net_sink comp="180" pin=3"/></net>

<net id="201"><net_src comp="24" pin="0"/><net_sink comp="180" pin=4"/></net>

<net id="202"><net_src comp="26" pin="0"/><net_sink comp="180" pin=5"/></net>

<net id="203"><net_src comp="28" pin="0"/><net_sink comp="180" pin=6"/></net>

<net id="204"><net_src comp="30" pin="0"/><net_sink comp="180" pin=7"/></net>

<net id="210"><net_src comp="68" pin="0"/><net_sink comp="205" pin=1"/></net>

<net id="216"><net_src comp="68" pin="0"/><net_sink comp="211" pin=1"/></net>

<net id="222"><net_src comp="211" pin="3"/><net_sink comp="217" pin=0"/></net>

<net id="232"><net_src comp="58" pin="0"/><net_sink comp="228" pin=0"/></net>

<net id="237"><net_src comp="60" pin="0"/><net_sink comp="233" pin=0"/></net>

<net id="242"><net_src comp="44" pin="0"/><net_sink comp="238" pin=0"/></net>

<net id="247"><net_src comp="62" pin="0"/><net_sink comp="243" pin=0"/></net>

<net id="252"><net_src comp="44" pin="0"/><net_sink comp="248" pin=0"/></net>

<net id="257"><net_src comp="62" pin="0"/><net_sink comp="253" pin=0"/></net>

<net id="265"><net_src comp="258" pin="1"/><net_sink comp="261" pin=0"/></net>

<net id="270"><net_src comp="258" pin="1"/><net_sink comp="266" pin=0"/></net>

<net id="271"><net_src comp="64" pin="0"/><net_sink comp="266" pin=1"/></net>

<net id="276"><net_src comp="266" pin="2"/><net_sink comp="272" pin=0"/></net>

<net id="283"><net_src comp="277" pin="1"/><net_sink comp="280" pin=0"/></net>

<net id="288"><net_src comp="280" pin="1"/><net_sink comp="284" pin=0"/></net>

<net id="294"><net_src comp="284" pin="2"/><net_sink comp="289" pin=0"/></net>

<net id="295"><net_src comp="277" pin="1"/><net_sink comp="289" pin=1"/></net>

<net id="296"><net_src comp="60" pin="0"/><net_sink comp="289" pin=2"/></net>

<net id="300"><net_src comp="289" pin="3"/><net_sink comp="297" pin=0"/></net>

<net id="301"><net_src comp="297" pin="1"/><net_sink comp="205" pin=2"/></net>

<net id="302"><net_src comp="297" pin="1"/><net_sink comp="211" pin=2"/></net>

<net id="306"><net_src comp="162" pin="8"/><net_sink comp="303" pin=0"/></net>

<net id="307"><net_src comp="303" pin="1"/><net_sink comp="217" pin=1"/></net>

<net id="311"><net_src comp="162" pin="8"/><net_sink comp="308" pin=0"/></net>

<net id="315"><net_src comp="162" pin="8"/><net_sink comp="312" pin=0"/></net>

<net id="319"><net_src comp="162" pin="8"/><net_sink comp="316" pin=0"/></net>

<net id="323"><net_src comp="162" pin="8"/><net_sink comp="320" pin=0"/></net>

<net id="327"><net_src comp="162" pin="8"/><net_sink comp="324" pin=0"/></net>

<net id="331"><net_src comp="162" pin="8"/><net_sink comp="328" pin=0"/></net>

<net id="339"><net_src comp="332" pin="1"/><net_sink comp="335" pin=0"/></net>

<net id="340"><net_src comp="297" pin="1"/><net_sink comp="335" pin=1"/></net>

<net id="348"><net_src comp="341" pin="1"/><net_sink comp="344" pin=0"/></net>

<net id="349"><net_src comp="297" pin="1"/><net_sink comp="344" pin=1"/></net>

<net id="354"><net_src comp="297" pin="1"/><net_sink comp="350" pin=0"/></net>

<net id="359"><net_src comp="297" pin="1"/><net_sink comp="355" pin=0"/></net>

<net id="364"><net_src comp="289" pin="3"/><net_sink comp="360" pin=0"/></net>

<net id="365"><net_src comp="70" pin="0"/><net_sink comp="360" pin=1"/></net>

<net id="370"><net_src comp="360" pin="2"/><net_sink comp="366" pin=0"/></net>

<net id="382"><net_src comp="374" pin="1"/><net_sink comp="377" pin=1"/></net>

<net id="383"><net_src comp="217" pin="3"/><net_sink comp="377" pin=2"/></net>

<net id="384"><net_src comp="377" pin="3"/><net_sink comp="223" pin=1"/></net>

<net id="388"><net_src comp="377" pin="3"/><net_sink comp="385" pin=0"/></net>

<net id="393"><net_src comp="377" pin="3"/><net_sink comp="389" pin=0"/></net>

<net id="415"><net_src comp="223" pin="3"/><net_sink comp="410" pin=2"/></net>

<net id="419"><net_src comp="401" pin="1"/><net_sink comp="416" pin=0"/></net>

<net id="425"><net_src comp="72" pin="0"/><net_sink comp="420" pin=0"/></net>

<net id="426"><net_src comp="416" pin="1"/><net_sink comp="420" pin=1"/></net>

<net id="427"><net_src comp="74" pin="0"/><net_sink comp="420" pin=2"/></net>

<net id="431"><net_src comp="404" pin="1"/><net_sink comp="428" pin=0"/></net>

<net id="435"><net_src comp="398" pin="1"/><net_sink comp="432" pin=0"/></net>

<net id="440"><net_src comp="407" pin="1"/><net_sink comp="436" pin=0"/></net>

<net id="441"><net_src comp="428" pin="1"/><net_sink comp="436" pin=1"/></net>

<net id="446"><net_src comp="432" pin="1"/><net_sink comp="442" pin=0"/></net>

<net id="451"><net_src comp="442" pin="2"/><net_sink comp="447" pin=0"/></net>

<net id="452"><net_src comp="436" pin="2"/><net_sink comp="447" pin=1"/></net>

<net id="457"><net_src comp="410" pin="3"/><net_sink comp="453" pin=0"/></net>

<net id="458"><net_src comp="420" pin="3"/><net_sink comp="453" pin=1"/></net>

<net id="471"><net_src comp="410" pin="3"/><net_sink comp="467" pin=0"/></net>

<net id="476"><net_src comp="401" pin="1"/><net_sink comp="472" pin=0"/></net>

<net id="488"><net_src comp="76" pin="0"/><net_sink comp="483" pin=0"/></net>

<net id="489"><net_src comp="78" pin="0"/><net_sink comp="483" pin=2"/></net>

<net id="494"><net_src comp="477" pin="1"/><net_sink comp="490" pin=0"/></net>

<net id="495"><net_src comp="483" pin="3"/><net_sink comp="490" pin=1"/></net>

<net id="500"><net_src comp="490" pin="2"/><net_sink comp="496" pin=0"/></net>

<net id="501"><net_src comp="480" pin="1"/><net_sink comp="496" pin=1"/></net>

<net id="518"><net_src comp="510" pin="2"/><net_sink comp="514" pin=1"/></net>

<net id="525"><net_src comp="86" pin="0"/><net_sink comp="519" pin=0"/></net>

<net id="526"><net_src comp="514" pin="2"/><net_sink comp="519" pin=1"/></net>

<net id="527"><net_src comp="88" pin="0"/><net_sink comp="519" pin=2"/></net>

<net id="528"><net_src comp="90" pin="0"/><net_sink comp="519" pin=3"/></net>

<net id="532"><net_src comp="519" pin="4"/><net_sink comp="529" pin=0"/></net>

<net id="533"><net_src comp="529" pin="1"/><net_sink comp="180" pin=8"/></net>

<net id="537"><net_src comp="94" pin="1"/><net_sink comp="534" pin=0"/></net>

<net id="538"><net_src comp="534" pin="1"/><net_sink comp="253" pin=1"/></net>

<net id="539"><net_src comp="534" pin="1"/><net_sink comp="332" pin=0"/></net>

<net id="540"><net_src comp="534" pin="1"/><net_sink comp="350" pin=1"/></net>

<net id="544"><net_src comp="98" pin="1"/><net_sink comp="541" pin=0"/></net>

<net id="545"><net_src comp="541" pin="1"/><net_sink comp="248" pin=1"/></net>

<net id="546"><net_src comp="541" pin="1"/><net_sink comp="371" pin=0"/></net>

<net id="547"><net_src comp="541" pin="1"/><net_sink comp="389" pin=1"/></net>

<net id="551"><net_src comp="102" pin="1"/><net_sink comp="548" pin=0"/></net>

<net id="552"><net_src comp="548" pin="1"/><net_sink comp="243" pin=1"/></net>

<net id="553"><net_src comp="548" pin="1"/><net_sink comp="341" pin=0"/></net>

<net id="554"><net_src comp="548" pin="1"/><net_sink comp="355" pin=1"/></net>

<net id="558"><net_src comp="106" pin="1"/><net_sink comp="555" pin=0"/></net>

<net id="559"><net_src comp="555" pin="1"/><net_sink comp="238" pin=1"/></net>

<net id="560"><net_src comp="555" pin="1"/><net_sink comp="374" pin=0"/></net>

<net id="561"><net_src comp="555" pin="1"/><net_sink comp="394" pin=1"/></net>

<net id="565"><net_src comp="110" pin="1"/><net_sink comp="562" pin=0"/></net>

<net id="566"><net_src comp="562" pin="1"/><net_sink comp="477" pin=0"/></net>

<net id="567"><net_src comp="562" pin="1"/><net_sink comp="506" pin=1"/></net>

<net id="571"><net_src comp="114" pin="1"/><net_sink comp="568" pin=0"/></net>

<net id="572"><net_src comp="568" pin="1"/><net_sink comp="407" pin=0"/></net>

<net id="573"><net_src comp="568" pin="1"/><net_sink comp="472" pin=1"/></net>

<net id="577"><net_src comp="118" pin="1"/><net_sink comp="574" pin=0"/></net>

<net id="578"><net_src comp="574" pin="1"/><net_sink comp="480" pin=0"/></net>

<net id="579"><net_src comp="574" pin="1"/><net_sink comp="502" pin=1"/></net>

<net id="583"><net_src comp="122" pin="1"/><net_sink comp="580" pin=0"/></net>

<net id="584"><net_src comp="580" pin="1"/><net_sink comp="233" pin=1"/></net>

<net id="585"><net_src comp="580" pin="1"/><net_sink comp="277" pin=0"/></net>

<net id="586"><net_src comp="580" pin="1"/><net_sink comp="366" pin=1"/></net>

<net id="590"><net_src comp="126" pin="1"/><net_sink comp="587" pin=0"/></net>

<net id="591"><net_src comp="587" pin="1"/><net_sink comp="228" pin=1"/></net>

<net id="592"><net_src comp="587" pin="1"/><net_sink comp="258" pin=0"/></net>

<net id="593"><net_src comp="587" pin="1"/><net_sink comp="272" pin=1"/></net>

<net id="597"><net_src comp="130" pin="1"/><net_sink comp="594" pin=0"/></net>

<net id="598"><net_src comp="594" pin="1"/><net_sink comp="398" pin=0"/></net>

<net id="599"><net_src comp="594" pin="1"/><net_sink comp="467" pin=1"/></net>

<net id="603"><net_src comp="134" pin="1"/><net_sink comp="600" pin=0"/></net>

<net id="604"><net_src comp="600" pin="1"/><net_sink comp="401" pin=0"/></net>

<net id="605"><net_src comp="600" pin="1"/><net_sink comp="463" pin=1"/></net>

<net id="609"><net_src comp="138" pin="1"/><net_sink comp="606" pin=0"/></net>

<net id="610"><net_src comp="606" pin="1"/><net_sink comp="404" pin=0"/></net>

<net id="611"><net_src comp="606" pin="1"/><net_sink comp="459" pin=1"/></net>

<net id="615"><net_src comp="150" pin="2"/><net_sink comp="612" pin=0"/></net>

<net id="616"><net_src comp="612" pin="1"/><net_sink comp="261" pin=1"/></net>

<net id="620"><net_src comp="156" pin="2"/><net_sink comp="617" pin=0"/></net>

<net id="621"><net_src comp="617" pin="1"/><net_sink comp="284" pin=1"/></net>

<net id="625"><net_src comp="261" pin="2"/><net_sink comp="622" pin=0"/></net>

<net id="629"><net_src comp="303" pin="1"/><net_sink comp="626" pin=0"/></net>

<net id="630"><net_src comp="626" pin="1"/><net_sink comp="394" pin=0"/></net>

<net id="631"><net_src comp="626" pin="1"/><net_sink comp="459" pin=0"/></net>

<net id="632"><net_src comp="626" pin="1"/><net_sink comp="510" pin=1"/></net>

<net id="636"><net_src comp="308" pin="1"/><net_sink comp="633" pin=0"/></net>

<net id="637"><net_src comp="633" pin="1"/><net_sink comp="180" pin=9"/></net>

<net id="641"><net_src comp="312" pin="1"/><net_sink comp="638" pin=0"/></net>

<net id="642"><net_src comp="638" pin="1"/><net_sink comp="180" pin=10"/></net>

<net id="646"><net_src comp="316" pin="1"/><net_sink comp="643" pin=0"/></net>

<net id="647"><net_src comp="643" pin="1"/><net_sink comp="180" pin=11"/></net>

<net id="651"><net_src comp="320" pin="1"/><net_sink comp="648" pin=0"/></net>

<net id="652"><net_src comp="648" pin="1"/><net_sink comp="180" pin=12"/></net>

<net id="656"><net_src comp="324" pin="1"/><net_sink comp="653" pin=0"/></net>

<net id="657"><net_src comp="653" pin="1"/><net_sink comp="180" pin=13"/></net>

<net id="661"><net_src comp="328" pin="1"/><net_sink comp="658" pin=0"/></net>

<net id="662"><net_src comp="658" pin="1"/><net_sink comp="180" pin=14"/></net>

<net id="666"><net_src comp="205" pin="3"/><net_sink comp="663" pin=0"/></net>

<net id="667"><net_src comp="663" pin="1"/><net_sink comp="223" pin=0"/></net>

<net id="671"><net_src comp="335" pin="2"/><net_sink comp="668" pin=0"/></net>

<net id="672"><net_src comp="668" pin="1"/><net_sink comp="410" pin=0"/></net>

<net id="676"><net_src comp="211" pin="3"/><net_sink comp="673" pin=0"/></net>

<net id="677"><net_src comp="673" pin="1"/><net_sink comp="217" pin=0"/></net>

<net id="681"><net_src comp="344" pin="2"/><net_sink comp="678" pin=0"/></net>

<net id="682"><net_src comp="678" pin="1"/><net_sink comp="377" pin=0"/></net>

<net id="686"><net_src comp="371" pin="1"/><net_sink comp="683" pin=0"/></net>

<net id="687"><net_src comp="683" pin="1"/><net_sink comp="410" pin=1"/></net>

<net id="691"><net_src comp="385" pin="1"/><net_sink comp="688" pin=0"/></net>

<net id="692"><net_src comp="688" pin="1"/><net_sink comp="442" pin=1"/></net>

<net id="693"><net_src comp="688" pin="1"/><net_sink comp="463" pin=0"/></net>

<net id="697"><net_src comp="398" pin="1"/><net_sink comp="694" pin=0"/></net>

<net id="698"><net_src comp="694" pin="1"/><net_sink comp="506" pin=0"/></net>

<net id="702"><net_src comp="404" pin="1"/><net_sink comp="699" pin=0"/></net>

<net id="703"><net_src comp="699" pin="1"/><net_sink comp="502" pin=0"/></net>

<net id="707"><net_src comp="447" pin="2"/><net_sink comp="704" pin=0"/></net>

<net id="708"><net_src comp="704" pin="1"/><net_sink comp="483" pin=1"/></net>

<net id="712"><net_src comp="453" pin="2"/><net_sink comp="709" pin=0"/></net>

<net id="713"><net_src comp="709" pin="1"/><net_sink comp="510" pin=0"/></net>

<net id="717"><net_src comp="496" pin="2"/><net_sink comp="714" pin=0"/></net>

<net id="718"><net_src comp="714" pin="1"/><net_sink comp="514" pin=0"/></net>

</net_list>

</model> 
---------------- Datapath Model END ------------------

* FSMD analyzer results:
  - Output states:
	Port: Input_r_V_data_V | {}
	Port: Input_r_V_keep_V | {}
	Port: Input_r_V_strb_V | {}
	Port: Input_r_V_user_V | {}
	Port: Input_r_V_last_V | {}
	Port: Input_r_V_id_V | {}
	Port: Input_r_V_dest_V | {}
	Port: Output_r_V_data_V | {7 }
	Port: Output_r_V_keep_V | {7 }
	Port: Output_r_V_strb_V | {7 }
	Port: Output_r_V_user_V | {7 }
	Port: Output_r_V_last_V | {7 }
	Port: Output_r_V_id_V | {7 }
	Port: Output_r_V_dest_V | {7 }
 - Input state : 
	Port: Gaussian_Filter_Pipeline_VITIS_LOOP_25_1_VITIS_LOOP_27_2 : Cols | {1 }
	Port: Gaussian_Filter_Pipeline_VITIS_LOOP_25_1_VITIS_LOOP_27_2 : bound | {1 }
	Port: Gaussian_Filter_Pipeline_VITIS_LOOP_25_1_VITIS_LOOP_27_2 : Input_r_V_data_V | {3 }
	Port: Gaussian_Filter_Pipeline_VITIS_LOOP_25_1_VITIS_LOOP_27_2 : Input_r_V_keep_V | {3 }
	Port: Gaussian_Filter_Pipeline_VITIS_LOOP_25_1_VITIS_LOOP_27_2 : Input_r_V_strb_V | {3 }
	Port: Gaussian_Filter_Pipeline_VITIS_LOOP_25_1_VITIS_LOOP_27_2 : Input_r_V_user_V | {3 }
	Port: Gaussian_Filter_Pipeline_VITIS_LOOP_25_1_VITIS_LOOP_27_2 : Input_r_V_last_V | {3 }
	Port: Gaussian_Filter_Pipeline_VITIS_LOOP_25_1_VITIS_LOOP_27_2 : Input_r_V_id_V | {3 }
	Port: Gaussian_Filter_Pipeline_VITIS_LOOP_25_1_VITIS_LOOP_27_2 : Input_r_V_dest_V | {3 }
	Port: Gaussian_Filter_Pipeline_VITIS_LOOP_25_1_VITIS_LOOP_27_2 : Output_r_V_data_V | {}
	Port: Gaussian_Filter_Pipeline_VITIS_LOOP_25_1_VITIS_LOOP_27_2 : Output_r_V_keep_V | {}
	Port: Gaussian_Filter_Pipeline_VITIS_LOOP_25_1_VITIS_LOOP_27_2 : Output_r_V_strb_V | {}
	Port: Gaussian_Filter_Pipeline_VITIS_LOOP_25_1_VITIS_LOOP_27_2 : Output_r_V_user_V | {}
	Port: Gaussian_Filter_Pipeline_VITIS_LOOP_25_1_VITIS_LOOP_27_2 : Output_r_V_last_V | {}
	Port: Gaussian_Filter_Pipeline_VITIS_LOOP_25_1_VITIS_LOOP_27_2 : Output_r_V_id_V | {}
	Port: Gaussian_Filter_Pipeline_VITIS_LOOP_25_1_VITIS_LOOP_27_2 : Output_r_V_dest_V | {}
  - Chain level:
	State 1
		store_ln0 : 1
		store_ln27 : 1
		store_ln0 : 1
		store_ln0 : 1
		store_ln0 : 1
		store_ln0 : 1
	State 2
		icmp_ln25 : 1
		add_ln25 : 1
		br_ln25 : 2
		store_ln25 : 2
	State 3
		zext_ln27_1 : 1
		icmp_ln27 : 2
		select_ln25 : 3
		zext_ln27 : 4
		Line_Buffer_data_addr : 5
		addr_cmp25 : 5
		Line_Buffer_data_1_addr : 5
		Line_Buffer_data_1_load : 6
		addr_cmp : 5
		store_ln27 : 5
		store_ln43 : 6
		store_ln27 : 5
		add_ln27 : 4
		store_ln27 : 5
	State 4
		reuse_select : 1
		trunc_ln42 : 2
		store_ln42 : 2
		store_ln27 : 2
	State 5
		reuse_select26 : 1
		trunc_ln55 : 1
		tmp_1 : 2
		empty_28 : 1
		empty_29 : 1
		tmp : 2
		tmp1 : 2
		tmp21 : 3
		add_ln55 : 3
		store_ln27 : 2
		store_ln55 : 1
	State 6
		add_ln55_2 : 1
		add_ln55_3 : 2
	State 7
		Sum_1 : 1
		trunc_ln : 2
		sext_ln60 : 3
		write_ln69 : 4


============================================================
+ Verbose Summary: Datapath Resource usage 
============================================================

* Functional unit list:
|----------|-------------------------|---------|---------|
| Operation|     Functional Unit     |    FF   |   LUT   |
|----------|-------------------------|---------|---------|
|          |     add_ln25_fu_266     |    0    |    69   |
|          |     add_ln27_fu_360     |    0    |    12   |
|          |        tmp_fu_436       |    0    |    31   |
|          |       tmp1_fu_442       |    0    |    38   |
|    add   |       tmp21_fu_447      |    0    |    31   |
|          |     add_ln55_fu_453     |    0    |    39   |
|          |    add_ln55_2_fu_490    |    0    |    32   |
|          |    add_ln55_3_fu_496    |    0    |    32   |
|          |    add_ln55_1_fu_510    |    0    |    32   |
|          |       Sum_1_fu_514      |    0    |    32   |
|----------|-------------------------|---------|---------|
|          |     icmp_ln25_fu_261    |    0    |    69   |
|   icmp   |     icmp_ln27_fu_284    |    0    |    39   |
|          |    addr_cmp25_fu_335    |    0    |    71   |
|          |     addr_cmp_fu_344     |    0    |    71   |
|----------|-------------------------|---------|---------|
|          |    select_ln25_fu_289   |    0    |    11   |
|  select  |   reuse_select_fu_377   |    0    |    32   |
|          |  reuse_select26_fu_410  |    0    |    32   |
|----------|-------------------------|---------|---------|
|          |  bound_read_read_fu_150 |    0    |    0    |
|   read   |  Cols_read_read_fu_156  |    0    |    0    |
|          |    empty_read_fu_162    |    0    |    0    |
|----------|-------------------------|---------|---------|
|   write  | write_ln69_write_fu_180 |    0    |    0    |
|----------|-------------------------|---------|---------|
|   zext   |    zext_ln27_1_fu_280   |    0    |    0    |
|          |     zext_ln27_fu_297    |    0    |    0    |
|----------|-------------------------|---------|---------|
|          |        p_s_fu_303       |    0    |    0    |
|          |        p_1_fu_308       |    0    |    0    |
|          |        p_2_fu_312       |    0    |    0    |
|extractvalue|        p_3_fu_316       |    0    |    0    |
|          |        p_4_fu_320       |    0    |    0    |
|          |        p_5_fu_324       |    0    |    0    |
|          |        p_0_fu_328       |    0    |    0    |
|----------|-------------------------|---------|---------|
|          |    trunc_ln42_fu_385    |    0    |    0    |
|   trunc  |    trunc_ln55_fu_416    |    0    |    0    |
|          |     empty_28_fu_428     |    0    |    0    |
|          |     empty_29_fu_432     |    0    |    0    |
|----------|-------------------------|---------|---------|
|bitconcatenate|       tmp_1_fu_420      |    0    |    0    |
|          |       tmp3_fu_483       |    0    |    0    |
|----------|-------------------------|---------|---------|
|partselect|     trunc_ln_fu_519     |    0    |    0    |
|----------|-------------------------|---------|---------|
|   sext   |     sext_ln60_fu_529    |    0    |    0    |
|----------|-------------------------|---------|---------|
|   Total  |                         |    0    |   673   |
|----------|-------------------------|---------|---------|

Memories:
+------------------+--------+--------+--------+--------+
|                  |  BRAM  |   FF   |   LUT  |  URAM  |
+------------------+--------+--------+--------+--------+
| Line_Buffer_data |    4   |    0   |    0   |    0   |
|Line_Buffer_data_1|    4   |    0   |    0   |    0   |
+------------------+--------+--------+--------+--------+
|       Total      |    8   |    0   |    0   |    0   |
+------------------+--------+--------+--------+--------+

* Register list:
+-------------------------------+--------+
|                               |   FF   |
+-------------------------------+--------+
|       Cols_read_reg_617       |   32   |
|           J_reg_580           |   11   |
|Line_Buffer_data_1_addr_reg_673|   11   |
| Line_Buffer_data_addr_reg_663 |   11   |
|          Sum_reg_562          |   32   |
|       add_ln55_3_reg_714      |   32   |
|        add_ln55_reg_709       |   32   |
|       addr_cmp25_reg_668      |    1   |
|        addr_cmp_reg_678       |    1   |
|       bound_read_reg_612      |   62   |
|       icmp_ln25_reg_622       |    1   |
|     indvar_flatten_reg_587    |   62   |
|  p_0_0_0_0120379_load_reg_694 |   32   |
|    p_0_0_0_0120379_reg_594    |   32   |
|   p_0_0_0_0120_1386_reg_568   |   31   |
|   p_0_0_0_0120_1393_reg_600   |   31   |
|   p_0_0_0_0120_2400_reg_574   |   32   |
| p_0_0_0_0120_2407_load_reg_699|   32   |
|   p_0_0_0_0120_2407_reg_606   |   32   |
|          p_0_reg_658          |    6   |
|          p_1_reg_633          |    4   |
|          p_2_reg_638          |    4   |
|          p_3_reg_643          |    3   |
|          p_4_reg_648          |    1   |
|          p_5_reg_653          |    5   |
|          p_s_reg_626          |   32   |
|    reuse_addr_reg22_reg_534   |   64   |
|     reuse_addr_reg_reg_548    |   64   |
|    reuse_reg21_load_reg_683   |   32   |
|      reuse_reg21_reg_541      |   32   |
|       reuse_reg_reg_555       |   32   |
|         tmp21_reg_704         |   31   |
|       trunc_ln42_reg_688      |   31   |
+-------------------------------+--------+
|             Total             |   851  |
+-------------------------------+--------+

* Multiplexer (MUX) list: 
|-------------------|------|------|------|--------||---------||---------||---------|
|        Comp       |  Pin | Size |  BW  | S x BW ||  Delay  ||    FF   ||   LUT   |
|-------------------|------|------|------|--------||---------||---------||---------|
| grp_access_fu_217 |  p0  |   2  |  11  |   22   ||    0    ||    9    |
|-------------------|------|------|------|--------||---------||---------||---------|
|       Total       |      |      |      |   22   ||  1.588  ||    0    ||    9    |
|-------------------|------|------|------|--------||---------||---------||---------|



* Summary:
+-----------+--------+--------+--------+--------+--------+
|           |  BRAM  |  Delay |   FF   |   LUT  |  URAM  |
+-----------+--------+--------+--------+--------+--------+
|  Function |    -   |    -   |    0   |   673  |    -   |
|   Memory  |    8   |    -   |    0   |    0   |    0   |
|Multiplexer|    -   |    1   |    0   |    9   |    -   |
|  Register |    -   |    -   |   851  |    -   |    -   |
+-----------+--------+--------+--------+--------+--------+
|   Total   |    8   |    1   |   851  |   682  |    0   |
+-----------+--------+--------+--------+--------+--------+
